{"type":"FeatureCollection","_source":{"url":"https://gis.atlantaga.gov/dpcd/rest/services/OpenDataService1/FeatureServer/1  (layer 1, 'Atlanta City Limits')","publisher":"City of Atlanta, Dept. of City Planning (DPCD)","retrieved_at":"2026-08-29T11:51:46Z","crs":"EPSG:4326","note":"The municipal boundary, published directly -- so Atlanta does NOT need compute.py's union-of-neighborhoods trick (see ATLANTA_PLAN.md 3a). 136.27 sq mi. Used to measure the 99.9% / 98.3% in-city fleet shares in ATLANTA_PLAN.md 1; committed so that number is reproducible."},"features":[{"type":"Feature","id":1281,"geometry":{"type":"MultiPolygon","coordinates":[[[[-84.42135501721093,33.65887852570319],[-84.42271970413141,33.65890377818339],[-84.42581990316748,33.65896109101735],[-84.42689963439605,33.65898103174972],[-84.42682743712923,33.65765101143206],[-84.42687419604938,33.65759386717964],[-84.42687211145152,33.65748018022759],[-84.42842451501262,33.65747123591173],[-84.42843107655675,33.656789128968576],[-84.428430719445,33.65660601803458],[-84.42842959527542,33.65602854334109],[-84.42842802140962,33.65496598813971],[-84.42842572952728,33.65350524385831],[-84.42842557236808,33.65341023806265],[-84.42841788170838,33.64876998399435],[-84.42325566062487,33.6487748261505],[-84.423080038049,33.648774986724746],[-84.419066752253,33.64877851555707],[-84.41898370511853,33.648778586784374],[-84.41899634251567,33.65017589634918],[-84.41899344324678,33.650670948536],[-84.41901630756773,33.65468744636749],[-84.41902101789636,33.65551480077743],[-84.4191898989294,33.65564262001363],[-84.4206431861149,33.65665037818007],[-84.42146434951162,33.65722520347858],[-84.42110205794289,33.657795877090486],[-84.42072691329277,33.658533831862286],[-84.42056045795447,33.65886126569795],[-84.42068688867775,33.65886100596495],[-84.42090060691766,33.65886056661872],[-84.42135501721093,33.65887852570319]]],[[[-84.32000519322236,33.72439685463205],[-84.3193709537451,33.72399942827997],[-84.31758244575744,33.722795180012035],[-84.3174989481178,33.72273895795206],[-84.31730568315847,33.72260879740795],[-84.31697380929208,33.72244811097581],[-84.31657555666463,33.722255282470286],[-84.31609893774751,33.72202450732973],[-84.31551017995808,33.721739431341575],[-84.31502609636068,33.72156808771921],[-84.31499888827538,33.721558457295274],[-84.31499266071316,33.72159832541532],[-84.31494166254758,33.7216799022379],[-84.31489998272205,33.72172816319385],[-84.31485830176935,33.72177642323517],[-84.31453328890292,33.72215274238608],[-84.3144957611501,33.7222006051073],[-84.31447543961099,33.722232057731006],[-84.31447275538261,33.72223670720341],[-84.31446128904227,33.72225656738919],[-84.31445458717505,33.72227106871044],[-84.31445072362187,33.722287090442435],[-84.31444991062928,33.72230129438188],[-84.3144520992883,33.72231725206719],[-84.31445721580181,33.72233219729006],[-84.314464535891,33.722345357291665],[-84.31447568319872,33.722359069037445],[-84.31448855378636,33.72237029283985],[-84.31450341953649,33.72237963789585],[-84.31451643215902,33.722385590414206],[-84.31453875292249,33.722394263820334],[-84.31467228563902,33.72244614865415],[-84.31463433496255,33.722504137576585],[-84.31467573805931,33.72265458422335],[-84.31474007128575,33.72277252553072],[-84.31479826010154,33.72290336522012],[-84.31426539253458,33.72340493630812],[-84.31426371947882,33.72354837093167],[-84.31566591422525,33.72356175309297],[-84.31566588687521,33.72378323802146],[-84.31762230475495,33.723772937536936],[-84.31785359367353,33.7239414085702],[-84.31800477992026,33.7240474327402],[-84.31919927819425,33.72496421006592],[-84.31895627038438,33.72582146626109],[-84.31875798449208,33.72611861931732],[-84.31873900775648,33.72614496396027],[-84.31872558403076,33.72616337887207],[-84.3186426953458,33.726266365776716],[-84.31858747523415,33.72633497524434],[-84.3185636966115,33.7263546706103],[-84.32113649249683,33.72641480122727],[-84.32143798545324,33.726566767404435],[-84.32155276848944,33.726665354416525],[-84.3229452048065,33.72754021243798],[-84.32314998966838,33.72766340664211],[-84.32421066547634,33.72833313130597],[-84.32484949639196,33.728743244472525],[-84.32561209329091,33.72922746118948],[-84.32609889127717,33.72953654936713],[-84.3267091464786,33.729770618064975],[-84.3268515389333,33.729825232727336],[-84.32722996040832,33.729968459557746],[-84.32881009935257,33.73056544239379],[-84.32902772259797,33.73063787802512],[-84.3293694802923,33.73068645326556],[-84.32935037092895,33.731009036367084],[-84.329333141457,33.73136715768898],[-84.32929176827612,33.73245828240505],[-84.32930563346828,33.733292299063464],[-84.3282171957846,33.73329630834836],[-84.32821349768462,33.7334887687604],[-84.32762294302046,33.733500560902456],[-84.32761997207568,33.73266250034158],[-84.32661639592803,33.73272284678148],[-84.32658096942023,33.732492119236724],[-84.3265845797963,33.732228316945],[-84.32600035889818,33.732273608699614],[-84.32603579395096,33.73233531042034],[-84.32533256395426,33.732691908023746],[-84.32489435970409,33.73301079393738],[-84.32495680087966,33.73312967705419],[-84.3247762566624,33.73326049748464],[-84.32457322629298,33.733389613415795],[-84.32484552911475,33.73373699344648],[-84.32472672994102,33.73383602242687],[-84.32404387791493,33.73300689457766],[-84.32378426818246,33.732631562267194],[-84.32369920538667,33.73215545898144],[-84.3229954204596,33.73229985015179],[-84.32299330072442,33.73243717558505],[-84.32336580818557,33.73342764163505],[-84.32397235406522,33.734440615040754],[-84.32406505961416,33.73455641512093],[-84.32428621986813,33.7348659791867],[-84.32450533939945,33.73499022744569],[-84.32468948960566,33.735016371766505],[-84.32468547127037,33.7355106015085],[-84.3247412248078,33.735566961383014],[-84.32576663607227,33.736623167797354],[-84.32590086780064,33.73659093899578],[-84.3273247116616,33.73626853149941],[-84.3290026298537,33.73588967621535],[-84.32900216196086,33.735641240935465],[-84.32923238700867,33.73564895200215],[-84.32929472817973,33.735644862941406],[-84.32930479962192,33.73778923597163],[-84.32893315975683,33.73778920194976],[-84.32861474032232,33.737789325139445],[-84.32916002562247,33.73877068177405],[-84.32875842150598,33.738999495130216],[-84.32882812516155,33.739125386035504],[-84.32893245992831,33.73922258570418],[-84.32939519908871,33.73965367544943],[-84.32953152555797,33.73978067642544],[-84.32960368942257,33.74000298426603],[-84.3285824078142,33.73997409962594],[-84.32762767420819,33.73994708992733],[-84.32711542190515,33.739957764139],[-84.32712218511324,33.74016443528272],[-84.32728453629014,33.740448806500915],[-84.32766027130114,33.74112751918794],[-84.3278515322462,33.7414637675847],[-84.32787705173372,33.7416068328233],[-84.32792638991275,33.74184100023546],[-84.32718203708215,33.742026421443875],[-84.32722999631457,33.74218637363709],[-84.32796220022458,33.74201096018811],[-84.32801518580882,33.74226243461792],[-84.32818773358481,33.742911337836425],[-84.32836618516782,33.74358243543184],[-84.32869058117696,33.744789773477926],[-84.32868725744329,33.74479122409846],[-84.32869684743135,33.74485678276171],[-84.3287125384414,33.744964027867816],[-84.32870907447283,33.74505907163429],[-84.3287057521097,33.7451502155443],[-84.3286868966927,33.74566757712847],[-84.32867151218261,33.74607758007199],[-84.32861846183634,33.747491325771136],[-84.32724136620209,33.74746875541647],[-84.32628435823072,33.747453061468214],[-84.32523831427442,33.74743589839221],[-84.32430446300424,33.747420568703866],[-84.32307216664394,33.7474003293851],[-84.32294770826557,33.74739828424147],[-84.3223094243076,33.74738779548554],[-84.32224300372408,33.74729665401608],[-84.32228961988075,33.745491434544654],[-84.32138904390933,33.74547771790205],[-84.32138630327337,33.74692495655304],[-84.32186564666385,33.74693719362425],[-84.32182643255904,33.74737749968408],[-84.32176294854018,33.74737881291812],[-84.32063671993524,33.747360293248406],[-84.31994779286437,33.74734043130575],[-84.31998727413973,33.74659300291551],[-84.31883285916349,33.7465975544498],[-84.31700263075517,33.74656157263805],[-84.31703492215766,33.74477401133955],[-84.31754149847158,33.74476418110935],[-84.3187397950287,33.744740918819964],[-84.31936258146776,33.74472882444245],[-84.31967845685189,33.74471781546062],[-84.32032228764172,33.74561122862227],[-84.32036499511727,33.74468578069527],[-84.320407593896,33.743573471355916],[-84.32041504980715,33.742933522926705],[-84.32048427051078,33.741571273794364],[-84.32207790969485,33.74105702721317],[-84.3229625736449,33.74104719962736],[-84.32300155472683,33.73973470986514],[-84.32211225955172,33.73971724312566],[-84.32202776296319,33.73972530119741],[-84.32200981596932,33.73958037495986],[-84.32201359943781,33.73908020307006],[-84.32133167138147,33.73909343168596],[-84.32132599430129,33.739691097758985],[-84.3213410717035,33.73978923071243],[-84.32110685433621,33.739834811489764],[-84.32092881394259,33.73986937100929],[-84.32061417621621,33.739988617613875],[-84.32059642980134,33.739571596530354],[-84.31827943985992,33.739738353213546],[-84.31602711995498,33.739650547378744],[-84.31532465364586,33.73962315335789],[-84.31533211918979,33.73838579452002],[-84.3153379026096,33.73742716368598],[-84.31364976857894,33.73674846819777],[-84.31269039120423,33.73822153496247],[-84.31366846591862,33.738222108319185],[-84.31363458946527,33.73843839528568],[-84.3136630752278,33.73956995751357],[-84.31142799627484,33.73947484389202],[-84.3113306661708,33.73947172100732],[-84.31110880843134,33.73946460246276],[-84.30978215049888,33.73942202459096],[-84.30897676947798,33.73940904194952],[-84.30897891421687,33.73901770333986],[-84.3088145023836,33.739013534103535],[-84.30881047447198,33.73940932546715],[-84.30858076039075,33.73940629323269],[-84.30838271753446,33.73939900716717],[-84.30838705212567,33.73899950152934],[-84.30815041608565,33.73899271020806],[-84.30815212517722,33.739396750569725],[-84.30798777932925,33.73939309139874],[-84.30798596691595,33.7389900718295],[-84.30782683452783,33.73898570228046],[-84.30766238683354,33.738979334208295],[-84.30765889113472,33.73938438316869],[-84.30683662218861,33.73936781273914],[-84.30684252246044,33.73889868467972],[-84.30716234586943,33.73890249677146],[-84.30716916661953,33.73869192551804],[-84.30667582283387,33.73868118811346],[-84.30667485435086,33.739364553738696],[-84.3065104056083,33.73936059517038],[-84.30603041470451,33.7393497453958],[-84.30603681595463,33.738943437178065],[-84.3059842135614,33.73894147772581],[-84.30598928201977,33.73838754778071],[-84.30582773883741,33.738384575043014],[-84.30582198993025,33.73886329207234],[-84.30549466908396,33.738859406494036],[-84.30550447742985,33.737539684111866],[-84.30246873625215,33.73743403781594],[-84.3004923711577,33.73738216457136],[-84.30048098530773,33.737878478047215],[-84.29992270311106,33.73786988126809],[-84.29991916092875,33.73799823175437],[-84.30047375253592,33.738021144582035],[-84.30046360638762,33.73867237880756],[-84.30038944441085,33.738658005551905],[-84.29990319877344,33.73864172426255],[-84.29875049033346,33.73861098445775],[-84.29875872783694,33.738319227636126],[-84.29843146731838,33.73830526345592],[-84.29843706929131,33.737952789924634],[-84.2984502882857,33.737682807351824],[-84.29877998996442,33.73768700751298],[-84.29879645076329,33.73714025081981],[-84.29797811457733,33.73711288019474],[-84.29781371253526,33.73708476535528],[-84.29682896175531,33.73705645380568],[-84.29681263742555,33.737290879875296],[-84.29711549808081,33.73731207027536],[-84.29710621600842,33.7375661694483],[-84.29681114799277,33.73755740649809],[-84.29680224827256,33.7377951626641],[-84.29678653991732,33.73829547109315],[-84.29783962602563,33.73834291571973],[-84.29782987812088,33.73859665022486],[-84.29710822297982,33.738582772649046],[-84.29677729189726,33.73857640714621],[-84.29622583193256,33.7385657974101],[-84.2960209416898,33.738561855573636],[-84.29546178560737,33.73855109450012],[-84.29545175856019,33.738913787388675],[-84.29538264240581,33.73932413593398],[-84.29538151472316,33.739446350667784],[-84.29520554279856,33.739435655465485],[-84.29443474210333,33.73917461460282],[-84.29433718581325,33.73914567397692],[-84.2941915832277,33.73910627226563],[-84.29400516733655,33.739081076640126],[-84.29342841683987,33.73900312386014],[-84.29328289561936,33.73899809043102],[-84.29182094839544,33.73894750918303],[-84.29112746543879,33.73892351009127],[-84.29030229451641,33.73888909773524],[-84.29027243789218,33.73947955650888],[-84.29027106868708,33.739562588049544],[-84.2898339979123,33.73971076523307],[-84.28989212022721,33.73984063088837],[-84.29026699701814,33.73971033255527],[-84.29026784684997,33.739758060120046],[-84.29025205053354,33.74033659742361],[-84.29024902862722,33.74044725563083],[-84.29023918321542,33.74057195408335],[-84.29022360731464,33.74076923549021],[-84.29021794411106,33.74091884979519],[-84.28983367496305,33.7410426906332],[-84.2898903989522,33.74117145853298],[-84.28997837052007,33.741359958043354],[-84.29020471719062,33.74129346798233],[-84.29018943432702,33.741821826415254],[-84.29018593291022,33.74194289923147],[-84.29022284603928,33.74201628796774],[-84.28971432849225,33.74217766701407],[-84.28999717791008,33.74277086459286],[-84.29008977891789,33.742965069551566],[-84.29027503861268,33.74334917376389],[-84.29050813864157,33.7438320559619],[-84.29096262537333,33.74477328576708],[-84.2909075534181,33.744837137121856],[-84.29016982152898,33.74483696930776],[-84.28962468073732,33.744837848824396],[-84.29055238857758,33.74701076221226],[-84.29063658049921,33.747014965987965],[-84.29073200231134,33.74709736642364],[-84.29082433702128,33.74722896163678],[-84.29086982144328,33.74793541887847],[-84.29093423582628,33.74826719295755],[-84.29090862709127,33.74859818119963],[-84.29092695316325,33.74867865102962],[-84.29094300792225,33.748749148103755],[-84.29096168709256,33.7488311693239],[-84.29096737708163,33.74891614031729],[-84.29096940272112,33.748999690379684],[-84.29097118619222,33.74907324310543],[-84.29097371911074,33.749177714717206],[-84.29097600878264,33.749272188993054],[-84.29097779003285,33.7493456903232],[-84.29097859750695,33.74941532632542],[-84.29097482698793,33.74951314553743],[-84.29097159538478,33.74959696867728],[-84.2909345168441,33.750558729158904],[-84.29091867015939,33.751009151801874],[-84.2908977932858,33.751602524602404],[-84.29089529951452,33.751673391057174],[-84.29085284857835,33.75239438079558],[-84.29080155157006,33.752389908772884],[-84.2906655018393,33.75307508575895],[-84.29064616032846,33.753141554600674],[-84.2919281991518,33.75336647172882],[-84.29340088225676,33.75345751022444],[-84.29438056338513,33.75351763925101],[-84.29562539220132,33.753594031014806],[-84.29575924087466,33.753602244070954],[-84.29587954363568,33.753609625406696],[-84.29598927482229,33.753649590053826],[-84.29609117660709,33.7537029452024],[-84.29622936737626,33.7537752997682],[-84.29632843788728,33.7538435683897],[-84.29641154000045,33.753904346519775],[-84.29653493374788,33.754009155197416],[-84.29661126564655,33.75407331341106],[-84.29676461573732,33.754175524204484],[-84.29689496809628,33.754231606865574],[-84.29701153585337,33.754281758419],[-84.29715399866555,33.75430856294503],[-84.29724599093986,33.75432587035402],[-84.2975188512833,33.754338476927764],[-84.29775262583988,33.754360012940026],[-84.29813218208278,33.75439497680591],[-84.29874627694765,33.75445154314702],[-84.30030827701779,33.754595411091486],[-84.30135643920491,33.75469194118776],[-84.30248490316045,33.75478338429033],[-84.30246664762637,33.75356470987329],[-84.30406310795006,33.753552720408436],[-84.30458948968423,33.752487689695904],[-84.3046511698682,33.752361128224926],[-84.3052068276388,33.75236050500935],[-84.30664051502167,33.75235888688526],[-84.30818844080275,33.752357120304204],[-84.30852482558979,33.75235673422744],[-84.30971922970112,33.7523553541731],[-84.31119839666528,33.752353630409054],[-84.31121366169248,33.75207699864497],[-84.31123030940893,33.75177531992386],[-84.31252447744397,33.75175438230315],[-84.31177633650076,33.75256566680022],[-84.31163574860412,33.75271811819293],[-84.31156742429064,33.752789780936475],[-84.31137473356455,33.7529656632125],[-84.31126979321644,33.75306144834853],[-84.31111440596598,33.753187619654355],[-84.31083216125378,33.75341786572286],[-84.31068427149084,33.75354725114861],[-84.3105614886313,33.75365001727871],[-84.31030069807387,33.75385770921978],[-84.3098977229359,33.75417701671918],[-84.31013074056897,33.75445672402667],[-84.31025228317985,33.75464177665469],[-84.31031370437228,33.754741989237566],[-84.31035508348121,33.75484339727115],[-84.31039154513218,33.75493275586753],[-84.31042955788301,33.75502590952066],[-84.31044998253448,33.7551244503062],[-84.31048178561993,33.755277884198364],[-84.31255832321642,33.75528248412101],[-84.31246503940672,33.75535464568955],[-84.31245656315934,33.7568670713532],[-84.31243062924582,33.76110278172095],[-84.31241541024765,33.763645084533564],[-84.31237341826188,33.763727717606486],[-84.31241777542347,33.764879685553495],[-84.31408031624935,33.76477575564024],[-84.31464150120102,33.764682003595425],[-84.31550634098996,33.76453246839841],[-84.31614057448657,33.764283051683925],[-84.31642463248092,33.76463620750938],[-84.31658157218601,33.764831321764554],[-84.3169260172303,33.76482543890433],[-84.31698513710104,33.76482383410693],[-84.31704122887291,33.76613455187165],[-84.31906570877915,33.766132056198046],[-84.31956786650878,33.767117348476845],[-84.31979418241046,33.76756140053818],[-84.32102021088681,33.76757963584947],[-84.32102736288606,33.76778414376786],[-84.3229691640494,33.767788829386966],[-84.32297497990572,33.76910589096747],[-84.32297732856595,33.769637712459506],[-84.32474716305609,33.76964319993181],[-84.32485321938445,33.76964431554424],[-84.32504688359555,33.769647870355946],[-84.32678606279633,33.76967977466641],[-84.32679066872136,33.76919175654051],[-84.32680292426387,33.767886260769075],[-84.32831425782089,33.76788758350446],[-84.32844490593465,33.76785790208583],[-84.32843668368088,33.76888231736124],[-84.32841780177654,33.771534899769115],[-84.32846751740045,33.771287184579606],[-84.32861076469835,33.770573417950146],[-84.32903003939914,33.77055622256469],[-84.32904065008127,33.771028398406415],[-84.3288428784897,33.771622331619824],[-84.33021365102432,33.77164731180338],[-84.33069154333828,33.77164618079389],[-84.33138797951263,33.77168792041157],[-84.33045746966317,33.772694709059074],[-84.33001141172646,33.772291734520806],[-84.33001790402207,33.773515024488056],[-84.33003249307384,33.7748992224474],[-84.33007826547303,33.779241729581415],[-84.33184398268858,33.77925211916419],[-84.33225458087455,33.77807326670464],[-84.33336215402788,33.77862076574798],[-84.33310929685167,33.77897596955299],[-84.33293068217966,33.77927684022249],[-84.33501430398782,33.77927617663043],[-84.3351729312277,33.77927612513415],[-84.33570640791338,33.77927594914961],[-84.33619247166,33.779275786409684],[-84.33651066465508,33.77927579610748],[-84.3368466243457,33.779276043767766],[-84.33716570339783,33.779276388674305],[-84.3378247882037,33.7792770992855],[-84.33828825945346,33.77927759619011],[-84.3374540183223,33.778727319131676],[-84.33769765619353,33.77850405172718],[-84.33869171058677,33.77927918037817],[-84.3392699718124,33.77928263504767],[-84.33956266698499,33.77928504207886],[-84.34028690190101,33.779289510022124],[-84.34069504182129,33.779292908713025],[-84.34128436186836,33.779758693042716],[-84.34154785098964,33.77958775706085],[-84.34152406982332,33.77956406107375],[-84.34118566156502,33.77929724617573],[-84.34186690053829,33.77930310730178],[-84.34440338497538,33.779312171810034],[-84.34484520212499,33.77949577921438],[-84.34497866476754,33.779313241693316],[-84.34520417549828,33.77931703168277],[-84.34599109744475,33.77964091017922],[-84.3464892847063,33.77984702515556],[-84.34744291295524,33.78024168707427],[-84.34743558296098,33.7804197732009],[-84.34734264737389,33.781935153493436],[-84.34733455156683,33.782067000373594],[-84.34732562579833,33.78217950442708],[-84.34725619020595,33.783054679846174],[-84.34805761068475,33.78306058416278],[-84.34805987891697,33.782901606108155],[-84.3481532364136,33.782901308345764],[-84.34815246052628,33.782975255746884],[-84.34825629943084,33.78297483248917],[-84.3488829320182,33.78297137782989],[-84.34887213715788,33.783764204328975],[-84.34887063848863,33.783833598548334],[-84.34886147107274,33.78423548538689],[-84.34812224760522,33.78419577129659],[-84.34812098392413,33.784361514736155],[-84.34886245410658,33.7843988469565],[-84.34886063444067,33.78453388998427],[-84.34813002709791,33.78452982083626],[-84.34812445259318,33.784861862181494],[-84.34885483002493,33.78486515266973],[-84.3488448791045,33.78572015645264],[-84.34883253115325,33.78664520301579],[-84.34882040477173,33.78755361725759],[-84.34862352173101,33.787554325210586],[-84.34861671180168,33.78821939932481],[-84.34881419767352,33.78821911877423],[-84.34881548019962,33.789044104880524],[-84.34870053043456,33.78888620340907],[-84.3486474826867,33.78891370356522],[-84.34862292121542,33.78892861071464],[-84.34858022631677,33.7889556772084],[-84.3485395499574,33.788985942474035],[-84.34849289467837,33.78901484873267],[-84.34836142226239,33.78913754338562],[-84.34823935031982,33.7892666257843],[-84.3488060908707,33.789646495384034],[-84.3488065159784,33.78984471004014],[-84.34810069023564,33.7898432866311],[-84.34796903072856,33.7898432412222],[-84.34767538430923,33.78984625197464],[-84.34773751383713,33.78945561801167],[-84.34747176715615,33.78938607206782],[-84.34737181118136,33.789336572703284],[-84.34699307404522,33.789719626887],[-84.34708316696694,33.78984601571787],[-84.34707036075832,33.78984607862339],[-84.34708515132468,33.790412131326164],[-84.34687705891461,33.79045045803744],[-84.34686627135017,33.78984915664293],[-84.34606984550506,33.78984463410497],[-84.34606700097486,33.789975058412345],[-84.34532699606412,33.78997428375487],[-84.34417053461463,33.78997306397172],[-84.34320202652358,33.78997203343631],[-84.3422959769671,33.78997106239606],[-84.34227710350827,33.790397247278136],[-84.34220693288991,33.790464783390576],[-84.34236854572754,33.79105929116021],[-84.343409950382,33.79115270611883],[-84.34342873403119,33.79098238175485],[-84.3437535591206,33.79099988677826],[-84.34374493179729,33.79064318092076],[-84.34401300953029,33.790630895006636],[-84.344018880712,33.79113830668707],[-84.34410499173899,33.791183231147876],[-84.3449537848892,33.79133326577567],[-84.34490215118237,33.79208667025926],[-84.34531564808074,33.792082900233396],[-84.34518496196868,33.793547775252804],[-84.34513321250508,33.79413884934653],[-84.34510989998488,33.7944189211631],[-84.34510248451902,33.79450296026569],[-84.34508178500916,33.79472043573584],[-84.34502024328438,33.794780330260615],[-84.34516026306461,33.79486694945498],[-84.34507074038812,33.795410218461015],[-84.3451000526664,33.79597661417993],[-84.34495108501933,33.79613236052857],[-84.34452326848988,33.79612812532529],[-84.3439424764941,33.79612237376612],[-84.34391450243169,33.79483031530821],[-84.34307024070397,33.794287660783155],[-84.34297769537247,33.79422817595907],[-84.3429062086206,33.79418222721404],[-84.3427697072853,33.7940944886893],[-84.34262617199529,33.79400222925133],[-84.34246814754967,33.79388937586187],[-84.34236230088551,33.79381266456068],[-84.34224580713806,33.79372844134328],[-84.34202239290062,33.79356691465866],[-84.34182529981626,33.79343310750376],[-84.34148053843909,33.793199045661936],[-84.34134731604382,33.79316685878936],[-84.34104976204091,33.793094969147816],[-84.34071651688163,33.7930144552639],[-84.34053186806406,33.793022349877724],[-84.340166956749,33.79313492337464],[-84.33995040103467,33.79318774613781],[-84.33971977259482,33.79319390531245],[-84.33954550159694,33.79315892394393],[-84.33941825042444,33.793085643821705],[-84.33927196715341,33.792943613202205],[-84.33928326849897,33.793652778761135],[-84.34048283737246,33.7936523686871],[-84.34059483245248,33.79380547878241],[-84.34068958410958,33.79388629262968],[-84.34085690670594,33.7940098476807],[-84.34048829399433,33.794367179387365],[-84.34066939075872,33.7945035132978],[-84.34075467758582,33.79456673661508],[-84.34080715528671,33.7946035508681],[-84.34115966253361,33.79427814859854],[-84.34120582156432,33.79423304407782],[-84.34129168688973,33.794289119728745],[-84.34135402500173,33.794329901481476],[-84.34095028480216,33.794709737170976],[-84.3414017056734,33.79504440250168],[-84.34137829271403,33.79512324528359],[-84.34133834385581,33.79513845588016],[-84.34133035868454,33.79551545337241],[-84.34132925240768,33.79558278655347],[-84.34113584460613,33.795652724389676],[-84.34091964135125,33.796109912198354],[-84.34185132849139,33.79611217414022],[-84.34150716146851,33.796544437232505],[-84.34108616697024,33.79709804380827],[-84.33915628599465,33.79955996856492],[-84.33886241543998,33.79993484131036],[-84.33880835424858,33.80000380186797],[-84.33854912140333,33.80033668258474],[-84.33842473899705,33.80049821768739],[-84.33851906466992,33.8007041844239],[-84.33850578194766,33.80103135373972],[-84.33852968155429,33.80115658387052],[-84.33833359772368,33.80122974800676],[-84.3385051456328,33.80154410539816],[-84.33843891867066,33.80209740535376],[-84.33807929285211,33.802223500778084],[-84.33777890494511,33.80233755893862],[-84.33771451508815,33.80220618689642],[-84.33767625417924,33.802137504524744],[-84.33753756853874,33.80188855841968],[-84.33746530381406,33.80175883183355],[-84.33743957250385,33.80171340089511],[-84.33738087863296,33.80160976632736],[-84.33605824551864,33.80208482727986],[-84.33599207150752,33.80192134634678],[-84.3359183203889,33.801631753079974],[-84.33594059988785,33.80151959792414],[-84.33596864995954,33.801378390016374],[-84.33607599108807,33.80128207365333],[-84.33614283646301,33.801246615551605],[-84.33619585678197,33.80121849149302],[-84.33620499551593,33.80120511649231],[-84.33623029016138,33.80116809066561],[-84.3361708178384,33.80111295809775],[-84.33556318094661,33.800549658354726],[-84.33550016705439,33.80049124198981],[-84.33528993310047,33.80029634587239],[-84.33503671207188,33.800061593846344],[-84.33487057923116,33.79990757890094],[-84.33487322650532,33.79993637397566],[-84.3348739128129,33.79994380713979],[-84.33488088796803,33.800019667824955],[-84.33470180850718,33.79986740146969],[-84.3346930867798,33.79977256072426],[-84.33321869504213,33.79839217424721],[-84.33073558519342,33.79606724386353],[-84.33074615567784,33.7960671468543],[-84.33104239290462,33.79606451553392],[-84.33117787763054,33.7954453250765],[-84.33111274979379,33.79543736016483],[-84.3310483766409,33.79542589220388],[-84.33098502717864,33.795410968624005],[-84.33093865765895,33.7953976408666],[-84.3308802594962,33.795375758917096],[-84.33082583230873,33.79534763133525],[-84.33077632848503,33.79531375186528],[-84.3307326174387,33.79527471174114],[-84.33069546184248,33.79523119611072],[-84.33066670869883,33.79518618879035],[-84.33064468633206,33.795138609125694],[-84.33062971680955,33.79508915547129],[-84.33062202181131,33.79503855246188],[-84.33062171397897,33.794987544712264],[-84.33067168079094,33.79396351548515],[-84.3306759324293,33.79389042565695],[-84.33067554882079,33.793817250021114],[-84.3306682469902,33.793711136371456],[-84.32981302400769,33.79382637947994],[-84.32987169955807,33.79393993327723],[-84.32970296610452,33.793896627382274],[-84.32965322448673,33.79387051097619],[-84.32960073353755,33.79384846462421],[-84.32954596772056,33.79383068786294],[-84.32948942518452,33.793817342329014],[-84.32947214037338,33.793813101233326],[-84.32940408914287,33.793796403181474],[-84.32933587169917,33.79378202615947],[-84.32924507418157,33.79375348777887],[-84.32919641911396,33.79372332675516],[-84.32911632677062,33.793667183672014],[-84.32905482338809,33.79361904707252],[-84.32899269792892,33.793572571198865],[-84.32897661596672,33.793559032434246],[-84.32894317895473,33.793530881805644],[-84.3288992908758,33.79347263879962],[-84.32882066231673,33.793388456773606],[-84.32876451392083,33.793307839142706],[-84.32870730236722,33.793198234815826],[-84.32869898065712,33.79318229103803],[-84.3286496322527,33.793040602840684],[-84.3286128931856,33.79293848864651],[-84.32859551484093,33.79289018658968],[-84.32859048372617,33.792862782112316],[-84.32856481544296,33.792722999539016],[-84.32855683685489,33.792651208862694],[-84.32854042924518,33.792503531897914],[-84.32854026350631,33.7924866198538],[-84.32854007432836,33.79246700829824],[-84.32853889066467,33.79234532127203],[-84.32854019728099,33.792320604410676],[-84.32854773378082,33.792178186007405],[-84.32854332507335,33.79213718020878],[-84.32854094319431,33.79211501895574],[-84.32853269078291,33.79203827405913],[-84.32851325753751,33.79197157559402],[-84.32849967093088,33.79192495282547],[-84.32847090128578,33.79182806580559],[-84.3284664141655,33.79181193935435],[-84.32844271628781,33.791726772545076],[-84.32843804368551,33.791692980291906],[-84.32843198282691,33.7916491184191],[-84.32842376521793,33.79158965450283],[-84.32842689614507,33.791470939954024],[-84.32843045944979,33.79145293743035],[-84.32843474482199,33.791431284077255],[-84.32844173557471,33.79142927144339],[-84.32853921319116,33.791401199634564],[-84.32855718600298,33.79139602311951],[-84.32897210783088,33.791276525919386],[-84.32898538233596,33.79127270529353],[-84.32882775545028,33.79088487718965],[-84.32868837897998,33.79084555896315],[-84.32855125526439,33.79080105763861],[-84.32852363721065,33.79079088087125],[-84.32841666202518,33.79075146212274],[-84.32836252931114,33.79072978435335],[-84.32832740968539,33.790714656489016],[-84.32829643624423,33.79070092074227],[-84.32821519916476,33.79066306131681],[-84.32813536437351,33.7906231748944],[-84.32808145048257,33.790595451145016],[-84.32802995636355,33.79056468744688],[-84.3279916329324,33.790538678945815],[-84.32795494658362,33.79051091187663],[-84.3279205289587,33.79048191107783],[-84.32787388714891,33.790436865132214],[-84.32783241278581,33.79038842491623],[-84.32779645759766,33.79033700022691],[-84.32776632692881,33.79028302977435],[-84.32770167703077,33.79014508943049],[-84.32766183772758,33.79005965498343],[-84.32761675153881,33.78997605861987],[-84.32756653876203,33.78989452378666],[-84.32751133588619,33.78981527120422],[-84.32745128909886,33.78973851166172],[-84.32732975617137,33.78959992119408],[-84.32720337097024,33.78946439080868],[-84.32707224387066,33.78933203756189],[-84.32695871266128,33.7892240167164],[-84.32684151315567,33.78911876318539],[-84.32672074054558,33.789016363393515],[-84.32659649649702,33.78891690195393],[-84.32634015637416,33.788728411041355],[-84.32631917060591,33.788747260166566],[-84.32626817617098,33.788714236438196],[-84.3262124196801,33.78868710482557],[-84.32615286956288,33.78866633653582],[-84.32609056315741,33.788652295392026],[-84.32602658724875,33.78864522433396],[-84.32596205107333,33.78864524545328],[-84.3259056842462,33.78864475828471],[-84.32584990291804,33.78863796508767],[-84.32579571592946,33.788624990793004],[-84.32574410208198,33.78860606766858],[-84.3256959917857,33.78858153894918],[-84.32554636070513,33.78857148354121],[-84.32548851254731,33.788567594355754],[-84.32545791647108,33.78855229033402],[-84.32542597040113,33.78853630909822],[-84.32540773339262,33.788495821368606],[-84.32537708649924,33.78842778431495],[-84.32529673463004,33.78838615561232],[-84.32510254433632,33.78835498166126],[-84.32495391860907,33.78833997958692],[-84.32492725116744,33.78833812663752],[-84.32480917548986,33.78832991701328],[-84.32445426650196,33.78831550674917],[-84.32433934267912,33.78831182163939],[-84.32422433878666,33.788310992054576],[-84.32404178082315,33.788315537628684],[-84.32385968304364,33.78832727391772],[-84.32367845245834,33.78834617155295],[-84.32349849065933,33.7883721903551],[-84.32327234798584,33.788409317253574],[-84.32327869701834,33.7884362829971],[-84.32323025464675,33.788444237529085],[-84.32322390562882,33.788417271783075],[-84.32250307495418,33.788535613542365],[-84.3223276434181,33.788565749970466],[-84.3221536163976,33.78860111395715],[-84.32198122055496,33.78864166104203],[-84.32181067390187,33.78868733956366],[-84.32116389073026,33.788870373038485],[-84.32107113049507,33.78898029495264],[-84.32084165669835,33.789063046924284],[-84.32074637081764,33.789008830637535],[-84.32068064170412,33.78903210767841],[-84.32048386730854,33.789096261279404],[-84.32028814078475,33.789162613290905],[-84.32004702185014,33.789248626030094],[-84.31980932083908,33.789341037582886],[-84.31957528375175,33.78943975208895],[-84.31951696883604,33.789467504134365],[-84.31882728725152,33.78979575155088],[-84.31867389737508,33.789867269342345],[-84.31852283820204,33.78994216616785],[-84.31837421761863,33.79002039050915],[-84.31822535894602,33.79010950871299],[-84.31807928732279,33.79020178811192],[-84.31793610198213,33.79029716638022],[-84.3179348131512,33.790298097562655],[-84.31776536037077,33.790420612367534],[-84.31770619479518,33.79046338880939],[-84.31780712679277,33.79104717446676],[-84.31844329191115,33.79091355510714],[-84.31858130676103,33.791519879913636],[-84.31857579601105,33.79152110663231],[-84.3185759263652,33.791594914718566],[-84.31835410698199,33.7916419733888],[-84.31796995361735,33.79172347102983],[-84.31789135268372,33.79174014604805],[-84.31788592393754,33.79226529222807],[-84.31783092410143,33.79231825948116],[-84.31773755835998,33.79229948334717],[-84.31765972699013,33.79226888011282],[-84.3176186800174,33.7922476775255],[-84.31744688156957,33.79214773491588],[-84.31742052143656,33.79217885424626],[-84.31737986202022,33.79214888976369],[-84.3173366314527,33.792126376043846],[-84.3172911357365,33.79210722282201],[-84.31716654263572,33.79206321290093],[-84.31712818529398,33.792049664589925],[-84.31707084399518,33.79202550353557],[-84.31701557926742,33.79199817873586],[-84.31696263970649,33.79196781161361],[-84.31692601411855,33.79194408780236],[-84.31689081148772,33.79191890698298],[-84.31684210497508,33.791877239673056],[-84.31679712466705,33.791832748347076],[-84.31675522436983,33.791784580833294],[-84.3167176902386,33.79173396632424],[-84.31668472685064,33.791681179578646],[-84.31683664802243,33.791627874001335],[-84.31711486203861,33.79139377754386],[-84.31720817358485,33.791366802643765],[-84.31730148399717,33.791339830379414],[-84.31759011878995,33.791256393222085],[-84.31755996994568,33.79111288364413],[-84.31746798539831,33.79063259099303],[-84.31698019203657,33.790973840816264],[-84.31690049895428,33.79102959228943],[-84.31676333993741,33.79112554612006],[-84.3166910148703,33.79117456217672],[-84.31647414736165,33.79129134153455],[-84.31633748685665,33.791366476063104],[-84.31619714161135,33.791436717137],[-84.31605336303868,33.7915019382083],[-84.31603620309562,33.79150925604517],[-84.3158016200036,33.791609137984764],[-84.31550839307582,33.791733992934404],[-84.31500369285139,33.79194888711268],[-84.31499585309179,33.791952871916884],[-84.3149889190046,33.79195789343215],[-84.31498308472766,33.79196380896436],[-84.31497851304266,33.79197045331587],[-84.3149753310604,33.79197764149559],[-84.31497362914672,33.7919851723269],[-84.31497345445273,33.7919928338651],[-84.31497481092997,33.79200041241425],[-84.31497766149812,33.792007697032524],[-84.31498192588975,33.79201448223987],[-84.31498748714995,33.79202057973173],[-84.31499418623518,33.792025817483704],[-84.31500183715065,33.792030050553514],[-84.31501022694721,33.79203315927737],[-84.31530051107019,33.7921172405212],[-84.31541217602738,33.7921489766084],[-84.31552256112623,33.79218369229135],[-84.31552911887582,33.79218586096489],[-84.31562842733383,33.79221992089138],[-84.31572602235332,33.79225727383347],[-84.31582174725429,33.79229786137734],[-84.31590800490508,33.792337987833214],[-84.31599243457616,33.79238073934322],[-84.3160703512873,33.79242345269757],[-84.31614644258283,33.7924684025047],[-84.31616811629725,33.79248256281953],[-84.3163496008186,33.79260112987331],[-84.31653108152024,33.792719696661734],[-84.3167514561671,33.79286367037863],[-84.31690701397582,33.79296529726694],[-84.31691433989961,33.79297008422654],[-84.31705883265353,33.79307079028489],[-84.31724837475831,33.79320289528558],[-84.31741020178579,33.79331567992317],[-84.31741264648905,33.7933173837611],[-84.31743067581739,33.79352434466989],[-84.31661474104898,33.794633845418645],[-84.3166580118326,33.795297401279726],[-84.31665801682543,33.79530026401384],[-84.31644059195553,33.79526422138972],[-84.31622385575216,33.795225393250504],[-84.31591549484516,33.79517369093332],[-84.31557681772621,33.79511625477668],[-84.31537089622131,33.79508202943601],[-84.31498752835319,33.79502651463798],[-84.31461792705966,33.7949841687788],[-84.31446970581658,33.79497009945263],[-84.31432117997039,33.7949584846056],[-84.31416974332045,33.7949485357033],[-84.31401813943026,33.79494054610146],[-84.31370280497939,33.79492897904275],[-84.31340692625996,33.794925865358245],[-84.31310522660662,33.794929708697346],[-84.31277565629811,33.794937129597514],[-84.31247715561128,33.79494301976922],[-84.31227245965302,33.79494726033377],[-84.31191712407251,33.794956767813545],[-84.31163264798971,33.794961686385804],[-84.31159758626916,33.79496226315798],[-84.31156995654257,33.794962713977185],[-84.31123782433076,33.794970136483585],[-84.31089421764688,33.794977585034786],[-84.31059750804937,33.79498396086663],[-84.31027255675545,33.79499233445855],[-84.31016963991243,33.794996949835905],[-84.31006667662629,33.79500156878803],[-84.31000106824847,33.79500457719395],[-84.30999095105788,33.7950050893633],[-84.30986491155493,33.79501304671454],[-84.30979823289204,33.79502122271276],[-84.30972715765719,33.7950306462476],[-84.30972672361881,33.79503070716144],[-84.30955425664818,33.79505664193296],[-84.30938277391624,33.79508678783652],[-84.3092124243869,33.79512111765453],[-84.30904802831063,33.7951572950623],[-84.30891527374501,33.795190949923125],[-84.30878525930136,33.79523137468395],[-84.30865605970007,33.79527744450584],[-84.3085287264747,33.79532700323731],[-84.30840614887674,33.79538028560063],[-84.30828726722652,33.79543911506199],[-84.30817974176713,33.795497666298196],[-84.30807442484709,33.795558951418485],[-84.30797332209012,33.795623061001336],[-84.30787626082434,33.79569138469812],[-84.30778830539326,33.79575825616361],[-84.3077024134097,33.795826969984034],[-84.30761867515609,33.79589923829483],[-84.30753940262275,33.795974937639244],[-84.3074621022897,33.79605413579013],[-84.30738661381558,33.79613454544676],[-84.30735884965802,33.796165291834214],[-84.30728978457643,33.796246995186905],[-84.30723966109699,33.79631693562743],[-84.30719180293946,33.796387973480265],[-84.30718905810541,33.79639220895378],[-84.30718147532735,33.79640390297988],[-84.30708031203118,33.79656357511672],[-84.30704754457587,33.79661973563502],[-84.30701843179965,33.79667728233157],[-84.30697560836602,33.79676371636122],[-84.30693481903684,33.7968544922138],[-84.30689776598255,33.79694637914647],[-84.30686449223472,33.79703926801394],[-84.30681841530895,33.79718186136587],[-84.30677779399828,33.79732560622089],[-84.30674266913118,33.79747035737222],[-84.30669935265338,33.7976768916711],[-84.30666130855589,33.79788414940055],[-84.30665000317714,33.79795043712658],[-84.3068270057193,33.79811497847751],[-84.30728565806221,33.79853810860683],[-84.30740484722963,33.79855987828689],[-84.3074337251791,33.7985651515514],[-84.30747104593262,33.798513340721044],[-84.30753862647106,33.79854759480257],[-84.30749228473002,33.79860413158073],[-84.30743433241253,33.798674835692644],[-84.3075583782096,33.798788679795706],[-84.30760093885135,33.79876305948542],[-84.3076371912374,33.79884088366593],[-84.30765459725878,33.79887824799085],[-84.307843717655,33.799064289177224],[-84.30802618925291,33.79925490364104],[-84.30820185084261,33.7994499247911],[-84.30837055200634,33.79964918422028],[-84.30910688648001,33.800598697756776],[-84.30910704882766,33.800598905850435],[-84.30918264111297,33.80069638156359],[-84.30918746370129,33.800702424259065],[-84.30925093883008,33.8007819701943],[-84.30978122499042,33.80049439079651],[-84.31005282425522,33.80034709749059],[-84.3108018322719,33.800093554441936],[-84.3110900966131,33.800105249834814],[-84.3113061758378,33.80004483500538],[-84.3115944875409,33.80008661000615],[-84.31196931345282,33.80015234389402],[-84.31240907626255,33.80026613001098],[-84.3128416876692,33.80041000206649],[-84.31337844308513,33.80052135071469],[-84.31347341273907,33.80321871619681],[-84.3125271901853,33.803224095294226],[-84.31173686617446,33.80322858602547],[-84.3116402564053,33.803229134191895],[-84.31164028455396,33.80324390588045],[-84.31164049182681,33.803355937373226],[-84.31164067754136,33.80345518350171],[-84.3117160380159,33.80345495516061],[-84.31267510167854,33.80345205383246],[-84.31325119801231,33.80345030669104],[-84.31344592987992,33.80344971539119],[-84.31384096990168,33.80344851620031],[-84.31562395445883,33.80344308425731],[-84.31562551137223,33.80345400135012],[-84.31574022588528,33.80425796617427],[-84.31579377611327,33.80425892842934],[-84.31579713089864,33.80425898748928],[-84.31607360727115,33.8042590839379],[-84.31681103852208,33.80425934001286],[-84.31743828576545,33.80425956229496],[-84.31746161302779,33.80425956894663],[-84.31803772237387,33.804259767728595],[-84.3180573845963,33.80513969988135],[-84.31816869815816,33.80515185089631],[-84.31838572733605,33.805175540076874],[-84.3185029966002,33.80518833986543],[-84.31882942760062,33.80522397024628],[-84.31891037560604,33.80523280481088],[-84.31922398069041,33.80526703438639],[-84.31949204107562,33.80529628929667],[-84.31951874903645,33.805299205500006],[-84.32177295130928,33.805512310533295],[-84.32186177619678,33.80525869482052],[-84.32192085447579,33.80502016770108],[-84.32195620954245,33.80482638047817],[-84.32199154542111,33.804622657993114],[-84.32206847529321,33.80438410830122],[-84.32219300053818,33.804140531372084],[-84.32234122953227,33.80384227815098],[-84.32245978519951,33.80358877229299],[-84.32257838521573,33.80336010578895],[-84.3226731092974,33.80309172646541],[-84.32269593880528,33.80255518022033],[-84.32268938990863,33.80216204505377],[-84.32268896007687,33.80198886309903],[-84.32270584893347,33.80151711679926],[-84.32105337182486,33.80150761687791],[-84.32105289604618,33.80128775835997],[-84.3210465949621,33.79835093170757],[-84.32088245057302,33.79827095417078],[-84.32029483530513,33.798354839256845],[-84.32001473250028,33.79844290204577],[-84.31998516512961,33.798314855811896],[-84.31997765574833,33.7982499238052],[-84.31997504041479,33.79818472604068],[-84.31996424083351,33.798075852601414],[-84.31996969570727,33.79799641316326],[-84.3198929001325,33.79800253699778],[-84.31952443605493,33.79800639419538],[-84.31947500058041,33.79800691076905],[-84.31947374789807,33.79828228253967],[-84.31914327028284,33.798509119170994],[-84.31881174136542,33.79873667752784],[-84.31855699622578,33.79891152920691],[-84.318664535314,33.79902969502929],[-84.31835515038898,33.79911318449245],[-84.31834014037166,33.7989551193784],[-84.31845506859213,33.79878206502233],[-84.31824116395586,33.79860775956936],[-84.31823144196365,33.798481602733844],[-84.31848623298069,33.798222972145496],[-84.31881783460933,33.79788637260816],[-84.31914829307115,33.79755092678849],[-84.31928474476734,33.79741241789357],[-84.3193598734984,33.79746592622827],[-84.31947624665648,33.79773207818103],[-84.31947625344758,33.797729214532055],[-84.31952567040278,33.79772869798105],[-84.31989309328341,33.79772485018945],[-84.32005765412899,33.79775846839503],[-84.3202730705914,33.79776071507887],[-84.32029089787628,33.79824735666533],[-84.32038655091579,33.79825368251385],[-84.320369332073,33.79799113627957],[-84.3203698950789,33.797872895900994],[-84.32037042698767,33.79776203105617],[-84.32046856698965,33.797762483100676],[-84.32047039973716,33.79776249163568],[-84.32104076243088,33.797850688272945],[-84.32107115395058,33.79788899831723],[-84.32110707630478,33.79792381204473],[-84.32111651548534,33.79793168786239],[-84.32111912648423,33.79793386658665],[-84.32114962861833,33.79795796646861],[-84.32129064019874,33.79806485263844],[-84.32104183129958,33.79828124734119],[-84.32124842730317,33.79832410735817],[-84.32139057416542,33.798364682845104],[-84.32152984485906,33.79841169685366],[-84.32166582336104,33.7984650092586],[-84.32173900650001,33.79849593495091],[-84.32181046224866,33.79852955780335],[-84.32190173543216,33.798577857081426],[-84.32198880924956,33.79863128835966],[-84.32207127069199,33.79868959790176],[-84.3221257384092,33.79872262884602],[-84.322176185344,33.79876461821736],[-84.32226582602922,33.798815902840616],[-84.32243968047275,33.79901192933665],[-84.32247890815738,33.79903991479753],[-84.32256175331563,33.798963965160226],[-84.32293600129631,33.79859689347819],[-84.32296932929204,33.79862685365783],[-84.32306724615059,33.79855335690557],[-84.32326116608347,33.79840780372685],[-84.32334290286101,33.798497179686485],[-84.32326097648392,33.79860021605135],[-84.32317193479565,33.79865216308638],[-84.32329229328396,33.798765759784004],[-84.32335341025843,33.79873019233851],[-84.32382600079464,33.798455152449435],[-84.32404311757575,33.79852979737383],[-84.32437580079119,33.798870128556324],[-84.3250291527559,33.79928997074798],[-84.32631931538869,33.80010897588894],[-84.32674940609513,33.80039806626341],[-84.3272797749363,33.800582913845616],[-84.32737939306709,33.80027515932653],[-84.32742450141058,33.80020491615411],[-84.32745716420894,33.800154053913595],[-84.32750144666973,33.80005345144369],[-84.32789263893,33.800222757507754],[-84.3277682443393,33.80056017750886],[-84.3277347976232,33.80065089916923],[-84.32771894461632,33.800817283210705],[-84.32757646627414,33.80082206213182],[-84.32743389705485,33.80081983519047],[-84.327291732744,33.8008106134622],[-84.32718105757233,33.80079618325014],[-84.32707134937992,33.800777294828],[-84.32701643387152,33.80076531477096],[-84.32691136390912,33.800740343961714],[-84.32680822531506,33.80071027803937],[-84.32670737254948,33.8006752229435],[-84.32660915253402,33.80063529724752],[-84.32651390034331,33.800590638475875],[-84.32642194459812,33.80054139949014],[-84.32633360098676,33.800487749399146],[-84.32580223572508,33.80014474788723],[-84.32543582232469,33.7999128693886],[-84.32524036902377,33.799796030745014],[-84.3249051141964,33.799595600714014],[-84.32463796951795,33.799435891235206],[-84.32446021743709,33.79932962486376],[-84.32427765883752,33.79922048360334],[-84.32362021185982,33.79972274000411],[-84.32361271625416,33.79972846599903],[-84.32358874217293,33.799746780148126],[-84.32368414625823,33.79980735511186],[-84.32368457888356,33.799968565013614],[-84.32360370406805,33.79996128340992],[-84.32360526865347,33.79994807315376],[-84.32301544391852,33.79986109876414],[-84.32291751032268,33.79986500976766],[-84.32290330381657,33.79986557415955],[-84.3228945380147,33.79986592608396],[-84.32290691595368,33.80013752425508],[-84.32291742773867,33.80036813217866],[-84.32292839860146,33.80060884880623],[-84.32295705955025,33.80123774099726],[-84.32299003175916,33.80123836644172],[-84.32300401094705,33.801545079053525],[-84.32301652892326,33.801819703798266],[-84.32302904481801,33.802094325827085],[-84.3230125540258,33.80209390131289],[-84.32301637758765,33.802177769692904],[-84.32301427073202,33.80276057773353],[-84.32300731121126,33.80294011393495],[-84.32299761298655,33.80304439744993],[-84.32298035962206,33.80314799987246],[-84.3229556141156,33.803250537017114],[-84.32291912555847,33.803354501012194],[-84.32287751067983,33.80345711540595],[-84.322830844746,33.80355820337478],[-84.32277920519286,33.80365759260008],[-84.32269065383355,33.803808387327784],[-84.32258445187165,33.803991380548034],[-84.3225028240809,33.80413202553581],[-84.32242881909549,33.80425953914348],[-84.32241796376168,33.804278242230936],[-84.32239392093523,33.804319666390114],[-84.32234397215514,33.80441208985264],[-84.3223014004102,33.80450705204701],[-84.3222663907517,33.80460414339869],[-84.3222390947337,33.804702944456054],[-84.32221962933713,33.80480302859668],[-84.3221738779706,33.80507736518576],[-84.32215498596597,33.805176868827274],[-84.3221300988962,33.805275449518064],[-84.32209928109124,33.80537285561352],[-84.3220663891744,33.80546711485313],[-84.32205155225846,33.805509623746055],[-84.3228416347079,33.8056202149807],[-84.32313472922553,33.80566124007014],[-84.32403256963529,33.80578690406964],[-84.32426997801413,33.805820132401514],[-84.3252797524048,33.80585578233468],[-84.32531501574852,33.80538737551826],[-84.32533669927099,33.805099379919604],[-84.32536013369352,33.80478811229619],[-84.32538181368176,33.804500116666645],[-84.32532640381174,33.804320917585834],[-84.3253079498375,33.804261233220636],[-84.32523933987804,33.80403935798607],[-84.32521886939846,33.80397314915923],[-84.32516528670179,33.803799867869046],[-84.32504214238142,33.80340162064911],[-84.325370185943,33.803417853425636],[-84.32616932363933,33.80345739426936],[-84.3267072622049,33.803484009418085],[-84.3270899968039,33.803502945538796],[-84.32726658061236,33.80351167997435],[-84.32745228096968,33.803520864821294],[-84.32753404552768,33.80352491122138],[-84.32761603800296,33.80352896718803],[-84.32765303010333,33.80353079615282],[-84.32766373683613,33.80353836775383],[-84.32804970704174,33.80381125424007],[-84.32850753795242,33.804134943332265],[-84.32855020974698,33.80416511241927],[-84.32854985410226,33.80417355502519],[-84.32854566326317,33.80427326125913],[-84.32854080151122,33.804388932066004],[-84.328539619966,33.804417065062886],[-84.328530230328,33.80464046450691],[-84.3285234209343,33.80480247900713],[-84.3285138161537,33.805030973935956],[-84.32850968321392,33.80512934924529],[-84.32850206621548,33.805310492368704],[-84.32849790419442,33.8054094979639],[-84.3284964766289,33.805443509126874],[-84.32848705256772,33.805667669567484],[-84.32845773220717,33.806365291077064],[-84.3284527760912,33.80648316649622],[-84.32862130076025,33.806760025578384],[-84.32880026346238,33.8070540317739],[-84.32888974527627,33.807201036120155],[-84.32906874557183,33.80749509955824],[-84.32922537331791,33.807752402244766],[-84.32932321779386,33.80791314086667],[-84.32938200092907,33.80800970742525],[-84.32954932352295,33.80828458762877],[-84.32968028400326,33.80849971923594],[-84.32967869249971,33.80887024017496],[-84.32967674591102,33.80932463467907],[-84.32967594020572,33.8095126239779],[-84.3296745499051,33.80983660872796],[-84.32986428015798,33.81009896736941],[-84.32994906706841,33.81008551257621],[-84.33000614686163,33.81008033728381],[-84.33006350570705,33.81007820465757],[-84.33023037892485,33.81007506756648],[-84.33039714646249,33.810069192986425],[-84.33040244303218,33.810068968658726],[-84.33046421687189,33.81006369134874],[-84.33052506509948,33.810053353385186],[-84.33058439489959,33.810038054738484],[-84.33064162759612,33.810017945853616],[-84.33071107790813,33.809986628537125],[-84.33077665536771,33.809949951527976],[-84.33083776868658,33.809908246524174],[-84.33089386663285,33.80986189115494],[-84.33093327957141,33.80982226353729],[-84.330967754679,33.809779548929384],[-84.33100440317199,33.80972337521976],[-84.3310349743662,33.80966472104832],[-84.33105922936048,33.809604045676714],[-84.33107697788743,33.80954182182582],[-84.3310877142164,33.80947905190355],[-84.33109122229398,33.809415713658545],[-84.33108747191798,33.80935238508804],[-84.33107649553531,33.80928964500626],[-84.3310592390935,33.809230746198836],[-84.33103542831341,33.80917346195773],[-84.33100527372288,33.80911830052826],[-84.33096904196933,33.80906574663737],[-84.33092705367262,33.809016268709925],[-84.33087968231722,33.80897030444387],[-84.33074040974464,33.80884736880377],[-84.33049941665008,33.808635193163305],[-84.33042414826606,33.80855456943955],[-84.33035401427738,33.80847078038151],[-84.33028920629302,33.808384054762314],[-84.33022989972963,33.80829462768786],[-84.33017625705732,33.808202743297336],[-84.33014634219998,33.80814140503877],[-84.33012251142576,33.808078238282384],[-84.33010492105228,33.80801366028783],[-84.33008546221878,33.80791050413269],[-84.33008482247564,33.80790636010257],[-84.33008386728379,33.80785900679457],[-84.33008713437697,33.80781172453267],[-84.33009535735458,33.807758375725605],[-84.3301090179973,33.80770581045862],[-84.33012801873802,33.807654413863006],[-84.33015221878935,33.8076045621104],[-84.33018130030268,33.80755780645438],[-84.33021594086267,33.807513770005855],[-84.33025577949955,33.807472910374635],[-84.33030040010264,33.807435654587486],[-84.3303493389641,33.80740239006174],[-84.33040208477875,33.80737346460571],[-84.33045808835135,33.80734917919262],[-84.33057774903693,33.807307418189595],[-84.33070036849817,33.80727214049669],[-84.3308254437132,33.80724349374327],[-84.33092134161456,33.80722592730474],[-84.33101799621178,33.80721153268445],[-84.33111525526597,33.807200333526495],[-84.33141197360634,33.80717230208281],[-84.33149882767246,33.807166029600694],[-84.33155837197563,33.807161767274245],[-84.33163464771788,33.80715729319856],[-84.33171107960817,33.807155393073195],[-84.33180829481104,33.80715462009049],[-84.33212925628857,33.8071712599984],[-84.33228276485498,33.80717921571754],[-84.33254360672422,33.807205248374764],[-84.33265531590857,33.8072128892531],[-84.3327673972196,33.80721354896694],[-84.33285945425823,33.807207928527646],[-84.3329506010754,33.807195771393765],[-84.33304624333947,33.807176963881965],[-84.333140354448,33.807153379625625],[-84.33323259216145,33.80712510474695],[-84.3332883284304,33.807103835326195],[-84.33334144583627,33.80707831994967],[-84.33343153049083,33.807027077435194],[-84.33351786844526,33.806971522829656],[-84.33358760869581,33.806920561981585],[-84.33365316271289,33.80686586762447],[-84.33371424256819,33.80680767548506],[-84.33381271375166,33.80670426096828],[-84.33386817617344,33.80663959170685],[-84.33391801271705,33.806571804934016],[-84.33396197239263,33.80650124182003],[-84.33399983556201,33.806428257016925],[-84.33403141069452,33.80635321685933],[-84.33405653976541,33.806276498455524],[-84.33408158817568,33.80618777921272],[-84.33413500019758,33.805982356248535],[-84.33415605369406,33.80592382329384],[-84.33418501050382,33.80586769151282],[-84.33422148538733,33.80581470167674],[-84.33426499798084,33.805765553209376],[-84.33434328908265,33.805686992565484],[-84.33454046247617,33.805504437189555],[-84.3348425543424,33.805223310024644],[-84.33481366160021,33.805197560454594],[-84.3349256672887,33.80510297535911],[-84.33488810804826,33.80505404812313],[-84.33461081319636,33.804858507595505],[-84.33461029187181,33.804858134121005],[-84.33449419634326,33.80477257417522],[-84.33438268325341,33.80468286661573],[-84.33427596463116,33.80458918248],[-84.33417424495767,33.80449170093069],[-84.33406629118218,33.80437803684727],[-84.33396513162319,33.804260097752156],[-84.3338710109087,33.804138164644776],[-84.33382345143598,33.80408096988581],[-84.33375805089169,33.804002312981545],[-84.3337316984546,33.803970626861165],[-84.33390051156167,33.803728291869355],[-84.33423526669677,33.803577968229085],[-84.33427664614834,33.803550991482],[-84.33432207907319,33.803529025085304],[-84.33437070225,33.803512488573176],[-84.33442158853146,33.80350169607484],[-84.33447376951922,33.80349685357913],[-84.33452625282993,33.803498051698],[-84.33457803830542,33.8035052710544],[-84.33462814174645,33.80351836872542],[-84.33479470301008,33.80356335051341],[-84.3348431806523,33.80357349290408],[-84.33489285067766,33.803578110148244],[-84.33494281322987,33.80357712052034],[-84.33499216432263,33.8035705396798],[-84.33504001097731,33.80355848876552],[-84.33508548632673,33.803541185358405],[-84.33528586715072,33.80344547118686],[-84.33533095123958,33.80342752985648],[-84.33537873389501,33.80341540315974],[-84.3354281496405,33.803409360340815],[-84.33547809169914,33.803409538159684],[-84.3355274443779,33.80341593273292],[-84.33568450770544,33.80344707699266],[-84.33569852775588,33.8034464563833],[-84.3359626460837,33.80343472711702],[-84.33616755713284,33.80339466228265],[-84.33618879515664,33.803375409944294],[-84.33623818946404,33.80333061125386],[-84.33623912850732,33.80332975790481],[-84.33795599966433,33.802980727205764],[-84.33794565606256,33.802889117801776],[-84.33793091753043,33.80279792835391],[-84.33791181029724,33.80270730669463],[-84.33789897428164,33.80265595125619],[-84.33787601123277,33.80257448667869],[-84.33784824412439,33.80249407016666],[-84.33802043509712,33.80243704976429],[-84.33812038617,33.80295573054976],[-84.33810821065879,33.803537916035054],[-84.33807729264684,33.8037148904588],[-84.33804924374395,33.80382660495102],[-84.33801478750259,33.8039370624199],[-84.33795418346769,33.80409118967706],[-84.33768160646312,33.80457689923679],[-84.34123963666556,33.804582428654165],[-84.34341612512026,33.804593780136244],[-84.34395533851146,33.80459890045765],[-84.34561306332533,33.80461462824223],[-84.34671662691444,33.8046304567587],[-84.34703019776217,33.80463495234772],[-84.34748542556221,33.80463758956703],[-84.34748075460442,33.80506038661681],[-84.34725036683272,33.805062830342216],[-84.34724830826083,33.80525053222419],[-84.34750346320271,33.80525448726232],[-84.3476936489672,33.80561114207629],[-84.34790939825278,33.80601573392231],[-84.34799793632264,33.80603780870048],[-84.34776039565313,33.80557413062303],[-84.34799921750836,33.805262149362484],[-84.34800028683644,33.80521199269386],[-84.34795597535903,33.8051939464094],[-84.347927176239,33.805176035105085],[-84.34789587329588,33.805139063017215],[-84.34788309200238,33.80510591104812],[-84.34787944745452,33.80507294041224],[-84.34788282168947,33.80505248336308],[-84.34788613620363,33.80504314913715],[-84.34789051689266,33.80503080815046],[-84.34790233754855,33.80501046762774],[-84.3479042423749,33.80500821701954],[-84.34792127825996,33.80498920417413],[-84.34793388507757,33.804978539886406],[-84.34795889626169,33.8049626232988],[-84.34796174530982,33.80463218747171],[-84.34803587864636,33.80463196759775],[-84.34812718276807,33.80462706811285],[-84.34866076332356,33.80463032236187],[-84.34865414174077,33.80505344511392],[-84.34820460828759,33.80505451141052],[-84.34820651128895,33.805082088233455],[-84.34820535090417,33.80510236531023],[-84.34818215171204,33.80514316748376],[-84.34815900208353,33.80517317955269],[-84.34813349990586,33.80519085151054],[-84.34809347461568,33.805207314073144],[-84.3480641584092,33.80521309257127],[-84.34812149120361,33.805249502472364],[-84.3481476208649,33.80526505804425],[-84.34866118871622,33.80526646449196],[-84.34863574967983,33.807223287093855],[-84.34863720927805,33.809214855869435],[-84.34857667142919,33.80981608638143],[-84.34857193247365,33.81035383337199],[-84.34856773511252,33.81083005288674],[-84.3485612396076,33.81156729730474],[-84.34855909698298,33.811810436023386],[-84.34855480835586,33.81229717147376],[-84.34850851311305,33.81295758732448],[-84.34850137994624,33.813401895357245],[-84.34813330650559,33.81358396605865],[-84.34842770329062,33.81393623352725],[-84.34787767696282,33.81425547845225],[-84.3477424713427,33.81433271825529],[-84.34753897658028,33.81412243804096],[-84.34745902451755,33.814140532298346],[-84.34674603335002,33.814506234777184],[-84.3470820088811,33.814905376328944],[-84.34785620395341,33.814427155658585],[-84.34820541957019,33.814681902969745],[-84.34767127117595,33.81547617162236],[-84.34848957325109,33.81547968095236],[-84.34848602499697,33.81607916325561],[-84.34849559054871,33.81706047987472],[-84.34853474833858,33.81748442870585],[-84.34853214592955,33.81912574750819],[-84.34849067619207,33.820309562076396],[-84.34847560613066,33.82038291247566],[-84.34846965287568,33.821067570046],[-84.34845732724277,33.822820406970415],[-84.34848018229607,33.82423960158416],[-84.34847345394518,33.82467393690846],[-84.34847159677267,33.82560751785504],[-84.34846931631603,33.82617265092727],[-84.34846772541692,33.826566929259826],[-84.34846926588156,33.827079362659994],[-84.34848412702058,33.82759477705396],[-84.34849404117782,33.827938623747585],[-84.34850494834387,33.828437639366555],[-84.34851989712675,33.829147299394016],[-84.34848534441227,33.83103761080953],[-84.34845584243942,33.8315120492187],[-84.34844896834011,33.83243771107073],[-84.34843369870411,33.83480872174966],[-84.34842780234463,33.83564824040154],[-84.34844222334524,33.836406739729256],[-84.34882013616492,33.83651341183242],[-84.34874397049347,33.836774765710885],[-84.34871467437361,33.83697089305337],[-84.34847670902009,33.8372468387945],[-84.34847946755892,33.83742955193043],[-84.34849497098655,33.83785284808204],[-84.34874762519786,33.837748210072654],[-84.34878477048794,33.83794857437171],[-84.34841259466052,33.8381519762049],[-84.34843508361699,33.8384467994479],[-84.34847295852535,33.83889140535437],[-84.34853669822208,33.83903214987291],[-84.34846975614927,33.83905429107406],[-84.34847107005653,33.839450269307456],[-84.348344911525,33.83908332046994],[-84.34810749402553,33.83914018958988],[-84.34822159386316,33.83975120244524],[-84.34848269071261,33.83967161735335],[-84.34842288711954,33.84103152338471],[-84.34841735574155,33.841195285270615],[-84.34835701853372,33.841758727145525],[-84.34834815434247,33.84185547659358],[-84.34830868820936,33.842286222581244],[-84.34819091663341,33.84335936015571],[-84.34812122195335,33.8439989249702],[-84.34809086655522,33.84427748348346],[-84.34807931242534,33.84438350481744],[-84.34801824366188,33.84494389345591],[-84.34800927900606,33.84502615177831],[-84.34826150277205,33.84527885808785],[-84.34830310447562,33.84592198170753],[-84.34831622941985,33.846213086494686],[-84.34834537538424,33.84671555411072],[-84.34828971855849,33.847665127678674],[-84.3482947316445,33.848105882675696],[-84.34827917440143,33.848770469939055],[-84.3483671941088,33.84894076682217],[-84.34831780209284,33.84970159914045],[-84.34833487777425,33.85051509839748],[-84.34838665979686,33.852280198474794],[-84.34836407514483,33.852842256481146],[-84.34830373903438,33.85365514267771],[-84.34830755037756,33.8543044297094],[-84.34826875321674,33.854912481579035],[-84.34825930888759,33.85745389956191],[-84.34825579359575,33.85757712026682],[-84.34821132563663,33.8591359060984],[-84.34819722167553,33.85963028194332],[-84.34812657810423,33.86210653188633],[-84.34812130664454,33.862291289312616],[-84.34812261205889,33.862372441310825],[-84.34816233920397,33.86484238116472],[-84.34816652211714,33.86510242322458],[-84.3481806243968,33.865979171253414],[-84.34819207707031,33.86669111508886],[-84.3482002492624,33.86719916874961],[-84.34820949690975,33.8677740602066],[-84.3482211505294,33.868498463286976],[-84.34821740937234,33.868714833347205],[-84.34796966565149,33.86895591495108],[-84.3479240240866,33.86943492735995],[-84.34823636825702,33.86946648931538],[-84.34824014346003,33.87251297257159],[-84.34824167390283,33.87360070252144],[-84.34824345107612,33.87486103974278],[-84.34824274619251,33.87541174878164],[-84.34824252011596,33.875588283555814],[-84.34823439940952,33.87603212868792],[-84.34823169198043,33.87612930131102],[-84.34817209234473,33.87784373104114],[-84.34817075513597,33.87847430511079],[-84.34814101784114,33.879390907771764],[-84.34811983900829,33.880076442264446],[-84.34810709756202,33.88048886188794],[-84.348096328035,33.88127578357025],[-84.34808645933443,33.88202513440592],[-84.34829763640172,33.88213205502856],[-84.3484656634668,33.88215511456661],[-84.34896175283006,33.88201731117346],[-84.34921648733388,33.88194656218254],[-84.35039079941227,33.882007809802715],[-84.35051651515353,33.88201190688064],[-84.35100254058024,33.8820049838272],[-84.35178415509068,33.88199384721456],[-84.35311458377454,33.881974879769025],[-84.35390040409307,33.881965253448286],[-84.35405776881001,33.88163963954834],[-84.35478430510737,33.880945328634496],[-84.35491605045883,33.88081942478369],[-84.3553214057404,33.88047802835854],[-84.35532696214081,33.87982568433069],[-84.35533449797344,33.87894108079142],[-84.35586499385602,33.87894816759875],[-84.3555195067613,33.878417608683556],[-84.35808913067599,33.87848255608093],[-84.35817733971449,33.87841509104895],[-84.3579614720922,33.87802076964937],[-84.35983925446087,33.8780522243809],[-84.35983932883732,33.8778319226465],[-84.35983764884975,33.87704025225679],[-84.36206719151488,33.87693642824472],[-84.36212784081334,33.87701508831129],[-84.36220043585368,33.87710926190501],[-84.36226870532748,33.877197909871484],[-84.36232275753264,33.87726131468248],[-84.36239334208346,33.87736009961981],[-84.36244972654447,33.877443550384115],[-84.36249348464048,33.87754852884917],[-84.36254161333191,33.877642648240005],[-84.36260029856977,33.877752158009],[-84.36269775948787,33.877845766103434],[-84.36270047285261,33.87795122452539],[-84.36281351248695,33.87803452095912],[-84.36290184720053,33.87812060482148],[-84.3629308738101,33.87820643956614],[-84.36297717649171,33.878282629015864],[-84.36308198832228,33.87836971706686],[-84.36301709723168,33.87844951891681],[-84.36296410222765,33.87852310122219],[-84.36291813918548,33.878582581515914],[-84.36281585076074,33.87869648863788],[-84.36409830665288,33.88009121204118],[-84.36420954944936,33.8800891096683],[-84.36477491268064,33.880078421999386],[-84.36496562304579,33.880074817067175],[-84.3657410538705,33.88004968784619],[-84.365930954968,33.880018869515155],[-84.36602240872726,33.88002662264386],[-84.36612868860874,33.880034351707465],[-84.3663039928615,33.88003894568574],[-84.36640556821722,33.880016064337994],[-84.36648766947046,33.8799623171847],[-84.36655675909915,33.87991720352145],[-84.36661236506124,33.87984239193404],[-84.36667906900217,33.879655617740994],[-84.36673621022274,33.87960788427633],[-84.36680714186573,33.87957590072772],[-84.36700119817299,33.879532659356606],[-84.36712005712758,33.87950612023064],[-84.36720997290126,33.87946843967955],[-84.36727994655661,33.87941246935974],[-84.36741587493448,33.879274442667445],[-84.3674620518779,33.87921700346967],[-84.3675162374236,33.87913996493555],[-84.36759691729067,33.879111836672834],[-84.36770356220676,33.87913736030197],[-84.36778441098684,33.87909877896045],[-84.36776950995898,33.87896218810348],[-84.367776143121,33.878741510570165],[-84.36776275582827,33.878420230351125],[-84.36777408271591,33.87832861001995],[-84.36777465990559,33.87831107223137],[-84.36777273474402,33.878281158143785],[-84.36777390485062,33.87825278711612],[-84.36777319577568,33.87821410262021],[-84.3677743283731,33.87816974201614],[-84.36777329082906,33.87805462535233],[-84.36787486089099,33.87805506906136],[-84.36790021790567,33.87805605912998],[-84.36795402101325,33.878056486996094],[-84.3679936005998,33.87805745381348],[-84.36800424215879,33.877933285465524],[-84.36803908501021,33.8779127180862],[-84.3681376272825,33.87791004145139],[-84.36818325145337,33.87791963871693],[-84.36827166566256,33.87793523939894],[-84.36849726613768,33.87794522091218],[-84.3684965145993,33.87804888880376],[-84.36958078705717,33.878062064566215],[-84.37017186283401,33.87806690363794],[-84.37027340677639,33.87806771959262],[-84.37205080113483,33.87808199409557],[-84.37266524931921,33.878086837251175],[-84.37330946651704,33.87809191234531],[-84.37350099251546,33.87809501815681],[-84.37364225534463,33.87809444556874],[-84.37408375169134,33.878087863351986],[-84.374953209168,33.87809387864622],[-84.37564060601017,33.878098630531234],[-84.3757530779617,33.87809552746398],[-84.3758415831338,33.87809416817057],[-84.37594207533608,33.87809365312758],[-84.37604257173375,33.87809485651606],[-84.37614224693836,33.878097091789805],[-84.3762427492203,33.87810069967143],[-84.37636341883618,33.878107087164814],[-84.37644047012378,33.87811204396546],[-84.37653851054398,33.87811943455806],[-84.37675271060996,33.87813315314774],[-84.3770352885101,33.878150190795466],[-84.37714979065187,33.878152399942095],[-84.37727368396823,33.87815396268849],[-84.37737878676793,33.878153928182996],[-84.37749328213256,33.878153376208985],[-84.37761024951888,33.878152299652484],[-84.37807699318498,33.87815259981043],[-84.37819344344257,33.878152674076546],[-84.3789307353659,33.87815267401294],[-84.37981036683136,33.878151241380856],[-84.37989852153694,33.87814458266181],[-84.38031574911594,33.87814270411371],[-84.38098421948058,33.87813969049627],[-84.38113820529878,33.87813899612217],[-84.3815561579131,33.87813702014562],[-84.3816923085313,33.878136376014645],[-84.38182847319948,33.878135731708724],[-84.38223620988954,33.87813398855681],[-84.38239203066534,33.87813737382204],[-84.38248498606866,33.87813939302391],[-84.38256979054142,33.878137882101136],[-84.38297672419351,33.8781306298052],[-84.38408298216322,33.87813211824811],[-84.38416196718326,33.878132143869905],[-84.38424772571254,33.8781321710063],[-84.3852283132524,33.8781334183685],[-84.3860549711252,33.87813446321242],[-84.38729055378943,33.87813637960389],[-84.38727108187483,33.87887910990967],[-84.38725827304965,33.87936768835178],[-84.38723656919652,33.88033678829943],[-84.38722520196805,33.880909768044354],[-84.38730715394678,33.88097120040569],[-84.38776224880591,33.88131234207177],[-84.3884530111487,33.881830133168926],[-84.38884866325054,33.882126706156896],[-84.38940192274906,33.88280262791476],[-84.38929882064954,33.88281137617366],[-84.38919256531278,33.88282645321558],[-84.38906463418957,33.8828300337552],[-84.38904149387174,33.8828228011164],[-84.38902618317023,33.882845815961474],[-84.38908699823648,33.88293597351412],[-84.38918261697462,33.883081954307706],[-84.3892092064511,33.88305482294175],[-84.38922567433443,33.883041146935675],[-84.38930495217805,33.883032720390986],[-84.38937454249346,33.883020896808254],[-84.3894054344969,33.88301082559674],[-84.38954615014623,33.88297637029397],[-84.38962440835378,33.883077206562696],[-84.38978990725,33.88327491621894],[-84.39009069917803,33.8836342493339],[-84.39047436412254,33.883874004992464],[-84.3904614590494,33.883875925473525],[-84.39043967311594,33.88386049116144],[-84.39046131470313,33.88388357611751],[-84.39046778375847,33.883890184180075],[-84.390480103871,33.883902713478335],[-84.39062543312674,33.884106861128785],[-84.39063669802545,33.88408665122051],[-84.39064409461311,33.884073381021864],[-84.39065812416112,33.884054138951505],[-84.39069882649851,33.88401241297889],[-84.39076286878117,33.88404873975111],[-84.39150079182579,33.88450376847695],[-84.39192642463864,33.88476622461261],[-84.39230529660661,33.884999843125385],[-84.39230534383718,33.88564360738353],[-84.3924568508986,33.8856506367054],[-84.39254496194353,33.885654814788666],[-84.3926324356096,33.88566121560821],[-84.39271941976531,33.88567425420421],[-84.39280592321644,33.885688655992524],[-84.39292436090368,33.88571367715721],[-84.39308950967302,33.8857613534373],[-84.39323943936647,33.88581528778355],[-84.39379653439774,33.88617614082354],[-84.39418969738921,33.886431550306725],[-84.3945403117403,33.88671545045568],[-84.39461036683073,33.886795825208466],[-84.39469182857886,33.88686799917406],[-84.39548703506321,33.88633990222446],[-84.39524502542491,33.886057907751095],[-84.39464993237829,33.88536378603874],[-84.39393436918976,33.884859096393484],[-84.393491267531,33.88438026151372],[-84.39333045795945,33.884206483991285],[-84.39298307139127,33.88381756619041],[-84.39265130892569,33.8834461375141],[-84.39225765511166,33.883151310636855],[-84.39162423949251,33.88267690605877],[-84.39122421068782,33.88237729526871],[-84.39076744380904,33.881767083383906],[-84.39036037115966,33.881223250873724],[-84.39125726176714,33.88084374274268],[-84.39090979246265,33.88027137742208],[-84.39056328058237,33.880398649565215],[-84.39018942672293,33.87979553108739],[-84.38967592608998,33.87967485410529],[-84.38940456751104,33.87926648149256],[-84.38914584264964,33.87887711899421],[-84.38902776879165,33.878913699627844],[-84.38894830298088,33.878936560634045],[-84.38886550595592,33.87894959795124],[-84.38878227764059,33.87895931886847],[-84.38869879563272,33.878967927566755],[-84.38869585713482,33.87815137535667],[-84.38905995178457,33.878155871675986],[-84.3892090222596,33.8781572606719],[-84.39247519289178,33.878194662536266],[-84.3950172227651,33.87822385100922],[-84.39599973294295,33.87823508849067],[-84.39724796760028,33.87824937637425],[-84.39733034175293,33.87825025368676],[-84.39730952842872,33.878780693934424],[-84.39730677356188,33.878850833796506],[-84.39730413206837,33.87891811345425],[-84.39730147829292,33.87946260411896],[-84.399179614638,33.87947315916589],[-84.39920436939546,33.88131096649903],[-84.40017862787303,33.8812883540499],[-84.40025701664172,33.88128908547605],[-84.40045646003166,33.8813082538155],[-84.40103964947657,33.881901786724846],[-84.40104073714889,33.88229958557832],[-84.40113794102145,33.882299400657026],[-84.40113919526132,33.883360200000176],[-84.40113990605879,33.883921173011665],[-84.40114010178974,33.884052000890854],[-84.40114224486399,33.88547872703956],[-84.40114291346379,33.885924255433615],[-84.40152102820417,33.885921817708585],[-84.40181974004123,33.88672476834552],[-84.40252072941456,33.88669647776396],[-84.40267411444218,33.88667823521313],[-84.40277933125293,33.88665420972688],[-84.40288961741966,33.88661689785193],[-84.40296852327668,33.88658146736597],[-84.40309281210051,33.88651413825948],[-84.40318407677677,33.88645006781794],[-84.40323784759434,33.88640394332008],[-84.40333998188078,33.88629933600573],[-84.40367028756843,33.88591564132059],[-84.40372860247032,33.885864745427256],[-84.40378862886,33.88581235580907],[-84.40403666841597,33.88556867469106],[-84.40410294352107,33.885503563426795],[-84.40418722487401,33.88542160371986],[-84.4042758406816,33.8853449119672],[-84.40436941982625,33.88528117158583],[-84.4046287824209,33.88517796567482],[-84.40470983693189,33.88516487605525],[-84.40479265258756,33.88515532009502],[-84.4049065903191,33.8851597378663],[-84.40511975154655,33.88517529891697],[-84.40512524229008,33.88466468938397],[-84.40513610230121,33.883654646200505],[-84.4051426569706,33.88304506282207],[-84.40515470535159,33.88234219000849],[-84.40564524533848,33.882353125907166],[-84.40698356353161,33.8823829513661],[-84.40698167347927,33.8819952885882],[-84.40698145695337,33.881925381571094],[-84.40697719825192,33.88117673717845],[-84.4069752189285,33.880875583775975],[-84.40697464222205,33.88077436543035],[-84.40697359590325,33.880590462557414],[-84.40697111256642,33.88029228821326],[-84.40696392601461,33.879197834843076],[-84.40696313251823,33.87906014119435],[-84.40696232234868,33.87891958307631],[-84.40695958782912,33.878531749513925],[-84.40696801704865,33.87830638167238],[-84.40720277172889,33.87830420696043],[-84.40798285190509,33.87831058198436],[-84.40856029180154,33.878314946241524],[-84.40964469966124,33.87832373077355],[-84.41073861957885,33.87833258249655],[-84.41163119097627,33.878339798043974],[-84.4117148219984,33.8783404901278],[-84.41179840978197,33.87834118224085],[-84.41272706583497,33.87834870306392],[-84.4128536198327,33.87834972792224],[-84.41353650050036,33.87835523226264],[-84.41364446828706,33.878356023951945],[-84.41375726174111,33.87835685095263],[-84.41427338315452,33.87836100661864],[-84.41488466686246,33.878365926016734],[-84.41597723949313,33.87837470870102],[-84.41613869240467,33.878376099574446],[-84.41628244005278,33.87837724298743],[-84.41648301588336,33.87837883817185],[-84.41664282037459,33.87837988730138],[-84.41755798769239,33.87838455441562],[-84.41778218778259,33.87843528273631],[-84.41847568555148,33.87841015006164],[-84.41860582144851,33.87840543269682],[-84.41900451121002,33.87840839570897],[-84.42083522583921,33.87842165627814],[-84.42182461907383,33.87842881103729],[-84.42322563332162,33.87843892901556],[-84.42307906934751,33.87872614726173],[-84.42347458880432,33.87883801010909],[-84.42450316736135,33.87913217230525],[-84.4245757968274,33.87915300859925],[-84.42464696129812,33.87899270746587],[-84.42473208561958,33.87879723579456],[-84.42488360835706,33.878450882234226],[-84.42536622212627,33.878454011238155],[-84.42665210982376,33.878462337471525],[-84.42700149334998,33.878463074942985],[-84.42751447964332,33.87846076031998],[-84.4280064528414,33.87847206135302],[-84.42790347368472,33.87906052675729],[-84.42788161930947,33.879206785950004],[-84.42786630246584,33.87930929743636],[-84.42770150260846,33.88041221183351],[-84.42785858898334,33.88057256937019],[-84.42811320562818,33.88083735822315],[-84.42817685346546,33.88090902040344],[-84.42825471811011,33.880969379222094],[-84.42833720451021,33.88102663196019],[-84.42842231772991,33.881080281536846],[-84.42851031913135,33.8811295411652],[-84.42860845330276,33.88116505900435],[-84.42871068108401,33.881191979982084],[-84.4288161754952,33.88120996232457],[-84.42892246531432,33.88121866775987],[-84.42902955050977,33.881218097187734],[-84.42913578355808,33.881208251410555],[-84.42924034177433,33.881189134888416],[-84.42944225629074,33.87987713042709],[-84.42947119181044,33.879794973894384],[-84.42993794085983,33.87846968569249],[-84.43120724689643,33.87847216172357],[-84.43306324992463,33.87847575702545],[-84.43353925115892,33.87847667463411],[-84.43488925508576,33.878479267046906],[-84.43547914428342,33.87848039536795],[-84.43617519196478,33.87848162324663],[-84.43617172039953,33.878961847376395],[-84.4361614141059,33.88038752330478],[-84.43635023482251,33.880184088074685],[-84.43675033052494,33.88010798026187],[-84.4369290312803,33.880028437501736],[-84.43710321831698,33.87995090331388],[-84.43723913415685,33.87968987002655],[-84.43713782031934,33.87943038806529],[-84.43757336775934,33.87948084979524],[-84.43792680057332,33.87936441501268],[-84.43802277621612,33.8792553077814],[-84.43817363219829,33.879338068419884],[-84.4385629801463,33.87946400876321],[-84.43863074171823,33.87942300072184],[-84.43870027914944,33.87938091667829],[-84.43879272357617,33.87943979944379],[-84.43876847049995,33.87961192470977],[-84.43874599977487,33.879771402398184],[-84.43886748234557,33.879867921064886],[-84.4392383210905,33.87994516855116],[-84.43935834578531,33.879900874349616],[-84.4394958481938,33.879850129807565],[-84.44003688190156,33.879283489971556],[-84.4399720505392,33.87922274182691],[-84.4398518134038,33.87911007769623],[-84.44006141141224,33.8790487091932],[-84.44016865271021,33.87901730980044],[-84.44025441411425,33.87878867655672],[-84.4403542703208,33.87858886698458],[-84.44033754710541,33.878510924373515],[-84.44269607003933,33.878527486274514],[-84.44284056797164,33.878528499648226],[-84.44316381599717,33.878530765513275],[-84.44345622574309,33.878532814883606],[-84.4437162696242,33.87819876515923],[-84.44412082160791,33.87803751533778],[-84.44469336986019,33.87768702510188],[-84.44522164436883,33.87739154729798],[-84.44572075445046,33.87716970402762],[-84.44655689732265,33.876616023046296],[-84.44747554620025,33.87599805111698],[-84.44822959979348,33.87513093430743],[-84.44852098490118,33.8748458354898],[-84.44882872375483,33.87455084545668],[-84.44953251933633,33.8739974471243],[-84.4501334456324,33.87345654365357],[-84.45074944526979,33.872989979339806],[-84.45109610521966,33.87260749738742],[-84.45123465734478,33.87242073362727],[-84.45126520592241,33.87209526621673],[-84.45128573764666,33.87192812308127],[-84.4512386255493,33.87162212548584],[-84.45125833912712,33.871296739856625],[-84.45127203911618,33.87103832631157],[-84.45130058366492,33.870780761173506],[-84.45131467218297,33.870596800229954],[-84.45140238193687,33.87044945507507],[-84.45151944963509,33.87028977974934],[-84.45174644036418,33.87019582733892],[-84.45173693981293,33.87006948497063],[-84.45179978588453,33.869890654182285],[-84.4519238531999,33.86955199554112],[-84.45204710284494,33.86921574421886],[-84.45226477961583,33.86904004209263],[-84.4523368837211,33.868988093096746],[-84.45242191639792,33.86892682903021],[-84.45250468994462,33.86886719218838],[-84.45256081157282,33.868822585186294],[-84.45263449295857,33.86876402336052],[-84.45271540285144,33.86870570528679],[-84.45277746000924,33.86866097711467],[-84.45284258805098,33.868598491260904],[-84.45292939133364,33.86852939742703],[-84.45298853723676,33.868480066743466],[-84.45308382509785,33.86840708777285],[-84.45316101774958,33.868338890696165],[-84.45323389320683,33.868272607865336],[-84.45329247786091,33.86821877105822],[-84.45340923261628,33.86818372786173],[-84.45348073534056,33.86813821637666],[-84.45353070794073,33.86805771465806],[-84.45357682699621,33.86798233056248],[-84.45363479059753,33.86790323027554],[-84.45373157121614,33.867848716451014],[-84.45383138856332,33.86782960184629],[-84.45431749199734,33.86738875719904],[-84.45435557919701,33.86733365673959],[-84.45443479043504,33.86724626371039],[-84.45450125913301,33.867173625018665],[-84.45456856047426,33.867103389010886],[-84.45461611757621,33.86703212254143],[-84.45467588444627,33.86695201041597],[-84.45475019499446,33.86686961017567],[-84.45481468080165,33.8668040321565],[-84.45488951268416,33.86672792944695],[-84.4549623818509,33.866653825703054],[-84.45501934555696,33.86658594616013],[-84.45507719300153,33.866517012312215],[-84.45514545795763,33.866424747643194],[-84.45516477530963,33.86634521051592],[-84.45524658006451,33.86630958107125],[-84.45532474370765,33.86622201770107],[-84.45538361266546,33.866155191144635],[-84.45543853962076,33.86608641183364],[-84.45549829721804,33.866015202085734],[-84.4555848531715,33.86590842573594],[-84.45564374397675,33.86578629259255],[-84.4556749425087,33.86571193718007],[-84.4557235681569,33.865593907070696],[-84.45575566648179,33.86551654617289],[-84.45580232307633,33.86540409727245],[-84.45583362574722,33.86532865329584],[-84.4558630800406,33.86525766593101],[-84.45589813500321,33.86517317692612],[-84.45593146809335,33.865092840383355],[-84.45596440443353,33.86501345779225],[-84.4559995170999,33.86492883157149],[-84.45602770387494,33.86486089377058],[-84.45606854511368,33.86477188204133],[-84.45612028063677,33.86467412948964],[-84.4561373432389,33.86457891350891],[-84.45617979661503,33.86449432589307],[-84.45618114462637,33.864405693601796],[-84.45618722474241,33.86429409180752],[-84.45618639229014,33.86421237117565],[-84.45619095598757,33.8641404702206],[-84.45620632096575,33.86405661342881],[-84.45618227141715,33.86398797959452],[-84.45618429125362,33.86390049981354],[-84.45618320676685,33.863796620230815],[-84.4561485400871,33.863699035409496],[-84.4561240126517,33.863629987027075],[-84.45609156772377,33.863538653429984],[-84.45606128228748,33.86345339809918],[-84.45603297550227,33.86338437479841],[-84.45598380601031,33.863280427755235],[-84.4559303797587,33.86320159947594],[-84.4559034000087,33.863126373369575],[-84.45584139178133,33.86305506590838],[-84.45577938018388,33.862982727851296],[-84.45570833728564,33.86291865641432],[-84.45564519590395,33.86283588538601],[-84.45559336807752,33.86277258300793],[-84.45553867056122,33.86269347982605],[-84.45547842810679,33.86263475579689],[-84.4554212001943,33.862585700146454],[-84.45534044736235,33.86250247972193],[-84.45528091188265,33.8624315087999],[-84.45521396102171,33.86235952553756],[-84.45516106272231,33.862302967020305],[-84.45509082938808,33.862234426610556],[-84.4550212966871,33.86212606730763],[-84.45496244939656,33.86198539443025],[-84.45469638280164,33.86145286013507],[-84.45465218709305,33.86134778467028],[-84.45462642533869,33.861278796546785],[-84.45459842618865,33.86118526836208],[-84.45460214699597,33.86109565942946],[-84.45453731022369,33.86102322092367],[-84.45450026298977,33.86096318624039],[-84.45447210339907,33.860819507504495],[-84.45444594748827,33.860709930330415],[-84.45441023697846,33.86062174607074],[-84.45437943188222,33.86054024771453],[-84.45434786653588,33.860439254108904],[-84.45431371241236,33.86036746877862],[-84.45427223837046,33.860278936366306],[-84.45423653723465,33.860192796040145],[-84.45426195235089,33.859998669124316],[-84.45424783790497,33.85987560324532],[-84.45419875651403,33.859731873147666],[-84.45423905456083,33.85955157148215],[-84.45425503357916,33.85939198847445],[-84.45428629739276,33.85929294002952],[-84.45431579183254,33.859202884132884],[-84.45434452665634,33.85911514811204],[-84.45436916444201,33.85905065956118],[-84.45441030901293,33.85896634963461],[-84.45446600815164,33.858748721076495],[-84.45454997322776,33.85862043740962],[-84.45461753831924,33.858516146714564],[-84.45467682178317,33.85839133150865],[-84.45471196942508,33.858304016801576],[-84.45479041461674,33.85812142126686],[-84.45488242692245,33.85805524953296],[-84.45495556056223,33.8580076721861],[-84.45505254719366,33.85795145089028],[-84.45516924907022,33.85791211523843],[-84.45525673131421,33.85788765819564],[-84.45544091670482,33.85785229468098],[-84.45556932358993,33.85783378521662],[-84.45566537582654,33.8577605472095],[-84.45573101023533,33.85768814775556],[-84.45584766863301,33.85761078046771],[-84.45595210109543,33.857541922569965],[-84.45603444569488,33.857462253499996],[-84.45689031334283,33.85663418664868],[-84.45742034303613,33.855887958084935],[-84.45749848339588,33.85578548108072],[-84.45755019297054,33.855735686913505],[-84.45762161442788,33.855669905233995],[-84.45770700485069,33.85559515890337],[-84.45779405367537,33.855523499412804],[-84.45786136664105,33.85546047548985],[-84.45795414007067,33.85537746696472],[-84.45802544235872,33.85530668574589],[-84.4581094047023,33.8552326466891],[-84.45818403456335,33.85517596184001],[-84.45826421992646,33.855116967331085],[-84.45835400957294,33.855031965726646],[-84.45841954025197,33.85497006645003],[-84.45852681506175,33.854863393028246],[-84.45863554563736,33.85476094655172],[-84.45885961392028,33.854541932415025],[-84.4589115782042,33.85441951008703],[-84.45896438538766,33.85435549387905],[-84.45901848579277,33.85428219491745],[-84.45908327610948,33.854204403857175],[-84.45913986080309,33.85413522123944],[-84.45919149400116,33.85406295862659],[-84.45925544529551,33.85398070455083],[-84.45934302381362,33.853933078579644],[-84.45945093828101,33.853866362543656],[-84.45949859205246,33.85381470628304],[-84.4596002394141,33.85370020283058],[-84.45965075878789,33.85361905611895],[-84.45968797453953,33.85355679787878],[-84.45973385553225,33.85348832747453],[-84.4598188194323,33.853370250633226],[-84.45988608251294,33.853273314180015],[-84.45996088752489,33.85317449245196],[-84.46002474390431,33.85306140485803],[-84.46007464260973,33.852967420108925],[-84.46010652170624,33.85289829583773],[-84.46013592800554,33.85282849039573],[-84.46016286151293,33.85275800378467],[-84.46018567530253,33.85268683902581],[-84.46020683860559,33.852614648520735],[-84.46022200123808,33.85255013262336],[-84.46023845657338,33.85246926242653],[-84.46027517679761,33.85241499910938],[-84.46025854010684,33.852322185268285],[-84.46026405282018,33.85224865792408],[-84.46026709279622,33.85217444941924],[-84.46026601665005,33.852100594240945],[-84.46025924634479,33.851991948463365],[-84.46024549681289,33.851879412503344],[-84.4602328946612,33.851806271818035],[-84.46021699988647,33.851733482495426],[-84.46019863595114,33.8516610425735],[-84.46017698175746,33.85158964105493],[-84.46005798097855,33.85136838984655],[-84.4599240040232,33.85111929456232],[-84.45928867416522,33.84993803866025],[-84.45912384520267,33.8496166068229],[-84.45906379925961,33.849474004440324],[-84.45902769349954,33.84937573836226],[-84.45899578935386,33.84928890861907],[-84.45897017446416,33.84921919600195],[-84.4589382028267,33.84913218697516],[-84.45891275381403,33.84906292296715],[-84.45888071792382,33.84897573374735],[-84.4588539278525,33.84889850511731],[-84.4588402536852,33.848816617282395],[-84.45882523374686,33.848726668371896],[-84.45877275246147,33.84841237485976],[-84.45876012417544,33.84833674551485],[-84.45869750915232,33.84793249955529],[-84.45869859703016,33.847828558686594],[-84.45870716186924,33.84700947462748],[-84.45876921463287,33.846247219420924],[-84.45878378237663,33.8460466422009],[-84.45897234389949,33.84547997362511],[-84.45900870919927,33.84536877021266],[-84.45947063863623,33.84451679287343],[-84.45951564848984,33.84443377567058],[-84.45988914233907,33.843744894273215],[-84.46045720754346,33.84228012413298],[-84.46067572104003,33.84095980831446],[-84.46070405064786,33.840788633749796],[-84.46070459501041,33.83980234503516],[-84.4605376124973,33.83892548195279],[-84.46042977026718,33.838352315251285],[-84.45973500463573,33.83696681745541],[-84.45958444371054,33.836669636377614],[-84.4589024118772,33.83533468976678],[-84.45867132980487,33.83483605611691],[-84.45865281796014,33.8347516846819],[-84.45864130295207,33.83461706082358],[-84.45864976386109,33.834491534108565],[-84.45863453437312,33.83441952090557],[-84.45859976190684,33.834343690436064],[-84.45855107435247,33.83427448209075],[-84.45843974594591,33.83417145352206],[-84.45838365578098,33.834036500500574],[-84.45833184074043,33.83396284535407],[-84.4582760663363,33.83388356248531],[-84.45821117022358,33.833791314814206],[-84.45814726545407,33.83370047222633],[-84.458086719886,33.833614407578146],[-84.45802965507826,33.83353328919459],[-84.45797493107105,33.833455498622286],[-84.4579265669714,33.833386749090614],[-84.45787778279745,33.83331740184095],[-84.45783208957155,33.833252448185306],[-84.45778390917508,33.83318395873536],[-84.45772876113094,33.8331055667526],[-84.45764454201579,33.833041137644926],[-84.45742776052663,33.83267768329719],[-84.45736834277419,33.83257806304155],[-84.4573075538957,33.832476144095594],[-84.45700529822352,33.83207713127873],[-84.45691561622547,33.831949487788165],[-84.45686800209971,33.83188124367861],[-84.45681089000537,33.83179120036167],[-84.45677400193581,33.831725078686546],[-84.45672847415973,33.8316516713183],[-84.45666557243551,33.831543697972755],[-84.45662113108874,33.83146433897382],[-84.45658533872405,33.83140042458589],[-84.45653920405485,33.83131804182259],[-84.45649970748069,33.83124751175191],[-84.4563834985401,33.83115912908272],[-84.45632646727204,33.83108923252827],[-84.45625951701027,33.83100236779733],[-84.45620077974782,33.83092566598826],[-84.45615108403638,33.83085237547609],[-84.45610903808083,33.83076800564304],[-84.45607244120004,33.8307081711124],[-84.45603270403548,33.83064299449676],[-84.45599870658559,33.8305571531906],[-84.45589204302829,33.83043308680123],[-84.45584729852538,33.83035700117724],[-84.45580481371987,33.8302759367796],[-84.4557111746964,33.83008087504028],[-84.45567485543587,33.82998907291138],[-84.45561509581286,33.82987048741578],[-84.45557948337901,33.82980022292933],[-84.45554141862401,33.829723559811775],[-84.45550617872117,33.829653520741644],[-84.45546412265074,33.82956063648486],[-84.45543750971571,33.82949156538881],[-84.45540039526786,33.82940537685224],[-84.45534933755194,33.829304079666194],[-84.4553028635599,33.82921390701064],[-84.4552760791366,33.82914549447542],[-84.4552461620547,33.829075266143704],[-84.45522688471779,33.82897454370831],[-84.455197840474,33.8288952500114],[-84.45517691362431,33.8288016372678],[-84.4551602643826,33.82870942468068],[-84.45515886366324,33.82863945870622],[-84.45514200212396,33.828545781441825],[-84.4551552320004,33.82847396352843],[-84.4551192211976,33.82839159437127],[-84.45510312899856,33.828323984485486],[-84.45508511582723,33.8282482976684],[-84.45505000640892,33.82815826512349],[-84.45503697800746,33.82807450415315],[-84.45502427991107,33.827994834061414],[-84.45503594675083,33.827931128280085],[-84.45507348970165,33.8278485780652],[-84.45509530671629,33.827781093197274],[-84.45510566718694,33.82768774806346],[-84.45515057534975,33.82757771385883],[-84.45523766049111,33.82752495066018],[-84.45532713573778,33.827539194583615],[-84.45535710063693,33.82746403564924],[-84.45528271970974,33.82740207305527],[-84.4553076451301,33.82727204745054],[-84.45534853134923,33.82716864153961],[-84.45537700106291,33.827098995132644],[-84.45538109894913,33.82703667662533],[-84.45537655020144,33.82695649788578],[-84.45537134127697,33.826884648261846],[-84.45543782784472,33.82682678025189],[-84.45550850086619,33.826789857476975],[-84.45556006532813,33.826700762596445],[-84.45562401495779,33.82662297592876],[-84.45576347920675,33.826577270294656],[-84.4558572089266,33.82656966607952],[-84.45590127277751,33.82650002625597],[-84.45590645467931,33.826400739637386],[-84.45592186783063,33.826333028891206],[-84.45594633512341,33.82626495337841],[-84.45597259824261,33.826174205447835],[-84.45601402984646,33.82607722853821],[-84.45604875790461,33.826013289107344],[-84.45608520916508,33.825946179052806],[-84.45616535244751,33.825859563076136],[-84.4561471374184,33.82575743618493],[-84.45617571924197,33.82568900743711],[-84.45622731370321,33.82560953182207],[-84.45629708060034,33.825540083955616],[-84.45635447602189,33.82548041096764],[-84.45642335281714,33.82539952056759],[-84.45638687120875,33.82532231204579],[-84.4564823843306,33.82524910234117],[-84.45671253860971,33.82507269221293],[-84.45682302025727,33.8249880087965],[-84.45690844737031,33.824925851385466],[-84.45697955962078,33.82487377732529],[-84.45706920655064,33.82480404328163],[-84.4572049003668,33.824763874669],[-84.45731846314611,33.82475227072048],[-84.45748422912423,33.82469792381852],[-84.45760821192238,33.82465583843613],[-84.45770486959259,33.824646437053886],[-84.457812960786,33.8246359212228],[-84.45799489105924,33.82461822422361],[-84.45811311842822,33.82458722049794],[-84.45821107512027,33.82458595838612],[-84.45832220983804,33.824586382661735],[-84.45842605722684,33.82462289430047],[-84.45853888165425,33.8246363683685],[-84.45862417763736,33.824649258323824],[-84.45873982657046,33.82466097002239],[-84.45883701846792,33.82467654199472],[-84.45894982900175,33.82468589340814],[-84.45907917480817,33.82471616149567],[-84.45919208484698,33.82475471125243],[-84.4592622074788,33.82479885974479],[-84.45937593262693,33.8248346609943],[-84.45943455757629,33.82488673687084],[-84.45952658946295,33.82494802932867],[-84.45959132240353,33.824991140918186],[-84.45969459237662,33.825052218111914],[-84.45976372019649,33.82509310202756],[-84.45981043031043,33.82516121921391],[-84.45984979948891,33.82522927719413],[-84.45992742782208,33.82530157658071],[-84.46001077968798,33.82538173544716],[-84.46008099388996,33.82543312614467],[-84.4601401320922,33.82548435291304],[-84.46021086091,33.825534226649296],[-84.4602881227038,33.82558034928453],[-84.46066942586822,33.825866285827814],[-84.46077140643055,33.825923824429225],[-84.46088351538809,33.82598707683541],[-84.46098185819785,33.82604256278462],[-84.46108351553258,33.82609991886302],[-84.4611773692298,33.82611206890568],[-84.46123873925629,33.82618749710756],[-84.46133015274391,33.82622803656938],[-84.46142810224966,33.82625059781835],[-84.46150142411102,33.826335704402595],[-84.46157342122186,33.82637632526504],[-84.46168240674339,33.82642282647854],[-84.4617794129927,33.82643079661953],[-84.46186926236659,33.826465277679134],[-84.46198437663193,33.82650383490943],[-84.46207038013065,33.82653831060498],[-84.4621693087175,33.82657964021163],[-84.46227307011007,33.82662044061126],[-84.4623481896736,33.82664997775717],[-84.46243398493964,33.82670233236464],[-84.4624867229441,33.82676600338267],[-84.46259034846526,33.826810217457094],[-84.46267352231374,33.826853246187106],[-84.46275576468467,33.82689869440021],[-84.46285529786661,33.82690585516351],[-84.46298387245292,33.82694106468821],[-84.46311166315057,33.82698858067618],[-84.46327313358579,33.82702288761741],[-84.46338858428,33.8270061314697],[-84.46352407255719,33.82698106072406],[-84.4635926251162,33.82704582204977],[-84.46371669490215,33.827140312916725],[-84.46379057887728,33.82715561702591],[-84.46389716713598,33.827213984953495],[-84.4640198250237,33.82726808533911],[-84.46410473921912,33.82730326371115],[-84.46420448800754,33.827342872067675],[-84.46428607733297,33.82736878404345],[-84.46437010659986,33.82738610012888],[-84.46450108334523,33.82741017419707],[-84.4645875632992,33.827421988705574],[-84.46466993908626,33.82743724832815],[-84.46479839238702,33.82745543684731],[-84.46489864484168,33.82747131850982],[-84.46505053469673,33.82751293425935],[-84.46541374411693,33.82756014850117],[-84.4655208192616,33.827576035669516],[-84.46567432605515,33.82759661772894],[-84.4658345867375,33.82760928392528],[-84.46595314525304,33.82761311946033],[-84.46607501582422,33.82762244144761],[-84.46621254683735,33.827637222588166],[-84.46629736402248,33.82764423057532],[-84.4664204867975,33.82764797793137],[-84.46651141641748,33.82764748908675],[-84.46661513419052,33.8276448321794],[-84.46683819295407,33.82763432719066],[-84.46692129877233,33.82762244500269],[-84.4670381484297,33.82760841941899],[-84.467152528379,33.82759439974249],[-84.46726032611366,33.82758142658139],[-84.46734837248145,33.82757021911438],[-84.46743057973134,33.82755999959922],[-84.4675321219294,33.82754943621871],[-84.46762739449647,33.82753816674206],[-84.46772069479897,33.82752148764556],[-84.46782461260152,33.82750290983935],[-84.46796039159801,33.82747863687623],[-84.46824864220142,33.827427104917625],[-84.46837748404776,33.82740407108722],[-84.46845795290692,33.827396362607615],[-84.4689008964461,33.827310496421084],[-84.46942205533817,33.827148005345485],[-84.4699172137814,33.82697237596675],[-84.47071917138895,33.82654545916369],[-84.47142986925329,33.82597630232519],[-84.47186759041782,33.825625751391854],[-84.4740842088263,33.82369752047214],[-84.47592794808213,33.822057454686856],[-84.47685289274358,33.82123694966505],[-84.47737271054201,33.82083478072317],[-84.4774956311522,33.820729685668944],[-84.47756947371279,33.82066544232884],[-84.47764498219175,33.82062216244786],[-84.47770181305098,33.820550305170386],[-84.4777800306299,33.82048225385167],[-84.47792709235405,33.82035430663796],[-84.47800991741181,33.82027059823695],[-84.4780866212912,33.82019307698168],[-84.47815776047153,33.82012117795138],[-84.4782189005767,33.82005938630966],[-84.47829684828451,33.81998060398826],[-84.47834640384838,33.81993051963215],[-84.47841601316134,33.81986016702841],[-84.47847890189502,33.81979660722278],[-84.47854956576948,33.81972518793797],[-84.47861010193327,33.81961502989294],[-84.47869311788602,33.819580101232],[-84.47876220482966,33.81950825031998],[-84.47882921665924,33.81942514580515],[-84.47890128359174,33.81932916561687],[-84.47897008638111,33.819242247048265],[-84.47901106275671,33.81918529469116],[-84.47907717659147,33.819091841451176],[-84.47917493266102,33.818976359306795],[-84.47922490798737,33.81891130445172],[-84.47925758467441,33.81884251643763],[-84.47929851285326,33.81877954744061],[-84.4793599631445,33.81870106863261],[-84.47942456831791,33.818584792128604],[-84.47949350408587,33.81847803497259],[-84.47954002629062,33.81841857532525],[-84.47958589786766,33.8183569677936],[-84.47964238251981,33.818271286491445],[-84.47968409573656,33.81819800958935],[-84.47973075142524,33.818125750705256],[-84.47977388110125,33.81806118545873],[-84.47983981705012,33.817958214504685],[-84.47995022485884,33.817893455804935],[-84.48002411135919,33.81782317616966],[-84.48010631686246,33.81773283362414],[-84.48018445534885,33.81765616937039],[-84.48055155390824,33.81729599848138],[-84.48063288302514,33.81721620343014],[-84.48068454390422,33.817162480943196],[-84.4807545850874,33.817075175008355],[-84.48085400058507,33.81699614703256],[-84.480920000836,33.816948551550894],[-84.48100868918634,33.81689130021997],[-84.48111374174395,33.81680721207127],[-84.48119879229469,33.816743350012565],[-84.48127629536924,33.816691028345105],[-84.48133827176795,33.81663941796694],[-84.4814575712818,33.8165525530812],[-84.48154964809042,33.816486619804785],[-84.48162523369555,33.8164479518891],[-84.48168883037161,33.81640144410419],[-84.48176728995776,33.81632704204563],[-84.4818688449218,33.8162530975588],[-84.48194219299933,33.816199691494695],[-84.48200510810437,33.81615388045517],[-84.48204452655926,33.81608720773385],[-84.4821519955913,33.81604692787639],[-84.48222179136702,33.81599610762828],[-84.48228881940858,33.81594730238289],[-84.48236261405266,33.815893570333444],[-84.48243149277411,33.815843416824634],[-84.48251777987069,33.815780589380005],[-84.48259401112426,33.8157250819275],[-84.48265912003662,33.81567767353317],[-84.48276052048493,33.81560383960717],[-84.48283716296329,33.815548033407616],[-84.48292145398706,33.81549890675957],[-84.48302574815085,33.81543336842931],[-84.48311838703896,33.81536290899068],[-84.48320967433261,33.815310600328246],[-84.48327529864169,33.81524962776423],[-84.4833491678119,33.81519241278403],[-84.48341310574143,33.81514550650715],[-84.48349339244834,33.81508660691911],[-84.48357370267395,33.81503294306172],[-84.4836528770746,33.8149800385498],[-84.48373357072416,33.81492992968449],[-84.48383995446765,33.814864877589606],[-84.48390302749443,33.81482961169601],[-84.4840178590519,33.81476540510036],[-84.48412049805236,33.81470258945747],[-84.48442075470771,33.814496077486226],[-84.484493862887,33.81445603828403],[-84.48456329470147,33.81441705442027],[-84.48467488148307,33.81435841330549],[-84.48562016314519,33.813869479028405],[-84.4867912126534,33.81358887609922],[-84.48771116327711,33.81343480516295],[-84.48788702566448,33.813405351342766],[-84.48812050400704,33.813366248315084],[-84.48855316382259,33.81327170159572],[-84.48915851942213,33.8131394144898],[-84.4896765213157,33.81302621378404],[-84.4900183558603,33.812878808268565],[-84.49039227099567,33.812717568450616],[-84.49132606144968,33.812181884840584],[-84.49151010833494,33.8120863183495],[-84.49241313097431,33.811349453442126],[-84.49346530923984,33.81041727937254],[-84.49360298976391,33.81029822754926],[-84.49437594064503,33.80954670212816],[-84.49449189642539,33.809433959018],[-84.49474709668688,33.80920111983561],[-84.49525696886991,33.80873591644795],[-84.49533181901998,33.808667623080346],[-84.49514622628182,33.80853427650286],[-84.49533422591368,33.808407276878675],[-84.49743522624732,33.8062082755364],[-84.49758490995916,33.80607702295911],[-84.49789916125866,33.80575358293911],[-84.49829641502544,33.8053822707004],[-84.49836094821687,33.80530889178847],[-84.49841736205849,33.805248579668934],[-84.4984971116609,33.8051711510513],[-84.49855920903724,33.80511010045877],[-84.49861658992198,33.80505051597726],[-84.49867396915398,33.80499024442013],[-84.49874836287651,33.80490012137493],[-84.4988041923907,33.80482568819268],[-84.49885411147378,33.80475203819996],[-84.49890058874799,33.80469527173177],[-84.4989855022393,33.80462621688537],[-84.49905780878831,33.80457105061873],[-84.49911152706827,33.80449095073839],[-84.49918977820397,33.804436932396555],[-84.49926996030572,33.804385404550615],[-84.499358313521,33.804361649610264],[-84.4994881648663,33.80430109023128],[-84.49960768438292,33.80424811348006],[-84.49970984746665,33.80414892279852],[-84.49979230226809,33.80405970334329],[-84.4998343961938,33.803922524371096],[-84.4999355487042,33.803894918689615],[-84.50002118751938,33.80379802649892],[-84.50010266776282,33.80370331664831],[-84.50020019461323,33.80359758944288],[-84.50025072870854,33.80353234324622],[-84.50037352540777,33.803391079574254],[-84.50043549402592,33.803293640705974],[-84.50051657327711,33.8032143921623],[-84.50056955127518,33.803129736728344],[-84.50061285985863,33.803038492079956],[-84.50065599353407,33.802905860596674],[-84.50070625871479,33.80281746070204],[-84.50074729098495,33.80269916020359],[-84.50076245788301,33.802627703461056],[-84.50079618345826,33.80246880904743],[-84.50080952283726,33.80240596254368],[-84.50091254880603,33.80227544537364],[-84.50095681505788,33.802177931568934],[-84.50105769107296,33.80199654569669],[-84.50107826537462,33.80188650910089],[-84.5011774885445,33.801807883553174],[-84.50124221094806,33.80172560516488],[-84.50131364599268,33.801677004802485],[-84.50135256556142,33.80156567051448],[-84.50141982159198,33.80146819604858],[-84.50148788257107,33.80134255648376],[-84.50154097118637,33.801266043068495],[-84.50161256124068,33.801170043541966],[-84.50164569401339,33.80108019844009],[-84.50171739880396,33.80095828075693],[-84.5017961924812,33.80083771247033],[-84.50184830295149,33.800760052880044],[-84.50191396876585,33.80066664887517],[-84.5019694357157,33.800588990930805],[-84.5020406582009,33.8004926098504],[-84.5021135291233,33.800396910397474],[-84.50218804982669,33.80030223789554],[-84.50226504192177,33.80020824567824],[-84.5023354501964,33.80011427222763],[-84.50237982621353,33.80005137444518],[-84.50242384235355,33.79998898615357],[-84.50246968639301,33.799927026561654],[-84.50252863994588,33.79985026051445],[-84.5026007056204,33.79975937233432],[-84.5026796085614,33.79967288715642],[-84.5027651984478,33.79959075578685],[-84.50285330807739,33.79950620649206],[-84.50291039344067,33.79942965453191],[-84.50298085210724,33.799362160982604],[-84.503064868896,33.79928167919368],[-84.50313915709427,33.79918799314066],[-84.50322875701931,33.79910665297344],[-84.50328759293933,33.79905532950022],[-84.50334911219113,33.799003632607956],[-84.50342621890633,33.79893952617258],[-84.50350497920498,33.798877132807895],[-84.50358758316433,33.79881393454642],[-84.50365021102972,33.79876715114651],[-84.50371668367639,33.79871956286132],[-84.50382416049787,33.79864450476995],[-84.50391858751249,33.798581255941485],[-84.50398501382791,33.79853844996388],[-84.50409262367556,33.798471538539985],[-84.50418129367316,33.79841839286181],[-84.50427408546481,33.79839732899878],[-84.50433861111694,33.79833318068058],[-84.50442800460604,33.798284759268675],[-84.50449538563346,33.79823548019622],[-84.50457496702346,33.79817902213298],[-84.50467797742574,33.79811266738899],[-84.50476334548661,33.79805712565068],[-84.50484871073499,33.798000896807196],[-84.50493325158773,33.79794432753971],[-84.50501696803481,33.797887415145006],[-84.50510068275047,33.79782981654608],[-84.50518357198715,33.797771876628374],[-84.50526645840314,33.79771324870725],[-84.50534852042333,33.797654280368214],[-84.5054297580449,33.79759497071124],[-84.50551099284709,33.79753497395464],[-84.50559140325038,33.79747463588229],[-84.50569128754584,33.79739893791504],[-84.5057513964496,33.797352587747014],[-84.50583015523803,33.797290880852074],[-84.5059089111959,33.79722848505736],[-84.50598684411096,33.79716609147582],[-84.50606477420483,33.797103011700514],[-84.50614187854485,33.797039247094155],[-84.50621816092382,33.79697548470159],[-84.50629443939629,33.79691103521857],[-84.50636989346846,33.79684624352957],[-84.50649366107199,33.79672085889836],[-84.50660435944415,33.79661044049796],[-84.50674801054038,33.79647465714613],[-84.50687708439537,33.796352652194464],[-84.50699044134437,33.796249501489775],[-84.50706482338165,33.796167345737814],[-84.50712074298104,33.79609871958625],[-84.5072469839702,33.7959750450007],[-84.50737404858884,33.79585136710865],[-84.50750111312753,33.79572803351325],[-84.50763909836435,33.795632361841704],[-84.50777948402073,33.79549966091418],[-84.50784203985083,33.795440529344944],[-84.50790629338375,33.795379792627365],[-84.5079863395167,33.79523785327272],[-84.50807226349721,33.795203090626835],[-84.50812885361788,33.79512282461849],[-84.50820639654404,33.79507216021154],[-84.50829118640884,33.79500724051002],[-84.5084639689047,33.79490811743352],[-84.50850404697589,33.7948199030048],[-84.50856043911737,33.7947614454452],[-84.50863075107586,33.79469497963375],[-84.50874334349642,33.794596451259785],[-84.5088154583497,33.79452067445954],[-84.50888269279027,33.794458996661],[-84.50896769694924,33.79437683733553],[-84.5091214631956,33.794231114047484],[-84.50924872391411,33.794110813031345],[-84.50931646564332,33.794070636932375],[-84.50938854538681,33.79400254642047],[-84.50949441813997,33.79391521191958],[-84.50956834076935,33.793830799099844],[-84.50967619755428,33.79375931977647],[-84.5098053860685,33.79368624643222],[-84.5098943483082,33.79363728036049],[-84.51005040535732,33.79354428408506],[-84.51013286339277,33.793470285521394],[-84.51037748802344,33.7932939014947],[-84.51043971205723,33.79324716895489],[-84.51051626680149,33.793246955626614],[-84.51063198937786,33.79317036916448],[-84.51072477602854,33.793103401294545],[-84.51080335481971,33.79301530414631],[-84.5109076870239,33.79297138516329],[-84.51106378377158,33.792864066654055],[-84.51113746658534,33.792813409370915],[-84.51121955429663,33.792763023410565],[-84.51131478381176,33.792707892292185],[-84.51140097285204,33.79265293152522],[-84.51151125555695,33.79257907699606],[-84.51164307736549,33.79249079712576],[-84.51171862276077,33.79245073673958],[-84.51181967321929,33.79238802414378],[-84.51195101041674,33.792328477144004],[-84.51202490010684,33.792286016514446],[-84.51216363832185,33.79220352512938],[-84.51225887713112,33.79214966818268],[-84.51239772624345,33.79207015976944],[-84.51249208884518,33.792028093215094],[-84.51261766335985,33.79196335194823],[-84.51269979039014,33.79190624582709],[-84.51283374388697,33.79183380963792],[-84.51297123325647,33.79176176551299],[-84.51305601877405,33.7917095350064],[-84.51314535470415,33.79165162842571],[-84.51326849389339,33.79158657234902],[-84.51339522834245,33.79151814831695],[-84.51348511435808,33.791466343184865],[-84.51365936079813,33.791365282790494],[-84.51375559595056,33.791304830854344],[-84.51384489311582,33.79125305867404],[-84.51391183581607,33.79121426271674],[-84.51402867085663,33.79116962877069],[-84.51408330050835,33.7911271030132],[-84.51415732273576,33.791084552371025],[-84.51427461295577,33.79102569885634],[-84.51438082678929,33.79096583324128],[-84.51451687197068,33.790910649536386],[-84.51460773088702,33.79085487720776],[-84.51470662799953,33.790800610428114],[-84.51480923911198,33.790744304386486],[-84.51489158349163,33.79069912045814],[-84.51501749839396,33.790630027149035],[-84.51509235075015,33.790588954104514],[-84.51516761731575,33.79017916706191],[-84.51519951064243,33.7858468090105],[-84.51544042154876,33.78589667551266],[-84.51545391766808,33.78323988282228],[-84.51522201032331,33.78319036865739],[-84.51513884691073,33.78317548832714],[-84.5150556723985,33.78315785975197],[-84.51497413238168,33.7831374782869],[-84.51487039600626,33.78310691849668],[-84.51479288985634,33.78308165122469],[-84.51469482494902,33.78304448334435],[-84.51449375385104,33.782968443638985],[-84.51435458124013,33.78293894895758],[-84.51424432854306,33.782939603085616],[-84.51413325335925,33.782940602958675],[-84.51402555640786,33.78296289283104],[-84.5139473382797,33.78299388169269],[-84.51341601002358,33.783204388486574],[-84.51323360600587,33.78324816193677],[-84.51302515347838,33.783293443656966],[-84.5129396477664,33.7833098312268],[-84.51283149829072,33.78332907105621],[-84.51270000064419,33.783349195863806],[-84.51261274938786,33.78335848312342],[-84.51251730116395,33.78336583762316],[-84.5119935575742,33.78336556605522],[-84.51177844873841,33.783364941609605],[-84.5112687352932,33.78335316508564],[-84.51099588754062,33.78334686053688],[-84.5108818079003,33.7833454602741],[-84.5095583735343,33.78332922118478],[-84.50940532529602,33.7833275843075],[-84.50932881943454,33.78332728284163],[-84.50925228008911,33.78332697871638],[-84.50909923733329,33.783326717357845],[-84.50886885585847,33.78332769908694],[-84.50872472595725,33.783329393465586],[-84.50861626190503,33.78332977342597],[-84.50846569435028,33.783331222060525],[-84.5083661401346,33.78333252835915],[-84.5082657633997,33.78333417948037],[-84.50819107764306,33.783335674663334],[-84.50806583760512,33.78333816804647],[-84.5079662888232,33.78334084811786],[-84.5078157334899,33.78334538767398],[-84.50771618497197,33.783348411070556],[-84.50761581744894,33.78335212280331],[-84.5075162740772,33.78335617660724],[-84.50736654964301,33.78336277358428],[-84.50721254939982,33.78332850239482],[-84.50806503188697,33.782513015133006],[-84.50870238790881,33.78185546759566],[-84.50875419264759,33.78180202130314],[-84.50904261785583,33.78150445496199],[-84.50913034751575,33.78142691779484],[-84.50920954461833,33.78135479429898],[-84.50933611364222,33.78123774987579],[-84.50943693571926,33.78114196916448],[-84.50954187323612,33.781039310889405],[-84.50961805973914,33.78096351767403],[-84.50968362140347,33.780898065186435],[-84.50977376202283,33.78080643622046],[-84.50985652628553,33.780722041784415],[-84.5099106055097,33.780665552828566],[-84.50996468083859,33.780608375902524],[-84.51003186283342,33.78053673522126],[-84.51009821920606,33.780464409745285],[-84.51015176314931,33.780404284024215],[-84.51022763506316,33.78031839375275],[-84.51029151731748,33.78024470094857],[-84.51035457532865,33.78017066778029],[-84.51041680879106,33.78009594711573],[-84.5104782169365,33.78002088699419],[-84.51052651841606,33.77996029152912],[-84.510586278098,33.77988454889072],[-84.51064521216664,33.77980812146863],[-84.51070332062274,33.77973100926405],[-84.51076060621088,33.779653898424314],[-84.51081706619277,33.77957610370591],[-84.51087270193979,33.77949796773232],[-84.51093896472645,33.77940262569753],[-84.51099490512316,33.779320537797226],[-84.51105756182228,33.77922640765515],[-84.5111148966955,33.77913803402751],[-84.51116140415708,33.779064316226545],[-84.51120145919906,33.77899927765049],[-84.51145813583486,33.77858220416981],[-84.5115158581077,33.77848482180555],[-84.51158315715263,33.77836714991512],[-84.51161828745892,33.778305215811834],[-84.51179389141288,33.77798386983337],[-84.511978471518,33.77805446374869],[-84.51250000037899,33.77721101475676],[-84.51255558169478,33.77711982409835],[-84.51260951496221,33.777028294505946],[-84.51265867593388,33.77694486244485],[-84.51271737976991,33.776844890822936],[-84.51276966447018,33.77675267962628],[-84.51286082114791,33.77659182419775],[-84.51290037433533,33.77652180395341],[-84.51295101041848,33.77642890934431],[-84.51299730347277,33.776343981240856],[-84.51305228226255,33.776243120963294],[-84.51334380107816,33.77569712175501],[-84.51338964029651,33.77561283223721],[-84.5134213908603,33.77555571288157],[-84.51346142181524,33.77548552069503],[-84.51351699300866,33.77539261197421],[-84.51357338818615,33.77530004443922],[-84.51363959936977,33.77520254341211],[-84.51369112525262,33.77511729917348],[-84.51373692449711,33.7750494953698],[-84.51381488400654,33.77493821918485],[-84.5138637262904,33.77487084767894],[-84.51391200034062,33.77480475448603],[-84.51397910938927,33.7747169660055],[-84.51404704516968,33.774630204842936],[-84.5141166290136,33.774544126960045],[-84.51421252302087,33.7744271665264],[-84.51438679667775,33.774214609746686],[-84.51444820135315,33.77414057729712],[-84.51450470578197,33.77407549125799],[-84.5145628583152,33.7740110876028],[-84.51462101353917,33.77394737096823],[-84.51467344446611,33.773892258648374],[-84.51519121302756,33.7741645893672],[-84.51518184971954,33.77341232369242],[-84.5151721952178,33.77263661498366],[-84.51570186904657,33.77223543627579],[-84.51561711003725,33.77214528929],[-84.51517702395093,33.77217115953786],[-84.51522330311091,33.76934748856059],[-84.51526324522239,33.76574449345889],[-84.51527217144238,33.765101456849294],[-84.51530846203002,33.76248701979932],[-84.51737743130474,33.76251482442109],[-84.51752797728449,33.762516801285955],[-84.52478533274541,33.76259249129947],[-84.52489670805879,33.75772676289047],[-84.52563701624771,33.75773508315971],[-84.53380958508632,33.757826650043924],[-84.53502867959838,33.75784019461105],[-84.53501127473159,33.757211626097266],[-84.53494833273778,33.754537626620134],[-84.53493095813072,33.75306899072588],[-84.53492615807858,33.75194622178349],[-84.53496798312727,33.75126492053468],[-84.53508936627634,33.75125936394009],[-84.53521028324208,33.75126140682991],[-84.53553194335787,33.75127624849951],[-84.53565038004487,33.75127555103868],[-84.53576302213263,33.751265939937014],[-84.53587398721415,33.75124911783611],[-84.53595365591471,33.751235218636765],[-84.53603877339518,33.751200936593804],[-84.53614518020551,33.75114388179964],[-84.53727512546817,33.75000889954548],[-84.53735621050845,33.74992964442918],[-84.53744228388905,33.74984553511688],[-84.53751838161693,33.749771476659774],[-84.53759946768963,33.749692564908294],[-84.53768137608901,33.74961365153349],[-84.53776246334012,33.74953508229791],[-84.5378443743971,33.74945685496253],[-84.53792075000096,33.74938431921018],[-84.538009018132,33.74930005412704],[-84.53809175268667,33.74922216677669],[-84.53957973900971,33.749249972886965],[-84.53959881065057,33.7489056982743],[-84.54035013559115,33.74824041535571],[-84.5398882752033,33.7476344620047],[-84.53982456106348,33.747572601155326],[-84.53973819940698,33.7475113100284],[-84.53959647253747,33.74742924794505],[-84.5394819569971,33.74737081695842],[-84.5394094332204,33.74733702655287],[-84.53933691355535,33.747303924051856],[-84.53917033859908,33.74722930747551],[-84.53908309440429,33.74718788913864],[-84.53900964564174,33.7471300533434],[-84.53893542128742,33.74706355677595],[-84.53885955725167,33.74699499671754],[-84.53880050975164,33.746940254224405],[-84.53874511925234,33.74688679094423],[-84.5386619807316,33.74680371806378],[-84.538580976371,33.74671017863861],[-84.53851150862572,33.74663851454243],[-84.53838584609771,33.74654022974192],[-84.5382976920413,33.74648605431094],[-84.53821797284442,33.74644984498578],[-84.53810576208961,33.7464280443768],[-84.53801358986304,33.74640364434517],[-84.53791173914856,33.746384465056884],[-84.53780574027324,33.74637548140614],[-84.53767068465878,33.746366982611434],[-84.537533317929,33.74636292944162],[-84.53745025295397,33.746363522460406],[-84.53751537415998,33.744486966347644],[-84.5360360899186,33.744467198609755],[-84.5353316856261,33.744457778133004],[-84.53556537166537,33.73852912292157],[-84.53372717683862,33.738560107899175],[-84.52699720744393,33.7383370254772],[-84.52541139860482,33.73769898789294],[-84.52580311521933,33.733383685862385],[-84.52459119367647,33.73255070413397],[-84.52422220559087,33.73228980020587],[-84.52448273346931,33.73067890309564],[-84.52408796445275,33.7303437653144],[-84.52385675091145,33.73148850556048],[-84.52355199193387,33.731311108014836],[-84.52356405747275,33.731224477368954],[-84.52372668798179,33.73005678865669],[-84.52195836723469,33.73006469662567],[-84.52140449092495,33.73006032086508],[-84.5214947012532,33.729080626791585],[-84.5213346035825,33.729028421041576],[-84.52111449971892,33.73146001536964],[-84.51847366637232,33.7314022710515],[-84.51758851684664,33.73138290371519],[-84.51761075964062,33.73109090642522],[-84.5176536897493,33.73052731614948],[-84.51748646354685,33.730061565561776],[-84.5174133509203,33.72994524158939],[-84.51696644098257,33.72923419565553],[-84.51628173257784,33.72856269899516],[-84.51534234690448,33.72744943321746],[-84.51526421937733,33.72735684190577],[-84.51451719483109,33.726599172141526],[-84.51446822510889,33.72695075003059],[-84.51439669054372,33.72746432507956],[-84.51428687786098,33.72778374440807],[-84.51406017728048,33.72842785747972],[-84.51340663623769,33.729280934024686],[-84.51247809069243,33.72991495128077],[-84.51241364868967,33.7299529462227],[-84.51169930556767,33.73026743337447],[-84.51123409909142,33.73047223667758],[-84.51106167184398,33.73054814650448],[-84.51098573108975,33.73058195212258],[-84.51020559443704,33.73093033054771],[-84.51006734766787,33.730997702602686],[-84.50995951604128,33.731058781159895],[-84.50973433067398,33.73124321378914],[-84.50947825613558,33.731451574215754],[-84.50925894288744,33.73162931021387],[-84.50900026640991,33.73200208818643],[-84.50876245382848,33.73250364523492],[-84.5086473428438,33.73297554114356],[-84.50866635668905,33.733790211764564],[-84.50902702401113,33.73613760780862],[-84.50915058263269,33.73690906658392],[-84.50912097701291,33.73773843675714],[-84.5089431735021,33.73844306546356],[-84.50863657656816,33.739307295265746],[-84.50846908350789,33.73958003948934],[-84.50831419545892,33.73951802773911],[-84.5082019723144,33.73947369462733],[-84.5081122426772,33.739440465292134],[-84.50800520201008,33.73940778236218],[-84.50787773066986,33.7393722128013],[-84.50779609404383,33.73935167779368],[-84.50770061280127,33.73933029915371],[-84.50760439462096,33.739311411038614],[-84.5074965144681,33.739293417922134],[-84.50738790116445,33.7392786023585],[-84.50728999506615,33.739267879523005],[-84.5072019710656,33.73926056465664],[-84.50711995290021,33.73925593812907],[-84.50696108216408,33.739255782786536],[-84.50687314789852,33.73925615313446],[-84.5056658751146,33.7392912442545],[-84.50566439932386,33.73828882566191],[-84.50579324452343,33.73158271682177],[-84.50287674268425,33.73155769023828],[-84.50275917880113,33.73155702475194],[-84.50226424478494,33.7315542231795],[-84.50213814532734,33.73155257134625],[-84.5022295581092,33.73074227788486],[-84.50230023553333,33.72988669186336],[-84.50239666266243,33.7282515825363],[-84.50244275249821,33.72747603888997],[-84.50247711188265,33.7268625788998],[-84.5025138990002,33.7262037481343],[-84.5023572609751,33.725179929935216],[-84.5023209603979,33.7249069675091],[-84.50224770628711,33.724418500588065],[-84.50217240951847,33.72387489745028],[-84.50170029311761,33.72390378870611],[-84.50158115889009,33.72399175821717],[-84.50121246024139,33.7242640045168],[-84.5010847720026,33.72413233706302],[-84.50099531030195,33.724040088290714],[-84.50120427158261,33.72389943663724],[-84.50092243193335,33.72389696280326],[-84.50093612985508,33.72398785328434],[-84.50094293623836,33.72407951781269],[-84.50094281233935,33.724171434608],[-84.50093575886329,33.72426308045399],[-84.5009218159606,33.724353933676696],[-84.50090106299817,33.72444347711398],[-84.50087361810772,33.7245312010594],[-84.5008396375133,33.72461660616354],[-84.50079931464201,33.724699206276505],[-84.500752879023,33.72477853121519],[-84.50070059498087,33.72485412943971],[-84.50064276013113,33.72492557062368],[-84.50057970368603,33.72499244810376],[-84.49958303150294,33.72499424708217],[-84.49931750653154,33.724994724525956],[-84.49860692282752,33.7249960016838],[-84.49840775136167,33.724996376353786],[-84.49825727627693,33.72504004191954],[-84.49818378417775,33.72506583272685],[-84.4980158449792,33.72498615594626],[-84.49793206249518,33.724929267101444],[-84.49785304969295,33.724909210683975],[-84.49768293284612,33.72493251202239],[-84.49759029317048,33.72489686175075],[-84.49751219233778,33.724900161876434],[-84.49742129911682,33.72488178253046],[-84.49729892797458,33.72494880570315],[-84.49721183807824,33.724946655749584],[-84.49714334714317,33.72492062249024],[-84.49704622227182,33.72490784800803],[-84.49695979587815,33.724929317689295],[-84.49689870128873,33.72489182249618],[-84.49682006262906,33.72492234822819],[-84.49674265693032,33.72487836045534],[-84.49663787001607,33.72490513924373],[-84.4964606244017,33.72486407789247],[-84.4963606219928,33.724963389121086],[-84.496378042736,33.723370935581244],[-84.49642919811264,33.72160869888401],[-84.49653224022836,33.72164641592301],[-84.4966286727866,33.72168171425766],[-84.4970552904359,33.72184097666873],[-84.49743339957428,33.721981338057404],[-84.49752286884164,33.7220149538137],[-84.49761109333994,33.722048101273856],[-84.49773334405992,33.72209418820562],[-84.49843629565197,33.72235403563653],[-84.49852020136817,33.72238070572458],[-84.4986117556104,33.72241585962231],[-84.4987176839015,33.72245609982226],[-84.49882556612165,33.72249738240058],[-84.49893917300786,33.72254097846131],[-84.49902486598464,33.72257381884097],[-84.49913960155932,33.72261764701109],[-84.49924899625431,33.722657059618456],[-84.49932044491518,33.72268202070416],[-84.49939851424539,33.722708850176986],[-84.49951357424972,33.72274857548856],[-84.49967949215335,33.72280577111698],[-84.49977089525633,33.722837315227025],[-84.49988992562128,33.7228782178605],[-84.50002364143509,33.722922646792014],[-84.50013606737578,33.72295298337124],[-84.50024211559108,33.72297003493801],[-84.50048306268236,33.72299945596437],[-84.50058419440637,33.72301163985989],[-84.50107963087564,33.72301029935719],[-84.5013135849965,33.72300966565654],[-84.5020053853652,33.72300778921629],[-84.50298207096037,33.72300014188682],[-84.50343787924056,33.722935458397664],[-84.50414928164001,33.72294263314354],[-84.50462771026665,33.72291829387913],[-84.50533615793402,33.72289573235257],[-84.5054074736801,33.72292372073986],[-84.50573614774986,33.722926653576586],[-84.50574707101376,33.72254194461355],[-84.50604539359041,33.72205489538493],[-84.50605370999143,33.721569396449276],[-84.50596471077469,33.721547368266094],[-84.50587977512491,33.72154726705791],[-84.50593888512537,33.71770196218596],[-84.50595980385357,33.71700789217344],[-84.50539921324386,33.717082355950645],[-84.50511634530679,33.71757687241792],[-84.50422110140012,33.71717360280472],[-84.50363232835859,33.716901901081634],[-84.503989478619,33.71630653040232],[-84.5049408959464,33.7164324289779],[-84.50544227350554,33.716749071079086],[-84.50594031635904,33.71630749344018],[-84.50587758103852,33.71538494498263],[-84.50597513287619,33.71538276913528],[-84.50597891718914,33.715140957713075],[-84.50600889351303,33.71322570367633],[-84.50604759008165,33.71301071072986],[-84.5100438825457,33.713114801462424],[-84.51023673074411,33.71314227790599],[-84.51047522052967,33.7131762569047],[-84.51096910140016,33.71317488125474],[-84.51107442307395,33.71317458763753],[-84.51186553615834,33.713162207694644],[-84.51237955248772,33.713175578951834],[-84.51236928424943,33.713249304649445],[-84.51229564200354,33.71377802614943],[-84.51530198716753,33.7138385469101],[-84.51627906197889,33.713858200453146],[-84.51612985094631,33.7140324053658],[-84.51584211622533,33.71441310793229],[-84.5156391260618,33.71482149292985],[-84.51530921951108,33.715485208209046],[-84.51506479469374,33.71619035965039],[-84.51485986748494,33.71678155062082],[-84.51482553086889,33.716902445963925],[-84.51469873477497,33.71734887538863],[-84.51421771849651,33.71732509615787],[-84.50830058525929,33.717032426244145],[-84.50816557516741,33.71799165392683],[-84.50808922883766,33.71853407625924],[-84.50795945321538,33.719340460047555],[-84.51015422386106,33.71954188122719],[-84.5106663414119,33.71958885325422],[-84.5126551857859,33.71976750451286],[-84.51373474414679,33.719864463896045],[-84.51407509118415,33.7199217621448],[-84.51390413809837,33.72061765966516],[-84.5140740762647,33.72063546105069],[-84.51402555031274,33.72093721413603],[-84.51400691643954,33.721082865968626],[-84.5139915523381,33.72120932857211],[-84.51398821188832,33.72127501729899],[-84.5139817187086,33.72142005521328],[-84.51397780293733,33.721526958449346],[-84.51397731604531,33.721603523939606],[-84.51397606104345,33.721800964886754],[-84.513986290055,33.722068314083714],[-84.51495774395819,33.722081976781354],[-84.51582482309391,33.722094165118875],[-84.51597708596626,33.722096304287675],[-84.51619543665606,33.72209937250366],[-84.51724826609585,33.722110899691174],[-84.5174238567461,33.72211282118098],[-84.51755162921849,33.7221134329297],[-84.51762056836422,33.722043695043475],[-84.51769257361701,33.72197704559177],[-84.5177723544373,33.72190514799619],[-84.5178303912694,33.721862827879],[-84.51790984070196,33.72180525934929],[-84.51799178873354,33.72174655388608],[-84.51807154124873,33.72169589287706],[-84.51816271477155,33.72163931961523],[-84.51824253679641,33.72159331805528],[-84.51832441927881,33.721550661130166],[-84.51842402471098,33.72150908795866],[-84.51807676288722,33.720917153879505],[-84.51867624456617,33.72062526050059],[-84.51916741629893,33.72109616054207],[-84.5192376956358,33.7211565467063],[-84.51899022127658,33.721278126196],[-84.51879747103345,33.72134319117773],[-84.51911646202089,33.722107662642124],[-84.52287216860856,33.72212598244458],[-84.52283126429602,33.72441893355896],[-84.52282979135248,33.724500698103235],[-84.52281631515724,33.72573596217623],[-84.52297218826712,33.7257369525105],[-84.52299412579067,33.724508861028646],[-84.52299883005949,33.724246584789334],[-84.52362821872117,33.724234699365915],[-84.52375385837826,33.72423544609892],[-84.52419719883906,33.72427391742946],[-84.52419306975303,33.7245053960013],[-84.5241914669466,33.72459534705947],[-84.52418630785864,33.724884989867014],[-84.52418453620561,33.72498444936191],[-84.52418247132496,33.72510037302499],[-84.52417273185618,33.72564723158499],[-84.52417214027703,33.72577704276965],[-84.5244227720196,33.72580160840883],[-84.52477604353324,33.72580464739197],[-84.52522423613716,33.725808524259826],[-84.5253149047987,33.725811231939176],[-84.52540181673923,33.72581279003442],[-84.52547885602156,33.72582000398143],[-84.52557502735353,33.7258396700386],[-84.52586608330499,33.7259151002406],[-84.52620562805058,33.72599569573983],[-84.52629226937849,33.72601459732769],[-84.52637086838452,33.7260285857184],[-84.52644960239141,33.72604207865715],[-84.52654612436872,33.726057224741446],[-84.5266254735271,33.72606788007062],[-84.52670008165444,33.72607734365766],[-84.52677562272429,33.726086434800706],[-84.52685288298098,33.72609531530611],[-84.52694300459099,33.72610853848332],[-84.52704210212019,33.72611094529889],[-84.52712835200684,33.726115126122025],[-84.52721410528054,33.72612105484016],[-84.52724685960933,33.72624851992939],[-84.52725216033024,33.72668182532711],[-84.52725297675345,33.727174556521256],[-84.52725371553252,33.72762007275779],[-84.52725427063444,33.727954835659425],[-84.52725450329073,33.72809458062033],[-84.52725476144309,33.728250741928015],[-84.52725569887893,33.72881624247121],[-84.52725595568717,33.72897182039417],[-84.52725607204054,33.72904169647006],[-84.52725634602878,33.7292057670201],[-84.52725723152135,33.729738188635245],[-84.52725756170622,33.72993633161718],[-84.52725785185068,33.73011070980802],[-84.52714597191377,33.730118922311945],[-84.52685686366044,33.732141827204444],[-84.52702276958455,33.73221798647061],[-84.52712023381157,33.73226194257008],[-84.52720449618963,33.73229826496364],[-84.52727563771475,33.73232852502489],[-84.52767897596867,33.73249970309196],[-84.52767707055536,33.73258895436606],[-84.52744997043054,33.73433388535158],[-84.52774214176213,33.734465582566514],[-84.52797171819292,33.73262585929539],[-84.52805349218185,33.73266307831789],[-84.52815291566614,33.73270872928233],[-84.52829805042207,33.73277496811748],[-84.5284055873807,33.73282217932185],[-84.52855184245932,33.73288502074925],[-84.52869355975014,33.73294629290314],[-84.52880233726763,33.732993801274496],[-84.52891041048716,33.733041375632666],[-84.52913405729113,33.733138786837934],[-84.52930725222903,33.73321485849671],[-84.5294005640443,33.73325576025408],[-84.52947296294506,33.73328696659017],[-84.52964846520851,33.73336137374773],[-84.52980000570197,33.73342421077128],[-84.52990116865058,33.733456847944495],[-84.52998566198603,33.733477769303654],[-84.53009823883626,33.7335000199446],[-84.53031720101264,33.733542870190284],[-84.53042103505732,33.73356216451374],[-84.53049958432545,33.73357664268118],[-84.53064705786349,33.733603568761175],[-84.53078777700115,33.73362897365549],[-84.53089265671491,33.73364769645616],[-84.53118781456018,33.73370404265329],[-84.53126836630176,33.73371885885083],[-84.5313463988401,33.73373280602826],[-84.53157428653257,33.733775548333696],[-84.5316602812542,33.73379177370463],[-84.53177637235218,33.73381367971382],[-84.53191450248686,33.73383865728034],[-84.53239707359778,33.73393089724621],[-84.53269546474446,33.73398833297567],[-84.53284362873462,33.73401767712165],[-84.53292480757895,33.73403492213562],[-84.53303398370804,33.73405854888909],[-84.53313900746296,33.734081725320856],[-84.53329835466857,33.73411675942607],[-84.53341509294019,33.734144729194824],[-84.53370278582342,33.73421214219857],[-84.53381232660828,33.73423741540012],[-84.53402972210925,33.73428757250421],[-84.53443119143448,33.734380173781446],[-84.53542063895526,33.73460765222924],[-84.535514024502,33.73462718083947],[-84.53559825773692,33.73463995178259],[-84.53568572901624,33.73464930203717],[-84.53577363873623,33.734654683644685],[-84.53592372081651,33.73465262188126],[-84.5360248628063,33.734644740093145],[-84.53602488995581,33.73456166889166],[-84.53611471321905,33.734524045589275],[-84.53622280926096,33.734490228416384],[-84.53630983737983,33.734455648302394],[-84.53638069823033,33.734424849378186],[-84.53656758992541,33.73434361875647],[-84.5367759568385,33.734261356013874],[-84.5368757320884,33.734222828627665],[-84.53696070761036,33.734189629230464],[-84.53704585699192,33.73415672229072],[-84.5371479149271,33.73411780102885],[-84.5372509294514,33.73407900304339],[-84.53732042557337,33.73405548221502],[-84.53741442017828,33.73402395955848],[-84.53748847994234,33.7339986576932],[-84.53756433815848,33.733974244821866],[-84.53763326771447,33.7339492594311],[-84.53775314786455,33.73391012002672],[-84.53786066803383,33.73387547363146],[-84.53794947846858,33.733850099197504],[-84.53803763410633,33.73382329484357],[-84.53813275621063,33.73379709611957],[-84.5382331144962,33.733767913324016],[-84.53830391302236,33.7337472300352],[-84.53839213016698,33.733722476504724],[-84.53847493837033,33.73370195893508],[-84.53855475727272,33.733682452951115],[-84.5386268768051,33.73366507817332],[-84.53876079834731,33.73363320159274],[-84.53915911476595,33.73353914935745],[-84.53952604093739,33.733457424257],[-84.53963490605143,33.73343386890543],[-84.53972853831311,33.733414728890885],[-84.53982262534117,33.73339719507906],[-84.53989569192504,33.73338331872083],[-84.54000310500196,33.733364913169204],[-84.54011675460814,33.733349759861845],[-84.54019888766746,33.73333972760418],[-84.54030233251672,33.733327794141914],[-84.54040055260324,33.73331724331259],[-84.54043137448245,33.733416494184496],[-84.54050602770364,33.73341936898761],[-84.54061488242434,33.73341289552753],[-84.54071352695513,33.733407630458615],[-84.54083871409246,33.73340122634628],[-84.54105236218552,33.73334422545898],[-84.54106672369721,33.73324631466686],[-84.54107637674483,33.73315535366502],[-84.5410829709239,33.73304241421823],[-84.54108385863171,33.73293497773043],[-84.54108078354487,33.73284192651206],[-84.5410761620463,33.73277894380856],[-84.54106906500311,33.73271224387994],[-84.54105745600674,33.73262740554402],[-84.54104011819048,33.73253048528709],[-84.54102052228181,33.73244462433893],[-84.54097934335884,33.73228347402743],[-84.54095493932245,33.732188523644446],[-84.54093869230702,33.73212530837374],[-84.54090334983098,33.7319877934135],[-84.54087625692696,33.731882448782216],[-84.54084153539281,33.73174747277607],[-84.5407856927168,33.731530393060105],[-84.54076755337638,33.731460519370756],[-84.54074115962034,33.73135929313839],[-84.54049344920223,33.730409251288656],[-84.54043766811361,33.73030528093248],[-84.5403842948143,33.73020681416993],[-84.54034428604473,33.730046714973554],[-84.54026636817531,33.72973306519897],[-84.540236867496,33.729628806947225],[-84.54014892592897,33.729324993783855],[-84.54012101447334,33.729224582555666],[-84.54010103697435,33.72915860583554],[-84.5400798236223,33.729098041870245],[-84.5400465721651,33.7290119208512],[-84.54001519096856,33.72894077244301],[-84.5399667709715,33.72884228598997],[-84.53992241493266,33.728742782790306],[-84.53988192251822,33.728653820854774],[-84.5398155461271,33.72852408858447],[-84.53975187351502,33.728400686734616],[-84.53970368878439,33.72830730191709],[-84.53994762234343,33.72823193763026],[-84.54000364589062,33.72833927158819],[-84.54010545261573,33.728339667965116],[-84.54062672779976,33.72834168996589],[-84.54091497694198,33.72834280761828],[-84.54105607996665,33.7283433546144],[-84.54138472180517,33.72834462822056],[-84.5417090892295,33.72834588327704],[-84.54207471372612,33.72834729699439],[-84.54265809035428,33.728349550810606],[-84.54312837154619,33.7283513658519],[-84.54358583706329,33.7283531298557],[-84.54410807700515,33.72835514142895],[-84.54450453648045,33.72835668452892],[-84.54472927715892,33.7283575800215],[-84.54496767832501,33.728358494572014],[-84.54529653165051,33.72835975080778],[-84.5454756845874,33.728360436665824],[-84.54567732107043,33.728361207445545],[-84.54606278091383,33.728362674708684],[-84.5462848009726,33.72836352253082],[-84.54676788702294,33.72836536279262],[-84.54701470103102,33.72836630249789],[-84.5471259079854,33.72836672274225],[-84.54833468023382,33.72837134036842],[-84.54844789779202,33.7283708362265],[-84.54858792412713,33.72837021300806],[-84.55012961433457,33.72836385040852],[-84.55083609077762,33.72836602321329],[-84.55083630130099,33.72829532840756],[-84.55083654843105,33.72821347462191],[-84.55084065354819,33.72685317926168],[-84.55084126950727,33.72665115008258],[-84.55084183551314,33.726465518529686],[-84.55084320719575,33.72601193546067],[-84.55084411437554,33.72571202990727],[-84.55084458037757,33.72555796013435],[-84.55084499647708,33.72542029971445],[-84.55084591530323,33.72511622484778],[-84.55084638491097,33.72496078363293],[-84.55084680572686,33.72482175898246],[-84.55084769048398,33.724529411106396],[-84.5508480048808,33.72442535382784],[-84.55084838266114,33.72429677135644],[-84.55084886402452,33.7241325840386],[-84.55084968613204,33.72385184512347],[-84.55085010206787,33.72371002804002],[-84.55085047035406,33.72358464194779],[-84.55085144672077,33.72325133337506],[-84.55085195477892,33.72307811948462],[-84.5508524141405,33.72292134380205],[-84.55085335094385,33.72260167734842],[-84.55085387878776,33.72242151973725],[-84.55083928898524,33.72228631334324],[-84.55080359546109,33.721980779717406],[-84.55078475486089,33.72181949895665],[-84.55076780794981,33.72167443486838],[-84.55073235500343,33.72137095350919],[-84.550698227144,33.72107881532773],[-84.55062558494483,33.7204569814771],[-84.55059948287757,33.72023354781053],[-84.55006311771545,33.72021999042385],[-84.54991593069346,33.72021802268527],[-84.5494785214464,33.72021206948218],[-84.54929748389065,33.72020960361513],[-84.54911618521535,33.72020713558625],[-84.54852505256224,33.72019898692384],[-84.54840329778939,33.72019727957493],[-84.54827220319889,33.72019533587709],[-84.54808241036184,33.720192312810504],[-84.5473817306584,33.72017871551457],[-84.54723845982598,33.72017365336121],[-84.54713217761318,33.720169898112836],[-84.54691390521378,33.720165552592384],[-84.54625345091306,33.72015240030085],[-84.54590439664858,33.72017301684967],[-84.54576193848115,33.7201964499989],[-84.54541027831257,33.72019917439715],[-84.54519744665507,33.72020082229607],[-84.54498452327563,33.72020247101083],[-84.54451723442557,33.72020608798587],[-84.54435588241068,33.72020733619024],[-84.5441944462318,33.72020858534279],[-84.5434373333732,33.720224504157095],[-84.54344436186543,33.72085724167979],[-84.54344587710293,33.72099364393112],[-84.54344760455093,33.721146510653114],[-84.54345317268975,33.721541514096685],[-84.54345533669007,33.72169501063154],[-84.54345794341171,33.72187994290964],[-84.54346240807536,33.7221757243657],[-84.54346539506004,33.72224443216793],[-84.54319234993838,33.722243454369725],[-84.54302168689148,33.722242842969294],[-84.54233903470086,33.72224039410741],[-84.54195288070616,33.722239007389526],[-84.54123816141893,33.722236437087524],[-84.54098284071705,33.722235518764315],[-84.540218326679,33.72223276255929],[-84.53939585922868,33.722229793330555],[-84.53926759959627,33.72224034830457],[-84.53916694350264,33.72285839194338],[-84.53902484740152,33.72366109846702],[-84.53899336322152,33.72398754731891],[-84.53898178881397,33.72410089496224],[-84.53890543201801,33.72446165355211],[-84.53886606479531,33.72464115639025],[-84.53882326623963,33.72483671719978],[-84.53877309964064,33.725086289461245],[-84.53876323226721,33.72515796376067],[-84.53875412617317,33.72525352239696],[-84.53874972960337,33.72532568784211],[-84.53874847790571,33.72539746241154],[-84.53874877295765,33.725481593101684],[-84.53875076926919,33.725565372429756],[-84.5387548378934,33.725649515191336],[-84.53875937101853,33.72572126872136],[-84.53876567938455,33.72579305837777],[-84.53877454908661,33.72586475556001],[-84.5387856651941,33.72593614572109],[-84.5388002612211,33.72602225932937],[-84.53881551058319,33.72609622928756],[-84.53884746443916,33.72623952399494],[-84.53886640655965,33.726316758525535],[-84.53888662616424,33.72639370067242],[-84.53891054884505,33.72647305620181],[-84.53894387806353,33.726576682954644],[-84.53898719917758,33.7267069297699],[-84.5390997675151,33.726972059911816],[-84.53913615019232,33.72705277176953],[-84.53924234132398,33.72723258753961],[-84.53828774247872,33.727279786395165],[-84.53806217488886,33.72729093857616],[-84.53782238703948,33.72729133216711],[-84.5377031340979,33.727276233453104],[-84.53762627996618,33.72726166998887],[-84.53754948616039,33.727228261720704],[-84.53747203679313,33.727189441840295],[-84.53739709065256,33.72714677966047],[-84.53710515528894,33.72697242007186],[-84.5368593687267,33.72681425673012],[-84.53690180502974,33.726748193334416],[-84.53725155748367,33.726342244674434],[-84.53691529976793,33.72616962975267],[-84.53653227867603,33.72597972859067],[-84.53640844893972,33.72556343038994],[-84.53632951971493,33.725257984116595],[-84.53629016595052,33.72510564562935],[-84.53625483271857,33.724968869374734],[-84.53618828689515,33.72465916076455],[-84.53616912641698,33.724470135683475],[-84.53616871032999,33.72432140987667],[-84.5361682766784,33.724040154387104],[-84.53616784292642,33.723758872737044],[-84.53616761406009,33.723610018317984],[-84.53616740930207,33.72347761812349],[-84.53616697568938,33.723196363497074],[-84.53616674666311,33.72304797251562],[-84.53616654285373,33.72291604297014],[-84.53616605529908,33.722599528358245],[-84.5361654680936,33.72221819945475],[-84.53615455244575,33.722068560070895],[-84.5361132735337,33.721502681260205],[-84.53595598128193,33.71934634067662],[-84.53589217855459,33.71841687042649],[-84.53581909005108,33.717443909335415],[-84.53555364413877,33.71765508935416],[-84.53538243304655,33.717299258990785],[-84.53578317392515,33.71697508982436],[-84.53575276688781,33.716561883269534],[-84.53593621175023,33.71639460435961],[-84.535651804536,33.71568340304354],[-84.53652226551883,33.71563545354127],[-84.53601817423225,33.71376755367898],[-84.53600256139634,33.71355467241704],[-84.53541229440933,33.71346354460332],[-84.53523883096337,33.71273850839526],[-84.53514107998305,33.71216395701669],[-84.53520014623999,33.710787850902975],[-84.53528286707112,33.70598908582077],[-84.53649495597885,33.706004274374884],[-84.53619757291119,33.70893171464417],[-84.54117710773485,33.708955537263975],[-84.54117575933107,33.70940247638903],[-84.54141671595563,33.70942132690723],[-84.5418661508791,33.70936293644597],[-84.54211172571988,33.70930928649565],[-84.5424448310795,33.70931488276717],[-84.54260530488185,33.709382675153044],[-84.5427048477746,33.70939851813576],[-84.5428266730998,33.709456547523864],[-84.54304052863077,33.70945898789896],[-84.54374830495841,33.70939558163383],[-84.54412875685408,33.70940585539132],[-84.54438362134051,33.709221286262114],[-84.54486546074459,33.70924179797981],[-84.54510848920414,33.709306174021],[-84.54533262689887,33.70928128397949],[-84.54545614661878,33.709285018635136],[-84.54498697901667,33.707136326904156],[-84.54491417028677,33.70680384295379],[-84.5447476041445,33.70604319291596],[-84.54513362055134,33.706051385421844],[-84.54513514091842,33.7056037801407],[-84.54514498120389,33.70270893487604],[-84.54563520251408,33.70209815136568],[-84.5464279477373,33.701139621779866],[-84.54610546883814,33.70080166324692],[-84.54595786920689,33.70092752445873],[-84.54523073353896,33.701557395078275],[-84.54514910686112,33.70150022941494],[-84.54515260162489,33.70021012667883],[-84.54504402602115,33.6998279525094],[-84.54511172350968,33.699092700899236],[-84.5451275995762,33.698701579696944],[-84.5451390062264,33.69754234858558],[-84.5473479939512,33.69761211094679],[-84.54745848457505,33.693705942728656],[-84.54526006928782,33.69365357678032],[-84.5452789766285,33.69309016505672],[-84.54538842850688,33.689828451677556],[-84.54520555863783,33.689819361579836],[-84.54523224493248,33.68959230238328],[-84.54523948735088,33.68946991508464],[-84.54524479554883,33.689341076925615],[-84.54524787809846,33.689221238734916],[-84.54524536905765,33.68914050641796],[-84.54524022303204,33.688974949539926],[-84.54523777840991,33.68859843119919],[-84.54532153866701,33.68671006928204],[-84.5453379905652,33.686342156049115],[-84.54534243971901,33.686232211132406],[-84.54534688585404,33.686121580059655],[-84.54534916652695,33.68602381419402],[-84.54535103822903,33.685943961055955],[-84.54535154675958,33.6858725047457],[-84.5453516470514,33.685707951484886],[-84.5453592299532,33.68556295754186],[-84.545367653768,33.685480602949525],[-84.54537215748253,33.68535876675645],[-84.54545163522462,33.683208097761074],[-84.54548631993396,33.68241235634263],[-84.54555841284466,33.68075837703304],[-84.54467837700734,33.680750212475765],[-84.54339972698882,33.680738338014535],[-84.54235307958704,33.68072860801344],[-84.54211970850525,33.68072643734746],[-84.54167758436137,33.68072232384994],[-84.54074525745347,33.68071364436105],[-84.53936788701803,33.68070080972552],[-84.53842646711675,33.68069202745577],[-84.53786783244801,33.68068681261721],[-84.5376705197119,33.68068497065303],[-84.53748528354721,33.680683241812424],[-84.53556955511208,33.68063607854935],[-84.53549488165235,33.680621269845034],[-84.53554788925481,33.67807839146692],[-84.53555344224857,33.67781193119851],[-84.53556973140117,33.67703053777504],[-84.5356490578688,33.67322481683237],[-84.5334494022425,33.67319017273],[-84.53150823601626,33.67316626165609],[-84.53083970699207,33.673159819911056],[-84.52985636360917,33.673150338158884],[-84.52586111379084,33.67311173280747],[-84.52588768759709,33.66952345834377],[-84.52581340735728,33.66640755350855],[-84.52578573815566,33.66486163046313],[-84.52579594718577,33.66415048554523],[-84.52579687052973,33.664086204141775],[-84.52625265324185,33.66399703627732],[-84.52644822954727,33.6639188726864],[-84.52721243842586,33.663613446163055],[-84.5273926908797,33.66350568717869],[-84.5279947678666,33.66314574628936],[-84.52808437033652,33.663067014323914],[-84.52858242217836,33.662622052911935],[-84.5289768722626,33.66190959713469],[-84.52902648665109,33.661820522373226],[-84.52907264173338,33.66155242870397],[-84.52908955020469,33.661454213146754],[-84.52923674169764,33.660599219287846],[-84.52924876148624,33.66052940062367],[-84.52930518315505,33.66030749872344],[-84.52860839805015,33.66020533819561],[-84.52869503661022,33.65977582730227],[-84.52869316658007,33.659706488469645],[-84.52867791519404,33.6591409289024],[-84.5284517179864,33.65910708079774],[-84.52710371039105,33.65904840428384],[-84.52649235334053,33.65901888493874],[-84.52587848748776,33.65891486079671],[-84.52587688062827,33.65851311071401],[-84.525899798037,33.65691671228718],[-84.52296177068985,33.65691821176465],[-84.52215330565103,33.656918610565945],[-84.52176551141878,33.656919034421996],[-84.521626980078,33.65579607551041],[-84.52130925164522,33.65585126674394],[-84.521062667076,33.655818656445625],[-84.52098032308292,33.655780067668346],[-84.52056523975966,33.65581063288267],[-84.52041692828234,33.65583286774885],[-84.52023604452128,33.655800062369586],[-84.519843541515,33.655686499697104],[-84.51941986518615,33.655716853886545],[-84.51924379673879,33.6557788317087],[-84.51914830927143,33.65581244398342],[-84.51891349464469,33.65585193267473],[-84.51875400883483,33.65582799605073],[-84.51853210437197,33.655809733448315],[-84.51823138674213,33.65580577951898],[-84.51812855138635,33.655814048054445],[-84.51796683709053,33.655806531568786],[-84.51772677557518,33.65579083295848],[-84.51752881394727,33.65577788801129],[-84.51741552343452,33.65576148720584],[-84.51729115334817,33.655743483001444],[-84.51714906222524,33.65573430572516],[-84.51703214365284,33.65568995781306],[-84.51694499472791,33.65565690085564],[-84.51671304295986,33.65559194275139],[-84.51649536105792,33.65560149083221],[-84.51635525320528,33.65559501653485],[-84.51632386418382,33.6561941917126],[-84.51560687065319,33.65602569100058],[-84.51435802441674,33.6557321893289],[-84.51312977038108,33.65544351333272],[-84.5111382686233,33.65495730913501],[-84.5106151486979,33.65482958849749],[-84.51045320587524,33.65479164240531],[-84.50878191975778,33.65440001276658],[-84.50805110224964,33.65422609813955],[-84.50757745658426,33.65414692876088],[-84.50727583321428,33.65409651124525],[-84.50717165817962,33.65408796820149],[-84.50678789092912,33.654070438569136],[-84.50649004328754,33.654064813436975],[-84.50648999842785,33.6543096159088],[-84.50649071079025,33.655194481037384],[-84.50649052336922,33.65583861094404],[-84.50651807438102,33.65687807381345],[-84.50650935856866,33.65737794065191],[-84.5065010181163,33.65992480062048],[-84.50648023546368,33.66627145635558],[-84.50531407281387,33.66624924704537],[-84.50055212337412,33.66615844280698],[-84.49818219651146,33.666112948106544],[-84.49803856869447,33.66611023061087],[-84.49765349283113,33.66610294359499],[-84.49743828893524,33.666098869788186],[-84.49732346867094,33.666096696516995],[-84.49212142439018,33.66611531249057],[-84.49202286568756,33.66961894118883],[-84.49201048878464,33.67004186516625],[-84.49195961992176,33.671838877821926],[-84.49189952004924,33.673961889130176],[-84.48757016173221,33.67387976392474],[-84.48756477304299,33.674420157696204],[-84.48657034071739,33.67439525388159],[-84.48653964208708,33.67720132238184],[-84.48653349885959,33.67798356644867],[-84.48647278876071,33.68146037506083],[-84.48646094858789,33.682138457924296],[-84.48645723512749,33.68258789680356],[-84.48645073333593,33.68337486402549],[-84.48642634922457,33.686333786219244],[-84.48641699523716,33.68691506959585],[-84.48635307423955,33.69010333354523],[-84.48634137343599,33.690686922775214],[-84.485685047066,33.69075778190463],[-84.48420932867488,33.690917090947615],[-84.4840160879127,33.69093787840074],[-84.48379823464234,33.6909613128866],[-84.48311208470875,33.691023267876226],[-84.48298197181306,33.69101513984006],[-84.48248911519102,33.69100352122999],[-84.4824383023827,33.693225710923464],[-84.48181646112647,33.69321411538958],[-84.48018759357484,33.69316617032502],[-84.4796903935189,33.693187700292754],[-84.47862096406203,33.693166700308474],[-84.47708128293438,33.69311836103976],[-84.47700532715541,33.69714030057194],[-84.47698802827654,33.698044523169976],[-84.4761532930561,33.69803335986274],[-84.46779524120501,33.69792126951775],[-84.46670111475811,33.69790572416679],[-84.46503639405051,33.697852042137676],[-84.46457808207305,33.697718138769716],[-84.46337049074111,33.69769287500022],[-84.46318767623092,33.697740094783526],[-84.46300667109556,33.69778684650281],[-84.46176614814098,33.69774652968621],[-84.46128115365295,33.697740816491375],[-84.45932704188861,33.69864036592946],[-84.45921378052937,33.69869182238055],[-84.45909886922074,33.69874156226359],[-84.45901018234564,33.6987783624637],[-84.45886656054392,33.69883555286535],[-84.45874834343186,33.69888014814865],[-84.45863012038696,33.698923025668314],[-84.4585102474266,33.6989641893078],[-84.45838954655073,33.69900363712132],[-84.4582688375216,33.699041023638735],[-84.4581464808337,33.699077039793934],[-84.45802411708833,33.69911099554883],[-84.45790092545069,33.69914323456798],[-84.45776083650985,33.699177465374504],[-84.45765205745462,33.69920256509657],[-84.45752720302781,33.69922931113303],[-84.4574015207394,33.69925434132705],[-84.45727500943953,33.699277312145824],[-84.45714849237119,33.69929890961877],[-84.45705260162474,33.69931336235103],[-84.45691775495578,33.69933256902522],[-84.45676561559868,33.69935168181087],[-84.4566374277452,33.69936538052526],[-84.45650923631447,33.69937770498344],[-84.45639612327501,33.69938640443598],[-84.45625201059492,33.69939617188409],[-84.45612297524563,33.69940231432722],[-84.45599311435035,33.699407084437254],[-84.45586406853585,33.69940979220701],[-84.45573501580316,33.699410436857285],[-84.4556380056478,33.69940963139699],[-84.45547689086463,33.69940623107544],[-84.45534781975093,33.69940137973903],[-84.4552187429085,33.69939481061641],[-84.4551218389526,33.69938833305346],[-84.4549613895462,33.69937548650604],[-84.45483229327142,33.69936307696481],[-84.45470483529823,33.69934894580433],[-84.45454471054617,33.69932828235844],[-84.45444907692547,33.699314844990624],[-84.45432242161873,33.69929487150526],[-84.45419576179218,33.69927352376857],[-84.4540690940203,33.69924977118957],[-84.45394406466322,33.69922464144054],[-84.45381902959359,33.69919744857681],[-84.45361981669053,33.699141644161344],[-84.45259140043136,33.69885355288233],[-84.45241035467386,33.69880283581862],[-84.45135731552027,33.698507833051444],[-84.44968553177128,33.69805580474463],[-84.44968091519668,33.69857476483072],[-84.4496639078928,33.70048635568788],[-84.4496714714427,33.70165997659936],[-84.4496763323068,33.70241429146941],[-84.4496973844654,33.705680848256826],[-84.44701990890233,33.70568042646017],[-84.44646337900095,33.70568306323726],[-84.44638116443637,33.70568359204966],[-84.44629896821326,33.70568412166752],[-84.44619691470997,33.705682529474004],[-84.4439337621348,33.705647199238605],[-84.44375928856773,33.705648073098146],[-84.44306567281389,33.705651548384665],[-84.44312556389305,33.70099516197064],[-84.43796645634666,33.700937492952136],[-84.43784223838969,33.700936102104215],[-84.4378433350179,33.699833459514],[-84.43784342408343,33.69974369438796],[-84.43492114282323,33.69973358448451],[-84.42930198034873,33.69971370985165],[-84.42931001179018,33.699603145415],[-84.42931601655647,33.69951820871468],[-84.42932235422289,33.699439868766014],[-84.42933028047553,33.69934331907948],[-84.42933902243801,33.699244706457314],[-84.42934618206395,33.69916636475651],[-84.42935651816268,33.699057757423866],[-84.42936531616728,33.69897119719305],[-84.42937412078894,33.69889319642445],[-84.42938691617219,33.69877602437708],[-84.42939892869424,33.69867278467056],[-84.42940977464418,33.698587477894996],[-84.42942542342456,33.69846435691481],[-84.42944150768817,33.69834752139257],[-84.42945759190653,33.69823068496461],[-84.42947465986164,33.6981159662477],[-84.42949708384234,33.6979726074559],[-84.42961870231808,33.697420976803905],[-84.42878116107092,33.69740012297806],[-84.42800419398853,33.6973807727785],[-84.42754468640547,33.69737521675557],[-84.42737019900116,33.697373558127794],[-84.423152291246,33.697333390000466],[-84.42245807573245,33.69732676474426],[-84.42195369236805,33.69731705924132],[-84.41957273405485,33.697271213108486],[-84.41884281244393,33.69727270509098],[-84.41866485454865,33.69727306818863],[-84.41847374278993,33.69727345783941],[-84.41531393134787,33.69724241136154],[-84.415413555871,33.69530261685436],[-84.41541472898759,33.694853958701515],[-84.41545764635094,33.69281716121793],[-84.41545955927951,33.692726359867486],[-84.4154686555471,33.69217496897843],[-84.41555085847354,33.69217514695948],[-84.41563304414414,33.69217532582226],[-84.41684707230603,33.6921831787638],[-84.41693728096467,33.68927703798136],[-84.4168546869382,33.68927643161383],[-84.41688519414977,33.68661852852913],[-84.41688748546522,33.685412591180146],[-84.4168878731964,33.68520877817551],[-84.4168897664811,33.68421276149255],[-84.41689105440733,33.68353529138168],[-84.41689275771667,33.682512772180445],[-84.41689465520983,33.68137410534685],[-84.41595717007013,33.681341958591915],[-84.41513492957696,33.68131375859464],[-84.4151722041645,33.68066890836346],[-84.4151742703715,33.680575488095094],[-84.4151742763534,33.68048834936096],[-84.4151711190252,33.68040569645911],[-84.41515340735526,33.680309225048035],[-84.41514088536991,33.68024157304097],[-84.4151034587684,33.68008740132324],[-84.41508680217345,33.68001048309144],[-84.41507040044387,33.679904044726186],[-84.41505652415539,33.67977006893251],[-84.41505465628073,33.679692090363744],[-84.41505097586446,33.679555371944126],[-84.41505159220384,33.67948391463299],[-84.41505550619482,33.67938268942639],[-84.41506554594899,33.6792495527897],[-84.41507290879987,33.679180529935806],[-84.41512917666824,33.67874240942726],[-84.4151465877737,33.67864641107391],[-84.41516076852794,33.67858294589063],[-84.41518404970684,33.67850004413851],[-84.41520879137255,33.67842173072424],[-84.41533462693778,33.67804629368757],[-84.41539049338435,33.677879610284286],[-84.41542064959522,33.677792635344325],[-84.41545245032599,33.67770600062002],[-84.41549569674507,33.67759873076748],[-84.41552915674946,33.67751758833189],[-84.4170307479961,33.67757364342715],[-84.41704215091767,33.67725482114568],[-84.41705039405458,33.67697997587363],[-84.41811957582195,33.676989140852086],[-84.4180903568997,33.67316152956208],[-84.41648806589411,33.67314738734442],[-84.4142739220237,33.67312781088021],[-84.4141041732146,33.673126308733934],[-84.41315293245863,33.6731178845002],[-84.41211293451222,33.67310866626093],[-84.40850019590562,33.673076575472805],[-84.40696985107436,33.673051543815006],[-84.40539201125593,33.67302571574647],[-84.40345519125438,33.67299398175792],[-84.40296458655163,33.672985939213014],[-84.40196776079716,33.67297341254475],[-84.4006602993982,33.672956313310756],[-84.39956321409684,33.672941552277216],[-84.39946625856571,33.67294104786901],[-84.39936927607492,33.672940543435494],[-84.39911371335246,33.6729417114142],[-84.39901674646406,33.67294179546304],[-84.39885582031657,33.672941734518986],[-84.39877514899116,33.672941660628666],[-84.39867817959728,33.672940812093245],[-84.39858121020485,33.67293996348173],[-84.39821469433898,33.67293549855315],[-84.39821680789828,33.67280426331863],[-84.39819025852424,33.671483074552306],[-84.39826971602079,33.671082706397],[-84.39821812117818,33.670929356482326],[-84.39820172113518,33.67024082738086],[-84.39820472974672,33.66983029631993],[-84.39821094943213,33.669084812387204],[-84.3981669740428,33.66902223159078],[-84.39813661322464,33.66863560753716],[-84.39810104890721,33.66830509583929],[-84.39809277116143,33.66822286033982],[-84.39806192088425,33.6680531088834],[-84.39776364378085,33.66805469753022],[-84.39773133183583,33.66795547624196],[-84.39769873386282,33.6678585484184],[-84.39766342411787,33.667758070377715],[-84.39700482141629,33.66606085707483],[-84.39698318159449,33.66599091896682],[-84.39669538488187,33.66526305518998],[-84.39681876845039,33.66526171917051],[-84.39696571532893,33.66526152121482],[-84.39662080306925,33.664408475908814],[-84.39643306383788,33.663949860682756],[-84.39615080272608,33.66364678437378],[-84.39613132346517,33.663570127352855],[-84.39593973007561,33.66320564810716],[-84.39574170022513,33.66258215282452],[-84.39570122804865,33.66250252665745],[-84.39566234919418,33.66240400396721],[-84.39563725044277,33.66231058983788],[-84.39561757878369,33.66222492089932],[-84.39550946352283,33.66169753060384],[-84.39532435838105,33.66074156988829],[-84.39530685597353,33.66064781701258],[-84.39529178384376,33.6605593001358],[-84.39527259840536,33.660432139036075],[-84.39525834539731,33.66032429517427],[-84.39524573477779,33.66021610473621],[-84.39523391039388,33.66009451494706],[-84.39522705417592,33.660006999944855],[-84.39522195363651,33.65993141077123],[-84.39521768997443,33.659864031545645],[-84.39521247320125,33.65975548388974],[-84.39520975673825,33.6596603295042],[-84.39519793537116,33.65920089884765],[-84.39518103455664,33.658570970164824],[-84.395177118827,33.658503015014894],[-84.3952358624563,33.65790398546958],[-84.39539255435201,33.656478041480696],[-84.39540049085362,33.65640582203227],[-84.3954160192541,33.65632512907482],[-84.39547884931648,33.656093922201144],[-84.39558923442651,33.655690887196826],[-84.3957285023742,33.65526383759699],[-84.39578545471807,33.65508919863176],[-84.3958136999089,33.65502765062836],[-84.39588634883037,33.654849564286856],[-84.3962345368671,33.654478241922575],[-84.39670379938381,33.65414565717788],[-84.39696146096176,33.65348716071184],[-84.39720847302196,33.65338192182328],[-84.39736529622608,33.653418074765206],[-84.39745311530928,33.65331207108326],[-84.39755587325612,33.65333523967064],[-84.39935941840838,33.65371421567498],[-84.39931654398957,33.65011592457726],[-84.39929468776819,33.648281423179796],[-84.39766020507464,33.64828902128999],[-84.39748494406125,33.64828983460665],[-84.3958208229076,33.64829754758418],[-84.39474982804292,33.64830249895863],[-84.3938630315568,33.64830659236642],[-84.3935521100434,33.64830802622055],[-84.39120328391353,33.64831883055645],[-84.38929425576237,33.64832757917593],[-84.38591940687226,33.64834297294484],[-84.38547026608262,33.64834501471811],[-84.38058461006575,33.64830607518824],[-84.37998115805868,33.64830595194352],[-84.37947139510577,33.648305843964884],[-84.37582646009186,33.64825751006959],[-84.37542757187178,33.6482522142655],[-84.37512663433834,33.648248217278926],[-84.3713447197719,33.64819793172481],[-84.37018603321623,33.648182501711396],[-84.370036676762,33.64818051223218],[-84.36968743878383,33.64817585920566],[-84.36903937905686,33.64816719983817],[-84.36896322108615,33.648166179348685],[-84.36606343828244,33.648127262596006],[-84.36529640920776,33.64811695133637],[-84.36111727958583,33.64810243240134],[-84.3610082300493,33.64810205113466],[-84.36061534316936,33.64810067898344],[-84.360442558831,33.64809877777901],[-84.36026972382601,33.648096875510824],[-84.36006629778157,33.64809463674433],[-84.35983596469337,33.648092101558106],[-84.35967375905781,33.648090315296585],[-84.3593530188596,33.648086783300855],[-84.35402273713058,33.64802796594312],[-84.35360576190651,33.6480233547863],[-84.35260860352048,33.648012323411024],[-84.35177624117064,33.64800498849746],[-84.35022640764738,33.64799131613561],[-84.35011966485091,33.65150392723037],[-84.35008651404283,33.653344472137476],[-84.35008800680292,33.65526079466802],[-84.35005513333378,33.65748094022021],[-84.3500220434484,33.659402481139075],[-84.35000030921077,33.66144780382607],[-84.35000077036385,33.66319033856592],[-84.34999051482747,33.66443086288013],[-84.34998380280888,33.66594708315119],[-84.34986838732752,33.672410771481324],[-84.34973521580127,33.67601395304719],[-84.34969730411768,33.6803391560566],[-84.34967431643621,33.68296149951045],[-84.34966825366936,33.683653125264996],[-84.3496910898935,33.684716299152846],[-84.34968940668506,33.69013272794694],[-84.3493848672808,33.69020724594768],[-84.34944116817738,33.69189505001455],[-84.34946620685815,33.692625015331764],[-84.3495579455958,33.69490987468319],[-84.34955363954039,33.695414510222996],[-84.34966557997951,33.69666698712416],[-84.34964176491067,33.697184937439005],[-84.34961527094197,33.69750228582609],[-84.34953949596478,33.69832673630275],[-84.34953848198077,33.698880217942566],[-84.34953674953407,33.69982574494297],[-84.34953511072973,33.700720251921496],[-84.34953409350047,33.701275757586444],[-84.34953006642304,33.70347372150462],[-84.34952899311394,33.70405977355121],[-84.3495288739809,33.70412472233156],[-84.34952810440892,33.7045445684992],[-84.3495278617669,33.704676982597285],[-84.3495291206815,33.707387891622055],[-84.3495295597278,33.70833168742149],[-84.3495299962208,33.70927068713784],[-84.34953086322096,33.71113610796346],[-84.3495334132028,33.713502709072806],[-84.3495123248792,33.71402618291334],[-84.3493599955654,33.7140286922187],[-84.34841610476734,33.714020608205765],[-84.34810971126082,33.71401798308642],[-84.34810908682401,33.71374315478104],[-84.34812552677732,33.71374329563519],[-84.34812427890986,33.71319364259328],[-84.34659512447097,33.7131864751604],[-84.34659357605473,33.712499410082486],[-84.3463107099537,33.712498082480465],[-84.34594282024963,33.71249635469499],[-84.34520298195028,33.712492874653606],[-84.34493591996656,33.712491616635795],[-84.34490383836608,33.71252082268295],[-84.3448815641763,33.712552685295314],[-84.34486830743782,33.712582928133024],[-84.34486127057961,33.71261627543564],[-84.34485517141654,33.712659084328145],[-84.34484289767992,33.71269148161861],[-84.34467182738962,33.71292447337738],[-84.34463060870418,33.712972246919506],[-84.34459552788786,33.71302731146195],[-84.34456120764573,33.713054635267554],[-84.3445288859643,33.71308530225344],[-84.34451773187975,33.71313859120888],[-84.34451137340241,33.713208534168274],[-84.34447150555272,33.71327474920605],[-84.34446356294137,33.71330374997246],[-84.34447423513548,33.713353223228516],[-84.34448345287782,33.71342255227128],[-84.34448928449437,33.71353509833505],[-84.34448611321265,33.713618695075034],[-84.34447754893519,33.713672735886824],[-84.3444459155787,33.713719743577784],[-84.34439761593077,33.71385000855226],[-84.34433233775451,33.713958128767274],[-84.34426895669816,33.7140869384562],[-84.34421061498654,33.71425969778269],[-84.34419457159254,33.71436212347581],[-84.34420343081372,33.71442349136995],[-84.34427822096745,33.7146505349948],[-84.3443611935684,33.71477721454811],[-84.34447525111233,33.71489723651209],[-84.34451931537811,33.71507419902146],[-84.34451683336064,33.71531575866092],[-84.34450649750802,33.71579276065861],[-84.34497243336676,33.71579517982575],[-84.34555549331334,33.71579820489416],[-84.34572299071463,33.71576456465232],[-84.34589970793537,33.715730020865195],[-84.3460663391324,33.71570282919669],[-84.34629289721686,33.71567187409509],[-84.34687164380682,33.7156206823146],[-84.34774757027792,33.71555779436117],[-84.348667377905,33.71549100258472],[-84.34866731791782,33.715437513404304],[-84.34950700788771,33.71539702937566],[-84.3495171001089,33.716011768154914],[-84.34950756268343,33.71747850218065],[-84.34950641718507,33.717654794878214],[-84.34950186519629,33.71835479184214],[-84.34949869201358,33.71884299191828],[-84.34949430424776,33.71948815399346],[-84.34948294293199,33.72072182050421],[-84.34947712219227,33.72135380312632],[-84.34947291626929,33.72181047161861],[-84.34946722020531,33.72219741957672],[-84.34923618211981,33.722189613011],[-84.34869263107919,33.722180523183745],[-84.34869914170464,33.72272788465171],[-84.34870208309141,33.72297525808273],[-84.34869905987073,33.72339404593984],[-84.34869743492169,33.72351217846962],[-84.34869343859096,33.7238012314258],[-84.34869218608313,33.723874974660845],[-84.34868693119574,33.72415568549047],[-84.34868412564111,33.724305472529366],[-84.34868193349311,33.72444118554742],[-84.34867892038001,33.724627609143454],[-84.34867675189267,33.72476175773902],[-84.34867447351205,33.7249026364852],[-84.34867489262002,33.72508228173794],[-84.3486777501532,33.72563242364288],[-84.34865497075505,33.726251043781375],[-84.3486543669527,33.7263371676257],[-84.34837553023543,33.72632925768509],[-84.34797055867098,33.72632014559946],[-84.34780958026155,33.72632315532631],[-84.34775070886238,33.7263300131287],[-84.34759310410692,33.72630701104743],[-84.34748095472091,33.726315316383605],[-84.3475064990322,33.726370958289685],[-84.34782224018711,33.72710696416362],[-84.34770933882713,33.727112231315594],[-84.34725752330766,33.72642562057885],[-84.34721724167073,33.72637444264657],[-84.34713928542162,33.726418929984106],[-84.34697668555046,33.72660800754841],[-84.34685592886184,33.72683885816634],[-84.34674220614583,33.727152371598464],[-84.34671342829492,33.72738469286207],[-84.34670617646857,33.72750652579477],[-84.34670713733014,33.72764007644464],[-84.34593004504262,33.72760874442879],[-84.34593213979967,33.72765867440815],[-84.34586266698471,33.72765447882489],[-84.34533523400755,33.72764651224087],[-84.3453298481202,33.72782509646752],[-84.34586054766609,33.72783311153047],[-84.34594010726808,33.72783586334171],[-84.3459606210697,33.728337661322165],[-84.3467668235231,33.72834880038915],[-84.34677920484,33.72849581868512],[-84.34683899403132,33.72858917316887],[-84.34735027014057,33.72827078770812],[-84.34863530122716,33.728291205279575],[-84.34862536168623,33.728502458048006],[-84.34862332042708,33.72864941083977],[-84.3486208388505,33.72882805130053],[-84.34861446898567,33.729006593794026],[-84.34861663948442,33.72913000975871],[-84.34861589487905,33.72928800865942],[-84.34861510763561,33.729452905314226],[-84.34861432141268,33.72961777491334],[-84.34861338165182,33.72981471676154],[-84.34861259536851,33.7299795593013],[-84.3486117475052,33.73015715319485],[-84.34861104638055,33.730304056184714],[-84.348605887238,33.73136673420981],[-84.34859152921383,33.73247286663703],[-84.34802572472545,33.732467892208774],[-84.34557333432076,33.73244805343464],[-84.34556720065633,33.73180078283067],[-84.34542031592616,33.731822776017395],[-84.34527831252038,33.731383987034405],[-84.34541917246565,33.73137332036489],[-84.34541889632936,33.73122244881725],[-84.34487642394751,33.73120865392395],[-84.34471189272256,33.73121079014482],[-84.34417176886298,33.73120648594761],[-84.34415971481813,33.73189785594919],[-84.34482075783882,33.73190560596552],[-84.34480735569635,33.7324382398938],[-84.34278699532874,33.732423390523046],[-84.34277473702592,33.73185864202093],[-84.34265405958475,33.73185881406],[-84.34265549000406,33.7313722135386],[-84.3423756902936,33.73136973207094],[-84.34236614935338,33.73190973408303],[-84.34234909940685,33.73196040454181],[-84.342343968156,33.73242012911558],[-84.34213759655447,33.73241860929541],[-84.34213511823567,33.73187012357808],[-84.34191415742778,33.731874814903954],[-84.34191557961597,33.73195649690533],[-84.34192639455088,33.7324170545096],[-84.34008484856595,33.73240347770784],[-84.34007262128692,33.73284804713485],[-84.34006890653147,33.732983116387096],[-84.3397251888406,33.73270003395863],[-84.33941485468094,33.7324463186906],[-84.33904590361529,33.732144680125685],[-84.33889303695797,33.73200731012547],[-84.33893838850075,33.73195649516797],[-84.33899544980204,33.73188402312728],[-84.33918284968956,33.731888835106425],[-84.33920424257205,33.731438438985094],[-84.33920516583203,33.731379419578495],[-84.33880835827459,33.73138456009558],[-84.33855085332921,33.73165567898598],[-84.33849161482637,33.73160995712831],[-84.3378892162001,33.73112373815151],[-84.3376882033976,33.730962742273555],[-84.33777691267392,33.73084543250579],[-84.33793445260069,33.73093667755571],[-84.33805493536958,33.73045489887887],[-84.33726720392488,33.7299800945752],[-84.33709455800654,33.7300332107888],[-84.33661208328316,33.72996242006661],[-84.33661388517805,33.73004823755352],[-84.33623906213936,33.729774031527704],[-84.33588730750635,33.72951670156515],[-84.33552308158845,33.72924350219708],[-84.33534528275548,33.729103872495465],[-84.33490100165339,33.72875496902618],[-84.33486225996472,33.72871168531829],[-84.33512492401084,33.728567159097224],[-84.33496267528929,33.72808652777282],[-84.33465055042478,33.72821894763539],[-84.33422058391953,33.727458784052885],[-84.33494403839147,33.72744647193488],[-84.33505086746025,33.72770846143978],[-84.33519665279233,33.727988567034586],[-84.3353507397607,33.72793008959112],[-84.33521360066104,33.72734680451155],[-84.33559110040615,33.72732981540033],[-84.3358818006707,33.727398727134485],[-84.33616023319459,33.727410054271616],[-84.33650598851591,33.727318260929785],[-84.3367028349256,33.72723901906605],[-84.33670591647656,33.72716825163928],[-84.33674177290432,33.72716942221083],[-84.33678897463064,33.726994311613694],[-84.33678445116513,33.72680348418697],[-84.33666649900437,33.72648675544325],[-84.33651618065029,33.726483430466516],[-84.3365223059246,33.725895834420896],[-84.33572856682393,33.72588284140919],[-84.33512709317773,33.72589404052379],[-84.33512610703512,33.725969781332786],[-84.3343144494602,33.72598408340581],[-84.3343152684698,33.72572377747092],[-84.33359330334835,33.72574885498854],[-84.33360084839252,33.7257968482847],[-84.33341321365111,33.72579751382543],[-84.33339180863403,33.72570580058769],[-84.33336284903827,33.72558171621323],[-84.33333037685239,33.72544297196511],[-84.3331448723176,33.72505820234466],[-84.33309316412338,33.72478249196843],[-84.33304033127303,33.724513179452494],[-84.33298748893343,33.72424380920815],[-84.33293467855039,33.72397461020135],[-84.33285664378045,33.72358185177342],[-84.33307090683839,33.72358450719215],[-84.33307464750985,33.72328457554504],[-84.33375748960583,33.72328903291514],[-84.33376529239095,33.723009573358084],[-84.33356884436225,33.72300561921785],[-84.33356401045276,33.72239911550916],[-84.33481831655132,33.72243689969053],[-84.33480411667747,33.72269771448532],[-84.33592850937465,33.72273198359499],[-84.33595103982698,33.72223288257584],[-84.33582254452985,33.72222113056046],[-84.3355883357017,33.72216896724043],[-84.3354840117438,33.72166648444307],[-84.33551638779235,33.7212530250421],[-84.33748095580698,33.72125924105622],[-84.33747833554385,33.720420048964314],[-84.33763720324173,33.72038040582493],[-84.3382774340814,33.72037846747951],[-84.33824680922031,33.71919267867662],[-84.33807423579225,33.71919510301669],[-84.33771909226202,33.71920009195264],[-84.3375603835462,33.71920232054874],[-84.33744453716028,33.719220997296944],[-84.33709790267511,33.719217354603295],[-84.33709360891334,33.719762643739216],[-84.33501295340618,33.71974034627819],[-84.33500871696364,33.7200497814271],[-84.3337829834139,33.72004444008756],[-84.33379113790154,33.71974452031216],[-84.33320900186824,33.71973911222502],[-84.33324148369057,33.71873040337356],[-84.33276573544619,33.718723764960785],[-84.33273761697015,33.719146891129064],[-84.33191540793386,33.71914032889044],[-84.33190108983649,33.71972955484612],[-84.33173665770673,33.71972824099023],[-84.33173874752556,33.71964187347541],[-84.33155381633176,33.71964039652051],[-84.33112048165142,33.71963693391758],[-84.33104300271238,33.71966582439525],[-84.33101587739321,33.7196713687411],[-84.33099181317365,33.719606105155],[-84.3309850332807,33.71958771307166],[-84.33085929923432,33.71941828500636],[-84.33076396998987,33.71928982848144],[-84.33071271292498,33.71914616724444],[-84.33069998282649,33.71908428509943],[-84.33062209431803,33.71870567991225],[-84.33060997035899,33.718561852154224],[-84.3305878233969,33.71847179294684],[-84.33009701813184,33.71846787011975],[-84.32991572820562,33.71845062935537],[-84.32929028964263,33.7184430626592],[-84.32929833171674,33.71892050254408],[-84.3292868072139,33.71910890994885],[-84.32928193070143,33.71917902414815],[-84.32917961275012,33.719374420798175],[-84.32912348311869,33.719522211111],[-84.32905653467475,33.71970525524864],[-84.32890149327,33.72011067008143],[-84.32861690822578,33.72085456330471],[-84.3285194387284,33.72110205278512],[-84.3284210025661,33.72127570101015],[-84.3276791775005,33.722243812677156],[-84.3275338821899,33.722250301914926],[-84.32761207095646,33.72232698188892],[-84.32723649332956,33.722784145769914],[-84.32674525053032,33.72313141345365],[-84.32634054318879,33.72340144196235],[-84.32628030190243,33.723438748504186],[-84.32597176442331,33.72362981836733],[-84.32545327746767,33.723877523983546],[-84.3248036952371,33.72418792822187],[-84.32404880555225,33.72453555399005],[-84.3236436169332,33.72471306655916],[-84.32261373718069,33.72525176553954],[-84.3220394487411,33.724839389940584],[-84.32180366189029,33.72471917128463],[-84.32144239780605,33.72515098893797],[-84.32138648186351,33.72521625086775],[-84.32102403956024,33.725001248978465],[-84.32000519322236,33.72439685463205]]]]},"properties":{"OBJECTID":1281,"LOCALID":null,"NAME":"Atlanta","GEOTYPE":"City","FULLFIPS":null,"LEGALAREA":null,"EFFECTDATE":null,"ENDDATE":null,"SRCREF":null,"ACRES":87213.45,"SQMILES":136.27,"OLDNAME":null,"NPU":null,"CREATED_USER":"GIS","CREATED_DATE":1528483380000,"LAST_EDITED_USER":"SHENDERSON","LAST_EDITED_DATE":1784647289000,"GLOBALID":"{4A492DB2-E5E2-47DB-9EE2-2CD4B49C61BD}","Shape__Area":3802252539.76201,"Shape__Length":620005.760530174}}]}