{"type":"FeatureCollection","_source":{"url":"https://services2.arcgis.com/zLeajbicrDRLQcny/arcgis/rest/services/Communities_of_Concern_2025/FeatureServer/4","publisher":"City of Atlanta (ArcGIS Online org zLeajbicrDRLQcny)","dataset":"Communities of Concern (COC) 2025","retrieved_at":"2026-08-29T11:44:22Z","note":"Atlanta's nearest analogue to Denver's Equity Areas: 15 Neighborhood Statistical Areas identified by a City transportation-equity analysis, split Tier 1 (10, persistent risk) / Tier 2 (5, improving). PLANNING LAYER, NOT A PERMIT TERM -- unlike Denver's Equity Areas it is not known to bind any operator obligation. Nothing here supports a compliance pass/fail until the ATLDOT shared-mobility permit is read."},"features":[{"type":"Feature","id":1,"geometry":{"type":"Polygon","coordinates":[[[-84.4695172271706,33.7602314338947],[-84.4694212266756,33.7597024339535],[-84.4693472265713,33.7594514341109],[-84.4693232272213,33.759373434234],[-84.4692212278441,33.759028434486],[-84.4691952272503,33.7588714322162],[-84.4691132264988,33.7583764331646],[-84.4689822267817,33.7574994337794],[-84.4689092277073,33.7571024328649],[-84.4690242277542,33.7571614330839],[-84.4690922263496,33.7571874333661],[-84.4693562262931,33.7573334328513],[-84.4695092270294,33.7574174333149],[-84.4702182268354,33.7577294335286],[-84.470719227611,33.7579414331648],[-84.4712522286517,33.7580984330664],[-84.471664227504,33.7582324327976],[-84.4719572271928,33.7583024332036],[-84.4722512277149,33.7583644327802],[-84.4726352287528,33.7584234324207],[-84.4729132279329,33.7584924335362],[-84.4731032279459,33.7585114331939],[-84.4740632296704,33.7586424331008],[-84.4746332279841,33.7587204325705],[-84.4773302299506,33.7591144325996],[-84.4790742292038,33.759369433641],[-84.4795402294437,33.759431433924],[-84.4799102296524,33.7594804335361],[-84.4814852311093,33.7596954324927],[-84.4820032316881,33.7597994331234],[-84.4825382315501,33.7599214337295],[-84.4826402305922,33.7599664328806],[-84.4828912301568,33.7600054330389],[-84.4830452304031,33.7600654328467],[-84.4831952301365,33.7601104338289],[-84.483891230796,33.7603644330307],[-84.4889192324798,33.7628734335651],[-84.4928822334145,33.7647744354369],[-84.4928862341671,33.7648154355332],[-84.4930782341831,33.7654924343699],[-84.4932602339407,33.7660294348016],[-84.4934432338867,33.7667454350702],[-84.4936382341318,33.7670804343837],[-84.4938982347314,33.7675374346324],[-84.4940932341291,33.7678894346866],[-84.4946592349663,33.7688144339444],[-84.4947362346113,33.7689944357322],[-84.494921234872,33.7694254355499],[-84.4950242345486,33.769664435055],[-84.4953152332919,33.7705664353936],[-84.4955502347978,33.7711624344739],[-84.4957742354476,33.7719684357676],[-84.4958612341887,33.7723504354218],[-84.4959092356932,33.7726504357533],[-84.4959562349017,33.7730044357888],[-84.49601623471,33.7735824356464],[-84.496056235127,33.7741674360035],[-84.4960372367216,33.7787444374524],[-84.4960022351068,33.7806254384239],[-84.4959842361136,33.7811004367668],[-84.4959872362984,33.7813034384078],[-84.4959292354003,33.7818864373292],[-84.4958632360251,33.7821974384794],[-84.4957492357777,33.7824944378768],[-84.4954882349773,33.7832154374878],[-84.4951732361892,33.7838204381126],[-84.4949402363257,33.7842704384445],[-84.4947532351,33.7845584378296],[-84.4930172346053,33.786769437508],[-84.4929372342148,33.7868604386379],[-84.4927882355934,33.7867724386386],[-84.4924762355607,33.7866194382214],[-84.4922352349349,33.7864904381898],[-84.4921052352699,33.7864144395461],[-84.4918532344332,33.786313438677],[-84.4915302357083,33.7862034382475],[-84.4912152347787,33.7861314375022],[-84.4903382348935,33.7858424377206],[-84.4900442344886,33.7856974374052],[-84.4895422340789,33.7854374382887],[-84.489081234439,33.7850694379276],[-84.4887632336789,33.7848094379727],[-84.4884222342819,33.7844814380757],[-84.4873892332647,33.7833004385796],[-84.4868882329555,33.7827624378863],[-84.4865832334204,33.7824674379244],[-84.4864042327263,33.7823244379224],[-84.4862932330662,33.7822564373563],[-84.4861622346344,33.7821764379419],[-84.4859012330353,33.7820624373051],[-84.4854622330996,33.7819334373286],[-84.4849092322099,33.781815438715],[-84.4831362318891,33.7814594373955],[-84.482592232973,33.7812944375154],[-84.4823412326618,33.7811894382209],[-84.4821222321761,33.7810774373635],[-84.4803762308739,33.7800384384085],[-84.4793582307627,33.7793424372841],[-84.4788662309035,33.7789984371167],[-84.4780282310256,33.7783654363941],[-84.4773992307623,33.7779374365194],[-84.4772272291346,33.7778364384764],[-84.4769472293383,33.7776974376719],[-84.4760302291369,33.7773064377782],[-84.4757122303721,33.7771744369341],[-84.4743032293172,33.7765884365081],[-84.4737432290276,33.7763244370202],[-84.4736642297485,33.7747734374876],[-84.4736162281076,33.7738804367646],[-84.4736052297532,33.7736834365043],[-84.4735092284966,33.7717564362951],[-84.4734722280615,33.7711734356366],[-84.4734322287003,33.7709354353911],[-84.4733762280226,33.7707234361045],[-84.4732042273457,33.7704854355293],[-84.4730162288882,33.7702654343855],[-84.4719482283447,33.7691434358681],[-84.471205228405,33.7683664355304],[-84.4706022280212,33.7676994353454],[-84.4704292268147,33.7673924352792],[-84.4703072280521,33.7671344359397],[-84.4702062278723,33.7668644343457],[-84.4701222262931,33.7665674351067],[-84.4700682276322,33.7662804343905],[-84.4700392273782,33.7659984349661],[-84.4700202272134,33.7652074342873],[-84.4700372271974,33.7636264344296],[-84.4699872276903,33.763086433829],[-84.4697512263242,33.7616314340894],[-84.4695172271706,33.7602314338947]]]},"properties":{"OBJECTID":1,"PlanningRegion":"Atlanta Regional Commission","ARCModel":"Yes","GeoID":"I04","LogRecNo":4686,"SumLev":"NSA","Name":"NSA I04","SqMileage":1.936719,"p_NoVehicleAvailable":24.3,"num_NoVehicleAvailable":559,"p_AgeUnder18":17.5,"num_AgeUnder18":823,"p_AgeOver65":27.7,"num_AgeOver65":1300,"p_WithDisability":16.6,"num_WithDisability":782,"p_BelowPovertyLine":30.2,"num_BelowPovertyLine":1418,"p_NoHealthInsurance":27.3,"num_NoHealthInsurance":1283,"p_PublicTransitCommute":11.6,"num_PublicTransitCommute":212,"p_SingleParentFamily":16.6,"num_SingleParentFamily":383,"TotalPopulation":4701,"TotalOccupiedHouseholdUnits":2298,"num_NoVehicle":1,"num_Under18":0,"num_Over65":1,"num_Disability":0,"num_Poverty":1,"num_NoInsurance":1,"num_PublicTransit":0,"num_SingleParent":1,"num_Composite":5,"p_NoVehicle":1,"p_Under18":0,"p_Over65":1,"p_Disability":0,"p_Poverty":0,"p_NoInsurance":2,"p_PublicTransit":0,"p_SingleParent":0,"p_Composite":4,"CombinedScore":9,"Shape_Leng":0.0918745737086,"COC":"YES","COCBinary":1,"COC_Tier":"Tier 1","Shape__Area":53965036.088134766,"Shape__Length":30812.085632175415,"Neighborhoods":"Collier Heights"}},{"type":"Feature","id":2,"geometry":{"type":"Polygon","coordinates":[[[-84.5006152348429,33.7379864285809],[-84.5008422343995,33.7380354279623],[-84.5007932356195,33.7381694273406],[-84.5007922358863,33.7381874279629],[-84.5004232349322,33.7394674284212],[-84.499801234775,33.7414324285922],[-84.499435234856,33.742689428869],[-84.4991822350338,33.7435554290673],[-84.4989972351715,33.744147428864],[-84.4985672344476,33.7455274296486],[-84.498172235078,33.7468544293117],[-84.4979982351097,33.747439430735],[-84.4971872335541,33.749431429458],[-84.4971742341735,33.7494504296193],[-84.4967662345594,33.7507174295662],[-84.4966082346048,33.7510854312589],[-84.4965392352025,33.7512474306819],[-84.4964512343961,33.7514524310306],[-84.4957842336213,33.7530884312674],[-84.4955672338421,33.7536074306694],[-84.4945602336715,33.7562714322747],[-84.4943362343997,33.7562544322248],[-84.4941602357276,33.7566034336117],[-84.4941572341768,33.7566214322295],[-84.4933082330212,33.7588164322586],[-84.4931462355904,33.7592764333908],[-84.493012233129,33.7597204335055],[-84.492899233855,33.7601694334984],[-84.4928032332511,33.7606414337478],[-84.4927332343919,33.7610984329648],[-84.4926702342267,33.7617404323996],[-84.4926432331076,33.7625514340726],[-84.4926512338464,33.7630254323945],[-84.4926792322734,33.7634324330049],[-84.4926922339399,33.7635834341672],[-84.4927432338678,33.7640044325041],[-84.4927842343188,33.7642444337318],[-84.4928352338921,33.7645394344409],[-84.4928822334145,33.7647744354369],[-84.4889192324798,33.7628734335651],[-84.483891230796,33.7603644330307],[-84.4831952301365,33.7601104338289],[-84.4830452304031,33.7600654328467],[-84.4828912301568,33.7600054330389],[-84.4826402305922,33.7599664328806],[-84.4826982307681,33.7597074337674],[-84.4827892309963,33.7593214327286],[-84.4829162304253,33.7587314335553],[-84.4829362310351,33.7584624313279],[-84.482941230645,33.7581054329466],[-84.4829302302113,33.7578554312817],[-84.4829102307351,33.7577434315411],[-84.4828732304009,33.7575984334111],[-84.4827662302355,33.7573774330636],[-84.4825352309112,33.7569854315867],[-84.4823802302694,33.7566824330299],[-84.482307230435,33.756487433683],[-84.4821672309898,33.7559364322224],[-84.4819292293691,33.7549814322965],[-84.4818982300356,33.7548254327431],[-84.482235231738,33.754816431612],[-84.4828312296244,33.7547744305577],[-84.4832322294148,33.7547124322712],[-84.4836342303301,33.754606432187],[-84.4839092307387,33.7545184323208],[-84.4841642308074,33.7544304318889],[-84.484453231139,33.7543154317947],[-84.4846582326315,33.7542054324939],[-84.4851482310934,33.7539184312137],[-84.4853822319249,33.7537434315138],[-84.4855932314322,33.7535684312843],[-84.4861232303778,33.7531474319089],[-84.4864042316602,33.7529524317027],[-84.4868442310421,33.7526324309579],[-84.4872682319529,33.7523604308863],[-84.487646231705,33.7521644311405],[-84.4879822314643,33.7520194324328],[-84.4883302320469,33.7519094307428],[-84.4880952318,33.7514824304981],[-84.4880412312405,33.751354430923],[-84.4880422313575,33.7512044293912],[-84.4890102313326,33.7476334315187],[-84.4891802324397,33.7469184301247],[-84.4892982322405,33.7464024302683],[-84.4893832318706,33.7461534284503],[-84.489506231887,33.7459084297284],[-84.4878332312222,33.7460144292232],[-84.4866202309962,33.7453764300004],[-84.4859332301022,33.7450144299809],[-84.4864682314601,33.7442784293867],[-84.4867332309687,33.7439144294592],[-84.485233230064,33.7398124295243],[-84.4802332289501,33.7397124305062],[-84.4793392286208,33.7391134283092],[-84.4791662286389,33.7390454288747],[-84.4792682297046,33.7389864296826],[-84.4794582284164,33.7389184281086],[-84.4799512271564,33.7387754291174],[-84.4803372288029,33.7386274280382],[-84.480529229913,33.7385244283142],[-84.4805872298134,33.7384674288366],[-84.4806252297989,33.7384064290512],[-84.4806812287885,33.7382194286242],[-84.4807102290859,33.7379064283641],[-84.4807692298525,33.7367584283389],[-84.4808102298056,33.7359884287615],[-84.4808472297931,33.7355474279797],[-84.4797152297632,33.7355354283807],[-84.4795132283984,33.7355514280554],[-84.4790092277894,33.7356194282203],[-84.4786832284971,33.7356334282795],[-84.4778412278354,33.7356124282412],[-84.477643228981,33.735588428165],[-84.4772512280928,33.7355174275015],[-84.4772682279188,33.7354474280143],[-84.4772862279102,33.7347724279022],[-84.4774062282189,33.7340964281168],[-84.477423227616,33.7333744279561],[-84.4773822276853,33.7330714269737],[-84.477238226278,33.732659426928],[-84.4771902279637,33.7324334286138],[-84.477180226936,33.7322664265455],[-84.4771922280948,33.7315024279147],[-84.4772202264011,33.7311884270778],[-84.4773162279149,33.7306334264695],[-84.4773572263312,33.7305004273505],[-84.4774592272848,33.7302684270564],[-84.476902227962,33.7300784267641],[-84.476649227083,33.7299734276718],[-84.4765212271146,33.7299034269406],[-84.4764152268525,33.7298224265945],[-84.4763232267153,33.7297304269126],[-84.476063227689,33.7293624274392],[-84.4759042269984,33.729122427011],[-84.4756412271844,33.7286324255894],[-84.4752632276048,33.7279964271443],[-84.4752372267004,33.727930426845],[-84.4752342254201,33.7278474260481],[-84.4756242266291,33.7280144268599],[-84.4759452269827,33.7281044255823],[-84.4795742286618,33.7286484274383],[-84.4799462283936,33.7287424260024],[-84.4802872285931,33.7288834252582],[-84.4814812291818,33.7295804275904],[-84.4822832293943,33.7300534278281],[-84.4825452290579,33.7302454264722],[-84.4827602292115,33.7304574263727],[-84.4834962292631,33.7313274269502],[-84.4836352293534,33.7314494267242],[-84.4837942299577,33.7315524275857],[-84.4840132291981,33.7316474269587],[-84.4842712302532,33.7317104277666],[-84.485581229496,33.7318274271151],[-84.4858382299175,33.7318584274717],[-84.4861052303513,33.7319064273861],[-84.4863552306817,33.7319694264926],[-84.4866072300026,33.7320484270015],[-84.4881062309365,33.732560426244],[-84.4883282302655,33.7326494285344],[-84.4885692303149,33.7327764271405],[-84.4886822307076,33.7328524278871],[-84.4888962308104,33.7330284263773],[-84.4888262312681,33.7344094280488],[-84.4888042306002,33.7348384279807],[-84.4888122326047,33.7351274271928],[-84.4888492311949,33.7354134284743],[-84.4891302309736,33.736441427224],[-84.4891592311668,33.7365414279494],[-84.4892422326256,33.7368244271993],[-84.4897242313556,33.7384244298271],[-84.48983623132,33.7386884278819],[-84.4899872319561,33.7389324287018],[-84.4911832315096,33.7404234286741],[-84.4912922328005,33.740640428152],[-84.4914082321464,33.7410254287358],[-84.4937482334908,33.7405914291037],[-84.4939822346194,33.7405394282586],[-84.4941702325371,33.740463427952],[-84.4943382313324,33.7403604290116],[-84.4945442330203,33.7401764289298],[-84.4946412329864,33.7401074283106],[-84.4947762327817,33.7400374294974],[-84.4949392340907,33.7399834289784],[-84.4951592330213,33.7399544282592],[-84.4964222344822,33.7399524276954],[-84.4965392349331,33.7399354282632],[-84.4963222339728,33.7393844290797],[-84.4962532328599,33.7391994279601],[-84.4961332330379,33.7387534294192],[-84.496248232863,33.7387414289636],[-84.4990602335557,33.738777427546],[-84.4992412346945,33.738756427535],[-84.4993472357326,33.7387224282366],[-84.4994542348342,33.7386674284379],[-84.4995472332083,33.7385974285054],[-84.4996222339762,33.7385134274608],[-84.4996812332261,33.7384094275599],[-84.4998912344121,33.7379074277175],[-84.4999092344509,33.7378364279749],[-84.5001032351128,33.7378774272294],[-84.5006152348429,33.7379864285809]]]},"properties":{"OBJECTID":2,"PlanningRegion":"Atlanta Regional Commission","ARCModel":"Yes","GeoID":"I05","LogRecNo":4687,"SumLev":"NSA","Name":"NSA I05","SqMileage":1.36704,"p_NoVehicleAvailable":31,"num_NoVehicleAvailable":534,"p_AgeUnder18":31.2,"num_AgeUnder18":1498,"p_AgeOver65":14.1,"num_AgeOver65":680,"p_WithDisability":16.2,"num_WithDisability":778,"p_BelowPovertyLine":38.7,"num_BelowPovertyLine":1853,"p_NoHealthInsurance":19,"num_NoHealthInsurance":913,"p_PublicTransitCommute":30.2,"num_PublicTransitCommute":484,"p_SingleParentFamily":24.7,"num_SingleParentFamily":426,"TotalPopulation":4809,"TotalOccupiedHouseholdUnits":1722,"num_NoVehicle":1,"num_Under18":0,"num_Over65":0,"num_Disability":0,"num_Poverty":1,"num_NoInsurance":0,"num_PublicTransit":1,"num_SingleParent":2,"num_Composite":5,"p_NoVehicle":1,"p_Under18":1,"p_Over65":0,"p_Disability":0,"p_Poverty":1,"p_NoInsurance":0,"p_PublicTransit":2,"p_SingleParent":0,"p_Composite":5,"CombinedScore":10,"Shape_Leng":0.126773084023,"COC":"YES","COCBinary":1,"COC_Tier":"Tier 1","Shape__Area":38091231.40600586,"Shape__Length":42647.30580431506,"Neighborhoods":"Ivan Hill"}},{"type":"Feature","id":3,"geometry":{"type":"Polygon","coordinates":[[[-84.4138802110857,33.763455436415],[-84.4126112100597,33.7634494364181],[-84.4112112100057,33.7634434368265],[-84.4100082102457,33.7634414377127],[-84.4088842098586,33.7634394368782],[-84.4077652090939,33.7634394375491],[-84.4063622091552,33.7634384362715],[-84.4052062088782,33.7634384368978],[-84.4040172082542,33.7634374370274],[-84.4036752087022,33.7634374368821],[-84.4029402072893,33.7634374376151],[-84.402834208267,33.7631284364794],[-84.4027702082802,33.7628504367048],[-84.4027472083272,33.7626424376868],[-84.4027322084505,33.7625114371893],[-84.4027322083537,33.7620664360119],[-84.4027422069742,33.7611564364976],[-84.4027462072187,33.7608424360575],[-84.4027652071116,33.7600334368379],[-84.4027572061142,33.7598264360199],[-84.4027652073732,33.75910743646],[-84.4027772070063,33.7580624361234],[-84.4027902081257,33.7568654364183],[-84.4027942086368,33.7565264355882],[-84.4027962066962,33.7563374350908],[-84.402803206824,33.7551034354129],[-84.4028062073223,33.7546304351928],[-84.4040572084312,33.754626434531],[-84.4054772076334,33.7546224334043],[-84.4065032071761,33.7547124356571],[-84.406929209255,33.7547064344907],[-84.4071432084949,33.7547064343722],[-84.4074892089322,33.754707435156],[-84.4076052089336,33.7547074351248],[-84.4077452092323,33.7547074350036],[-84.4078682089705,33.7547084345152],[-84.4090082093129,33.7547104351145],[-84.4094742090965,33.7547114345459],[-84.4100812093389,33.7546874345171],[-84.4103552099107,33.7546884348691],[-84.4110462106882,33.7546914347042],[-84.4117982099279,33.7546964347613],[-84.4127752100972,33.7547014354096],[-84.4135602111525,33.7546834334717],[-84.4139182093046,33.7547084348535],[-84.4143772106917,33.7547104351376],[-84.4146832110238,33.754712434637],[-84.415147211331,33.7547144346378],[-84.4175582125739,33.7547264335244],[-84.4175442126732,33.7555704346363],[-84.4175322115169,33.7563454352024],[-84.4175302120953,33.7564854345736],[-84.4175292103445,33.7565484342716],[-84.4175272127588,33.7566264341046],[-84.4175272112187,33.7566444356292],[-84.4175132121832,33.7574544351087],[-84.4175482101747,33.7578084344239],[-84.4175302122486,33.758172435266],[-84.4175202119797,33.7591004357466],[-84.4175132120553,33.7597814355419],[-84.4175062113591,33.7604314364191],[-84.4174862113253,33.7622434358857],[-84.417482211788,33.7626174362025],[-84.4174722111456,33.7634814375888],[-84.4156412103871,33.7634664369533],[-84.4151142117759,33.7634624378496],[-84.4147622109025,33.7634604354905],[-84.4138802110857,33.763455436415]]]},"properties":{"OBJECTID":3,"PlanningRegion":"Atlanta Regional Commission","ARCModel":"Yes","GeoID":"L01","LogRecNo":4694,"SumLev":"NSA","Name":"NSA L01","SqMileage":0.512427,"p_NoVehicleAvailable":49.2,"num_NoVehicleAvailable":852,"p_AgeUnder18":20.5,"num_AgeUnder18":881,"p_AgeOver65":11.4,"num_AgeOver65":490,"p_WithDisability":14,"num_WithDisability":601,"p_BelowPovertyLine":38.8,"num_BelowPovertyLine":1643,"p_NoHealthInsurance":18.5,"num_NoHealthInsurance":793,"p_PublicTransitCommute":28.5,"num_PublicTransitCommute":453,"p_SingleParentFamily":15.3,"num_SingleParentFamily":265,"TotalPopulation":4301,"TotalOccupiedHouseholdUnits":1733,"num_NoVehicle":2,"num_Under18":0,"num_Over65":0,"num_Disability":0,"num_Poverty":1,"num_NoInsurance":0,"num_PublicTransit":1,"num_SingleParent":0,"num_Composite":4,"p_NoVehicle":2,"p_Under18":0,"p_Over65":0,"p_Disability":0,"p_Poverty":1,"p_NoInsurance":0,"p_PublicTransit":2,"p_SingleParent":0,"p_Composite":5,"CombinedScore":9,"Shape_Leng":0.0468824238283,"COC":"YES","COCBinary":1,"COC_Tier":"Tier 1","Shape__Area":14278181.064697266,"Shape__Length":15300.714554926011,"Neighborhoods":"Vine City"}},{"type":"Feature","id":4,"geometry":{"type":"Polygon","coordinates":[[[-84.4748992243049,33.6979354214388],[-84.4753732252548,33.69791041971],[-84.4764672262858,33.6979204199971],[-84.4774522252668,33.6979304197487],[-84.4789552257889,33.6979864198534],[-84.4802802251424,33.6980214193525],[-84.4806862275966,33.6980134200643],[-84.4809012269599,33.6979894194249],[-84.4810432267848,33.6979874198631],[-84.4816402286155,33.6979034199144],[-84.4820572267717,33.6978124199863],[-84.4822672268244,33.6977534191541],[-84.4824742278322,33.6976844208051],[-84.482902227572,33.6975114199395],[-84.4829372272359,33.6974924198217],[-84.4830012278771,33.6974824197564],[-84.483237227647,33.6980554201806],[-84.4833122278982,33.6981464201257],[-84.4832282279819,33.6982034201585],[-84.4825392286477,33.6986684198206],[-84.4822222272734,33.6989014200789],[-84.481081226717,33.6998734210596],[-84.4803822268565,33.7004214202049],[-84.4796642270262,33.7009294198805],[-84.4791162268376,33.7012634195624],[-84.4785062260081,33.7016194214511],[-84.4782662270037,33.7017354214802],[-84.4780172244102,33.7018354212331],[-84.4771022257455,33.7021184205522],[-84.4761632256974,33.7023614214877],[-84.4742842255009,33.702708420761],[-84.4740892253884,33.7027134216743],[-84.4729522244184,33.702657421485],[-84.4724842242032,33.7026344208933],[-84.4711702242345,33.7025704208123],[-84.4706992259012,33.7025624226689],[-84.4700822241193,33.7025794210707],[-84.4698912242525,33.7025964210581],[-84.4696662239199,33.7026164210168],[-84.469325223947,33.7026934210419],[-84.4687212246349,33.7028904225237],[-84.4680332230033,33.7031154205811],[-84.4678382228007,33.7031934208686],[-84.4669662231087,33.7036794204904],[-84.466675224605,33.7038204213362],[-84.4663222233095,33.7039534217995],[-84.46595422304,33.7040524217224],[-84.4646292237182,33.7042724215976],[-84.46376222251,33.7044144221129],[-84.4636252216951,33.7044484222089],[-84.4632812236107,33.7045344221622],[-84.4623352213244,33.7048294220173],[-84.4619342219157,33.7049544216003],[-84.4588452204222,33.7059174231448],[-84.4583422203124,33.7060944229034],[-84.4574562203262,33.7064404228686],[-84.457243220662,33.7065244232093],[-84.4556852199142,33.7071354228643],[-84.455016220689,33.707398423498],[-84.4533942197611,33.708034423144],[-84.4519002190659,33.7086204236403],[-84.4507412187228,33.7090744238771],[-84.4506182174139,33.7091234224625],[-84.4488432183681,33.7098194245851],[-84.4485332177134,33.7099564254435],[-84.4481822177501,33.7101444239792],[-84.4475982162704,33.7105094236063],[-84.4469302163761,33.7109054243967],[-84.4468512171039,33.7109434237307],[-84.4466252180144,33.7110354239544],[-84.4464152182807,33.7110994234551],[-84.4458762178526,33.7112004242336],[-84.4437002165606,33.7115714254122],[-84.4436832169032,33.7114654238338],[-84.4437762164091,33.7084024230297],[-84.443807217315,33.707402423885],[-84.4438322167034,33.7061984229064],[-84.4438442174402,33.7057644231168],[-84.4438552162742,33.7056234228918],[-84.44443221773,33.7056144230815],[-84.4463132169172,33.7056044231944],[-84.4463842165931,33.7056074245763],[-84.4480182181404,33.7056834234488],[-84.4494532180989,33.7056364226817],[-84.4495392182206,33.7023144219475],[-84.4496522187084,33.7004114219559],[-84.4496682182046,33.6987474206221],[-84.4496852171731,33.698448420476],[-84.4496932181354,33.6982964207805],[-84.4496932184246,33.6981264206038],[-84.4533562190873,33.6990494210696],[-84.4534812188092,33.6990784205131],[-84.4542182197345,33.6992494205901],[-84.456165219691,33.6993594225075],[-84.4569352202103,33.6992454212116],[-84.4573462198857,33.6991864212796],[-84.4579342218263,33.6990754205835],[-84.4588132216568,33.6987764209309],[-84.4589922206578,33.6986794214999],[-84.4596662204069,33.698316420158],[-84.4605542217318,33.6978144201137],[-84.4606882207873,33.6976784202042],[-84.4608912214915,33.6976824209008],[-84.4612102217623,33.6976794201838],[-84.461570221855,33.6976684204302],[-84.4621892228524,33.6976694209388],[-84.4651252223905,33.6976734195007],[-84.4657982222321,33.6976744202442],[-84.466175222597,33.6977844211341],[-84.4665752232694,33.6977894198005],[-84.4683182247738,33.6978434210725],[-84.4685992236165,33.6978064202814],[-84.4699452230729,33.6976954201561],[-84.4726052246191,33.6978674196941],[-84.4732572241337,33.697827420657],[-84.4748582252677,33.6977714196409],[-84.4748992243049,33.6979354214388]]]},"properties":{"OBJECTID":4,"PlanningRegion":"Atlanta Regional Commission","ARCModel":"Yes","GeoID":"R01","LogRecNo":4712,"SumLev":"NSA","Name":"NSA R01","SqMileage":0.921989,"p_NoVehicleAvailable":31.7,"num_NoVehicleAvailable":1003,"p_AgeUnder18":25,"num_AgeUnder18":1651,"p_AgeOver65":20,"num_AgeOver65":1323,"p_WithDisability":16.9,"num_WithDisability":1116,"p_BelowPovertyLine":37.5,"num_BelowPovertyLine":2465,"p_NoHealthInsurance":21.4,"num_NoHealthInsurance":1412,"p_PublicTransitCommute":15.2,"num_PublicTransitCommute":321,"p_SingleParentFamily":14.4,"num_SingleParentFamily":456,"TotalPopulation":6602,"TotalOccupiedHouseholdUnits":3160,"num_NoVehicle":2,"num_Under18":1,"num_Over65":1,"num_Disability":1,"num_Poverty":2,"num_NoInsurance":1,"num_PublicTransit":1,"num_SingleParent":2,"num_Composite":11,"p_NoVehicle":1,"p_Under18":0,"p_Over65":0,"p_Disability":0,"p_Poverty":1,"p_NoInsurance":1,"p_PublicTransit":0,"p_SingleParent":0,"p_Composite":3,"CombinedScore":14,"Shape_Leng":0.0964156338169,"COC":"YES","COCBinary":1,"COC_Tier":"Tier 1","Shape__Area":25689981.755371094,"Shape__Length":30602.539941282525,"Neighborhoods":"Campbellton Road, Fort Valley, Pomona Park"}},{"type":"Feature","id":5,"geometry":{"type":"Polygon","coordinates":[[[-84.4992612319998,33.6982924196228],[-84.4992222323016,33.6983584188149],[-84.4990312336649,33.6989934200296],[-84.4986532320184,33.7001054200552],[-84.4983452323082,33.7010334194243],[-84.498280231394,33.7012544193599],[-84.4981202303387,33.7019594207936],[-84.4979662316126,33.7025164201076],[-84.4978152317406,33.7033834205417],[-84.4978022324274,33.7036064203872],[-84.4977692312748,33.7039844212583],[-84.4977492321624,33.7044244204984],[-84.4977502317517,33.704585420772],[-84.4977502319013,33.7046234202917],[-84.4977092327164,33.7051234207561],[-84.4977052337838,33.7054494208665],[-84.4977322321609,33.7061394205357],[-84.4977822324157,33.7066274211682],[-84.4978812320907,33.7072444205215],[-84.4979352327213,33.7075204204114],[-84.4981172312558,33.7083574215629],[-84.4983322332738,33.7092024215893],[-84.4986282322384,33.7100494224518],[-84.4989792327112,33.7108934234719],[-84.4994172335428,33.7117454220637],[-84.4998862333249,33.7125864234724],[-84.5001892325803,33.7130924230549],[-84.5004212337526,33.7134774227912],[-84.5008502340771,33.7143504226451],[-84.5012402356191,33.7152344230283],[-84.501346234218,33.7154474229188],[-84.5011082323636,33.7154924228035],[-84.5011802347136,33.7156454230176],[-84.5016282338407,33.7165604234405],[-84.5019142345756,33.7172324234878],[-84.502182233537,33.7182344231323],[-84.5011342337373,33.7178144244547],[-84.4984342329427,33.7167144235597],[-84.4965342330724,33.7153144244464],[-84.492833231138,33.7167144231735],[-84.4904672311253,33.7152594237772],[-84.4902352309335,33.7151164229036],[-84.488430230044,33.7144144231272],[-84.4864392285581,33.7155794223368],[-84.484124227418,33.7172064241149],[-84.4838262279089,33.7174194245703],[-84.48133022721,33.7147494244421],[-84.480564228337,33.7139414228552],[-84.4778332268714,33.7112144228382],[-84.476033226143,33.7100144232473],[-84.4759332256266,33.709914423593],[-84.4748332263679,33.7083144229578],[-84.4745142259729,33.7081244236203],[-84.4745852243355,33.7092514235439],[-84.4746332264331,33.7102854230265],[-84.4746212268864,33.7111894228643],[-84.4745562258321,33.7124504240094],[-84.4745312262303,33.7125864239943],[-84.4744782260966,33.7127144230035],[-84.4738502253959,33.7137604244279],[-84.4737972264548,33.7138974234785],[-84.4737152261655,33.7142164240393],[-84.4736532260871,33.7143964238472],[-84.4735702248967,33.7145784242858],[-84.4734102264616,33.7148634238954],[-84.4732272255486,33.7151434238798],[-84.4729452241133,33.7155214232983],[-84.4728302251824,33.7156344247069],[-84.4725502266522,33.7158534234248],[-84.4724182242863,33.7159864247597],[-84.4722662256041,33.7162194242452],[-84.4718432258442,33.7170364247784],[-84.4717412252883,33.71700642342],[-84.4712922250226,33.717006423469],[-84.4711322247529,33.7169724242235],[-84.4710382243253,33.7169214245832],[-84.4709582252298,33.7168464234013],[-84.4709082256391,33.7167634254047],[-84.470885224993,33.7166654249227],[-84.4709042247111,33.7150264247323],[-84.4709162249429,33.7149194242161],[-84.4709592252341,33.7147864237479],[-84.471031225834,33.7146634224297],[-84.47111222471,33.7145704241185],[-84.4714372257058,33.7142624239713],[-84.4715242249038,33.7141444238189],[-84.4715892247473,33.7140164244199],[-84.4716362250054,33.7138354239489],[-84.4716482256698,33.7135744236537],[-84.4716292247069,33.7134224238661],[-84.4715822247188,33.7132884244775],[-84.4715172250346,33.7131754240406],[-84.4714322250516,33.7130714236814],[-84.4713162248669,33.7129714237416],[-84.4711962251917,33.7128964239251],[-84.4709752248989,33.7127904231655],[-84.4696312246432,33.7122574238252],[-84.4687562238831,33.7129574237587],[-84.4686492242338,33.7130914239397],[-84.4686002242733,33.7132274237065],[-84.4685932232659,33.7133344244387],[-84.4687072248777,33.7152334238438],[-84.4687832240649,33.7155724247672],[-84.4689602244495,33.7160234241257],[-84.4691052242196,33.7164164239366],[-84.4691962253016,33.7168014255679],[-84.469237225589,33.7171784238576],[-84.4692372256314,33.717648424901],[-84.4692162248458,33.7192514250395],[-84.4691982266257,33.7205484254419],[-84.4692192245836,33.7206454248352],[-84.4670432236662,33.7210964264235],[-84.4667482243517,33.7211854257306],[-84.4659202247416,33.7214914259027],[-84.4642092229524,33.722125426255],[-84.4634482224686,33.7224074257373],[-84.4632392232908,33.722472426057],[-84.463023222853,33.722520425839],[-84.462779224693,33.7225534265761],[-84.4625502228473,33.7225644256238],[-84.462321222705,33.722556425415],[-84.4621192237458,33.7225334260356],[-84.4618072232652,33.7224794251671],[-84.4599742227617,33.7221564261016],[-84.4578582214565,33.7217834257134],[-84.4564982202371,33.72154342591],[-84.4554712202085,33.721362426325],[-84.4548182208145,33.7212484266066],[-84.4544732211253,33.7212154260675],[-84.4540522202317,33.7212204259885],[-84.4536292201507,33.7212764260001],[-84.4532232205503,33.7213824262443],[-84.4528392206595,33.7215344254674],[-84.4525352215951,33.721699426004],[-84.4520352202167,33.7220304259433],[-84.4519942198882,33.7219644255291],[-84.4519882190818,33.7218994262401],[-84.4525792194207,33.7192334259051],[-84.4529122203979,33.7176274247005],[-84.453246219839,33.7160174246498],[-84.4534702183379,33.714936423373],[-84.4535212197664,33.7147884247434],[-84.4540332208247,33.7132434237691],[-84.4542462207208,33.7125904233678],[-84.4545502208703,33.7116684240039],[-84.4547592191648,33.7111854244797],[-84.455344219207,33.7101544229831],[-84.4554762203768,33.7098424224005],[-84.4555642201771,33.7095434237226],[-84.4556092202343,33.7092954233494],[-84.4556312206645,33.7090564239248],[-84.4556852199142,33.7071354228643],[-84.457243220662,33.7065244232093],[-84.4574562203262,33.7064404228686],[-84.4583422203124,33.7060944229034],[-84.4588452204222,33.7059174231448],[-84.4619342219157,33.7049544216003],[-84.4623352213244,33.7048294220173],[-84.4632812236107,33.7045344221622],[-84.4636252216951,33.7044484222089],[-84.46376222251,33.7044144221129],[-84.4646292237182,33.7042724215976],[-84.46595422304,33.7040524217224],[-84.4663222233095,33.7039534217995],[-84.466675224605,33.7038204213362],[-84.4669662231087,33.7036794204904],[-84.4678382228007,33.7031934208686],[-84.4680332230033,33.7031154205811],[-84.4687212246349,33.7028904225237],[-84.469325223947,33.7026934210419],[-84.4696662239199,33.7026164210168],[-84.4698912242525,33.7025964210581],[-84.4700822241193,33.7025794210707],[-84.4706992259012,33.7025624226689],[-84.4711702242345,33.7025704208123],[-84.4724842242032,33.7026344208933],[-84.4729522244184,33.702657421485],[-84.4740892253884,33.7027134216743],[-84.4742842255009,33.702708420761],[-84.4761632256974,33.7023614214877],[-84.4771022257455,33.7021184205522],[-84.4780172244102,33.7018354212331],[-84.4782662270037,33.7017354214802],[-84.4785062260081,33.7016194214511],[-84.4791162268376,33.7012634195624],[-84.4796642270262,33.7009294198805],[-84.4803822268565,33.7004214202049],[-84.481081226717,33.6998734210596],[-84.4822222272734,33.6989014200789],[-84.4825392286477,33.6986684198206],[-84.4832282279819,33.6982034201585],[-84.4833122278982,33.6981464201257],[-84.483237227647,33.6980554201806],[-84.4830012278771,33.6974824197564],[-84.4829492273764,33.6973724204502],[-84.4829482277618,33.6972724207282],[-84.4831942279553,33.6971654191236],[-84.4834552267719,33.6970054195333],[-84.4837082278522,33.6968374196419],[-84.4839532264192,33.6966604195684],[-84.4850872279801,33.695802419437],[-84.4858932273048,33.6952024194435],[-84.4862552273953,33.6949064186992],[-84.4867672287671,33.6945384184519],[-84.4880872290803,33.6934974187828],[-84.4889432290323,33.6928614195832],[-84.4896072283911,33.6923514186178],[-84.4900602292245,33.6919854180867],[-84.4901962282424,33.6921314187995],[-84.4910802287989,33.6914684186459],[-84.4912732295686,33.6912904188476],[-84.4914152297891,33.6911834179629],[-84.4916372282521,33.6910274185521],[-84.4918462306641,33.6909084174499],[-84.4920982292911,33.6907734181925],[-84.492494228416,33.6905924183262],[-84.4929422301213,33.6904334174737],[-84.4931082299831,33.690380418484],[-84.4931542304052,33.6903724173279],[-84.4931912302168,33.6903714178968],[-84.4938962301661,33.6902914175971],[-84.4942712293571,33.6902794182427],[-84.494482230359,33.6902584179686],[-84.4945892310512,33.6902534174557],[-84.4951452304144,33.6902464179629],[-84.4955662299458,33.6902444171377],[-84.4959342308967,33.6902424172635],[-84.4960272306595,33.6902464171302],[-84.4962062303941,33.6902404180967],[-84.4965862304912,33.6902374176977],[-84.4984012316424,33.6902784175904],[-84.4988482313738,33.6902954176298],[-84.4993622328313,33.6903214172803],[-84.4999382316866,33.6903154180502],[-84.5001552322718,33.6903124179189],[-84.5001732314293,33.6906274178252],[-84.5001852321848,33.691635418036],[-84.5001742324125,33.6939034174686],[-84.5001582319271,33.6941074180736],[-84.5001532321815,33.6941744186333],[-84.5001312319494,33.6944524175638],[-84.500076232634,33.694963417941],[-84.4999732317696,33.6956004186348],[-84.4998972315497,33.6960714192393],[-84.4996932323824,33.696921419733],[-84.4995152324128,33.6975964186849],[-84.4994922316889,33.6976814197278],[-84.4994122319718,33.6978934189178],[-84.4992612319998,33.6982924196228]]]},"properties":{"OBJECTID":5,"PlanningRegion":"Atlanta Regional Commission","ARCModel":"Yes","GeoID":"R02","LogRecNo":4713,"SumLev":"NSA","Name":"NSA R02","SqMileage":3.155,"p_NoVehicleAvailable":13.5,"num_NoVehicleAvailable":430,"p_AgeUnder18":27.1,"num_AgeUnder18":2061,"p_AgeOver65":11.7,"num_AgeOver65":894,"p_WithDisability":17,"num_WithDisability":1294,"p_BelowPovertyLine":16.5,"num_BelowPovertyLine":1253,"p_NoHealthInsurance":16.3,"num_NoHealthInsurance":1242,"p_PublicTransitCommute":9.4,"num_PublicTransitCommute":333,"p_SingleParentFamily":15.2,"num_SingleParentFamily":482,"TotalPopulation":7613,"TotalOccupiedHouseholdUnits":3173,"num_NoVehicle":0,"num_Under18":2,"num_Over65":0,"num_Disability":1,"num_Poverty":0,"num_NoInsurance":1,"num_PublicTransit":1,"num_SingleParent":2,"num_Composite":7,"p_NoVehicle":0,"p_Under18":0,"p_Over65":0,"p_Disability":0,"p_Poverty":0,"p_NoInsurance":0,"p_PublicTransit":0,"p_SingleParent":0,"p_Composite":0,"CombinedScore":7,"Shape_Leng":0.172676958649,"COC":"YES","COCBinary":1,"COC_Tier":"Tier 1","Shape__Area":87910196.41723633,"Shape__Length":57545.01070206589,"Neighborhoods":"Adams Park, Laurens Valley, Southwest"}},{"type":"Feature","id":6,"geometry":{"type":"Polygon","coordinates":[[[-84.404555207096,33.7374124319591],[-84.4048532065548,33.7376454317574],[-84.4055092066326,33.7381794305926],[-84.405564207196,33.7382244313862],[-84.4057732074898,33.7384154305844],[-84.4060152062896,33.7386724316644],[-84.4061522067483,33.7388404305265],[-84.4063062081243,33.7390294318907],[-84.4065022086103,33.7393784316306],[-84.4067272073635,33.7398674317017],[-84.4069882083999,33.7404384327406],[-84.4071742076347,33.7409474317046],[-84.4072092073308,33.7411744321923],[-84.4072302081247,33.7413744336856],[-84.4072462072107,33.741604432204],[-84.4072082075588,33.7419124318202],[-84.4071692079056,33.7420714319408],[-84.4071162079935,33.7422344320084],[-84.4070542080558,33.7423894320441],[-84.4069642081764,33.7425414335338],[-84.4068622074154,33.7427124327564],[-84.4067222077222,33.7428974318573],[-84.4065492079689,33.7430824326996],[-84.4063952083253,33.7432394324408],[-84.4061442080595,33.7434744321936],[-84.4057332075944,33.7438134326958],[-84.4056452075461,33.7438924312457],[-84.405595207241,33.7439234331795],[-84.4055022074148,33.7439704334111],[-84.4053492083826,33.7440344321845],[-84.4044652075578,33.7443534334302],[-84.4044232070274,33.7442794333493],[-84.4040152073627,33.7435554328524],[-84.4038752067278,33.7433064327211],[-84.4038252068147,33.743160431601],[-84.4036412072325,33.7428064321525],[-84.403160206661,33.7430184321465],[-84.4012242060847,33.7439244333967],[-84.4001332064496,33.7444534345122],[-84.3994052051943,33.7447454334904],[-84.3989502058838,33.7448994330363],[-84.3987122060857,33.7449594331553],[-84.3988562052186,33.7447774327337],[-84.398666205107,33.744839433428],[-84.3982542052587,33.7449324328128],[-84.3980982055727,33.7449564325718],[-84.3980972056533,33.7449944329419],[-84.3980762057196,33.7451344336831],[-84.3966792053953,33.7453504337091],[-84.3963432048872,33.7453774326549],[-84.3955712053043,33.7454844331618],[-84.3950442041668,33.7455224338065],[-84.3949812047584,33.7455264337558],[-84.3944602049029,33.7455704330541],[-84.3944622057986,33.7454054325932],[-84.3944702043831,33.7453514338757],[-84.3941662044116,33.7453724340512],[-84.3941442047665,33.7453684333631],[-84.3938272040945,33.7453734333241],[-84.3936762036673,33.7453764322522],[-84.3935292046,33.7453664325806],[-84.3933432043772,33.7453614336991],[-84.3931402046664,33.745358432233],[-84.3923452030899,33.7453134346235],[-84.3921582034815,33.7452964338365],[-84.3916922048334,33.7452594325058],[-84.3914722031828,33.7452404323422],[-84.3908942022664,33.7451464335091],[-84.3902502030259,33.7450594338424],[-84.3900442032721,33.7449984336717],[-84.389825203627,33.7449254330657],[-84.3900032023594,33.7447824340099],[-84.3901632031684,33.7446524330954],[-84.3902982032354,33.7445444325913],[-84.390524203196,33.744279433761],[-84.390792204595,33.7438984331991],[-84.3909302020568,33.7437004322171],[-84.391193202939,33.7431364315038],[-84.3912072035186,33.7430904332779],[-84.3913692028981,33.7425814329001],[-84.3913942031834,33.7424124313625],[-84.3914312032368,33.7421674325723],[-84.3914652039427,33.7419444315329],[-84.3915502034327,33.7413524328255],[-84.3916082032318,33.7407374314345],[-84.391680203972,33.7399804322306],[-84.3918062030359,33.7390104324522],[-84.3918622033666,33.7373964322806],[-84.3918652030659,33.736839431518],[-84.3918862020673,33.7353094326247],[-84.3919002032745,33.7343354309233],[-84.3919242036498,33.7325944316227],[-84.3920242023999,33.731813430321],[-84.3920662028928,33.7315504301198],[-84.3920952024748,33.7313674316205],[-84.3921962030977,33.7309214294573],[-84.3922812030974,33.7305124298205],[-84.392423202742,33.7301094301396],[-84.3925572040853,33.7297494314731],[-84.3927422031465,33.7292974314312],[-84.3927742027015,33.7292144301745],[-84.3932902046308,33.7278814288023],[-84.3933962034937,33.72731242999],[-84.3934792035898,33.726780430475],[-84.3935322033366,33.726130429054],[-84.3935512034173,33.7259014304585],[-84.3938222040432,33.7261534292888],[-84.3938622039063,33.7261904292232],[-84.3942792034451,33.7265024288518],[-84.3944082023921,33.726581428823],[-84.3944382033072,33.7265994292154],[-84.3949742038905,33.7268694285678],[-84.3950972039648,33.7269434292849],[-84.395537203294,33.7272084290831],[-84.3957812041507,33.7274024292885],[-84.3963162058935,33.7277084296493],[-84.3966972035866,33.7279174292558],[-84.3970332042391,33.7281494299798],[-84.3970972032416,33.7282024299964],[-84.3974712052141,33.7285994297455],[-84.3980602039079,33.7292864291297],[-84.3980682052484,33.7293124296885],[-84.3980942043824,33.7293264297091],[-84.3991072043454,33.7305094315771],[-84.3998292060479,33.731362430377],[-84.3999232052569,33.7314904298709],[-84.4000092049019,33.7316084296898],[-84.4001942058599,33.7319764298288],[-84.4006212058111,33.7329364300941],[-84.4007332054913,33.7331714306287],[-84.400863206017,33.7334424298634],[-84.4011552076158,33.7340234305363],[-84.4012412055744,33.7342114314381],[-84.4013492061296,33.7343894316508],[-84.4014042059782,33.7344814314376],[-84.4016592067516,33.734881429367],[-84.4017552059573,33.7350324311669],[-84.4019222055256,33.7352244312559],[-84.4023252068434,33.7356254305572],[-84.4023512057746,33.7356514307217],[-84.4028422058069,33.7360754310979],[-84.4032362063682,33.7363774308743],[-84.4032782067665,33.7364154309952],[-84.4037672072353,33.7367974304544],[-84.404555207096,33.7374124319591]]]},"properties":{"OBJECTID":6,"PlanningRegion":"Atlanta Regional Commission","ARCModel":"Yes","GeoID":"V04","LogRecNo":4725,"SumLev":"NSA","Name":"NSA V04","SqMileage":0.756744,"p_NoVehicleAvailable":32.9,"num_NoVehicleAvailable":807,"p_AgeUnder18":35.6,"num_AgeUnder18":1957,"p_AgeOver65":11.7,"num_AgeOver65":641,"p_WithDisability":20.4,"num_WithDisability":1119,"p_BelowPovertyLine":44.3,"num_BelowPovertyLine":2425,"p_NoHealthInsurance":19.3,"num_NoHealthInsurance":1058,"p_PublicTransitCommute":26.3,"num_PublicTransitCommute":458,"p_SingleParentFamily":28,"num_SingleParentFamily":685,"TotalPopulation":5493,"TotalOccupiedHouseholdUnits":2450,"num_NoVehicle":1,"num_Under18":1,"num_Over65":0,"num_Disability":1,"num_Poverty":2,"num_NoInsurance":0,"num_PublicTransit":1,"num_SingleParent":2,"num_Composite":8,"p_NoVehicle":1,"p_Under18":1,"p_Over65":0,"p_Disability":1,"p_Poverty":2,"p_NoInsurance":0,"p_PublicTransit":2,"p_SingleParent":1,"p_Composite":8,"CombinedScore":16,"Shape_Leng":0.0622754439674,"COC":"YES","COCBinary":1,"COC_Tier":"Tier 1","Shape__Area":21085676.697998047,"Shape__Length":21084.96215732003,"Neighborhoods":"Mechanicsville"}},{"type":"Feature","id":7,"geometry":{"type":"Polygon","coordinates":[[[-84.3798841972773,33.7173744279678],[-84.379462198888,33.7168174280998],[-84.379212198242,33.7165124272868],[-84.3790721985747,33.7163324279297],[-84.3786321998136,33.7157474279337],[-84.3785431979585,33.7156064265223],[-84.3783981998596,33.7153524275135],[-84.3781281980615,33.7148484278501],[-84.3776931978737,33.7139674265729],[-84.377232197319,33.7130034267399],[-84.3771431979626,33.7128224265443],[-84.3768251973499,33.7121734264412],[-84.3766111973377,33.7117844267673],[-84.3764301962108,33.711572427238],[-84.3762261973014,33.7113334265226],[-84.3758511966696,33.7109894272272],[-84.3753701967544,33.710636426987],[-84.3750361968651,33.7104344253195],[-84.3745371988392,33.7102224269711],[-84.3737851964636,33.7099564267553],[-84.3737891968991,33.7098984269609],[-84.373850197358,33.7095904260694],[-84.3739531964143,33.7092894254984],[-84.3740961968201,33.7090004264107],[-84.3742281962218,33.7087944264875],[-84.3746011966059,33.7082864267506],[-84.3747271970887,33.7081344260957],[-84.3747711968931,33.7080904266097],[-84.3748691961567,33.7079934265755],[-84.3753521987354,33.707601425456],[-84.375943197161,33.7081164261415],[-84.3767411988057,33.7088054264611],[-84.3771151968912,33.709108425429],[-84.3780641980531,33.7086804253536],[-84.37820919763,33.7087354264655],[-84.3781161976134,33.7089174265539],[-84.3780101971491,33.7090414259669],[-84.3778791971841,33.7091334265779],[-84.3776281980778,33.7092474261089],[-84.3771341976941,33.7094714264705],[-84.3770761976147,33.7095454263828],[-84.3770751963236,33.7096334266759],[-84.3777161983847,33.7104704259715],[-84.3777911978269,33.710524426364],[-84.3778761976805,33.7105564271004],[-84.3779691982073,33.7105684260567],[-84.3780611986743,33.7105584270115],[-84.3781521976306,33.7105254264201],[-84.3782191980152,33.7104824268612],[-84.3784771972427,33.7107484266604],[-84.3798951991362,33.7101304262877],[-84.3813111987959,33.7095124266236],[-84.3809281991399,33.7086054255495],[-84.3810391988209,33.708574425891],[-84.3828241991103,33.7085884261768],[-84.3834671999237,33.7085934252513],[-84.384882199829,33.7086044253366],[-84.384879198259,33.7094204245888],[-84.384863200154,33.7097154260477],[-84.3848492005647,33.7097734258146],[-84.3846132000196,33.7100664253056],[-84.3844812006712,33.7102954268004],[-84.3844481999102,33.7104314266938],[-84.3844561997719,33.7108874260909],[-84.3845661982397,33.7112684266083],[-84.3852161997005,33.7111444269286],[-84.3860681998605,33.7111384254055],[-84.3871532004595,33.711140426556],[-84.3872201999302,33.7111404259671],[-84.3882782006479,33.711146426439],[-84.3882912016749,33.710312426728],[-84.3882931992079,33.7101614255037],[-84.3883022006173,33.709579425609],[-84.3883032011973,33.7095044263089],[-84.3883071999986,33.7092064244828],[-84.3883902019224,33.7092194253633],[-84.3884652010472,33.7092304262452],[-84.3885332006401,33.7092314257994],[-84.3886252005046,33.709226425818],[-84.388681201785,33.7092244244791],[-84.388781200076,33.7092264258351],[-84.3888372010397,33.7092314258284],[-84.3889162018765,33.7092504259941],[-84.3889622010371,33.7092744266068],[-84.3890002010562,33.7091224264341],[-84.3890262017397,33.7090784263352],[-84.3890562005072,33.7090314255162],[-84.3890922019611,33.7089944259323],[-84.3891662004439,33.7089224257288],[-84.3892942013975,33.7088654264925],[-84.3894642009236,33.7088454259063],[-84.3895932011374,33.7088454258042],[-84.3897372001019,33.7088714267501],[-84.3898292005008,33.7088964259578],[-84.3902562014889,33.7088964256453],[-84.3906212020646,33.7088964244704],[-84.3906742001598,33.708893425927],[-84.3907242015919,33.7088914264273],[-84.390853201734,33.7088764258685],[-84.3910482017403,33.7088764243715],[-84.3911562027107,33.7089124244532],[-84.3912892020821,33.7090134257549],[-84.3913682016229,33.709067426857],[-84.3914252018284,33.7091934259393],[-84.3914372011487,33.7092684259536],[-84.3914332028708,33.7093384265088],[-84.3914132020833,33.7094094263665],[-84.3913802021523,33.7094834262526],[-84.3913002015914,33.7095904258587],[-84.3911832021527,33.7096594254172],[-84.391104201622,33.7096844259815],[-84.3910352023297,33.7096974261506],[-84.3909782009252,33.7097024265944],[-84.3908862013333,33.7097064265823],[-84.3908192023397,33.7097074254922],[-84.3907152003392,33.7096994261804],[-84.390882201719,33.7097304243492],[-84.3910442019617,33.709779425834],[-84.3910712021372,33.7098844266604],[-84.391064201797,33.7099294259723],[-84.3910582027107,33.7099794258823],[-84.3910512015877,33.7100324265378],[-84.3910432003848,33.7100904260167],[-84.3910292021005,33.7101494264114],[-84.3910102016432,33.7102074260279],[-84.3909822008514,33.7102624259278],[-84.3908992018367,33.7103594258736],[-84.3908462012541,33.7104004259404],[-84.3907892009445,33.7104384262006],[-84.3907322003437,33.7104734257058],[-84.3906852023347,33.7104844264591],[-84.3906332001521,33.7105194258703],[-84.3905602018139,33.7105794267138],[-84.3905212016911,33.7106204274118],[-84.3904842011702,33.7106674259323],[-84.3904162017444,33.7107784264179],[-84.3903862016574,33.7108394267498],[-84.390360202723,33.7109044259096],[-84.3903262020294,33.7110424254286],[-84.3903172012242,33.7111104260859],[-84.3903072013309,33.711173426134],[-84.390298201325,33.7112284266348],[-84.3902732017758,33.7113244257828],[-84.3902352013791,33.7113954255521],[-84.390201202738,33.7114394268378],[-84.3901692011028,33.711483426304],[-84.3901892002674,33.7114924265656],[-84.3904432017293,33.711626426011],[-84.3906882009289,33.7117564261588],[-84.3907512028961,33.7117844265816],[-84.3910072018458,33.7118984259954],[-84.3911152009432,33.7119314262634],[-84.3913212019699,33.711994425936],[-84.3915512028001,33.7120484262745],[-84.3917132020806,33.7120704266121],[-84.3923922013583,33.7120854266068],[-84.3934962019966,33.7121044264749],[-84.3934822021391,33.7133384275403],[-84.3934732026978,33.7141394254551],[-84.3934532030748,33.7158284267731],[-84.3934332031637,33.717071427662],[-84.3934232030577,33.7176964264539],[-84.3934122032561,33.7184144278535],[-84.3934112029266,33.7185104285446],[-84.3934032038349,33.7194694272443],[-84.3932622021671,33.7195084276342],[-84.3928972021717,33.7196224281792],[-84.3922492035808,33.7198384275777],[-84.3912412036224,33.720199428128],[-84.3907182025525,33.7203964286065],[-84.3904152014883,33.7205364286165],[-84.3901502025173,33.7206344283329],[-84.3888512021254,33.7212564278245],[-84.388305202156,33.7214914283455],[-84.3880802009555,33.7216034285464],[-84.3880662016278,33.7218354281682],[-84.3848222006845,33.7209294296447],[-84.3833351983908,33.7204764284661],[-84.383053199965,33.7203614282998],[-84.3828991997285,33.72029842942],[-84.3824821995451,33.7200724273091],[-84.3824302001624,33.720038429093],[-84.382222199496,33.7198984272312],[-84.3817811993522,33.7195724281137],[-84.3816521993568,33.7194534288878],[-84.3814802007366,33.7192864277881],[-84.3809301994042,33.7186674294182],[-84.3801931992218,33.7177814285236],[-84.3798841972773,33.7173744279678]]]},"properties":{"OBJECTID":7,"PlanningRegion":"Atlanta Regional Commission","ARCModel":"Yes","GeoID":"Y03","LogRecNo":4737,"SumLev":"NSA","Name":"NSA Y03","SqMileage":0.641174,"p_NoVehicleAvailable":29,"num_NoVehicleAvailable":384,"p_AgeUnder18":37.4,"num_AgeUnder18":1140,"p_AgeOver65":9.9,"num_AgeOver65":302,"p_WithDisability":24.6,"num_WithDisability":748,"p_BelowPovertyLine":35.5,"num_BelowPovertyLine":1082,"p_NoHealthInsurance":6,"num_NoHealthInsurance":183,"p_PublicTransitCommute":10.9,"num_PublicTransitCommute":124,"p_SingleParentFamily":30.8,"num_SingleParentFamily":408,"TotalPopulation":3046,"TotalOccupiedHouseholdUnits":1326,"num_NoVehicle":0,"num_Under18":0,"num_Over65":0,"num_Disability":0,"num_Poverty":0,"num_NoInsurance":0,"num_PublicTransit":0,"num_SingleParent":2,"num_Composite":2,"p_NoVehicle":1,"p_Under18":1,"p_Over65":0,"p_Disability":2,"p_Poverty":1,"p_NoInsurance":0,"p_PublicTransit":0,"p_SingleParent":2,"p_Composite":7,"CombinedScore":9,"Shape_Leng":0.0697046483449,"COC":"YES","COCBinary":1,"COC_Tier":"Tier 1","Shape__Area":17865371.145751953,"Shape__Length":23030.39688449374,"Neighborhoods":"South Atlanta, The Villages at Carver"}},{"type":"Feature","id":8,"geometry":{"type":"Polygon","coordinates":[[[-84.3598541913695,33.6977814243628],[-84.3602731925751,33.6981444239568],[-84.3604201919802,33.6982954250839],[-84.3613031912025,33.6991524255814],[-84.3618891929348,33.6997864245831],[-84.3620931926301,33.6999944242168],[-84.3626401934521,33.700571424872],[-84.3634481931507,33.7013324247946],[-84.3635641938625,33.7014464248121],[-84.3636491930134,33.7015434246008],[-84.3637381933839,33.701673425134],[-84.3638481931179,33.7018084251696],[-84.3638541932333,33.7018164250676],[-84.3645861941678,33.7023794243035],[-84.3650291948065,33.7026994254542],[-84.3654791946295,33.7030114258968],[-84.3658101923531,33.7033034256245],[-84.3660841941103,33.7035694250424],[-84.3665271944527,33.7040864259598],[-84.3668671933738,33.7046144247742],[-84.3669191944822,33.7047074254514],[-84.3646171946033,33.7071104264202],[-84.3620261928039,33.7087704261181],[-84.3611561937288,33.7094054267449],[-84.3606401932217,33.7097844267561],[-84.3595951925687,33.7090204276114],[-84.359511191294,33.7089594269741],[-84.3591311930336,33.7086814266911],[-84.3587671915536,33.7083904263264],[-84.3583051920331,33.7079774278228],[-84.3569061920507,33.7065344252386],[-84.3565971910706,33.706242427464],[-84.3563451913291,33.7060334269124],[-84.3560791911503,33.7058374267409],[-84.3553161901735,33.705348425984],[-84.3550361911319,33.705700426033],[-84.3548891908716,33.7058354261493],[-84.3547741912883,33.7059094258595],[-84.3546481893029,33.7059704267019],[-84.3545131893589,33.7060154266645],[-84.3543901909795,33.706042426381],[-84.3541911906602,33.7060584265705],[-84.3540101902221,33.706045426012],[-84.3530451903255,33.7058384266396],[-84.3528261908625,33.7058094266586],[-84.3526171911718,33.7057984255604],[-84.3523701896269,33.7058064260794],[-84.3521081909995,33.7058384265395],[-84.3513431897269,33.7060214262141],[-84.3512201896804,33.7060264276142],[-84.3510991891193,33.7060104261779],[-84.3510031897622,33.705981425915],[-84.3509141902298,33.7059394266834],[-84.3508361897766,33.7058844261424],[-84.3507701895055,33.7058194271614],[-84.35071818953,33.7057454258218],[-84.3506831899876,33.7056654265217],[-84.3506631902315,33.7055124260729],[-84.3506871917083,33.7053944257543],[-84.3507441898137,33.705285425356],[-84.3510121894713,33.705019425557],[-84.3511221893765,33.7048544265373],[-84.3511801883392,33.7046584265713],[-84.3511821900771,33.7044094257075],[-84.3498371892645,33.7044114254649],[-84.3495041886816,33.7044124254923],[-84.3495041890334,33.7041264269476],[-84.3495061896836,33.7034754258263],[-84.3494811885602,33.7012774264217],[-84.349484189092,33.7008544254159],[-84.3494911895884,33.7006254249378],[-84.3494881888006,33.7005894259463],[-84.3494931896914,33.699827425196],[-84.3495121894771,33.6990364250571],[-84.3495201885819,33.6987274256005],[-84.3495271892141,33.6985164249606],[-84.3495501896702,33.6981654235966],[-84.3496141898658,33.6972034254247],[-84.3495851883967,33.695519423578],[-84.3495821889138,33.6953134247368],[-84.349486189104,33.693733423949],[-84.3494171897369,33.6925764240878],[-84.3495121891767,33.6926234225823],[-84.349725189394,33.6927304242506],[-84.3505431890979,33.6931654242534],[-84.3526091901741,33.6941334243513],[-84.3547051907356,33.6951504243098],[-84.3557211900493,33.6956164238128],[-84.3563871905339,33.6959224232396],[-84.3567961911055,33.696117424109],[-84.3571681908132,33.6963194243865],[-84.3581841902965,33.6968224240194],[-84.3585161902727,33.6969824240801],[-84.3587231926482,33.6970824243226],[-84.3591151911393,33.6972884234483],[-84.3591281922851,33.6972934245632],[-84.3594271918693,33.697463423421],[-84.3597561917613,33.6976974234622],[-84.3598541913695,33.6977814243628]]]},"properties":{"OBJECTID":8,"PlanningRegion":"Atlanta Regional Commission","ARCModel":"Yes","GeoID":"Z02","LogRecNo":4740,"SumLev":"NSA","Name":"NSA Z02","SqMileage":0.640816,"p_NoVehicleAvailable":41.6,"num_NoVehicleAvailable":309,"p_AgeUnder18":46.2,"num_AgeUnder18":1022,"p_AgeOver65":11.8,"num_AgeOver65":261,"p_WithDisability":8.8,"num_WithDisability":195,"p_BelowPovertyLine":60.7,"num_BelowPovertyLine":1341,"p_NoHealthInsurance":11.2,"num_NoHealthInsurance":248,"p_PublicTransitCommute":12,"num_PublicTransitCommute":72,"p_SingleParentFamily":54.4,"num_SingleParentFamily":404,"TotalPopulation":2211,"TotalOccupiedHouseholdUnits":743,"num_NoVehicle":0,"num_Under18":0,"num_Over65":0,"num_Disability":0,"num_Poverty":1,"num_NoInsurance":0,"num_PublicTransit":0,"num_SingleParent":1,"num_Composite":2,"p_NoVehicle":2,"p_Under18":2,"p_Over65":0,"p_Disability":0,"p_Poverty":2,"p_NoInsurance":0,"p_PublicTransit":0,"p_SingleParent":2,"p_Composite":8,"CombinedScore":10,"Shape_Leng":0.0567456607779,"COC":"YES","COCBinary":1,"COC_Tier":"Tier 1","Shape__Area":17855295.14794922,"Shape__Length":18918.621046745415,"Neighborhoods":"Thomasville Heights"}},{"type":"Feature","id":9,"geometry":{"type":"Polygon","coordinates":[[[-84.5068962386652,33.7834564377692],[-84.5079952407051,33.7834114373471],[-84.509053238345,33.7833984375917],[-84.510766239947,33.783414438519],[-84.5122082403935,33.7834464370094],[-84.5125042402193,33.7834384378858],[-84.5128682407542,33.7833994371076],[-84.5131492408683,33.7833434369618],[-84.5132142408504,33.7833304375208],[-84.5135552410604,33.7832384364796],[-84.5140312401271,33.7830374376368],[-84.5141352406105,33.7830134369239],[-84.5142422419057,33.783004436488],[-84.5144452410342,33.7830304360702],[-84.5148152412803,33.7831664376609],[-84.5151012412773,33.7832414363921],[-84.5154522419054,33.7832974369831],[-84.5154352428664,33.7840124369367],[-84.5153972411806,33.7862714371162],[-84.5153352426009,33.7901124378426],[-84.5154152424087,33.7903404381776],[-84.51073624062,33.7928124389049],[-84.5079152395795,33.7955384394559],[-84.5078412397831,33.7956104385329],[-84.5072362397521,33.7953124400812],[-84.5065242394059,33.7949834400137],[-84.5056652400397,33.794631440283],[-84.5051252387612,33.7944814391483],[-84.5048622382002,33.7944544401544],[-84.504643239279,33.7944204396118],[-84.5036612381511,33.7943564400411],[-84.5024552382795,33.7942954399686],[-84.5017472379809,33.7941924394174],[-84.5011022386327,33.7940034399699],[-84.5005292380789,33.7937864400739],[-84.5003622378919,33.7937154400245],[-84.5002102387492,33.7936504402226],[-84.5000082382386,33.7935634390225],[-84.4994332361996,33.7932664399586],[-84.4991302378724,33.7930984397954],[-84.4985462378135,33.7926534393471],[-84.4981002375099,33.7922784389507],[-84.4975622361412,33.7917464401561],[-84.4971532361559,33.7913274394573],[-84.49681923774,33.7908924389446],[-84.4965812358143,33.7905894388717],[-84.4961062359209,33.7899194384295],[-84.4960752368539,33.7898754387842],[-84.4954902342998,33.7891594389461],[-84.4949082359812,33.7884584388455],[-84.4945432355794,33.7880474386654],[-84.4943632350951,33.7878744390493],[-84.4937282357157,33.7873564396915],[-84.4936872360037,33.7873294394363],[-84.4932632357073,33.7870534384635],[-84.4930852353654,33.7869484383888],[-84.493163235754,33.7868534382411],[-84.4930172346053,33.786769437508],[-84.4947532351,33.7845584378296],[-84.4949402363257,33.7842704384445],[-84.4951732361892,33.7838204381126],[-84.4954882349773,33.7832154374878],[-84.4957492357777,33.7824944378768],[-84.4958632360251,33.7821974384794],[-84.4959292354003,33.7818864373292],[-84.4959872362984,33.7813034384078],[-84.4959842361136,33.7811004367668],[-84.4960022351068,33.7806254384239],[-84.4960372367216,33.7787444374524],[-84.496056235127,33.7741674360035],[-84.49601623471,33.7735824356464],[-84.4959562349017,33.7730044357888],[-84.4959092356932,33.7726504357533],[-84.4958612341887,33.7723504354218],[-84.4957742354476,33.7719684357676],[-84.4955502347978,33.7711624344739],[-84.4953152332919,33.7705664353936],[-84.4950242345486,33.769664435055],[-84.494921234872,33.7694254355499],[-84.4947362346113,33.7689944357322],[-84.4946592349663,33.7688144339444],[-84.4940932341291,33.7678894346866],[-84.4938982347314,33.7675374346324],[-84.4936382341318,33.7670804343837],[-84.4934432338867,33.7667454350702],[-84.4932602339407,33.7660294348016],[-84.4930782341831,33.7654924343699],[-84.4928862341671,33.7648154355332],[-84.4928822334145,33.7647744354369],[-84.4928352338921,33.7645394344409],[-84.4930402336876,33.7646484340722],[-84.4930722333366,33.7646744342034],[-84.4932532344765,33.7647454337631],[-84.493563233851,33.7648854338084],[-84.4938682344523,33.7650114346727],[-84.4940562341753,33.7651274338975],[-84.4947082332989,33.7653674325384],[-84.4952032342469,33.7655264338967],[-84.4960782343326,33.7657454343569],[-84.4965252332518,33.7658224334847],[-84.4966792350947,33.7658444341419],[-84.4971142347013,33.7659254340813],[-84.4975382346359,33.7659964338181],[-84.4982142358934,33.7660614338964],[-84.498663236615,33.7660964336505],[-84.4994392360159,33.7661274344816],[-84.5000572353011,33.7661284338319],[-84.5001032362531,33.7661284339979],[-84.5005572363823,33.7661024338601],[-84.5011402368331,33.7660604344103],[-84.5023872373049,33.7659314346333],[-84.5054402363355,33.7657324344341],[-84.5069502380505,33.7656144338812],[-84.5074412385657,33.765571433849],[-84.5087292380103,33.7654904337946],[-84.5097122388488,33.7654154339167],[-84.5107112391396,33.7653544338307],[-84.5115082398155,33.765313432457],[-84.5133712398311,33.765137432901],[-84.5146132419094,33.7650594328397],[-84.5154542409787,33.7650064333825],[-84.5154542392336,33.7651624331988],[-84.5154542405877,33.7694514337503],[-84.5155022406853,33.7721574346353],[-84.5156162407089,33.7721484339962],[-84.5157012409686,33.7722384342332],[-84.5159222407924,33.7724474332976],[-84.5155132407891,33.7727524347807],[-84.5154452412789,33.7733444356594],[-84.5154352427773,33.7740074351437],[-84.5144092407813,33.7740114348927],[-84.5116292400582,33.7785734362444],[-84.5114242397475,33.7784884364339],[-84.5109432406831,33.7792604365502],[-84.5105172384196,33.7798504371984],[-84.5100002395924,33.7804614364576],[-84.5094022407874,33.7810734366342],[-84.5086302402712,33.7818084374583],[-84.5068962386652,33.7834564377692]]]},"properties":{"OBJECTID":9,"PlanningRegion":"Atlanta Regional Commission","ARCModel":"Yes","GeoID":"H01","LogRecNo":4679,"SumLev":"NSA","Name":"NSA H01","SqMileage":2.050893,"p_NoVehicleAvailable":34.4,"num_NoVehicleAvailable":487,"p_AgeUnder18":31.9,"num_AgeUnder18":1313,"p_AgeOver65":13.9,"num_AgeOver65":574,"p_WithDisability":14.5,"num_WithDisability":593,"p_BelowPovertyLine":34.1,"num_BelowPovertyLine":1386,"p_NoHealthInsurance":15.5,"num_NoHealthInsurance":635,"p_PublicTransitCommute":21.5,"num_PublicTransitCommute":270,"p_SingleParentFamily":13.6,"num_SingleParentFamily":193,"TotalPopulation":4117,"TotalOccupiedHouseholdUnits":1418,"num_NoVehicle":1,"num_Under18":0,"num_Over65":0,"num_Disability":0,"num_Poverty":1,"num_NoInsurance":0,"num_PublicTransit":0,"num_SingleParent":0,"num_Composite":2,"p_NoVehicle":1,"p_Under18":1,"p_Over65":0,"p_Disability":0,"p_Poverty":0,"p_NoInsurance":0,"p_PublicTransit":1,"p_SingleParent":0,"p_Composite":3,"CombinedScore":5,"Shape_Leng":0.11265455068,"COC":"YES","COCBinary":1,"COC_Tier":"Tier 2","Shape__Area":57146675.26586914,"Shape__Length":37510.9021878527,"Neighborhoods":"Bankhead Courts, Bankhead/Bolton, Carroll Heights, Fairburn Heights, Old Gordon"}},{"type":"Feature","id":10,"geometry":{"type":"Polygon","coordinates":[[[-84.507625236363,33.7499714315146],[-84.5060512372837,33.7529284307104],[-84.5056542366757,33.7536944313895],[-84.5055802371396,33.7539384303469],[-84.5055512363792,33.7541884306511],[-84.505511237342,33.7552254306552],[-84.5058752376826,33.7552314314104],[-84.5060772369104,33.7552554317641],[-84.5063352371578,33.7553274313045],[-84.5065892385864,33.755454432129],[-84.506665238588,33.7554794312003],[-84.5068132374257,33.755505431055],[-84.5069762372797,33.755502431043],[-84.507176237928,33.7554504313069],[-84.5072662380536,33.7554054313611],[-84.5073552364013,33.7553424308423],[-84.5074732375802,33.755209430737],[-84.5075842371229,33.754983431891],[-84.5076682376743,33.7548854311179],[-84.5077692378086,33.7548094313976],[-84.5078872378966,33.7547514311591],[-84.5080292370679,33.7547144306305],[-84.5081652371475,33.7547034312263],[-84.5083012370394,33.7547174308596],[-84.5084412379957,33.7547574310066],[-84.5085572372711,33.754817431178],[-84.5086552378575,33.7548844310314],[-84.508739237195,33.7549794316154],[-84.5087872389186,33.7550604309838],[-84.5088132378884,33.7551524310525],[-84.5088252383731,33.7552234307831],[-84.5088102381917,33.7557554312772],[-84.5088042379192,33.7557824325254],[-84.5087472382296,33.7562794309517],[-84.5085592382871,33.7570624316547],[-84.5084892380348,33.7575854316178],[-84.5084732387387,33.7581804320891],[-84.5084822382793,33.758369431963],[-84.5085232372997,33.7586104324853],[-84.5086262388604,33.7589674317266],[-84.5086622379725,33.7593154322959],[-84.5086532386052,33.759510432881],[-84.5086252385273,33.7597034321377],[-84.5085782387028,33.7598944327559],[-84.5085102386382,33.7600804314466],[-84.5090112373992,33.7601734322819],[-84.5097592382773,33.7602694334425],[-84.5108882391726,33.7604094326762],[-84.511454239733,33.7604644324827],[-84.5118322393972,33.7604864321736],[-84.5123782386781,33.7604884305563],[-84.5128062388675,33.7604544317781],[-84.5132542387187,33.7603764316285],[-84.5137122399694,33.7602514320626],[-84.5139762394903,33.7601314327573],[-84.5142272392803,33.7599564318483],[-84.5144152399392,33.7597604317609],[-84.5145642397537,33.7595174318755],[-84.514638239253,33.7593074317696],[-84.5147462404256,33.7593744327752],[-84.5150212417624,33.7594464319238],[-84.5152872394663,33.7594664324583],[-84.5154852407707,33.7594584317782],[-84.5154992402567,33.7596784318891],[-84.5154932409999,33.7598094315963],[-84.5154572394533,33.75997543249],[-84.5153992395624,33.7601174304721],[-84.5152702403305,33.7603154320944],[-84.5149132402308,33.760691432548],[-84.5148012406433,33.760825431654],[-84.5146792399512,33.7610184321901],[-84.5146002395572,33.761198432231],[-84.5145482405825,33.7613834324123],[-84.5145252402704,33.7615464326341],[-84.5145412399263,33.761996432687],[-84.5147292393699,33.7620294314686],[-84.5155742394525,33.7620424324966],[-84.5170902413978,33.762065433624],[-84.5172972406861,33.7620454323663],[-84.5175162411353,33.7619894316353],[-84.5175682411488,33.762117432628],[-84.5176022415538,33.7622484322653],[-84.5176162409307,33.7623864314633],[-84.5176102407813,33.7625204318989],[-84.5154322393282,33.7627154313537],[-84.5154542409787,33.7650064333825],[-84.5146132419094,33.7650594328397],[-84.5133712398311,33.765137432901],[-84.5115082398155,33.765313432457],[-84.5107112391396,33.7653544338307],[-84.5097122388488,33.7654154339167],[-84.5087292380103,33.7654904337946],[-84.5074412385657,33.765571433849],[-84.5069502380505,33.7656144338812],[-84.5054402363355,33.7657324344341],[-84.5023872373049,33.7659314346333],[-84.5011402368331,33.7660604344103],[-84.5005572363823,33.7661024338601],[-84.5001032362531,33.7661284339979],[-84.5000572353011,33.7661284338319],[-84.4994392360159,33.7661274344816],[-84.498663236615,33.7660964336505],[-84.4982142358934,33.7660614338964],[-84.4975382346359,33.7659964338181],[-84.4971142347013,33.7659254340813],[-84.4966792350947,33.7658444341419],[-84.4965252332518,33.7658224334847],[-84.4960782343326,33.7657454343569],[-84.4952032342469,33.7655264338967],[-84.4947082332989,33.7653674325384],[-84.4940562341753,33.7651274338975],[-84.4938682344523,33.7650114346727],[-84.493563233851,33.7648854338084],[-84.4932532344765,33.7647454337631],[-84.4930722333366,33.7646744342034],[-84.4930402336876,33.7646484340722],[-84.4928352338921,33.7645394344409],[-84.4927842343188,33.7642444337318],[-84.4927432338678,33.7640044325041],[-84.4926922339399,33.7635834341672],[-84.4926792322734,33.7634324330049],[-84.4926512338464,33.7630254323945],[-84.4926432331076,33.7625514340726],[-84.4926702342267,33.7617404323996],[-84.4927332343919,33.7610984329648],[-84.4928032332511,33.7606414337478],[-84.492899233855,33.7601694334984],[-84.493012233129,33.7597204335055],[-84.4931462355904,33.7592764333908],[-84.4933082330212,33.7588164322586],[-84.4941572341768,33.7566214322295],[-84.4941602357276,33.7566034336117],[-84.4943362343997,33.7562544322248],[-84.4945602336715,33.7562714322747],[-84.4955672338421,33.7536074306694],[-84.4957842336213,33.7530884312674],[-84.4964512343961,33.7514524310306],[-84.4965392352025,33.7512474306819],[-84.4966082346048,33.7510854312589],[-84.4967662345594,33.7507174295662],[-84.4984952349426,33.7505924310058],[-84.4995292351388,33.750452430386],[-84.5000162350068,33.7503804304334],[-84.500397236029,33.750275430652],[-84.5005892352174,33.7501904293647],[-84.5009022354917,33.7500124311265],[-84.501068234864,33.7499194296928],[-84.50122223502,33.7498624301706],[-84.501328235922,33.7498434299796],[-84.5014382341468,33.7498384305359],[-84.5014632359689,33.7498404302259],[-84.501785236036,33.7498724308319],[-84.503500236521,33.7500244301965],[-84.5038322375971,33.7500104301361],[-84.5042822364052,33.7499364297965],[-84.5048802372261,33.7498494299751],[-84.5054182354055,33.7497624296178],[-84.5058262377456,33.7496534303486],[-84.5062122370877,33.7495014300441],[-84.5070382354194,33.7490834298305],[-84.5072982370389,33.7489724298442],[-84.508115237782,33.7487234304131],[-84.5082042372674,33.7487124293272],[-84.5082872360359,33.748727428597],[-84.507625236363,33.7499714315146]]]},"properties":{"OBJECTID":10,"PlanningRegion":"Atlanta Regional Commission","ARCModel":"Yes","GeoID":"H02","LogRecNo":4680,"SumLev":"NSA","Name":"NSA H02","SqMileage":0.994779,"p_NoVehicleAvailable":37.3,"num_NoVehicleAvailable":331,"p_AgeUnder18":38.9,"num_AgeUnder18":1172,"p_AgeOver65":8.7,"num_AgeOver65":261,"p_WithDisability":12.8,"num_WithDisability":384,"p_BelowPovertyLine":29.4,"num_BelowPovertyLine":880,"p_NoHealthInsurance":16.4,"num_NoHealthInsurance":492,"p_PublicTransitCommute":40.9,"num_PublicTransitCommute":357,"p_SingleParentFamily":21.5,"num_SingleParentFamily":191,"TotalPopulation":3012,"TotalOccupiedHouseholdUnits":889,"num_NoVehicle":0,"num_Under18":0,"num_Over65":0,"num_Disability":0,"num_Poverty":0,"num_NoInsurance":0,"num_PublicTransit":1,"num_SingleParent":0,"num_Composite":1,"p_NoVehicle":2,"p_Under18":2,"p_Over65":0,"p_Disability":0,"p_Poverty":0,"p_NoInsurance":0,"p_PublicTransit":2,"p_SingleParent":0,"p_Composite":6,"CombinedScore":7,"Shape_Leng":0.0839839525806,"COC":"YES","COCBinary":1,"COC_Tier":"Tier 1","Shape__Area":27718678.301757812,"Shape__Length":27477.129994759904,"Neighborhoods":"Adamsville, Oakcliff"}},{"type":"Feature","id":11,"geometry":{"type":"Polygon","coordinates":[[[-84.4570122246837,33.7831864387601],[-84.4570132234189,33.7834334404325],[-84.4568642250355,33.7844684392953],[-84.4565572256124,33.7857224390638],[-84.4564632251662,33.7859964391465],[-84.455795224938,33.7859884405916],[-84.4550322240312,33.7859864400378],[-84.4538332236656,33.785578440594],[-84.4532242240726,33.7863834408339],[-84.4526372234741,33.7871864385508],[-84.4523422232996,33.7870804415418],[-84.4522422234469,33.7870444402749],[-84.4520852235847,33.7869884414836],[-84.4517402233854,33.786878439943],[-84.4517172231001,33.7864014416162],[-84.4519262229804,33.7859424396164],[-84.4523342231607,33.7850874395958],[-84.4526972223729,33.7843284391263],[-84.4527402223064,33.7842364406816],[-84.4532402234557,33.7831424404335],[-84.4520882230711,33.7835424392072],[-84.4504222221655,33.7841314390884],[-84.4504442220354,33.7840004393032],[-84.4504992219339,33.7839264397987],[-84.45060122235,33.7838334389762],[-84.450703223207,33.7837684405825],[-84.4508332228224,33.7837314396541],[-84.4510552236281,33.7836764388587],[-84.4510692222213,33.7836114400753],[-84.4510552234108,33.7835094390232],[-84.4509112229612,33.7834034384301],[-84.4506292221412,33.7832034401042],[-84.4504672230648,33.7831064400896],[-84.450282223592,33.7830464405059],[-84.4499812220928,33.7830884392079],[-84.4496062219049,33.7831534393327],[-84.4488662219068,33.7833614393121],[-84.4486472219955,33.7834074389723],[-84.4483142211855,33.7834954385428],[-84.4479582218045,33.7835744406929],[-84.4477722217471,33.7835414395142],[-84.4476152213525,33.783481438869],[-84.4474622218,33.7834644393894],[-84.4472862216584,33.7835044392904],[-84.4470962227805,33.7835974390386],[-84.4469762219639,33.7836434397319],[-84.4467722225807,33.783657438527],[-84.4465962220398,33.7836434394781],[-84.4464442217074,33.7836664399407],[-84.4461842218948,33.7837314393758],[-84.4459212211767,33.7838384393662],[-84.4456802216984,33.7838754391063],[-84.4455502216851,33.7838614400389],[-84.4452822227276,33.7836994393142],[-84.4451202213679,33.7835324399511],[-84.4451102218792,33.783356439838],[-84.4450922210714,33.7831994392942],[-84.4450642210762,33.7828474399578],[-84.4450362214176,33.782736440659],[-84.4449902203389,33.782458440581],[-84.4448972203207,33.7822734388863],[-84.4446472202802,33.7820784390477],[-84.4445832203095,33.7819774388665],[-84.4445182217042,33.7818754391659],[-84.4444902208184,33.7817734390897],[-84.4444622203007,33.7816434382774],[-84.4444622207301,33.7815044390769],[-84.4444532199503,33.7813844389585],[-84.4443972203419,33.7812274390361],[-84.4443882205548,33.7811254394384],[-84.4443512212676,33.7810234388302],[-84.4442962202799,33.7809124387709],[-84.4442862217461,33.7808194389694],[-84.4442682202412,33.7807084386014],[-84.4442492209629,33.7806064389373],[-84.4441382214063,33.7805144398852],[-84.4440922208379,33.780403438421],[-84.4439812207938,33.7803014381253],[-84.4438232211822,33.7801434390377],[-84.4436752207248,33.7799304382972],[-84.4434932210869,33.779794438803],[-84.4432352209732,33.7796344388598],[-84.4430322201011,33.7792364383185],[-84.4429442206809,33.7786714387656],[-84.443110220764,33.7783614394866],[-84.4432082202381,33.7780514390922],[-84.4432082199541,33.7778104379287],[-84.4431752192394,33.7776394381814],[-84.4431202199806,33.7774814381044],[-84.4430462206378,33.7772594381384],[-84.4429902196767,33.777032437842],[-84.4428332200812,33.7769494380208],[-84.442503219755,33.7770244377812],[-84.442390220089,33.7770384395653],[-84.4422282203615,33.7770564394865],[-84.4420742191965,33.7771004375629],[-84.4419282205176,33.7771774387366],[-84.4417852201081,33.7772254377835],[-84.4416272194626,33.7771884381533],[-84.441488219737,33.7770604375247],[-84.4413892204473,33.776939438275],[-84.4413342192075,33.7768334382592],[-84.4412862195341,33.7767384380992],[-84.4411552202814,33.7766614382649],[-84.4410302195033,33.7766394382516],[-84.440880219409,33.776631438587],[-84.4407262195398,33.7766134374997],[-84.4406342207936,33.7765654395389],[-84.4405462198589,33.7764114382186],[-84.4405172192629,33.7763274380976],[-84.4404982199598,33.7761514384126],[-84.4405062196065,33.7760934382246],[-84.4406042194468,33.7759184384869],[-84.4403932199955,33.7759004381588],[-84.4403712200249,33.775898438403],[-84.440192219101,33.7759114385381],[-84.4400612200514,33.775953438264],[-84.439961219458,33.776009438563],[-84.4398772189728,33.7760814383129],[-84.439795220584,33.7761794380762],[-84.4395752195621,33.7769324386361],[-84.4406162199336,33.777818438936],[-84.440829220775,33.7780144391039],[-84.4409152192592,33.7781184382062],[-84.4409822206835,33.7782304383414],[-84.4410752200714,33.7784944394172],[-84.4411722201527,33.7788744387106],[-84.441324219315,33.7796374373984],[-84.4413662202917,33.7799204394456],[-84.4413872203111,33.7802014405721],[-84.4413992196196,33.7809454390493],[-84.4414272204799,33.7815244404949],[-84.4414142206484,33.7816964392746],[-84.4413742194472,33.7818754399607],[-84.4410592191089,33.7827154385892],[-84.4410342198716,33.7828844398475],[-84.4410442198518,33.7830554397787],[-84.4410952202845,33.7832384405495],[-84.4411872193741,33.7834094393023],[-84.4418372208723,33.7842064398867],[-84.4419982199267,33.784470440708],[-84.4420692205042,33.7846494399618],[-84.4420762198011,33.7846794402416],[-84.442117220013,33.7848614403823],[-84.442137220752,33.785398439589],[-84.4417242204017,33.7854154400068],[-84.4412622191932,33.7854854415376],[-84.4408152196891,33.785608439404],[-84.4404442191102,33.7857564401947],[-84.4401272192438,33.7859284402209],[-84.4400502193032,33.7859694402165],[-84.4389532188675,33.78670644017],[-84.4385702199054,33.7869484415709],[-84.438158219884,33.7871854392272],[-84.43748421983,33.7875414406017],[-84.4372542198389,33.7872444407178],[-84.4370862185263,33.7870714408564],[-84.4368922186742,33.7869184403716],[-84.4366462186872,33.7867754399445],[-84.4364682189124,33.786698439838],[-84.4362502181801,33.7866284407175],[-84.4351422182151,33.7863754409163],[-84.4349172182381,33.7863544403573],[-84.4347162186082,33.7863614411651],[-84.434493218159,33.7863954405958],[-84.4343032180619,33.7864494405642],[-84.4341022175369,33.7865354410697],[-84.4339382189954,33.786633440499],[-84.4338092164198,33.7867334413482],[-84.4336062180723,33.7869224407479],[-84.4331402181249,33.7865464405336],[-84.4330012179455,33.7864634399727],[-84.4329092170149,33.786409439482],[-84.4327682182295,33.7863504394601],[-84.4326072174256,33.7863014411023],[-84.4324402179148,33.7862694407225],[-84.4323412178704,33.7862594409367],[-84.432293217211,33.7853624401891],[-84.4322462163077,33.7847494395927],[-84.4320892179368,33.7839834402232],[-84.4319952169025,33.7836814400913],[-84.4318512172677,33.7832434415073],[-84.4315862165849,33.7826294399389],[-84.4312972170364,33.7821154397919],[-84.431069217299,33.7817654391758],[-84.4306192173052,33.7811844397741],[-84.4295982160071,33.7800594404621],[-84.4284472154685,33.7787424385224],[-84.4276702154529,33.7778594389254],[-84.4275432160993,33.7777154388551],[-84.4273392160518,33.777434438617],[-84.427204215376,33.7772324392734],[-84.4271222152669,33.7770674389694],[-84.4270612156412,33.776929437507],[-84.4269452158547,33.7766184386789],[-84.4268412159665,33.7762714394591],[-84.4267802168579,33.7759664394701],[-84.4267292153546,33.7756754381378],[-84.42671621565,33.7755864383203],[-84.4266952150646,33.7754394395283],[-84.4266442143567,33.7751624389698],[-84.426445216701,33.7740804375912],[-84.4262242154302,33.7727504385797],[-84.4261322157524,33.7722704377325],[-84.4263702151668,33.7721534374676],[-84.4266712150107,33.7720324377546],[-84.4267902149318,33.7720074375687],[-84.4269482150125,33.7719634374755],[-84.4274812157785,33.7718704375777],[-84.4277962168845,33.7718564369728],[-84.4281162155566,33.7718534377482],[-84.4289622167424,33.7719024372085],[-84.4291282152284,33.7719124379699],[-84.4295012160609,33.771929437369],[-84.4299412162204,33.7719344369216],[-84.4303782157723,33.7719164365836],[-84.4307912167126,33.7718784369399],[-84.431226217075,33.7718164381934],[-84.4315302163006,33.7717584375314],[-84.4323792168937,33.7715854367944],[-84.4326652167305,33.7715274369246],[-84.4334152152673,33.7713784378823],[-84.4339672171467,33.7713074377427],[-84.4339882176692,33.7698814376616],[-84.4339892170616,33.7695524363514],[-84.4339712172884,33.7694654371005],[-84.4339332169628,33.7693744363484],[-84.4338772185952,33.7692894371727],[-84.4334092185928,33.7687164363801],[-84.4331702166249,33.7683604368522],[-84.4330412170109,33.7681294371202],[-84.4329342166351,33.7679024363991],[-84.4327242175922,33.7673824377214],[-84.4325582161067,33.7669164366742],[-84.4325382167336,33.7668584368065],[-84.4324712163745,33.7666214375985],[-84.4323862162722,33.7662154353509],[-84.4323022154102,33.7659444370547],[-84.4322922162466,33.7658324364015],[-84.4322682157318,33.7652944351787],[-84.4322642153649,33.765010436831],[-84.4322802162793,33.7646834362025],[-84.4323022151177,33.764560436835],[-84.4323612151781,33.7643644366791],[-84.4324562172743,33.7642034359558],[-84.4325022162307,33.7641534358426],[-84.4326792168139,33.7639624352587],[-84.4328222169374,33.763787435428],[-84.4329702160016,33.7635524358972],[-84.4362902175894,33.7635704350095],[-84.436483217644,33.763570435247],[-84.4376972182296,33.7635744351482],[-84.439439218735,33.7635804357409],[-84.4396412178609,33.7635814345285],[-84.4410332194021,33.7635854361201],[-84.4425002194289,33.7635944353312],[-84.4434142193699,33.7636034355825],[-84.4436042197702,33.7636344365255],[-84.443783220177,33.7636934365331],[-84.4439602197006,33.763791434527],[-84.4444632192967,33.7641604344098],[-84.4446002197634,33.764246435745],[-84.4447392199992,33.7643154353775],[-84.444900219808,33.7643774344277],[-84.4450762193948,33.764419435956],[-84.4451902200252,33.7644244362982],[-84.4453032199534,33.7644124354398],[-84.4454022201143,33.7643884353501],[-84.4455302204648,33.7643384345457],[-84.4457042206327,33.7642424355368],[-84.4460942204572,33.7639614352073],[-84.4463832204239,33.7638104364498],[-84.4466972202397,33.7637034359244],[-84.4470272201075,33.7636424357151],[-84.4473732205177,33.7636274347906],[-84.4483152210247,33.7636214352657],[-84.4488612210238,33.763635434229],[-84.4490342221437,33.7636544349271],[-84.4492512212281,33.763715434599],[-84.4494652215215,33.7638214349975],[-84.4495992217404,33.7639244355934],[-84.4496892202381,33.7640194355996],[-84.4500822216374,33.7645214356169],[-84.4502202219634,33.7646364345364],[-84.4503852212447,33.7647274341879],[-84.4505062214975,33.764771435217],[-84.4506492215825,33.7648024350872],[-84.4507672219803,33.7648114352272],[-84.4509742221332,33.7648074358464],[-84.4511272219295,33.7647804350147],[-84.451424222388,33.7646694348863],[-84.4517962222235,33.7644794357059],[-84.4527672219543,33.7639834352734],[-84.4531432236697,33.7638114350535],[-84.4533862220479,33.7637224350117],[-84.4536452227894,33.7636634358209],[-84.4538652233508,33.7636384343593],[-84.4541302225716,33.7636334354552],[-84.4553722231209,33.7636254351483],[-84.455936223514,33.7636214349672],[-84.4562302223597,33.7636324355336],[-84.4563612234014,33.7636294349112],[-84.4566442236769,33.7636474354828],[-84.4568022236309,33.7636804352306],[-84.4569362235842,33.7637334348537],[-84.4570562236291,33.7638074351801],[-84.4572922245935,33.7640424335505],[-84.4576622235142,33.7644274344838],[-84.4578032239667,33.7645334346694],[-84.4579812244433,33.7646304345446],[-84.4581752244862,33.7647054357481],[-84.4584042241808,33.7647574348431],[-84.4585952238249,33.7647694350613],[-84.4588042232706,33.7647474343804],[-84.4588942246076,33.7647204350652],[-84.4587702241414,33.7664134358645],[-84.4587582244904,33.7665814355956],[-84.458752224106,33.7666724354303],[-84.4587492239046,33.7667284350767],[-84.4587422248784,33.7668194345671],[-84.4587342245702,33.7669634354873],[-84.4586982241143,33.7675034357423],[-84.4586652249184,33.7676154357778],[-84.458628224137,33.7677454359143],[-84.4586532235327,33.7681134352775],[-84.4585362236691,33.7681164358978],[-84.4583372239813,33.7681314364319],[-84.4582092245648,33.7681824359847],[-84.4581522242183,33.768239435945],[-84.4581092240689,33.7683104352168],[-84.4580912240246,33.7683714365463],[-84.4580902239097,33.7703224366342],[-84.4584922256621,33.770326435925],[-84.4588642238842,33.7703064353756],[-84.4588542239833,33.7711864367896],[-84.4588432253189,33.7714624355455],[-84.4588592247431,33.7717614363983],[-84.4590182252118,33.7720694369705],[-84.4590392233094,33.7721574370075],[-84.4590502243455,33.7723104363629],[-84.4580512242467,33.7723094367647],[-84.4579982248542,33.7723394371716],[-84.4579672235332,33.772384435986],[-84.4579562247754,33.7726504371182],[-84.4579432248761,33.7738434378127],[-84.4580062223902,33.7740014367689],[-84.4580722240594,33.7740874372323],[-84.4581952241588,33.7742074377048],[-84.4584362237266,33.7743794368167],[-84.4586092256413,33.7744324369397],[-84.458813224631,33.7744444375445],[-84.4590192247333,33.7744384370357],[-84.4589802250437,33.7767214378101],[-84.4583762246091,33.7766284372076],[-84.4580122241937,33.776587437982],[-84.4576002243347,33.7765614370877],[-84.4571882236836,33.7765594376414],[-84.45719822435,33.7769884371485],[-84.4572092233762,33.7770904374427],[-84.4572312245841,33.7771594375941],[-84.4572942247371,33.7772654377732],[-84.4576792242708,33.7777254385299],[-84.4577352238504,33.7778274372284],[-84.4577682250833,33.777935437433],[-84.4577942238765,33.7798564378705],[-84.4565392241489,33.7798444383606],[-84.4565342245736,33.7819364387973],[-84.4581482243722,33.7825714390769],[-84.4573882246145,33.7829124395085],[-84.4570122246837,33.7831864387601]]]},"properties":{"OBJECTID":11,"PlanningRegion":"Atlanta Regional Commission","ARCModel":"Yes","GeoID":"J02","LogRecNo":4689,"SumLev":"NSA","Name":"NSA J02","SqMileage":2.259363,"p_NoVehicleAvailable":16.9,"num_NoVehicleAvailable":329,"p_AgeUnder18":25.4,"num_AgeUnder18":1237,"p_AgeOver65":12.8,"num_AgeOver65":622,"p_WithDisability":14.2,"num_WithDisability":691,"p_BelowPovertyLine":30.7,"num_BelowPovertyLine":1484,"p_NoHealthInsurance":15.2,"num_NoHealthInsurance":737,"p_PublicTransitCommute":3.4,"num_PublicTransitCommute":67,"p_SingleParentFamily":12.1,"num_SingleParentFamily":236,"TotalPopulation":4874,"TotalOccupiedHouseholdUnits":1951,"num_NoVehicle":0,"num_Under18":0,"num_Over65":0,"num_Disability":0,"num_Poverty":1,"num_NoInsurance":0,"num_PublicTransit":0,"num_SingleParent":0,"num_Composite":1,"p_NoVehicle":0,"p_Under18":0,"p_Over65":0,"p_Disability":0,"p_Poverty":0,"p_NoInsurance":0,"p_PublicTransit":0,"p_SingleParent":0,"p_Composite":0,"CombinedScore":1,"Shape_Leng":0.142219064896,"COC":"YES","COCBinary":1,"COC_Tier":"Tier 2","Shape__Area":62954934.126953125,"Shape__Length":47318.80724424207,"Neighborhoods":"Grove Park"}},{"type":"Feature","id":12,"geometry":{"type":"Polygon","coordinates":[[[-84.5382512431428,33.6946474177909],[-84.5378992434193,33.6948044178411],[-84.5366522437461,33.6954824180064],[-84.5363452421799,33.6956344171289],[-84.5358052423271,33.6958524180953],[-84.535361242977,33.6959764172447],[-84.5350822418817,33.6960304176266],[-84.5346822431667,33.6960894177832],[-84.5342732421636,33.696128417586],[-84.5337282437373,33.6961244178913],[-84.5333142419935,33.6960884176614],[-84.5295442411751,33.6956014181245],[-84.5290842410849,33.6955784180915],[-84.5278622398059,33.6955844184047],[-84.5266232401812,33.6955904173842],[-84.5261032397509,33.6955654179576],[-84.525752239904,33.6955274174662],[-84.5246282387057,33.6953654175239],[-84.5241342400571,33.6952714179283],[-84.5236042397057,33.6951254179692],[-84.5208072379293,33.6941934179012],[-84.519085238611,33.6936704179361],[-84.5188132386374,33.6935724175186],[-84.5187842381328,33.6935604170246],[-84.518477238254,33.6934304165084],[-84.5180652379124,33.6932364165177],[-84.5180542373027,33.6929644178779],[-84.5180232379826,33.6926104187168],[-84.5179902378585,33.6923054178211],[-84.5179402360904,33.692027417663],[-84.5177732371373,33.6915044172499],[-84.5175792374182,33.6910294164917],[-84.517320236213,33.6905534177915],[-84.517089237283,33.6902234162036],[-84.5168152365345,33.6898554174238],[-84.5162822360705,33.6892854172177],[-84.516004236683,33.6890104170438],[-84.5159622372675,33.6889594161229],[-84.5148752343402,33.6879374165872],[-84.5143632369453,33.6874884164743],[-84.5139992352077,33.6871534154617],[-84.5135772357284,33.6867514159599],[-84.5123522366,33.6855604174452],[-84.5120272342589,33.6851854163658],[-84.5119682358589,33.685102415601],[-84.5118122332527,33.6848404165563],[-84.5117032352705,33.6846324155079],[-84.5115392356762,33.6841824158416],[-84.5114982350908,33.6840024152469],[-84.5114382358521,33.6835584151299],[-84.5114312349,33.6833144161614],[-84.5114762366165,33.6830144159511],[-84.5115012351018,33.6827894158537],[-84.5115962357541,33.6824904157464],[-84.5117242355429,33.6821914144843],[-84.5118772347672,33.6819194147416],[-84.5120862347343,33.6816494150579],[-84.5125322333339,33.6810364152401],[-84.5133672358249,33.67992441533],[-84.5135852350076,33.6796654151384],[-84.5137322360047,33.6794704146802],[-84.5141932350554,33.6788354156382],[-84.5144772356734,33.6784634131448],[-84.5148382358968,33.6778184149743],[-84.5149602353271,33.6775464147607],[-84.5150142360189,33.6774104135952],[-84.515267235562,33.6765194140165],[-84.5153302352979,33.6762344155236],[-84.5154992350388,33.6756234138562],[-84.5155082357926,33.6755764145314],[-84.5153642342563,33.6755364155992],[-84.5150332355207,33.6754354142773],[-84.5148222343751,33.6753974140869],[-84.514787235604,33.6753784154588],[-84.5147692362421,33.6753674135758],[-84.5147162349383,33.6753184141152],[-84.5147062358524,33.6753024143173],[-84.5146162353727,33.6751404144254],[-84.5145592367344,33.6750004141115],[-84.5145252343417,33.6748924139765],[-84.5144362358131,33.6742354135368],[-84.514334234891,33.6734524123753],[-84.5143072357696,33.67315041317],[-84.5142722346746,33.6722444123049],[-84.5142942352548,33.671969412575],[-84.5143592352368,33.6716814125151],[-84.5145562356287,33.6711124126498],[-84.5146472353184,33.6709104129076],[-84.5147982343649,33.6706574137374],[-84.5152882350749,33.6699214113293],[-84.5154392356249,33.6696384129986],[-84.515566235911,33.6693364120403],[-84.5157812353949,33.6686714123145],[-84.5159892351634,33.6678914130041],[-84.5160472350726,33.667609412417],[-84.5162982367187,33.6666544122947],[-84.5163962367383,33.6664004122251],[-84.5164882353921,33.6662394113502],[-84.516589235746,33.666106411343],[-84.5169262349827,33.6657884110462],[-84.5169842342116,33.6657494111098],[-84.517329236061,33.6655874127777],[-84.5183192360038,33.665179411368],[-84.5189322361255,33.6649464116194],[-84.5192252355938,33.6648504110279],[-84.5193332365983,33.664816411356],[-84.519693235626,33.6647224113282],[-84.5204112361085,33.664560410627],[-84.5213082359671,33.6643584102616],[-84.5213342352139,33.6643524108305],[-84.5220892361349,33.6641944112229],[-84.5226332372974,33.664097410986],[-84.5221402367237,33.6599354106545],[-84.5218652367827,33.657728409809],[-84.5217992362823,33.657203410188],[-84.5219912362688,33.6572534094237],[-84.5219782360522,33.6571584085836],[-84.5219202352179,33.6567044092512],[-84.5220322377659,33.6567094107696],[-84.5233062353983,33.6567214092935],[-84.5259342379412,33.656746409413],[-84.5259042363656,33.6569264085212],[-84.5258822381197,33.6585024104218],[-84.5258762373272,33.6589154092386],[-84.5259312373447,33.6589284101054],[-84.5261132387072,33.6589704107511],[-84.5266222372305,33.6590404091453],[-84.5271022382669,33.6590734099359],[-84.5272402378235,33.6590824100493],[-84.5282242390973,33.6591274107429],[-84.5285112384664,33.6591484093096],[-84.5286132389628,33.6591664099817],[-84.5286672382826,33.6591674105016],[-84.528682238788,33.659167410755],[-84.5286992387916,33.6597854105116],[-84.5285992393483,33.6602164104034],[-84.5292862386773,33.6603184094376],[-84.5292312387056,33.6606024101913],[-84.5291102382531,33.661458410151],[-84.5290652388834,33.6616724096161],[-84.5289372381989,33.6620434102533],[-84.5287552395106,33.6623864117587],[-84.5286702396505,33.6625154102289],[-84.5285772387783,33.662626410505],[-84.5281122386596,33.6630644108871],[-84.5279482395827,33.6631834104483],[-84.5275842393333,33.6634114108956],[-84.5272112390148,33.6636224104008],[-84.5266232387379,33.6638924105843],[-84.5263072378941,33.6640154111806],[-84.52611023875,33.6640834124251],[-84.5259282387038,33.6641294106396],[-84.5258012382745,33.6641494107203],[-84.5258692392186,33.6724154137147],[-84.5258662387686,33.6731214125923],[-84.5298562399953,33.6731594128562],[-84.5307952407801,33.673162411565],[-84.5320172406073,33.6731674134421],[-84.5355072403719,33.6732154129296],[-84.5356532418248,33.6732164125737],[-84.5357502419177,33.67604641299],[-84.5358022416536,33.6775534131828],[-84.5357612417591,33.6777284138051],[-84.535741241735,33.6779044138541],[-84.5357272416911,33.6782504123706],[-84.5356382423072,33.6806414141994],[-84.5375062428953,33.6806874140239],[-84.5376432424576,33.6807064137958],[-84.5377712426011,33.6807474139208],[-84.5379632422189,33.6806164137336],[-84.5382292431707,33.6806524137349],[-84.5386242439118,33.6806844156081],[-84.5395432425074,33.6807134143452],[-84.5405862431895,33.6807234154164],[-84.5414542421483,33.6807094124695],[-84.5419012456614,33.6807024143085],[-84.5423532431527,33.6807114137478],[-84.5434312437516,33.6807424139187],[-84.5446782433258,33.6807544137252],[-84.5455642453823,33.6807704125541],[-84.545550244381,33.6811154146411],[-84.5455052454033,33.6824454136138],[-84.5454492448741,33.6839824131165],[-84.545368245662,33.6854734149078],[-84.545352245247,33.6858414151743],[-84.5453152456361,33.6867114158121],[-84.5452372448079,33.688588414497],[-84.5452472448625,33.6892244163228],[-84.5452232442138,33.6896834156008],[-84.5452012450802,33.6898294165786],[-84.545393244767,33.6898334158819],[-84.5452692455238,33.6936324173881],[-84.5474582464321,33.693698416418],[-84.5473472468609,33.6976144169884],[-84.5466262460704,33.6975934178398],[-84.5451432466014,33.697552417942],[-84.5451382462124,33.697854418459],[-84.5451262458216,33.6986814182623],[-84.5448112451169,33.697824418026],[-84.544740245858,33.6976784169923],[-84.5446972444036,33.6975894178458],[-84.5445592466394,33.6973634173675],[-84.5444032449053,33.6971574164539],[-84.5442332455709,33.6969714172218],[-84.5440222457862,33.6967774172344],[-84.5435822451112,33.696424417548],[-84.5419582456111,33.6951624171055],[-84.5417542442733,33.6950064175511],[-84.5416112431449,33.6949164170174],[-84.5414012433557,33.6948014172714],[-84.5411702445147,33.6946964161952],[-84.540942244279,33.6946094171382],[-84.5406972435719,33.6945334170661],[-84.5404582421333,33.6944764170484],[-84.5402032443178,33.6944324172597],[-84.5399332445991,33.69440441622],[-84.5396852437968,33.6943944174219],[-84.5394052429309,33.6944004172271],[-84.5391792429868,33.6944204177604],[-84.5388982430212,33.6944634163021],[-84.5386782433416,33.6945124168367],[-84.5382512431428,33.6946474177909]]]},"properties":{"OBJECTID":12,"PlanningRegion":"Atlanta Regional Commission","ARCModel":"Yes","GeoID":"P01","LogRecNo":4705,"SumLev":"NSA","Name":"NSA P01","SqMileage":2.949646,"p_NoVehicleAvailable":14.6,"num_NoVehicleAvailable":285,"p_AgeUnder18":25.7,"num_AgeUnder18":1354,"p_AgeOver65":16.1,"num_AgeOver65":850,"p_WithDisability":14.9,"num_WithDisability":788,"p_BelowPovertyLine":15.3,"num_BelowPovertyLine":804,"p_NoHealthInsurance":21.1,"num_NoHealthInsurance":1111,"p_PublicTransitCommute":5.6,"num_PublicTransitCommute":112,"p_SingleParentFamily":8.1,"num_SingleParentFamily":159,"TotalPopulation":5271,"TotalOccupiedHouseholdUnits":1948,"num_NoVehicle":0,"num_Under18":0,"num_Over65":0,"num_Disability":0,"num_Poverty":0,"num_NoInsurance":1,"num_PublicTransit":0,"num_SingleParent":0,"num_Composite":1,"p_NoVehicle":0,"p_Under18":0,"p_Over65":0,"p_Disability":0,"p_Poverty":0,"p_NoInsurance":1,"p_PublicTransit":0,"p_SingleParent":0,"p_Composite":1,"CombinedScore":2,"Shape_Leng":0.150763101478,"COC":"YES","COCBinary":1,"COC_Tier":"Tier 2","Shape__Area":82195476.52929688,"Shape__Length":50495.676123129335,"Neighborhoods":"Arlington Estates, Ben Hill, Butner/Tell, Elmco Estates, Fairburn, Fairburn Tell, Fairway Acres, Huntington, Lake Estates, Wildwood Forest"}},{"type":"Feature","id":13,"geometry":{"type":"Polygon","coordinates":[[[-84.4155322061753,33.6775144182497],[-84.4154652072836,33.6776774173906],[-84.4153292068868,33.6780614183132],[-84.4151812053815,33.678507418271],[-84.4151242066625,33.67877941836],[-84.4150532067633,33.6794164190384],[-84.415054207118,33.6797294193095],[-84.4150632061168,33.6798254186528],[-84.4150742075569,33.6799404174652],[-84.4151592070825,33.6803304187506],[-84.4151812053257,33.6805294189006],[-84.4151332069409,33.6813504183509],[-84.4135342069413,33.6813234189625],[-84.4133872060802,33.6813214195971],[-84.4125902055929,33.6813074184171],[-84.4121082066189,33.6813144187179],[-84.4116972056117,33.6813134183741],[-84.4115092077105,33.6813094197179],[-84.4110622052226,33.6813094191037],[-84.4107342056234,33.6813074191448],[-84.4077062043687,33.6812864196656],[-84.4065332049987,33.6812654183179],[-84.4050222040394,33.6812664195758],[-84.4039622039127,33.6812664190556],[-84.4027972027258,33.6812134190775],[-84.4011872031979,33.6811514198387],[-84.4003582029506,33.6811294198425],[-84.4001632036363,33.6811284206104],[-84.3996522030343,33.6811274185292],[-84.3989622024561,33.6811264191227],[-84.3986542021911,33.6811254206822],[-84.3985292023946,33.6803334185733],[-84.398453202135,33.6798504189428],[-84.3981072012271,33.6779544187855],[-84.3979202026426,33.6767254175201],[-84.3978712018048,33.676408417557],[-84.3978242012725,33.6760944172663],[-84.3977212020197,33.6742524180271],[-84.3977402017281,33.6729334164962],[-84.3979372024127,33.6729344176551],[-84.3993932020721,33.6729434179849],[-84.399563202409,33.6729444168971],[-84.4006602021232,33.672959417936],[-84.4034552038176,33.6729954171899],[-84.4053922030708,33.6730194181401],[-84.4069702038779,33.6730384175736],[-84.4085002048333,33.6730574177523],[-84.4121132065916,33.6730894169513],[-84.4131532058432,33.6730984178847],[-84.4141142059534,33.6731064177299],[-84.4142742075945,33.673107416424],[-84.4165722072618,33.6731044169524],[-84.4183312079554,33.6731144169216],[-84.4182312073081,33.6769144180661],[-84.4172312075742,33.6770144182209],[-84.4172312063518,33.6771694181438],[-84.4172312062666,33.6774144178068],[-84.4166642066074,33.6774474183076],[-84.4155322061753,33.6775144182497]]]},"properties":{"OBJECTID":13,"PlanningRegion":"Atlanta Regional Commission","ARCModel":"Yes","GeoID":"X03","LogRecNo":4732,"SumLev":"NSA","Name":"NSA X03","SqMileage":0.611251,"p_NoVehicleAvailable":30,"num_NoVehicleAvailable":245,"p_AgeUnder18":15.3,"num_AgeUnder18":383,"p_AgeOver65":27.3,"num_AgeOver65":684,"p_WithDisability":19.8,"num_WithDisability":418,"p_BelowPovertyLine":23.9,"num_BelowPovertyLine":505,"p_NoHealthInsurance":28.7,"num_NoHealthInsurance":607,"p_PublicTransitCommute":10.8,"num_PublicTransitCommute":94,"p_SingleParentFamily":13.2,"num_SingleParentFamily":108,"TotalPopulation":2503,"TotalOccupiedHouseholdUnits":818,"num_NoVehicle":0,"num_Under18":0,"num_Over65":0,"num_Disability":0,"num_Poverty":0,"num_NoInsurance":0,"num_PublicTransit":0,"num_SingleParent":0,"num_Composite":0,"p_NoVehicle":1,"p_Under18":0,"p_Over65":1,"p_Disability":1,"p_Poverty":0,"p_NoInsurance":2,"p_PublicTransit":0,"p_SingleParent":0,"p_Composite":5,"CombinedScore":5,"Shape_Leng":0.056165247145,"COC":"YES","COCBinary":1,"COC_Tier":"Tier 2","Shape__Area":17031484.56689453,"Shape__Length":18048.284191781273,"Neighborhoods":"Hammond Park"}},{"type":"Feature","id":14,"geometry":{"type":"Polygon","coordinates":[[[-84.3994502008589,33.6483154119861],[-84.3994102007407,33.649957412351],[-84.3994022013512,33.6502764130011],[-84.3993302012491,33.6532684131386],[-84.3993262004187,33.6534424122261],[-84.3993202018208,33.6537094132565],[-84.3972431992722,33.6532644146036],[-84.3970452002831,33.6532114130017],[-84.3969502016657,33.6531864144749],[-84.3968632004723,33.6531604136557],[-84.3967662010063,33.6531314125945],[-84.3965622000351,33.6540474122861],[-84.3965232006049,33.6542204141854],[-84.3961812008548,33.6543754144887],[-84.3960771997676,33.6544444139179],[-84.395996198359,33.6545154137796],[-84.3955321998728,33.6551574155658],[-84.3954572004187,33.6554104140239],[-84.3953221997608,33.6561274142077],[-84.3950902003161,33.6562804145415],[-84.3948462001691,33.6564414154595],[-84.3948491984062,33.656465414162],[-84.394798199813,33.6567914147918],[-84.394702200096,33.6584994134],[-84.3947071983539,33.6595734143387],[-84.3947271998389,33.6597724153953],[-84.3948212005946,33.6607094155579],[-84.3949122002305,33.6611514149868],[-84.3951222000869,33.6620534159016],[-84.3951761998099,33.6622534161289],[-84.3952951992515,33.6625974151717],[-84.3956742003906,33.6636944161575],[-84.3961402006526,33.6648854163666],[-84.3965722015318,33.6659874155724],[-84.3969632013382,33.6669844154179],[-84.3973002013199,33.6678794152058],[-84.3974202027195,33.6682654159603],[-84.3974632015527,33.6684044160665],[-84.3975542026118,33.6688214169259],[-84.397561201506,33.6688994170073],[-84.3975742014693,33.6690484175838],[-84.3975822013591,33.6691394169311],[-84.3976212016648,33.6698164167821],[-84.3976352010832,33.6703134174862],[-84.3976252015591,33.6706484172031],[-84.3975272021954,33.67293141791],[-84.3977402017281,33.6729334164962],[-84.3977212020197,33.6742524180271],[-84.3978242012725,33.6760944172663],[-84.3978712018048,33.676408417557],[-84.3979202026426,33.6767254175201],[-84.3981072012271,33.6779544187855],[-84.398453202135,33.6798504189428],[-84.3985292023946,33.6803334185733],[-84.3986542021911,33.6811254206822],[-84.3984092016268,33.681120418975],[-84.3983792019572,33.6811254190602],[-84.3978702020317,33.6811244193839],[-84.3963332022325,33.6811214191474],[-84.3937122010445,33.6811154189285],[-84.3930672008846,33.6811124194406],[-84.3902871996408,33.6811004198817],[-84.3887711999373,33.6810944193903],[-84.3876371995897,33.681080419762],[-84.3843281963575,33.6810454206231],[-84.3843301962833,33.6813524198808],[-84.384304197924,33.6816364191535],[-84.3842371975309,33.6818954197878],[-84.3841791975602,33.6820034215176],[-84.3840401981142,33.6821344202435],[-84.3823921977806,33.6834794202291],[-84.3820781978322,33.6836384203658],[-84.3803211969785,33.6842094215992],[-84.3802881969896,33.6841094208336],[-84.3803541970252,33.681945420115],[-84.3803901961043,33.6806434199522],[-84.3750831958671,33.680525419492],[-84.374651196027,33.6805474194042],[-84.3741181954251,33.6806364197901],[-84.3738841957766,33.6806964215255],[-84.3736401949383,33.6807754214433],[-84.3732331943044,33.6809434200935],[-84.3728331934088,33.6811564196001],[-84.3725121942429,33.6813104200712],[-84.3722701942004,33.6814034195284],[-84.3719781933515,33.6814924206514],[-84.3716521941133,33.6815694204055],[-84.3713321957451,33.6816184207463],[-84.3709821948902,33.6816434206297],[-84.3706411944282,33.6816434195005],[-84.3704511948112,33.6816294208159],[-84.3702341945842,33.6816114214452],[-84.3698701932923,33.6815494205472],[-84.3694811932638,33.6814474202203],[-84.3691171937655,33.6813134199588],[-84.3685781947351,33.681032421106],[-84.36795219464,33.6806174207315],[-84.3674141931419,33.6802614199347],[-84.3691811931706,33.6784134199964],[-84.3693871933968,33.6781654196987],[-84.3695251938194,33.6779494208317],[-84.3696351940244,33.6777164199821],[-84.3698471921238,33.6770934193887],[-84.3700161930726,33.6766014192649],[-84.3704851939506,33.6752584190492],[-84.3706541933738,33.6748574186709],[-84.3709751938015,33.6743054189408],[-84.3714961937543,33.67353241842],[-84.3719561937218,33.67283941821],[-84.3722081940323,33.672372418997],[-84.3723461931346,33.6718904186145],[-84.3724091948482,33.6717804194295],[-84.3724801940987,33.6715614178379],[-84.3725621933325,33.6713644174967],[-84.372913193957,33.6703934179676],[-84.3730551950206,33.6698444178684],[-84.3731971941282,33.6693224180063],[-84.373370193867,33.6685864165433],[-84.37347819466,33.6680544186124],[-84.3734981939514,33.6677494175901],[-84.373487194485,33.6674794179778],[-84.3734801948409,33.6673104174209],[-84.3735991946349,33.6663974172155],[-84.3736641938561,33.6659644174597],[-84.3737231940788,33.6657494168254],[-84.3737681958828,33.6654114168843],[-84.373777194561,33.6648494171463],[-84.3737781936095,33.664091416138],[-84.373762193463,33.6637394162086],[-84.3737541946379,33.6635774168928],[-84.3737221937576,33.6631394155253],[-84.3736881947819,33.6628174162456],[-84.3736401941678,33.6625394165734],[-84.3735351937039,33.6622714162028],[-84.3734221940391,33.6620214165016],[-84.3732531933337,33.6617154165648],[-84.3730011934115,33.661385415466],[-84.3727151931621,33.6610694166244],[-84.3725711933821,33.6609314153779],[-84.3725021940399,33.6608604156528],[-84.3722731943205,33.6606264159956],[-84.3718851941291,33.6601844160342],[-84.3717311930628,33.6599514160944],[-84.3716171932086,33.6597704156268],[-84.3715311935971,33.6596334160922],[-84.3713541938235,33.6593624159496],[-84.3707751924412,33.6584804144839],[-84.3706681926175,33.6582964161044],[-84.3703011935376,33.6577624150315],[-84.3702061935374,33.6576244149693],[-84.3692591937262,33.6562504157414],[-84.3688441921065,33.6556514143691],[-84.3683801926104,33.6549264154844],[-84.3680841927726,33.6543304145054],[-84.367896191153,33.6538374133256],[-84.3675791918771,33.6530774142424],[-84.3671911902401,33.6521374135458],[-84.3692451917295,33.6494684138732],[-84.369285192572,33.6494174138446],[-84.3703751919327,33.6480204142001],[-84.3713481920569,33.6480174132632],[-84.372225191269,33.6480164145437],[-84.375129193853,33.6481154130828],[-84.3758291933548,33.6481154147513],[-84.3798761966032,33.6481154134055],[-84.3799291954003,33.6481154130687],[-84.3822331960181,33.64811641452],[-84.3822571958153,33.6481164132488],[-84.3868921968777,33.6481154134269],[-84.3871351963048,33.6481154131584],[-84.3877131977914,33.6481154135452],[-84.3877291969377,33.6481154137936],[-84.3881871983544,33.6481154136691],[-84.3885451978183,33.6481134129133],[-84.388559199636,33.6481144129846],[-84.3886981963943,33.6481154131661],[-84.3888071986568,33.648115413033],[-84.3902311980239,33.6481154133982],[-84.3910651987097,33.648115413736],[-84.3911681991249,33.6481154115943],[-84.3912041982348,33.6481104122814],[-84.3913391987043,33.6481144130022],[-84.3913781988719,33.6481134134054],[-84.3913951974224,33.6481134131664],[-84.3915541987121,33.6481124135431],[-84.3915681979597,33.648112412424],[-84.3918311987009,33.6481154132857],[-84.3938621992185,33.6481814122939],[-84.3947491993335,33.6482084135239],[-84.3947611997801,33.6482084130255],[-84.3949111997112,33.6482134136834],[-84.3958201998661,33.6482044134092],[-84.3972011982535,33.6481904129497],[-84.3972241991037,33.6481934113944],[-84.3974202005987,33.6482144126219],[-84.3974312010727,33.6482154127814],[-84.3974572000091,33.6482244134161],[-84.3974771993162,33.6482314136193],[-84.3976872001022,33.648302412054],[-84.3977332005927,33.6483184118904],[-84.3978661996976,33.6483184121187],[-84.3990302014123,33.648316412129],[-84.3994502008589,33.6483154119861]]]},"properties":{"OBJECTID":14,"PlanningRegion":"Atlanta Regional Commission","ARCModel":"Yes","GeoID":"Z03","LogRecNo":4741,"SumLev":"NSA","Name":"NSA Z03","SqMileage":3.466983,"p_NoVehicleAvailable":15.5,"num_NoVehicleAvailable":390,"p_AgeUnder18":28.6,"num_AgeUnder18":1747,"p_AgeOver65":14.5,"num_AgeOver65":884,"p_WithDisability":14.5,"num_WithDisability":885,"p_BelowPovertyLine":19.5,"num_BelowPovertyLine":1189,"p_NoHealthInsurance":13.8,"num_NoHealthInsurance":845,"p_PublicTransitCommute":11.1,"num_PublicTransitCommute":297,"p_SingleParentFamily":13.6,"num_SingleParentFamily":341,"TotalPopulation":6107,"TotalOccupiedHouseholdUnits":2506,"num_NoVehicle":0,"num_Under18":1,"num_Over65":0,"num_Disability":0,"num_Poverty":0,"num_NoInsurance":0,"num_PublicTransit":0,"num_SingleParent":1,"num_Composite":2,"p_NoVehicle":0,"p_Under18":0,"p_Over65":0,"p_Disability":0,"p_Poverty":0,"p_NoInsurance":0,"p_PublicTransit":0,"p_SingleParent":0,"p_Composite":0,"CombinedScore":2,"Shape_Leng":0.140500648071,"COC":"YES","COCBinary":1,"COC_Tier":"Tier 2","Shape__Area":96601296.07446289,"Shape__Length":46830.17584402679,"Neighborhoods":"Blair Villa/Poole Creek, Glenrose Heights, Orchard Knob, Rosedale Heights"}},{"type":"Feature","id":15,"geometry":{"type":"Polygon","coordinates":[[[-84.4175372116011,33.7517864345286],[-84.4175362114958,33.7510994342688],[-84.4175352122707,33.7507674334777],[-84.4175342114983,33.7504104324872],[-84.4175332117033,33.7499214346012],[-84.4175332113891,33.7491744341717],[-84.4175342118748,33.7490754340195],[-84.4175422114364,33.7484024332034],[-84.41755621211,33.7471964327335],[-84.4175632115091,33.7465314332316],[-84.41754821285,33.7454434323874],[-84.4175462110673,33.7444864317504],[-84.4160622118288,33.7444614319332],[-84.4153482107814,33.7444494329301],[-84.4141412109905,33.7444294330378],[-84.4139892107901,33.7444194316845],[-84.414035209331,33.7442654322897],[-84.4140482101842,33.7429964318777],[-84.4140502099335,33.742823430729],[-84.4140592101798,33.7418234327487],[-84.4140622102196,33.7415244321178],[-84.4140552099126,33.7414924328381],[-84.4144492102138,33.7415014320718],[-84.4176632110764,33.7416104317419],[-84.4181512116387,33.7415864320988],[-84.418694211253,33.7416194318815],[-84.4192442111803,33.7416674311358],[-84.4198152123015,33.7417334315285],[-84.4201792121775,33.7417944319085],[-84.4205312128552,33.7419044311363],[-84.4206192120226,33.7419414317628],[-84.4213362114644,33.7422444315766],[-84.4213862120458,33.742265432595],[-84.4233212125929,33.7432214320248],[-84.4233232130798,33.7437394317888],[-84.4233162129998,33.7444664323478],[-84.4233082131311,33.7452984317776],[-84.4232992130186,33.7462204328036],[-84.4232912131582,33.7470474332204],[-84.4241952131817,33.7471334316066],[-84.4243662132353,33.7471494317264],[-84.4254162134554,33.7472484328796],[-84.4259452130788,33.7472924328798],[-84.4267792134193,33.7473064314156],[-84.4269782138941,33.7472964328115],[-84.4270722160177,33.7472884316547],[-84.4275342142287,33.7472954323828],[-84.4280252143782,33.7473034321401],[-84.4287202140268,33.747314432419],[-84.429451215632,33.7473304320852],[-84.4295442146147,33.7473294316313],[-84.4300072153927,33.7473334328847],[-84.4284362160541,33.7487734328797],[-84.4281362141503,33.7490584334023],[-84.4279692158552,33.7492654327202],[-84.4279012148513,33.7493834328219],[-84.4278392143538,33.7495254339608],[-84.4278082149733,33.7495814345879],[-84.4277832138645,33.7496624335203],[-84.4277582148667,33.7497174332291],[-84.4276962158006,33.7497984346424],[-84.4276092145753,33.7498914330912],[-84.4275102145828,33.7499904338986],[-84.4274362142052,33.7500524347202],[-84.4273372146926,33.7502134331595],[-84.427318214838,33.7503124325757],[-84.427300215812,33.7504304331473],[-84.4272692151034,33.7505604333296],[-84.4272192137957,33.7506904339311],[-84.427114214286,33.7508144337246],[-84.4269402140492,33.7509194331842],[-84.426860214727,33.7509694335581],[-84.4267482141712,33.7510554331357],[-84.426693214064,33.7511614338892],[-84.4265872134808,33.7515014329809],[-84.4263912133787,33.7521804333105],[-84.4260262143192,33.7535344340802],[-84.4259792132686,33.7535374343398],[-84.4259222140444,33.7535474325791],[-84.4257802143265,33.7535714333931],[-84.4255792138754,33.7536244341774],[-84.4252892133899,33.7537364342168],[-84.4244492132562,33.7541524326879],[-84.4238952140863,33.7544234335324],[-84.4235892135101,33.7545484341105],[-84.4232702137266,33.7546514344431],[-84.4229432132724,33.7547304350042],[-84.4226762131452,33.7547764341727],[-84.4223372123166,33.7548124346886],[-84.422065212554,33.754823434367],[-84.4213202125368,33.7547974333043],[-84.4204032125364,33.7547604340763],[-84.4198742126922,33.7547534342177],[-84.4186942115326,33.7547394333862],[-84.418505212369,33.7547284348088],[-84.4175582127352,33.754726433675],[-84.4175682129733,33.7541184341757],[-84.4175742121236,33.7537744345338],[-84.4175592109692,33.7535864349159],[-84.4175502104757,33.7534744334659],[-84.4175402110441,33.7528504340544],[-84.4175392116175,33.7524724336467],[-84.4175392124767,33.752211434395],[-84.4175372116011,33.7517864345286]]]},"properties":{"OBJECTID":15,"PlanningRegion":"Atlanta Regional Commission","ARCModel":"Yes","GeoID":"T01","LogRecNo":4718,"SumLev":"NSA","Name":"NSA T01","SqMileage":0.440626,"p_NoVehicleAvailable":32.6,"num_NoVehicleAvailable":379,"p_AgeUnder18":13.8,"num_AgeUnder18":316,"p_AgeOver65":15.1,"num_AgeOver65":348,"p_WithDisability":20.3,"num_WithDisability":462,"p_BelowPovertyLine":42.9,"num_BelowPovertyLine":954,"p_NoHealthInsurance":24.9,"num_NoHealthInsurance":567,"p_PublicTransitCommute":21.8,"num_PublicTransitCommute":260,"p_SingleParentFamily":5.1,"num_SingleParentFamily":59,"TotalPopulation":2296,"TotalOccupiedHouseholdUnits":1163,"num_NoVehicle":0,"num_Under18":0,"num_Over65":0,"num_Disability":0,"num_Poverty":0,"num_NoInsurance":0,"num_PublicTransit":0,"num_SingleParent":0,"num_Composite":0,"p_NoVehicle":1,"p_Under18":0,"p_Over65":0,"p_Disability":1,"p_Poverty":2,"p_NoInsurance":2,"p_PublicTransit":1,"p_SingleParent":0,"p_Composite":7,"CombinedScore":7,"Shape_Leng":0.0532439233101,"COC":"YES","COCBinary":1,"COC_Tier":"Tier 1","Shape__Area":12277451.831542969,"Shape__Length":17592.16376685406,"Neighborhoods":"Ashview Heights, Harris Chiles, Just Us"}}]}