{"type":"FeatureCollection","crs":{"type":"name","properties":{"name":"EPSG:4326"}},"features":[{"type":"Feature","id":1,"geometry":{"type":"MultiPolygon","coordinates":[[[[-104.965282217275,39.7141352184545],[-104.965250217331,39.7141332184706],[-104.965176217278,39.7141382186008],[-104.965142217997,39.7141462188232],[-104.965108217542,39.7141542190304],[-104.965002217146,39.7141782194186],[-104.964906218231,39.714202219274],[-104.964873217176,39.7142102194562],[-104.964839217826,39.7142182195909],[-104.96474321807,39.7142452194954],[-104.96466221741,39.7142772197427],[-104.964632217424,39.7142882201911],[-104.96460121798,39.7142992196854],[-104.964516217887,39.7143372200135],[-104.964385218244,39.7144062205102],[-104.964282218272,39.7144662208294],[-104.964243218737,39.7144912209883],[-104.964193218313,39.7145232206955],[-104.964157219126,39.7145432212731],[-104.964121219279,39.7145642215984],[-104.964093218829,39.714581221482],[-104.96406921866,39.7145962211472],[-104.964056218844,39.7146032214958],[-104.964044218493,39.7146102209927],[-104.96398021857,39.7146202215112],[-104.9639372191,39.714628221804],[-104.963891218904,39.7146362219154],[-104.96382721964,39.714663221904],[-104.963802219401,39.714677221698],[-104.963777219796,39.7146902217277],[-104.963709219746,39.7147252222228],[-104.963586219355,39.7147522223742],[-104.96346621959,39.7147792225736],[-104.963376219705,39.7148102225568],[-104.963348219626,39.7148262225029],[-104.963319219414,39.714843223045],[-104.963199220046,39.7149352236893],[-104.963120220064,39.7150032234199],[-104.963060220152,39.7150412233095],[-104.963042220701,39.7150532238502],[-104.963024220084,39.7150652234822],[-104.962957221112,39.7150842238204],[-104.962910220885,39.7150942239101],[-104.962865220237,39.7151032243435],[-104.962788220675,39.7151222239536],[-104.962765220273,39.7151272239976],[-104.962745220604,39.7151322242323],[-104.962634220913,39.7151592241588],[-104.962472221369,39.7151862251182],[-104.962291221115,39.7152292252534],[-104.962216221193,39.7152502250471],[-104.962145221605,39.7152692255476],[-104.96212322157,39.7152762259607],[-104.962113221362,39.7152792254527],[-104.962082221745,39.7152892254214],[-104.962007221161,39.71531622635],[-104.961901221037,39.7153512258279],[-104.961794222052,39.7153782261509],[-104.961751221003,39.7153892267245],[-104.961708221607,39.7154012261507],[-104.961588222248,39.715435227272],[-104.961457221171,39.7154612275472],[-104.961409221194,39.7154692274413],[-104.961361222372,39.7154772273212],[-104.961255221413,39.7154852272492],[-104.961205221874,39.7154872274394],[-104.96115922139,39.7154892279135],[-104.961050221486,39.7154962276682],[-104.960992222234,39.7155022279899],[-104.960941222309,39.7155072281726],[-104.960894222399,39.7155142281749],[-104.960848221473,39.7155202284722],[-104.96074222155,39.7155282288438],[-104.960668221537,39.7155322290845],[-104.960618221737,39.7155362285472],[-104.96056722245,39.7155402288093],[-104.960473221989,39.7155482290238],[-104.960335221572,39.7155642289557],[-104.960207222349,39.7155742292159],[-104.960171221676,39.7155822296272],[-104.960144222336,39.7155882294834],[-104.960094222707,39.7156002295188],[-104.960071221716,39.7156072303586],[-104.960051222657,39.7156142296617],[-104.959991222634,39.7156242301609],[-104.959959222618,39.7156282300121],[-104.959927222598,39.7156322298544],[-104.959915222352,39.7156332303616],[-104.959831221818,39.7156402302801],[-104.959743221983,39.7156392307914],[-104.95971722187,39.7156322310334],[-104.959690222294,39.7156252302817],[-104.959580222784,39.7156302308657],[-104.959488222411,39.7156412315619],[-104.959460222844,39.7156432312219],[-104.959444222817,39.7156452310763],[-104.959399222568,39.7156492313796],[-104.959330222266,39.7156562314249],[-104.959309222515,39.7156582316982],[-104.95922722175,39.7156672317947],[-104.959126222036,39.7156772316051],[-104.959107222391,39.7156792320323],[-104.958972222416,39.715693232031],[-104.958938222185,39.7156972323124],[-104.95890422195,39.7157012325841],[-104.958871222361,39.715705232045],[-104.958808222759,39.7157132321299],[-104.958723222892,39.7157262324351],[-104.958701222187,39.7157302329215],[-104.958656222018,39.7157372331267],[-104.958479222403,39.7157582330478],[-104.95835222235,39.7157742335601],[-104.95830222296,39.7157772331804],[-104.9582812227,39.7157782335066],[-104.958114222577,39.7157892335765],[-104.957954222247,39.7158082340352],[-104.95790222283,39.7158142343624],[-104.957836222976,39.7158212347503],[-104.957798222374,39.7158252342784],[-104.957661223315,39.7158402350303],[-104.957551223267,39.7158532354121],[-104.957496222582,39.7158582354685],[-104.957409222346,39.7158662357988],[-104.957211222608,39.7158712362327],[-104.957073222881,39.7158702363977],[-104.956794222343,39.7158702363177],[-104.956771223069,39.7158712370508],[-104.956687223319,39.7158732368223],[-104.956650223082,39.7158712366264],[-104.95661322326,39.7158702370832],[-104.956482222387,39.7158472372002],[-104.95636622244,39.7158282370935],[-104.956337223064,39.7158242373234],[-104.956325222658,39.715822237278],[-104.956284222883,39.7158162374483],[-104.956100223035,39.7157932380407],[-104.955991222839,39.7157792381135],[-104.955948222586,39.7157722381597],[-104.95593422208,39.7157702378307],[-104.955906222985,39.7157652383152],[-104.955836222739,39.715752238254],[-104.955807221849,39.715747238584],[-104.955790222915,39.715745238777],[-104.95577022281,39.715742238831],[-104.955726222367,39.7157362384335],[-104.955599221827,39.7157352391233],[-104.955562222498,39.7157352390131],[-104.955496221991,39.7157352388526],[-104.955467221933,39.7157322395268],[-104.955439222528,39.715729239422],[-104.955344222203,39.7157122395694],[-104.95530522226,39.7157022397024],[-104.955281221913,39.7156962398779],[-104.955266222329,39.7156922398224],[-104.955089222523,39.7156622395873],[-104.954952222522,39.7156342402168],[-104.95480922191,39.7156112405059],[-104.954793222124,39.7156082400194],[-104.954757222312,39.7156022403129],[-104.95472222198,39.715596240725],[-104.95463022159,39.7155732403166],[-104.954506221724,39.7155262412706],[-104.954365221235,39.7154872414919],[-104.954296221804,39.7154732408872],[-104.954293221824,39.7154722416188],[-104.954246221711,39.7154622412122],[-104.954107221828,39.7154512419383],[-104.954070221496,39.7154482420674],[-104.954033221166,39.715445242185],[-104.953990221313,39.7154382415146],[-104.953945221345,39.715431242352],[-104.953912220876,39.7154272423227],[-104.953846221497,39.7154202420056],[-104.953812221591,39.7154132425254],[-104.953779220791,39.7154052425084],[-104.953697221166,39.7153782428215],[-104.953664220849,39.7153652421627],[-104.953631220538,39.7153522423953],[-104.953503220937,39.7152912423479],[-104.953352220303,39.7152192432681],[-104.953272219897,39.7151762428676],[-104.953197220369,39.7151362433284],[-104.953157220219,39.7151162431751],[-104.953063220611,39.715067243825],[-104.952904219782,39.7149932434645],[-104.952872219324,39.7149772434404],[-104.95281321957,39.7149492440627],[-104.952734219049,39.7148992442004],[-104.952703219382,39.7148802440946],[-104.952680218872,39.7148642444596],[-104.952658219008,39.714848244072],[-104.952594219154,39.714815244121],[-104.952544219046,39.7147892445796],[-104.952502218826,39.7147682441353],[-104.952462218905,39.7147542441177],[-104.952449218608,39.7147502439993],[-104.952421218725,39.7147412445964],[-104.952220218613,39.7146772444516],[-104.952117218742,39.7146432447899],[-104.952095219111,39.7146372455227],[-104.952075218419,39.7146312447544],[-104.952033218922,39.7146182449452],[-104.951985218361,39.7146062448466],[-104.951934218261,39.7145942451637],[-104.951897218933,39.7145892450857],[-104.95186021879,39.7145852456553],[-104.951732218592,39.7145542455285],[-104.951708218585,39.714547246109],[-104.951684218591,39.714540245784],[-104.951609217842,39.7145022456358],[-104.951591218727,39.7144902456333],[-104.951535218178,39.714455245939],[-104.951517217703,39.714439245968],[-104.951501218014,39.7144252458418],[-104.951475217823,39.7144042457761],[-104.951430218095,39.714368246227],[-104.951346217096,39.7142872465674],[-104.951297217903,39.7142392464708],[-104.951279217538,39.7142232464621],[-104.951194217146,39.7141482469067],[-104.951173217246,39.7141252462567],[-104.951135217332,39.7140852468729],[-104.951118216643,39.7140662468107],[-104.951087216859,39.7140342466521],[-104.951015216787,39.7139592463791],[-104.950928216252,39.7138822467679],[-104.950879215708,39.7138112465332],[-104.9507762158,39.7137262469659],[-104.950747215229,39.7137012471813],[-104.950717215231,39.7136762472256],[-104.950661215934,39.7136382469165],[-104.950647215493,39.7136312471399],[-104.950632215609,39.7136242471973],[-104.950509215131,39.7135692477387],[-104.950496215005,39.7135612474498],[-104.950453215349,39.713536247942],[-104.950428215403,39.713519247757],[-104.950403214636,39.7135032473258],[-104.950326214838,39.7134522481844],[-104.950206215063,39.7133992475405],[-104.950165214966,39.7133792479797],[-104.950122214513,39.7133582482971],[-104.950062214111,39.7133082480476],[-104.950046214432,39.7132782479041],[-104.950030213601,39.7132482477527],[-104.950033213766,39.7132072480771],[-104.950034214224,39.7131852480598],[-104.950027214043,39.7131762480858],[-104.950017214051,39.7131662478324],[-104.94997121383,39.7131582480992],[-104.949953213585,39.7131552484021],[-104.949925214143,39.7131482479237],[-104.949897213534,39.7131412483339],[-104.949834213585,39.7130972487255],[-104.949787214124,39.7130642483668],[-104.949737212886,39.7130312483572],[-104.949647213528,39.7129702488573],[-104.94961821325,39.7129512491661],[-104.949590213598,39.7129322487457],[-104.949467212825,39.7128662489763],[-104.949386213037,39.7128222495384],[-104.949351212594,39.7127952488057],[-104.94931621248,39.7127692496282],[-104.949252212904,39.7127112492338],[-104.949228211855,39.712683249762],[-104.949203212251,39.7126542494486],[-104.949152211524,39.7125632492221],[-104.949148212459,39.7125552495004],[-104.949143212093,39.7125412492112],[-104.949139211781,39.7125292495291],[-104.949130212276,39.7125032495623],[-104.949096211482,39.7124162496136],[-104.949064211658,39.7123582494615],[-104.949052211656,39.7123362497986],[-104.949040211669,39.7123142492335],[-104.948997210754,39.712262249252],[-104.948903210299,39.712147249491],[-104.948868210918,39.7121182499841],[-104.94885421059,39.7121062493696],[-104.948827210043,39.7120882496014],[-104.9488012101,39.7120702500124],[-104.948724209849,39.7120202495446],[-104.9486422103,39.7119742498649],[-104.948621209901,39.7119562502521],[-104.948600209519,39.7119382497348],[-104.948552209466,39.7118662497874],[-104.948540209757,39.7118482500239],[-104.948509209907,39.7118012499929],[-104.948483208941,39.7117792503707],[-104.948457209164,39.7117572498472],[-104.948365208816,39.711734250779],[-104.948255209099,39.7117172504557],[-104.948229209202,39.7117062508842],[-104.948202208727,39.7116952511163],[-104.948118208756,39.7116532506406],[-104.948048208954,39.7116192508628],[-104.948010208523,39.7116102511996],[-104.947546208201,39.7115002523246],[-104.946886207901,39.7113472535454],[-104.946589207799,39.7113772536408],[-104.946554208345,39.7113812537473],[-104.946487209106,39.7115092541273],[-104.946246208238,39.7114962541101],[-104.94623220822,39.71149625485],[-104.946183208759,39.7114962547277],[-104.94594120827,39.711495254652],[-104.94557920883,39.7114942559547],[-104.945215208485,39.7114942563773],[-104.944974208578,39.7114932572299],[-104.944732208096,39.7114922573688],[-104.944383208334,39.7114922584778],[-104.94400920889,39.7114912586096],[-104.943768208989,39.7114902596933],[-104.943526208042,39.7114922602436],[-104.943164208114,39.7114942606092],[-104.942801208959,39.7114972611965],[-104.942560208528,39.7114992617972],[-104.942185208519,39.7114712622575],[-104.941349208192,39.7114442640447],[-104.940822208703,39.7114272651014],[-104.940706207895,39.7114232657431],[-104.940656207883,39.7114232657661],[-104.940687207462,39.711223264855],[-104.940686206887,39.7110772647684],[-104.940686207299,39.7109942654052],[-104.940687202127,39.7092972639859],[-104.940688199423,39.7083312631077],[-104.940689195375,39.7073462627368],[-104.940689192405,39.7063392615129],[-104.940690192075,39.7060672614093],[-104.940690191538,39.7059002617095],[-104.940690191236,39.7057952610249],[-104.940690189858,39.7052832608134],[-104.940690188709,39.7049062605356],[-104.940690188289,39.7048432608224],[-104.940690187691,39.7047002608551],[-104.940691185432,39.703816260008],[-104.940691185045,39.703814260472],[-104.940693180028,39.7020562592184],[-104.940694174648,39.7002322574919],[-104.940694174515,39.7002072578789],[-104.940694174563,39.7001892575457],[-104.940694174213,39.7001752571845],[-104.940695172759,39.6998432568615],[-104.940696169084,39.6983812565692],[-104.940697167246,39.697956255889],[-104.940697167034,39.6977302558156],[-104.940028166757,39.697733257212],[-104.940026167706,39.6979282576331],[-104.938689168071,39.6979332594162],[-104.938563167913,39.6979342602763],[-104.938564163348,39.696661259416],[-104.938635164186,39.6966612588057],[-104.939553163452,39.6966592568721],[-104.939554163359,39.6965702569164],[-104.939676163224,39.6965702573318],[-104.939735163004,39.6965702565195],[-104.940190163216,39.6965712560765],[-104.940555162632,39.6965722553793],[-104.940612162826,39.6965722554227],[-104.940670163204,39.6965712550218],[-104.940698163116,39.6965712548918],[-104.940698162922,39.6965702551213],[-104.940697159628,39.695406254369],[-104.9406961572,39.6947632532865],[-104.940633156986,39.694760254248],[-104.940554157247,39.6947642540111],[-104.940555159164,39.6954052546575],[-104.940491159764,39.6954052546064],[-104.939615159718,39.695403255892],[-104.939511160102,39.6954032565334],[-104.939510159278,39.6951072558448],[-104.939510158217,39.6947612560619],[-104.937852157729,39.6947652589422],[-104.937353157741,39.6947662599788],[-104.936260158594,39.6947682623751],[-104.936260158321,39.6947842623055],[-104.93626916346,39.6965842638842],[-104.936350164455,39.6965842630532],[-104.936424163874,39.6965832630687],[-104.936420167553,39.6978432644565],[-104.936408167536,39.6978432645919],[-104.935906167746,39.6978442650312],[-104.935912164355,39.6966002641268],[-104.935912163667,39.6965852639717],[-104.935131164725,39.6965872660416],[-104.934080164484,39.6965912676414],[-104.934033164468,39.6965912684268],[-104.933994163942,39.6965912680653],[-104.933126165027,39.6965932694832],[-104.932911164557,39.6965972704676],[-104.932839164714,39.6965992704502],[-104.932775164966,39.6965942700547],[-104.93258116507,39.6965952706401],[-104.93239716539,39.6965962714367],[-104.931746165513,39.6965982722486],[-104.931735164913,39.696598272232],[-104.931715164451,39.6965982728574],[-104.931645165192,39.6965982723288],[-104.930969165189,39.6965992743371],[-104.929855165194,39.6966022758131],[-104.928213165168,39.6966062791218],[-104.928213165584,39.696636279443],[-104.92821116932,39.6977972804065],[-104.928209171421,39.6984252811273],[-104.928796171084,39.6984202796869],[-104.928780176514,39.7002282805619],[-104.928795175886,39.7002282804591],[-104.929314175837,39.7002282799706],[-104.929982175896,39.7002242789482],[-104.930186176152,39.7002232779161],[-104.930341175421,39.700222277869],[-104.930363175427,39.7002222781506],[-104.930428176146,39.7002212779646],[-104.930462175416,39.7002212777961],[-104.930481175315,39.7002212779376],[-104.930790175742,39.7002192765343],[-104.931720175857,39.7002142754085],[-104.931720175864,39.7002872747528],[-104.931720175571,39.7003192754626],[-104.932832175492,39.700305273255],[-104.932883176196,39.7003052733155],[-104.932883178748,39.7013222740238],[-104.934053178251,39.7013132712076],[-104.934053180076,39.7020402720718],[-104.934045185951,39.703760272899],[-104.933978185732,39.7037612735817],[-104.933292185285,39.7037722748468],[-104.932857185487,39.7036162750131],[-104.932868182913,39.7029382747336],[-104.932883181285,39.7020492740468],[-104.932869180812,39.7020492740858],[-104.931712180478,39.7020582766552],[-104.931712181778,39.7021882762584],[-104.931707184773,39.7032042776607],[-104.931707184751,39.7033502770926],[-104.931706185797,39.703685277331],[-104.931705185905,39.7038592780103],[-104.930476186078,39.7038592802994],[-104.93017318638,39.7038592807684],[-104.929317186836,39.7038592824815],[-104.929315187048,39.7038592826854],[-104.926992187069,39.7038592869236],[-104.926992187519,39.7040652868567],[-104.926990188886,39.7047302875186],[-104.926989190405,39.7051512883868],[-104.926986194379,39.7065612887881],[-104.926986195039,39.7067012894943],[-104.92828319482,39.7066912861413],[-104.92828719482,39.7067872868056],[-104.929118195064,39.7067882852308],[-104.929120194177,39.706412284425],[-104.929537193467,39.7064142834076],[-104.929542197651,39.7074932847127],[-104.929546199471,39.7085122857649],[-104.92946520056,39.7084982852603],[-104.926982198546,39.7080542903471],[-104.926983198867,39.7081142902152],[-104.926744199081,39.7080702905564],[-104.926489199215,39.7080232905532],[-104.926028198518,39.7079392914928],[-104.925920198283,39.7079192923711],[-104.925790198112,39.7078952920619],[-104.925693197988,39.7078782925923],[-104.925562198598,39.707854292555],[-104.925130197859,39.7077762932857],[-104.924977197729,39.7077492938429],[-104.924880197964,39.7077332943691],[-104.924779198529,39.7077152937346],[-104.924649197791,39.7076952948257],[-104.92447319751,39.7076672950311],[-104.924415197359,39.7076592949898],[-104.924050198162,39.7076122953345],[-104.923703197559,39.7075602965327],[-104.923466197571,39.7075252969852],[-104.92322319738,39.7074832970872],[-104.923116197933,39.7074642973529],[-104.92249919703,39.7073492982666],[-104.922259197463,39.7073042991908],[-104.921754197335,39.7072052994396],[-104.9217391967,39.7072022993441],[-104.921505196835,39.7071543000964],[-104.921304196466,39.707113300798],[-104.921131196802,39.7070743006974],[-104.920990196453,39.7070363009217],[-104.920862196307,39.7069953017385],[-104.920753195723,39.706954301415],[-104.92062819566,39.7069073019333],[-104.920492195967,39.7068473015838],[-104.920291196001,39.706746301891],[-104.919834194563,39.7065163032724],[-104.918808193049,39.7059853050203],[-104.915734189884,39.704392309602],[-104.914711188262,39.7038633109569],[-104.91432518823,39.7038633123647],[-104.913169187876,39.7038633144619],[-104.912976187849,39.7038633141449],[-104.912940188147,39.7038633145935],[-104.91293518756,39.7037343149307],[-104.912902185837,39.7030323140656],[-104.912894186223,39.7029323143174],[-104.912897185046,39.7027623135607],[-104.912894183422,39.70214731336],[-104.912894183774,39.7020543131735],[-104.912893183286,39.7019803135182],[-104.912888179228,39.7003353121404],[-104.912886178875,39.7002473124661],[-104.912887178888,39.7001353116644],[-104.912890175061,39.6990423108816],[-104.912891174222,39.6985293109726],[-104.91288917386,39.6984473107676],[-104.912894173325,39.6983513108842],[-104.912943168845,39.6966773097832],[-104.91294216857,39.6966253094651],[-104.912890169132,39.6966243094964],[-104.912785169476,39.6966243094397],[-104.912332168971,39.6966243108902],[-104.912266168753,39.6966243107046],[-104.912189169081,39.6966243104442],[-104.911954169498,39.6966253116447],[-104.911155168843,39.6966253126198],[-104.910510169842,39.6966253137506],[-104.909146169419,39.6966263170751],[-104.908231169434,39.6966263187688],[-104.908211170101,39.6966263190052],[-104.907928169694,39.6966323189474],[-104.907721169528,39.6966013194463],[-104.90755716977,39.6965603196303],[-104.907480169498,39.6965253197617],[-104.9073871697,39.6964843198451],[-104.907239169022,39.6963913201899],[-104.907002169308,39.6962023203977],[-104.906854168831,39.6960843205361],[-104.906714168557,39.6959693214298],[-104.906610168618,39.6958993215309],[-104.906491168099,39.6958293214886],[-104.906403167878,39.695777321493],[-104.906284168437,39.6957363218445],[-104.906158167773,39.6956953218466],[-104.906024167608,39.6956783217793],[-104.905912167742,39.6956713223454],[-104.905695168094,39.6956693224773],[-104.905650168466,39.6956683231538],[-104.90553316818,39.6956683235133],[-104.905502168643,39.6956683235225],[-104.904870168351,39.6956663247163],[-104.904823167699,39.6956663246294],[-104.904810167667,39.6956663245838],[-104.904759167898,39.6956663249465],[-104.904508168499,39.6956653252922],[-104.903758168733,39.6956633263811],[-104.903556168047,39.6956633270034],[-104.903508168198,39.6956633267272],[-104.903456168888,39.6956643275323],[-104.903319168511,39.6956673271279],[-104.903047168426,39.6956733278903],[-104.902873169034,39.6956583287791],[-104.902759169105,39.6956303281654],[-104.902717169097,39.6956203287874],[-104.902708168413,39.6956163290159],[-104.902595168539,39.6955663284159],[-104.90253816839,39.6955283284885],[-104.902408168412,39.6954423287773],[-104.901343166121,39.6942943307737],[-104.900725163623,39.6936273307551],[-104.900284162489,39.6931513312272],[-104.90012516198,39.6929793319388],[-104.900104162534,39.6929573315676],[-104.90343416221,39.6929893249741],[-104.903510161948,39.6929903247878],[-104.90351016137,39.6929713254857],[-104.903510160448,39.6925843248434],[-104.903510160228,39.6924263245761],[-104.90351115897,39.6917963244345],[-104.90351615854,39.6917883245832],[-104.90351215342,39.6895543229896],[-104.903512152044,39.6894273227706],[-104.903512151981,39.6893723225489],[-104.903512152239,39.689354322101],[-104.903436152112,39.6893523224906],[-104.903162152725,39.6893513229473],[-104.902975152113,39.6893513238578],[-104.902391152655,39.6893533245655],[-104.901042153648,39.6893503274326],[-104.899193154159,39.6893413312479],[-104.899054153738,39.6893413306858],[-104.898811153453,39.689340331713],[-104.898822157711,39.6907253328716],[-104.898182157775,39.6907283342249],[-104.898676158196,39.6912643330948],[-104.898828159001,39.6914293327031],[-104.898829159655,39.691624333447],[-104.898839162777,39.6929583344973],[-104.895809164137,39.6929713402055],[-104.895585163515,39.6929723408292],[-104.894196163669,39.6929783433957],[-104.894083163966,39.6928953437706],[-104.894082163094,39.6927163429963],[-104.894082162961,39.6926993432301],[-104.894071155728,39.689371340419],[-104.894071155533,39.6893273403901],[-104.894069153837,39.6886463405896],[-104.894061148431,39.68643333908],[-104.894059147048,39.685695337803],[-104.893632146888,39.6856943389202],[-104.893412146307,39.685694339026],[-104.89339814672,39.6856943397582],[-104.893388146854,39.6856943395072],[-104.893355147073,39.6856933397056],[-104.891525147067,39.6856903434367],[-104.889329148562,39.6856863469823],[-104.889328147636,39.685588347414],[-104.889318143668,39.6838133455268],[-104.889312140906,39.6827093451279],[-104.889309139419,39.6820573444148],[-104.890621139446,39.6820583423185],[-104.893434137416,39.682062336742],[-104.894046137736,39.6820623355514],[-104.894057129903,39.6787333330284],[-104.894057128905,39.6784493326731],[-104.894716129062,39.67845133126],[-104.896185128058,39.6784533287163],[-104.896337128287,39.6784533283754],[-104.903445125156,39.6784763144745],[-104.903531124673,39.6784763139813],[-104.903529126245,39.6788783147809],[-104.903516133903,39.6820493173439],[-104.903515134091,39.6820793173005],[-104.903515134213,39.6820893168757],[-104.903515134464,39.6821403172289],[-104.9035141385,39.6838873179944],[-104.903514140475,39.6847163192046],[-104.903514140611,39.6847573190443],[-104.903564140449,39.6847883189661],[-104.903593140369,39.6848063188343],[-104.904787141805,39.6855363171217],[-104.905080143009,39.6857153169829],[-104.905163142569,39.6857153162845],[-104.905157138313,39.6838973152947],[-104.905014137465,39.6838973149948],[-104.904603138379,39.6838973159531],[-104.904603138525,39.68386431612],[-104.904603137906,39.6838373158432],[-104.904597133942,39.6820783148252],[-104.904591129106,39.6803193136195],[-104.904591128831,39.680309314038],[-104.904591128786,39.6802733139283],[-104.905286128279,39.6802733125328],[-104.906247128438,39.6802723106741],[-104.907229127982,39.6802713086624],[-104.907971126987,39.6802713067792],[-104.908095127055,39.6802713069389],[-104.908094126084,39.6798083066456],[-104.907978126471,39.6798093069146],[-104.907903126566,39.6798103063971],[-104.90756912636,39.6798123077041],[-104.906982126903,39.6798103084842],[-104.906982126375,39.6797313089157],[-104.906984124456,39.6787973074199],[-104.906762123619,39.6787163078426],[-104.906258123874,39.678533309013],[-104.906116124072,39.6784813094647],[-104.906253123078,39.6784443088862],[-104.906294123427,39.6784473090182],[-104.906414123579,39.6784543090316],[-104.906578122747,39.6784583083087],[-104.90660612366,39.6784583082312],[-104.908201122126,39.6784573048234],[-104.912737120538,39.6784632964261],[-104.912789120711,39.6784632967618],[-104.912812119873,39.6784632963442],[-104.912894120019,39.6784632960481],[-104.915962119445,39.6784642901487],[-104.918792117514,39.6784572842878],[-104.919228117392,39.6784582842144],[-104.920542116566,39.6784612813454],[-104.920980116766,39.6784612803528],[-104.921237116891,39.6784642796568],[-104.92200811642,39.6784702784641],[-104.922266115553,39.6784732777276],[-104.922497116458,39.6784732777809],[-104.923192115779,39.6784752764613],[-104.923424115577,39.6784762757683],[-104.923518115939,39.6784752757967],[-104.923804115093,39.6784732749875],[-104.923899115557,39.6784722751093],[-104.924158115077,39.6784702744357],[-104.924936114735,39.6784662725418],[-104.925196114266,39.6784652724488],[-104.925438115047,39.6784712714285],[-104.926322113856,39.6784702696825],[-104.92970011241,39.6784672637404],[-104.930827111756,39.6784652611679],[-104.930886112667,39.6784652612715],[-104.930984112207,39.6784652609563],[-104.931458111561,39.6784652600513],[-104.931616112059,39.6784642595518],[-104.932981111485,39.6784622572423],[-104.933030111242,39.6784622575728],[-104.933285111097,39.6784612569126],[-104.933423111506,39.6784592559749],[-104.933685110693,39.678455255523],[-104.933699111122,39.6784552554095],[-104.933756110337,39.6784522559099],[-104.933776110188,39.6784512560836],[-104.933829110206,39.6784492559788],[-104.933887110887,39.6784482553873],[-104.933977110635,39.6784482554884],[-104.934106110475,39.6785942547846],[-104.93422311163,39.6787272549389],[-104.934583112488,39.6791432544888],[-104.935227114877,39.679908253975],[-104.935579115079,39.6802862536624],[-104.935925116416,39.6806122531324],[-104.936205116955,39.6808562524981],[-104.936659117506,39.6812022523699],[-104.936896117676,39.6813552517741],[-104.937165118856,39.6815302512247],[-104.937776119664,39.6818962505585],[-104.938237120048,39.6821342496901],[-104.938765120261,39.682361248651],[-104.939065121137,39.6824802484218],[-104.939468120505,39.6826232476218],[-104.940241121481,39.6828572459821],[-104.940420121274,39.6828992455208],[-104.940552121531,39.682931245887],[-104.940687121284,39.6829632450612],[-104.940687120754,39.6829422452925],[-104.940690120538,39.682628244812],[-104.940687117361,39.681781244838],[-104.940687118334,39.6817802450679],[-104.940710117166,39.6817002445892],[-104.940785116235,39.6814462441923],[-104.940850116173,39.6811172436699],[-104.940904112765,39.6800942431289],[-104.940748107923,39.6784182418578],[-104.940748107534,39.678416242304],[-104.940748106826,39.6783762422536],[-104.940745106867,39.6780512422162],[-104.940735103402,39.6769602414194],[-104.940731102383,39.6765992408976],[-104.940729100788,39.6762402403881],[-104.940721097519,39.6751712399096],[-104.940718096718,39.6748162398815],[-104.940715095594,39.6747142393156],[-104.940705095493,39.6744132398469],[-104.940702095173,39.6743152392804],[-104.940703093951,39.6741142392243],[-104.940707092807,39.6735182385826],[-104.940707091911,39.673483239153],[-104.940708091355,39.6733222382594],[-104.94070509054,39.6730332386544],[-104.940698088262,39.6721842379821],[-104.940698088679,39.6721742375002],[-104.940696087574,39.6718892380462],[-104.940694086836,39.6715452372301],[-104.940692084811,39.6711762374007],[-104.940689083029,39.6704132370908],[-104.940685081054,39.6696062361376],[-104.940683078868,39.6690412360982],[-104.94068007694,39.668331235246],[-104.940680076381,39.6681762351901],[-104.940680075277,39.6677142352155],[-104.940680074133,39.6675622344632],[-104.94089807416,39.6675612341666],[-104.941265073976,39.6675612336218],[-104.941554073348,39.6675602327024],[-104.941773073507,39.6675602326123],[-104.941978073086,39.6675602323035],[-104.942310073171,39.6675602316726],[-104.942593072972,39.6675602310389],[-104.942799072499,39.6675602304373],[-104.943003072326,39.6675612305871],[-104.943618072648,39.6675632289253],[-104.943823072445,39.6675642287823],[-104.943932072538,39.6675642283625],[-104.944259071883,39.6675652280731],[-104.944368072217,39.6675662279304],[-104.944463071484,39.6675652277099],[-104.944748072096,39.6675642270609],[-104.944844071564,39.6675642265332],[-104.944947072153,39.6675652263401],[-104.945258071,39.6675662260785],[-104.945363071258,39.6675662252707],[-104.945454070925,39.6675662258733],[-104.94573007125,39.6675672249772],[-104.945822070883,39.6675672246057],[-104.94595307067,39.6675652246888],[-104.945986071614,39.6675652244085],[-104.946026071459,39.6675622244389],[-104.946065070449,39.6675602240222],[-104.946183071364,39.667530223712],[-104.946337071012,39.6674802234233],[-104.946461070724,39.6674392237924],[-104.946558070484,39.6674072228263],[-104.946849070094,39.6673102223725],[-104.946945069532,39.6672782226848],[-104.947111068781,39.6672162219408],[-104.947175069436,39.6671922220078],[-104.947407069215,39.667116221772],[-104.947618068057,39.6670632209008],[-104.947789067715,39.6670192207146],[-104.947931068118,39.6669972206447],[-104.948069068086,39.6669812201122],[-104.94829706798,39.6669532193795],[-104.948509067829,39.6669422195525],[-104.94868406796,39.6669452192636],[-104.948830067875,39.6669502183024],[-104.948914066843,39.6669532187705],[-104.949003067359,39.666958217863],[-104.949038066818,39.6669622180072],[-104.949073067134,39.6669652183655],[-104.949143067551,39.6669742183879],[-104.949178067655,39.666980218052],[-104.949191067621,39.6669822181805],[-104.949212067816,39.6669862175238],[-104.949316067686,39.6670062175998],[-104.949381067357,39.6670192174888],[-104.949546067253,39.6670522173948],[-104.94964406688,39.6670772168],[-104.949676067015,39.6670862169192],[-104.949817067653,39.6671242164672],[-104.949995067639,39.6671832168052],[-104.95006606791,39.667205216283],[-104.950109066936,39.6672192161971],[-104.950194067702,39.6672552158519],[-104.950236068136,39.6672732164701],[-104.95025806774,39.6672822155928],[-104.950362067711,39.6673392155757],[-104.950405067512,39.6673622160986],[-104.950485067633,39.6674122160882],[-104.950625067579,39.6674972158111],[-104.950743067868,39.6675342150445],[-104.950783067846,39.6675462155485],[-104.950824067603,39.6675472150334],[-104.950839068461,39.6675482155405],[-104.950857068036,39.6675492147427],[-104.950914068611,39.6675512148669],[-104.950933068137,39.6675522151257],[-104.951036067444,39.6675562143324],[-104.951348067958,39.667569214396],[-104.951452067263,39.6675732143026],[-104.951635068031,39.6675742131626],[-104.952187067522,39.6675762123142],[-104.952371067086,39.6675772119809],[-104.952382067787,39.6675772118901],[-104.952415067551,39.6675772125014],[-104.952427067049,39.6675772116551],[-104.952600066721,39.6675772112831],[-104.953121066429,39.6675762109629],[-104.953295067213,39.6675762106228],[-104.953397066761,39.6675772100784],[-104.95370406653,39.6675802098645],[-104.953807066047,39.6675812091081],[-104.953837066317,39.6675822095729],[-104.954070066561,39.6675812086077],[-104.954859065745,39.6675812071679],[-104.95512306503,39.6675812071422],[-104.95540606584,39.6675812062894],[-104.95573806497,39.6675822053366],[-104.956258065432,39.6675832049583],[-104.956542065021,39.6675832041892],[-104.95682506432,39.667585203974],[-104.95767706436,39.667588202046],[-104.957961063654,39.6675902010072],[-104.958244063716,39.6675912012031],[-104.959095063139,39.6675951994755],[-104.95937906318,39.6675961988382],[-104.959383062099,39.6672811987143],[-104.959395058396,39.6663381976931],[-104.959399057838,39.6660271974519],[-104.959406056989,39.6656041969756],[-104.959427052222,39.6643441967859],[-104.959434051,39.6639261958622],[-104.959436050027,39.663749196294],[-104.959439049576,39.6633931956755],[-104.9594400484,39.6632231953392],[-104.959442048061,39.6630501957522],[-104.959443047316,39.6628201950791],[-104.959445045323,39.6621381947025],[-104.959445044177,39.6619121947834],[-104.959444043474,39.6618341946944],[-104.959441042752,39.6616031946637],[-104.959440043663,39.661592194284],[-104.963066040243,39.661580187388],[-104.963065040653,39.6615601872148],[-104.963054038604,39.6610851872099],[-104.96303803614,39.6603791870153],[-104.963187036367,39.6603741868926],[-104.963223036538,39.6603801860648],[-104.963706036427,39.6603851857806],[-104.964169035265,39.6603891844219],[-104.965161035646,39.6603981827432],[-104.966080034011,39.6604071806584],[-104.966080034247,39.6603991806137],[-104.966487034194,39.6604111805802],[-104.966554033783,39.660411180245],[-104.966617034518,39.6604121795192],[-104.966779033685,39.6604131793745],[-104.96699903432,39.660415178821],[-104.967912032734,39.6604241775343],[-104.968785033048,39.6604321759519],[-104.968828032635,39.6604321757332],[-104.968821038777,39.6620441769215],[-104.968814042407,39.6634281779896],[-104.968814043002,39.6634901778207],[-104.968814043027,39.6635531774271],[-104.968814043103,39.6635611774632],[-104.968814043463,39.6635991780844],[-104.968812045079,39.6640521780133],[-104.968808048342,39.6649701786078],[-104.96880405108,39.6658441796493],[-104.968804051155,39.665852179679],[-104.969964051033,39.6658551769474],[-104.969978050691,39.6658561768033],[-104.971139049895,39.6658581753098],[-104.971604049196,39.6658591739726],[-104.971719048999,39.6658601736462],[-104.972116049432,39.6658611726974],[-104.972190049058,39.6658611726407],[-104.972233049625,39.6658611729672],[-104.972282048626,39.6658611722863],[-104.972518049524,39.6658621721276],[-104.97255104844,39.6658621724902],[-104.973441048605,39.6658641703827],[-104.973464048202,39.6658641707302],[-104.973462049938,39.6664081707666],[-104.973461050609,39.6666161705473],[-104.973488051084,39.6666121707842],[-104.973487052195,39.6669321708903],[-104.973460052662,39.6669271708557],[-104.973457054819,39.6676771717417],[-104.973486054757,39.6676771719389],[-104.973486054861,39.6676861717389],[-104.973486055166,39.6677131720393],[-104.973484055532,39.6680461718537],[-104.973480058883,39.6686861726684],[-104.973477060072,39.6691301728751],[-104.973476060494,39.6693501724852],[-104.973475061464,39.6694931730452],[-104.973475061772,39.669520172428],[-104.973473062889,39.6698491729308],[-104.973467066167,39.6709211741282],[-104.973465067107,39.6712641740416],[-104.973465067154,39.6712801740658],[-104.973462068557,39.6716451744437],[-104.973454072912,39.6727441752807],[-104.973451073838,39.6731121756992],[-104.973450075079,39.6734681751138],[-104.973447078362,39.67453917602],[-104.973446080234,39.6748501763757],[-104.973477080163,39.6748861765218],[-104.973475080796,39.675011176377],[-104.973473081766,39.6752481762437],[-104.973465084335,39.675950176902],[-104.973461085443,39.6763381778323],[-104.973457086523,39.6767031775933],[-104.973454087015,39.6768671776017],[-104.973451088234,39.6770641782628],[-104.973440090553,39.6778961788999],[-104.973436091809,39.6781501783393],[-104.973431093043,39.6785141790222],[-104.973430092905,39.6786221789346],[-104.973428094312,39.6788761791619],[-104.973419098382,39.6799681797494],[-104.973416098663,39.6803341796947],[-104.973413100276,39.6806951807339],[-104.973405104392,39.6817841812864],[-104.973402105103,39.6820801816109],[-104.973413105949,39.6821141817172],[-104.973423105329,39.6821461813944],[-104.973423107203,39.682512181895],[-104.973425110514,39.6836131823715],[-104.973425112041,39.6839821828989],[-104.973425112876,39.684334182752],[-104.973422116716,39.6853931832468],[-104.973422117629,39.685568183773],[-104.973422118336,39.6857481840445],[-104.973422118969,39.6860201839711],[-104.973422119246,39.6861091843224],[-104.9734241229,39.687198184361],[-104.973424124626,39.6875621846713],[-104.973420128637,39.6888151853543],[-104.973420128858,39.6888491856483],[-104.97342012872,39.6888861861514],[-104.973422129223,39.6889711854819],[-104.973424129987,39.6890441857682],[-104.973426130358,39.6891041863373],[-104.973431131131,39.6892981857417],[-104.973433130805,39.689364185823],[-104.973432130975,39.6894551865352],[-104.973431130905,39.6895351861712],[-104.973430131339,39.6896141860373],[-104.97342913182,39.6896861866115],[-104.973428131684,39.6897111862877],[-104.973428132025,39.6897311861903],[-104.973425132559,39.6898111867725],[-104.973424132176,39.6898251862761],[-104.973420133066,39.6899291867622],[-104.973420132539,39.6899531866394],[-104.973427132551,39.690005186201],[-104.973423132798,39.6900231866627],[-104.973418132773,39.6900411862476],[-104.973422133869,39.6902271865565],[-104.973424134328,39.6903421870429],[-104.973426134839,39.6904731865408],[-104.973426135402,39.690527186712],[-104.973427135573,39.690665187314],[-104.973427135202,39.6906911867248],[-104.973427135068,39.690728187204],[-104.973427135407,39.6907481870996],[-104.973427135844,39.6907771867224],[-104.973427136466,39.6908241867003],[-104.973426136646,39.6910551875124],[-104.973426136838,39.6911351870792],[-104.973424138634,39.6915001876062],[-104.973416142711,39.6926031880017],[-104.973414143381,39.6929311887848],[-104.973414143041,39.6929731880776],[-104.973414143971,39.6930011888119],[-104.973414144468,39.6933261883902],[-104.973413148856,39.6943911895005],[-104.973413149412,39.6947481896056],[-104.973408150943,39.6951181903838],[-104.973393154368,39.6962321905924],[-104.973388156494,39.6966051913822],[-104.973387157652,39.6969691914087],[-104.973382161892,39.6980671916643],[-104.973381162649,39.6983561918757],[-104.973401162899,39.6984331923262],[-104.973401162785,39.698447191763],[-104.973399163964,39.6987851922397],[-104.973392167722,39.6998481928111],[-104.973389169232,39.700205193208],[-104.973388170636,39.7005731936365],[-104.973385173711,39.7016861943206],[-104.973384175371,39.7020581945193],[-104.973383176632,39.702417195015],[-104.973380180298,39.703501195482],[-104.973379181948,39.7038111956064],[-104.973379181157,39.7038631959867],[-104.973379182192,39.7039161961391],[-104.97337818252,39.7042241957817],[-104.973374186842,39.7053101969099],[-104.973373188449,39.705675197378],[-104.973373189093,39.7060361969107],[-104.973374193288,39.7071271978268],[-104.973374194129,39.707428197847],[-104.973374194228,39.7074921980293],[-104.973374194402,39.70760419857],[-104.973374195378,39.707852198467],[-104.973376199563,39.7089351987425],[-104.973376200869,39.7092971994216],[-104.973380201414,39.7096581992824],[-104.973390205432,39.7107462001599],[-104.973392206473,39.7110492001632],[-104.97339320752,39.7111102009535],[-104.973393206862,39.7111482009241],[-104.973394208183,39.7114702008957],[-104.973394208033,39.7115462008318],[-104.973396212261,39.7125542013274],[-104.973397213759,39.7129172021729],[-104.97339321889,39.7144852027962],[-104.973392219658,39.7147302028236],[-104.973321219362,39.7147302028863],[-104.973229219862,39.7147302034405],[-104.973145220215,39.7147312034876],[-104.973042219636,39.7147312032588],[-104.973145220333,39.7148312039052],[-104.97318922074,39.71487320359],[-104.973195220821,39.7150812032484],[-104.973146221943,39.7152872038345],[-104.973146224668,39.7162182043686],[-104.97314622646,39.7165382042661],[-104.973147227567,39.7168722052458],[-104.973150229923,39.717753205468],[-104.973151231269,39.7178772053985],[-104.973151231711,39.7180062059447],[-104.97323223149,39.718198205527],[-104.973235232264,39.7182372059915],[-104.973237232007,39.7182632059972],[-104.973238231882,39.7182762055496],[-104.973245232234,39.7183602059034],[-104.973248232297,39.7184052058209],[-104.973184232555,39.7183902056428],[-104.973137232514,39.7183802056105],[-104.973069232287,39.7183632059464],[-104.973021232113,39.7183522061313],[-104.972954232761,39.7183372058999],[-104.97287323246,39.7183192066612],[-104.972763231675,39.7182912067898],[-104.972733232422,39.7182842064127],[-104.972704232681,39.7182772069054],[-104.972538231763,39.7182372072619],[-104.972364231964,39.7181962077726],[-104.972107231009,39.7181352078642],[-104.971852230892,39.7180782082082],[-104.97181323093,39.718070207955],[-104.971774231606,39.7180632083522],[-104.971683230796,39.7180412084767],[-104.97155123083,39.7180052087563],[-104.971414230705,39.7179852086978],[-104.971370231408,39.7179742090698],[-104.97132623096,39.7179632094201],[-104.97120923059,39.7179192092912],[-104.971110231037,39.7178942097609],[-104.970983230799,39.7178552100804],[-104.970895230104,39.7178012100464],[-104.970796230696,39.7177572103056],[-104.970773230036,39.7177472101058],[-104.97075123067,39.7177382105637],[-104.97069323026,39.7177232098933],[-104.97068323047,39.7177212104118],[-104.970667229538,39.7177182102853],[-104.970635230556,39.7177112102788],[-104.970588229608,39.7177022107794],[-104.970525229684,39.7176782104],[-104.970486229273,39.7176632104805],[-104.970420229185,39.7176402107105],[-104.970334230108,39.7176102108021],[-104.970290229254,39.7175922106375],[-104.970245228914,39.7175742113591],[-104.97013622938,39.7175302110551],[-104.97011322877,39.717516211684],[-104.970090229343,39.717502211413],[-104.970020229565,39.7174492113999],[-104.969939229051,39.7173992114936],[-104.969902228276,39.7173752117376],[-104.969865229257,39.7173502113166],[-104.969791228256,39.7172952116237],[-104.969772228027,39.7172772122595],[-104.969721228683,39.7172322120232],[-104.96967522797,39.71718321184],[-104.96962922792,39.7171352123017],[-104.969539227649,39.7170422124603],[-104.969429227517,39.7169322119778],[-104.969356227048,39.7168582120564],[-104.969278226278,39.7167792123411],[-104.969240226943,39.7167422127782],[-104.969215226473,39.7167182129017],[-104.969145226285,39.71665821312],[-104.969111225807,39.7166342131353],[-104.969078226008,39.7166102131535],[-104.96904022596,39.7165932132351],[-104.968990225598,39.7165712125704],[-104.968905225902,39.7165162130859],[-104.968842225555,39.7164612129007],[-104.968817225909,39.7164382136011],[-104.968793225772,39.7164152134055],[-104.968766225348,39.7163812130959],[-104.968733225059,39.7163402134771],[-104.968720224641,39.7163262130537],[-104.968714225346,39.7163202135136],[-104.968634225132,39.7162342131997],[-104.968620224679,39.7162192129899],[-104.968612225252,39.7162112138942],[-104.968491224737,39.7160842136974],[-104.968475223588,39.7160602137872],[-104.968459224205,39.7160372136435],[-104.96840022367,39.7159682139146],[-104.968344224019,39.7158972137843],[-104.968270223367,39.7158202138514],[-104.968197222933,39.7157382141822],[-104.968181222553,39.7157232138818],[-104.968119222958,39.7156662137869],[-104.968085222732,39.7156372137888],[-104.968038222965,39.7155952139424],[-104.967972222809,39.7155292140374],[-104.967936222588,39.7155022143781],[-104.967901222449,39.7154762144889],[-104.967757221998,39.7153602149041],[-104.967567221073,39.7152062150579],[-104.967398220762,39.71511621544],[-104.967292220246,39.7150492152939],[-104.967162220823,39.714959215411],[-104.967014220304,39.7148682160181],[-104.966883219339,39.7148022163611],[-104.966789219426,39.7147522156438],[-104.966675219068,39.7146862162545],[-104.966549218943,39.7145962166952],[-104.966451219243,39.7145272165048],[-104.966422218471,39.7145082164854],[-104.966366218223,39.7144702164967],[-104.966323218443,39.7144372166278],[-104.966309218731,39.7144262169802],[-104.966270218345,39.7144022168785],[-104.966243218312,39.7143842166464],[-104.966209218588,39.7143662170688],[-104.966151217706,39.7143352170353],[-104.966056218129,39.7142912169568],[-104.965960217794,39.7142552175555],[-104.96587521805,39.7142352173775],[-104.96583421773,39.7142322174529],[-104.965819218346,39.7142312180282],[-104.965791217401,39.7142272179144],[-104.965763218176,39.7142242175635],[-104.965684218259,39.714218217742],[-104.96565021764,39.7142152180243],[-104.965636217724,39.7142142177124],[-104.965596217423,39.7142122184066],[-104.965543217439,39.7142042181953],[-104.965525218065,39.7142002184267],[-104.965508217529,39.7141972184522],[-104.965452217797,39.7141802184229],[-104.965416217442,39.7141692186618],[-104.965381217726,39.7141582180334],[-104.965314217765,39.7141382181939],[-104.965282217275,39.7141352184545]]],[[[-104.902671143135,39.6857133217882],[-104.901150141235,39.6848103238713],[-104.899374139423,39.6837543264426],[-104.898783139153,39.6834033275845],[-104.898786144821,39.6855883290725],[-104.898786145201,39.6857053290352],[-104.902671143135,39.6857133217882]]],[[[-104.910920130598,39.682076302563],[-104.910920124985,39.6798933007867],[-104.910854125329,39.6798933015339],[-104.91069012518,39.679893301042],[-104.908293126345,39.6798853058755],[-104.908274126093,39.6798853057227],[-104.908221126139,39.6798843066914],[-104.908203126026,39.6798843061572],[-104.908203126539,39.6798953064171],[-104.908202126426,39.6799683067744],[-104.908202126402,39.6800673063839],[-104.90820112691,39.6802713064331],[-104.908201127641,39.6803073065371],[-104.908201131469,39.6820603079644],[-104.908201132063,39.682075308225],[-104.909614131463,39.6820763052884],[-104.909733131544,39.6820763047174],[-104.910757131339,39.6820763027014],[-104.910920130598,39.682076302563]]],[[[-104.929024181189,39.7019292814298],[-104.929182181822,39.7020442814166],[-104.929311181446,39.7020382810658],[-104.929311181346,39.7018772814106],[-104.929313178805,39.7012882805731],[-104.929313179528,39.7012732804429],[-104.929277178868,39.701273280477],[-104.928299179381,39.701275282816],[-104.928312179465,39.7012882826589],[-104.928496179665,39.701469282138],[-104.928643179954,39.7016142819261],[-104.929024181189,39.7019292814298]]],[[[-104.931720175441,39.7001712754341],[-104.93172617191,39.6988372745475],[-104.931728170767,39.6984242740208],[-104.932296170024,39.6984272731386],[-104.932763170398,39.698422271516],[-104.932789170264,39.6984222717249],[-104.932867169787,39.6984212716462],[-104.932890169623,39.698421271776],[-104.932971170262,39.6984192710194],[-104.93389516971,39.6984042694125],[-104.934039169621,39.698401269667],[-104.934071169535,39.6984012696457],[-104.934071170524,39.6984472689512],[-104.93406717113,39.6988172697421],[-104.934061172253,39.6993452703181],[-104.934059173208,39.6996992699032],[-104.934056175661,39.7001692702463],[-104.932882174845,39.7001632724873],[-104.931720175441,39.7001712754341]]]]},"properties":{"OBJECTID":1,"DIST_NUM":6,"DIST_REP":"Paul Kashmann","NOTES":null,"GLOBALID":"e32ee291-9aaf-4374-96de-0c3cd04312fa","URL_LINK":"https://www.denvergov.org/district6"}},{"type":"Feature","id":2,"geometry":{"type":"Polygon","coordinates":[[[-104.968738403264,39.7982984437269],[-104.968715403969,39.7982974438228],[-104.968633404027,39.7982974440552],[-104.968638400757,39.7956644327083],[-104.968636400691,39.7956644326907],[-104.968636400117,39.7955784323885],[-104.96863840018,39.7955784324061],[-104.968642397895,39.7938404252651],[-104.96864339705,39.7931974219666],[-104.968380396456,39.7931904230469],[-104.968354397274,39.793255423364],[-104.96754139547,39.7932594247882],[-104.967541395291,39.7932144242302],[-104.967684395441,39.7928134224167],[-104.967789395072,39.7926234218565],[-104.967822395032,39.7924434210071],[-104.96793239445,39.7918454177886],[-104.968279395152,39.7918484171345],[-104.968310394486,39.7918494172296],[-104.968456394796,39.7916944161447],[-104.9686183947,39.7915504147791],[-104.968771395004,39.7914344146428],[-104.968771395218,39.7913914144249],[-104.968773394502,39.7911124133138],[-104.968773394476,39.7910414124615],[-104.968754394522,39.7910414123123],[-104.960539383452,39.7910274307991],[-104.960439383221,39.7910274310915],[-104.960191382692,39.7910264314287],[-104.959348383124,39.7916594357652],[-104.959176382637,39.7917904369406],[-104.956328381661,39.7939614523792],[-104.95542938098,39.7946474572688],[-104.954590378992,39.7946464594198],[-104.949897372686,39.7946404693991],[-104.949707373322,39.7946394700523],[-104.948637371317,39.7946364720181],[-104.947643369648,39.7946334739941],[-104.946727368354,39.7946304764932],[-104.945120366427,39.794625479936],[-104.944025364592,39.7946224825198],[-104.942866363622,39.794618484966],[-104.942621362887,39.7946184848033],[-104.94170236222,39.794615487159],[-104.940552359742,39.7946114896754],[-104.940476359409,39.7946114897774],[-104.940482358742,39.7927944814053],[-104.940483358675,39.7923394800909],[-104.940484357912,39.7922024789032],[-104.940484358205,39.792185478917],[-104.940484357924,39.7920664789997],[-104.940484357759,39.7919294775525],[-104.94048735787,39.7911294744405],[-104.94048735758,39.7910784744551],[-104.940487357794,39.790974474115],[-104.940088356386,39.790976474832],[-104.939986356338,39.790977475002],[-104.939888355976,39.7909774754591],[-104.940049356155,39.7904214725102],[-104.940056356455,39.790389471943],[-104.9401743555,39.7899034699657],[-104.940258356322,39.789438467254],[-104.940324356045,39.7891054655373],[-104.940337355211,39.7887954642703],[-104.940347354724,39.7885274628311],[-104.940357355516,39.7882854617082],[-104.940359354996,39.7879774606764],[-104.940361354225,39.7879054603644],[-104.940361355242,39.7878484601044],[-104.940363354931,39.7877664597283],[-104.940372354812,39.7873734584867],[-104.940375353975,39.7872424577558],[-104.940379354265,39.7870774563303],[-104.940384353585,39.7868424555771],[-104.940389353421,39.7865854542971],[-104.940393353218,39.7864244535754],[-104.940403353458,39.7858894510344],[-104.940410352884,39.7855264501247],[-104.940420352555,39.7841134438813],[-104.940422351763,39.7838744422638],[-104.940421351809,39.7837714420252],[-104.940434350544,39.7823864363543],[-104.940437350026,39.7820354344265],[-104.94043735094,39.7819844342696],[-104.940441350426,39.7819044336837],[-104.94046234946,39.7813814316174],[-104.940488349431,39.780792429024],[-104.940494349975,39.7806464281314],[-104.940495349847,39.7806374280284],[-104.940497349251,39.7805064276137],[-104.940504348744,39.7800874252655],[-104.940506348541,39.7800204252354],[-104.9405073493,39.7799544246987],[-104.940508348439,39.7798984251459],[-104.940510348536,39.7797404236357],[-104.940511348236,39.779687424199],[-104.940517348461,39.7793924224699],[-104.940532347697,39.7785074190338],[-104.940538347925,39.7782134169121],[-104.940538347222,39.7781974174709],[-104.940539347805,39.7781554169457],[-104.940542347819,39.77798341652],[-104.940543347101,39.7779284157651],[-104.940539346915,39.777596414671],[-104.940527346748,39.776607410221],[-104.940523346496,39.776280408562],[-104.940522346691,39.7762524083768],[-104.940522345651,39.7761914079923],[-104.940521345972,39.7761764080355],[-104.940521345907,39.7761514082187],[-104.940520345791,39.7760724077552],[-104.940518345499,39.7759264073102],[-104.940510345288,39.7752544039447],[-104.940508345651,39.7750314035942],[-104.940501344905,39.7747924025163],[-104.9404813444,39.7740813987548],[-104.940479344572,39.7740113992552],[-104.940477344726,39.7739473982015],[-104.940476343812,39.773851398462],[-104.940476344642,39.7738433978331],[-104.940476344655,39.7737753974069],[-104.940477343934,39.7736523970362],[-104.94048534424,39.7730783942775],[-104.9404863439,39.7730193944561],[-104.940485343112,39.7729363940278],[-104.940485343735,39.7728963935546],[-104.94048534339,39.7728883938179],[-104.940485343045,39.7728803940812],[-104.940547343729,39.7728803933081],[-104.940583343785,39.7728803932493],[-104.940617344225,39.7728793938442],[-104.940617343742,39.7728033936563],[-104.94061734324,39.7727333928174],[-104.940607341275,39.7692643778052],[-104.940607341206,39.7691843776425],[-104.940608340241,39.7690983765608],[-104.940617340527,39.7682253732281],[-104.940618339698,39.7680973720809],[-104.940619339578,39.7680343722748],[-104.940630338853,39.7670023674749],[-104.940631339013,39.7669103669636],[-104.940630339428,39.7668463668912],[-104.940626338055,39.765797362247],[-104.94062533846,39.7657943618666],[-104.940628337716,39.7656773618915],[-104.940628338691,39.7656763621516],[-104.940659337828,39.7644753567935],[-104.940659337642,39.764474356147],[-104.940659336985,39.7637813536269],[-104.940658335626,39.761950345662],[-104.94065833544,39.7619493450147],[-104.940657335298,39.7619493456662],[-104.940578335111,39.7619563458436],[-104.940496335286,39.7619613457285],[-104.940495335151,39.761961345478],[-104.94039233494,39.7619673460898],[-104.940325335617,39.7619703456235],[-104.939680334247,39.7619963471655],[-104.939566334196,39.7619993476949],[-104.939527334814,39.7620003481923],[-104.939315334005,39.7619963483363],[-104.939067334585,39.7619953487241],[-104.938329333668,39.7619923501504],[-104.938083333367,39.7619913507985],[-104.937921333313,39.7619923507656],[-104.937437333232,39.7619943519366],[-104.93727633329,39.7619953521932],[-104.937191333202,39.7619953529159],[-104.936936333086,39.7619963535621],[-104.93685333211,39.7619963536961],[-104.936711332442,39.7619973540119],[-104.936288332402,39.7619983543907],[-104.936148331698,39.7619983548475],[-104.9360423322,39.7619983550233],[-104.935793331583,39.761998355171],[-104.935621331227,39.7619993562783],[-104.935528331191,39.7619993561719],[-104.935499331848,39.7619993558073],[-104.935132331325,39.7620003566777],[-104.93501533157,39.7620013569267],[-104.93489033059,39.7620013576296],[-104.934868331045,39.7620013573895],[-104.934516331399,39.762002358106],[-104.934392330658,39.7620033583281],[-104.934285331001,39.7620033584206],[-104.933967330105,39.7620033590212],[-104.933861330577,39.7620033599349],[-104.933722329985,39.7620033596146],[-104.933305330522,39.7620033603818],[-104.933167330138,39.7620043612656],[-104.933094329268,39.7620033612236],[-104.932875329238,39.7620033618784],[-104.932803329758,39.7620033617235],[-104.93261332908,39.762003362019],[-104.932043329295,39.7620023631314],[-104.931921328638,39.762001363703],[-104.931853328545,39.7620013633542],[-104.931781329059,39.7620013634748],[-104.931572328069,39.7620013640387],[-104.930805327773,39.7620003659822],[-104.930544327726,39.7620003663537],[-104.930306327365,39.7620003666799],[-104.929592327387,39.7619993686329],[-104.929554326783,39.7619993682181],[-104.929367326487,39.7619993688078],[-104.929356327295,39.7619993686253],[-104.929212327162,39.7620003691114],[-104.929130326273,39.76200036955],[-104.928454325775,39.7620033704377],[-104.928230326159,39.7620043712464],[-104.928102325881,39.7620053715348],[-104.927721325422,39.7620063722481],[-104.927594325269,39.7620073723431],[-104.927473325938,39.7620073729203],[-104.927112324726,39.7620083734631],[-104.926992325529,39.7620093736569],[-104.926756325359,39.7620093738404],[-104.926050325063,39.7620113753945],[-104.92594432428,39.762012376125],[-104.925816323958,39.7620123759822],[-104.925797324812,39.7620123760731],[-104.925652324429,39.7620133763319],[-104.925572323782,39.7620133768465],[-104.924845323894,39.7620163783223],[-104.924603323955,39.7620173788455],[-104.92448932319,39.7620183787894],[-104.924147323287,39.7620193793771],[-104.924034322693,39.762019379523],[-104.923920323121,39.7620193800754],[-104.923578322131,39.7620183804114],[-104.923464322554,39.7620183814227],[-104.923229322439,39.7620183812347],[-104.922525322322,39.7620163832684],[-104.922445321658,39.7620163834589],[-104.922292321875,39.7620083831359],[-104.922136321917,39.7619973839556],[-104.922060321833,39.7619973837092],[-104.921974321592,39.7619963840974],[-104.921366320964,39.7619953855727],[-104.92113532028,39.7619953855526],[-104.920902320477,39.7619953860519],[-104.920206320095,39.7619973873408],[-104.920096319922,39.7619973876769],[-104.919974320406,39.7619973882275],[-104.919961319761,39.761997388113],[-104.919825319567,39.7619963882213],[-104.919741319519,39.7619963884777],[-104.919044319481,39.7619933900399],[-104.918813318759,39.7619933908667],[-104.918567319447,39.7619933910104],[-104.91783131812,39.7619943925747],[-104.917801318599,39.7619943928108],[-104.917587317895,39.761994393352],[-104.917424318337,39.761995393491],[-104.917344317666,39.7619953938173],[-104.916618317331,39.7619983953652],[-104.916376317203,39.7619993951863],[-104.916143317304,39.7619993961727],[-104.915445316568,39.7619993977229],[-104.915415317044,39.761999397351],[-104.915213316798,39.7619993982325],[-104.915030316703,39.7620003983686],[-104.914980316711,39.7620003984649],[-104.914284316192,39.7620003994691],[-104.914053315371,39.7620003999611],[-104.913811315337,39.7620004010666],[-104.913091315305,39.7619984020973],[-104.912937314952,39.7619974026692],[-104.912851314585,39.7619974024434],[-104.912850314704,39.7619734026096],[-104.912850314266,39.7619244023585],[-104.91285031474,39.7619164025775],[-104.912852314094,39.7618584019611],[-104.912852314086,39.7618414017454],[-104.912853314463,39.7617834015484],[-104.912853314368,39.7616304014001],[-104.91284931427,39.7605373965133],[-104.91284731371,39.7601753947727],[-104.912847314147,39.7598153925542],[-104.912848314098,39.7587423879317],[-104.912848313492,39.7583873869628],[-104.91281031391,39.7581083853811],[-104.912802313793,39.7580263849503],[-104.912799313205,39.7579883849146],[-104.912790313734,39.7578463846299],[-104.912791313311,39.7576903836904],[-104.912801313851,39.7574763827364],[-104.912815314,39.7572483818074],[-104.912827313586,39.7570333802316],[-104.912829313355,39.7569443800691],[-104.91283231372,39.7568073797989],[-104.912834313027,39.7565843780373],[-104.91283031296,39.756271376948],[-104.912827312702,39.7562093765874],[-104.912820313036,39.75607537608],[-104.91280231275,39.7558283750525],[-104.912793313341,39.7557043746575],[-104.912780312963,39.7553863730406],[-104.912787313486,39.7551873721061],[-104.912793312944,39.7550893715684],[-104.9128013124,39.7549633708823],[-104.912821313218,39.754719370347],[-104.912830313372,39.7543513683547],[-104.91283131277,39.7543033681994],[-104.91283431303,39.7541833671582],[-104.91282731279,39.7540303667796],[-104.912805312844,39.7537893657291],[-104.912774312295,39.7534663644897],[-104.91276431307,39.7532583636992],[-104.912760312654,39.7531753635049],[-104.912756312331,39.7528943621545],[-104.912762312689,39.7526613609039],[-104.912767312943,39.7525303598966],[-104.91276931237,39.7524653599203],[-104.912781312264,39.7523303596957],[-104.912792312331,39.752160358673],[-104.912816312443,39.7519443573732],[-104.912844312094,39.7515763561214],[-104.912846312357,39.7514443547516],[-104.91284931198,39.7510823533116],[-104.912850312579,39.7507213515094],[-104.912852310762,39.7496443483272],[-104.912853309526,39.7492863482831],[-104.912850309008,39.7489143479149],[-104.912846308405,39.7484863473452],[-104.912847307589,39.7483593477002],[-104.912827305564,39.7478013470547],[-104.912813305374,39.7474323466998],[-104.912810300603,39.7457673459057],[-104.912810300393,39.7456663455537],[-104.912810299839,39.7455613452801],[-104.912815295348,39.7437493436885],[-104.912813295297,39.7436543444194],[-104.912812294721,39.7434933438142],[-104.91280629002,39.7419273428256],[-104.912803285289,39.740156341116],[-104.913032285892,39.7401553409083],[-104.913719285503,39.7401513396463],[-104.913949285893,39.7401503390328],[-104.91416928547,39.7401503383751],[-104.914833286174,39.7401483372112],[-104.915056286377,39.7401483372073],[-104.915308286266,39.7401483367694],[-104.916068286388,39.7401483349564],[-104.916323286909,39.7401483346254],[-104.916508286621,39.7401483343187],[-104.917067287539,39.740147332808],[-104.917255286722,39.7401473326756],[-104.917314287083,39.7401473321249],[-104.917494287634,39.7401473325337],[-104.917556287476,39.7401473322989],[-104.917715287114,39.7401463313416],[-104.918198288053,39.7401463309037],[-104.918359287197,39.7401463306116],[-104.918441287092,39.7401463305925],[-104.918690287313,39.7401473294588],[-104.918773288201,39.7401473296498],[-104.918909288141,39.7401473294164],[-104.919320287441,39.7401473281639],[-104.919457288371,39.7401473277333],[-104.919555287951,39.7401463277574],[-104.919850288624,39.7401453272871],[-104.91994928802,39.740144327409],[-104.92007128802,39.740144327074],[-104.920438289012,39.740144325737],[-104.92056128883,39.7401443262156],[-104.920675287964,39.7401433257313],[-104.921018288578,39.7401413247042],[-104.921133288599,39.7401413248534],[-104.921238289181,39.7401413243461],[-104.921555289322,39.7401423237343],[-104.921662288387,39.7401423236657],[-104.921793289075,39.7401433232049],[-104.922189289609,39.7401443226507],[-104.922321289034,39.7401443222477],[-104.922543289216,39.7401453218157],[-104.923208289833,39.7401503207214],[-104.923431289863,39.7401513199121],[-104.923666290205,39.7401513200571],[-104.924373289837,39.7401483182803],[-104.924609290022,39.7401473180754],[-104.924842290647,39.7401483175575],[-104.925542290032,39.740151316304],[-104.925776290501,39.740152315215],[-104.926000290409,39.7401503151516],[-104.926675290675,39.7401463139229],[-104.926901291354,39.7401443128859],[-104.927025290952,39.7401433126231],[-104.927400291536,39.7401413119021],[-104.927526290771,39.7401403118349],[-104.92763429078,39.7401403121062],[-104.927958290814,39.7401403114251],[-104.928067291821,39.7401403107612],[-104.928185291254,39.7401393107359],[-104.928539291906,39.7401383094714],[-104.928659292144,39.7401373096808],[-104.928770291628,39.7401373090621],[-104.929108291537,39.7401373083259],[-104.929221291829,39.7401373088827],[-104.929336291785,39.7401373082204],[-104.929683292452,39.7401373080511],[-104.929800292056,39.7401373076201],[-104.929915291964,39.7401363075377],[-104.930263292451,39.7401363059985],[-104.930380292046,39.7401363058914],[-104.930489291859,39.7401363056804],[-104.930823292414,39.7401363049803],[-104.930934293041,39.7401363050281],[-104.931054292109,39.7401363052462],[-104.931413293058,39.7401373037097],[-104.931535292943,39.7401373040984],[-104.931644292684,39.7401363039632],[-104.931976292326,39.7401353031811],[-104.932087292944,39.740135303042],[-104.932207293243,39.7401363027454],[-104.932570293483,39.7401373016649],[-104.932691293616,39.7401383011925],[-104.932912292691,39.7401383009356],[-104.933579293871,39.7401382998345],[-104.933801293929,39.7401382991235],[-104.934041293195,39.7401382989995],[-104.934761294478,39.7401382975088],[-104.935003293498,39.7401392966769],[-104.935105294493,39.7401392964139],[-104.93541429462,39.7401392959647],[-104.935518294098,39.7401392959256],[-104.935643294604,39.7401392956411],[-104.936021294302,39.7401382950964],[-104.936148294455,39.7401382948525],[-104.936365294307,39.7401392939206],[-104.937019295258,39.7401392930128],[-104.937237294935,39.7401402925542],[-104.937466294605,39.7401382918752],[-104.938155294796,39.740135290578],[-104.938385295399,39.7401332901879],[-104.938496294798,39.7401332903021],[-104.938832295812,39.7401322892709],[-104.938944296038,39.7401312885772],[-104.93905329611,39.7401332889494],[-104.939380295855,39.7401362883947],[-104.939489295779,39.7401372877076],[-104.939723295634,39.7401352875398],[-104.940428296315,39.7401322860693],[-104.940593296629,39.7401312854384],[-104.940664295768,39.7401302854332],[-104.940744296059,39.7401312853406],[-104.940744300028,39.7413822861326],[-104.940744301846,39.7419432864673],[-104.940796307108,39.7437552876108],[-104.940796307296,39.7437562882649],[-104.940900307632,39.7437572877038],[-104.941309307509,39.7437612864264],[-104.941642307146,39.7437642863697],[-104.941891307518,39.743766285369],[-104.942120307999,39.7437682854021],[-104.942463307639,39.7437712844939],[-104.942812307733,39.7437742839766],[-104.943043307791,39.7437752829218],[-104.943274309008,39.7437762832204],[-104.943618309052,39.7437762826196],[-104.943967308718,39.7437772818719],[-104.944200308297,39.743777281036],[-104.944429308604,39.7437782804249],[-104.944773308629,39.7437782800505],[-104.945120309707,39.7437792790632],[-104.945352309395,39.7437792784368],[-104.945580309827,39.7437802780788],[-104.945928309346,39.7437802778593],[-104.94626930999,39.7437812767553],[-104.94649930991,39.7437812761667],[-104.946734309492,39.7437822758698],[-104.947078310654,39.7437822750674],[-104.947439310017,39.7437832744688],[-104.947675310362,39.743783273637],[-104.94790631073,39.7437852735976],[-104.948260310958,39.7437862727699],[-104.948602310624,39.7437882720433],[-104.948836310347,39.7437892718705],[-104.949399311356,39.7437922703822],[-104.950051312015,39.7437952696457],[-104.950689311417,39.7437962679884],[-104.95126231257,39.7437962671817],[-104.951515312332,39.7437972665143],[-104.951850312577,39.7437982654036],[-104.951867312834,39.7437982653301],[-104.95227431244,39.7437992651031],[-104.952427312767,39.7438002644458],[-104.952528312089,39.7438002642097],[-104.952740313006,39.7438002640584],[-104.95337731287,39.743802262746],[-104.953590312874,39.7438032618532],[-104.953826313561,39.743804261949],[-104.954167313856,39.7438072608773],[-104.954536313082,39.7438102598041],[-104.95477431394,39.743812259816],[-104.955154313738,39.7438082590727],[-104.956298313907,39.7437972569093],[-104.956590314627,39.7437952560347],[-104.956636314822,39.7437952558825],[-104.956684314771,39.7437952559383],[-104.956839314113,39.7437972558232],[-104.956985314994,39.7438002551646],[-104.956995314934,39.7438002553731],[-104.957233314742,39.7438052550652],[-104.957962315581,39.7438192530488],[-104.958205314893,39.7438242530868],[-104.958449315921,39.7438752520995],[-104.958579315234,39.7439012520651],[-104.958736316142,39.7439482519709],[-104.958931316102,39.7440492517312],[-104.959082317132,39.74415025158],[-104.959206316888,39.7442892509926],[-104.959417317624,39.7445602505138],[-104.959456317703,39.7445902510622],[-104.959492318861,39.7446192506817],[-104.959608319076,39.744703250913],[-104.959790319215,39.7447692504673],[-104.959789319824,39.7452002501771],[-104.959785324655,39.7465022510781],[-104.959784325884,39.7469372522177],[-104.95978132706,39.7471882522787],[-104.959771329803,39.747947252531],[-104.959767330006,39.7482012525564],[-104.959766331654,39.7484512529269],[-104.959762333331,39.7492042530452],[-104.959761334002,39.7494572534666],[-104.959762334831,39.7497082536403],[-104.959765336404,39.7504642559651],[-104.959766336863,39.7506892571721],[-104.959767336752,39.7507192569258],[-104.960011337414,39.7507182565137],[-104.960378337432,39.7507172557993],[-104.960749337334,39.7507162551551],[-104.960995337908,39.750715254661],[-104.961241337594,39.7507172537953],[-104.961611338282,39.7507202529601],[-104.961979338539,39.7507222528762],[-104.962227338215,39.7507242518868],[-104.962471338818,39.7507232517785],[-104.962838338772,39.7507222505982],[-104.963206338677,39.7507212501324],[-104.963452338543,39.7507212496522],[-104.963703339453,39.7507212489299],[-104.96409333931,39.7507212484142],[-104.964458339771,39.7507212472369],[-104.964710339468,39.7507212471105],[-104.964956339941,39.750720246443],[-104.965330340231,39.7507182461508],[-104.965695340715,39.7507162452434],[-104.965942339951,39.7507152443473],[-104.966189340897,39.7507152435897],[-104.966567340949,39.750715243495],[-104.966930341367,39.750715242699],[-104.967178341108,39.7507152416876],[-104.967427341385,39.7507162417276],[-104.967808341921,39.7507172410655],[-104.96817534106,39.750719239597],[-104.968426341303,39.7507202393553],[-104.968670342299,39.7507202387549],[-104.969036342614,39.750720238702],[-104.969405341687,39.7507202375202],[-104.969650342646,39.7507202366942],[-104.969895342477,39.7507222366508],[-104.970272342567,39.7507242358604],[-104.970632342538,39.7507272355046],[-104.970878342933,39.7507282345643],[-104.9711243427,39.7507282342597],[-104.971500343297,39.7507272330055],[-104.97186534414,39.750726232528],[-104.972114343171,39.7507252321563],[-104.97236134405,39.7507252319551],[-104.972734344137,39.750725231068],[-104.973108344192,39.7507252298728],[-104.973358343816,39.7507252292955],[-104.973358344458,39.7504742286301],[-104.973359342635,39.7497262260902],[-104.973359341738,39.7494782263712],[-104.973358339802,39.7491132254654],[-104.973357337251,39.7483622251572],[-104.973339337391,39.7481762255647],[-104.973334337065,39.7481202253609],[-104.973335336315,39.7479292255641],[-104.97333533573,39.7479212248684],[-104.972986335872,39.7477812261137],[-104.972939335118,39.7478182261043],[-104.972783335232,39.7477162257582],[-104.972607334091,39.7475932264024],[-104.972465334617,39.7474792265245],[-104.972380333707,39.7473832271217],[-104.972272333309,39.7472232270363],[-104.972246332337,39.7471532270674],[-104.97222033206,39.7470842268429],[-104.97219133269,39.7469652265957],[-104.972182332558,39.7469202272332],[-104.972093331441,39.7467542272007],[-104.972074330694,39.7466922268545],[-104.972052331201,39.7466372266083],[-104.972032330491,39.7465732267708],[-104.972023330823,39.7465232268423],[-104.97201033074,39.7464592268818],[-104.971991330329,39.7463792265212],[-104.971983329864,39.746315226469],[-104.97198232921,39.7462482270489],[-104.971992329273,39.746180226797],[-104.972010328594,39.7461122264049],[-104.972034329436,39.7460402269148],[-104.972067328762,39.7459672266053],[-104.972098328542,39.7459002266218],[-104.972125327857,39.7458502260459],[-104.972158328366,39.7458012260106],[-104.972164328276,39.7457892262027],[-104.972171327977,39.7457752259751],[-104.972230327728,39.7457272260902],[-104.972542327609,39.7454862252076],[-104.973318326625,39.7451192231524],[-104.973385326046,39.7450882227101],[-104.973390325375,39.7448362234248],[-104.97338932418,39.7446232226448],[-104.973385322351,39.7439902223452],[-104.973383321599,39.7437812223319],[-104.973660322943,39.7439902214266],[-104.97398132356,39.7442332215944],[-104.974497324546,39.7446242207761],[-104.974777326059,39.7448362198864],[-104.975048326902,39.745050219988],[-104.975867329645,39.7456942183075],[-104.976142330435,39.7459092180452],[-104.976209330356,39.7459632181286],[-104.976416331364,39.7461252178206],[-104.976487331579,39.746181217923],[-104.976696332263,39.7463362169465],[-104.976993333487,39.746557217274],[-104.977331334129,39.7468072160135],[-104.977544334527,39.7469652160783],[-104.977669335565,39.747071215641],[-104.978050336391,39.7473932156756],[-104.978178337415,39.7475022155168],[-104.978206337165,39.747506215268],[-104.978285336787,39.7475182148342],[-104.978364337602,39.7475302143527],[-104.978611337195,39.7475312143375],[-104.97872233751,39.747531214288],[-104.978953337074,39.7475322138365],[-104.979652337698,39.7475352119809],[-104.979885338302,39.7475362113422],[-104.980076337965,39.7475382108815],[-104.98065133843,39.7475432104184],[-104.980843338058,39.7475452095229],[-104.980889337905,39.747546209534],[-104.981027338256,39.7475472090652],[-104.981075338364,39.7475472090691],[-104.981321338085,39.7475482088644],[-104.981687338279,39.7475502077675],[-104.982062339011,39.7475522073161],[-104.982311339707,39.7475532065404],[-104.982565339264,39.7475532058522],[-104.982948339026,39.7475532058257],[-104.98312433942,39.7475532052732],[-104.983333339815,39.7475532043311],[-104.983590340309,39.7475532037972],[-104.983659339733,39.7475542036717],[-104.983866339988,39.7475582037097],[-104.983937340085,39.7475602038376],[-104.984119340064,39.7475602028866],[-104.984218340422,39.7475592029449],[-104.984668340562,39.7475512020408],[-104.984760340573,39.7475492018639],[-104.984852340709,39.7475502017612],[-104.984895340688,39.7475482013401],[-104.984939340246,39.7475472014235],[-104.984996340529,39.7475482011379],[-104.985091340451,39.7475492013662],[-104.985219340326,39.7475572009017],[-104.985376341005,39.7475672005204],[-104.985431340928,39.747573200826],[-104.985480340459,39.7475782003429],[-104.985574341135,39.7475982000357],[-104.98567634065,39.7475292002754],[-104.986105340764,39.7475281994111],[-104.987101341896,39.7475251967137],[-104.987202342001,39.7475241966728],[-104.987243340709,39.7474851968924],[-104.987307341652,39.7474221970723],[-104.987322341331,39.7474121964839],[-104.987400340346,39.7473591965299],[-104.987400341742,39.7474641962152],[-104.987398344333,39.7482151973334],[-104.987398345879,39.7486481971231],[-104.98739734657,39.7489141977074],[-104.987526347452,39.7490491976453],[-104.988227349636,39.7495881964605],[-104.98840035014,39.7497201956336],[-104.988671351394,39.7499271952062],[-104.988925351554,39.7501211956466],[-104.989101351674,39.7502551954637],[-104.989274351987,39.7503911958949],[-104.989799353087,39.750804196932],[-104.989976354031,39.7509431966629],[-104.990145353866,39.7510721973142],[-104.990658355315,39.7514611980079],[-104.990831355005,39.7515911975824],[-104.99100135538,39.7517301978514],[-104.991273355884,39.751950198539],[-104.991518356494,39.7521491989393],[-104.991691356737,39.7522901989153],[-104.991871356858,39.7524201992171],[-104.992144357565,39.752618199613],[-104.992414357943,39.7528141995325],[-104.992597358884,39.7529472000581],[-104.992760358739,39.7530872005772],[-104.992992359925,39.7532882007003],[-104.99325235995,39.7535122015631],[-104.993418360412,39.7536562013228],[-104.993587360309,39.7537902018783],[-104.99382836132,39.7539822016662],[-104.99410036135,39.7541992026272],[-104.994272362132,39.7543362025864],[-104.994442361908,39.7544642022878],[-104.994701362813,39.7546592029151],[-104.994957363327,39.7548512034522],[-104.99512936313,39.7549802032476],[-104.995144363598,39.7549922032848],[-104.995315364046,39.755121203916],[-104.99581936507,39.7555032039163],[-104.995988365768,39.7556312042306],[-104.996052365299,39.755680204562],[-104.996119366038,39.7557302048409],[-104.996127365295,39.7557362042285],[-104.996550366552,39.7560322049128],[-104.996866367461,39.7562842055684],[-104.996893367404,39.7563062054747],[-104.996901367783,39.7563132054576],[-104.996929367804,39.7563352051266],[-104.99697436716,39.7563732057992],[-104.996995367706,39.7563902056376],[-104.99711436798,39.7564882054108],[-104.997128367876,39.7565482057451],[-104.99713236771,39.7565642061318],[-104.997147367935,39.7566022064568],[-104.997154368267,39.7566232066735],[-104.99716236784,39.7566422062662],[-104.997206367605,39.7566242060933],[-104.997263367937,39.7566002062266],[-104.997308368659,39.7566322056052],[-104.997460368266,39.7567652063949],[-104.998598371172,39.7577322077983],[-104.999540372874,39.7584692089447],[-104.99954837273,39.7584752089944],[-104.999596373471,39.7585082091568],[-104.999782372998,39.7586392095674],[-104.99983137392,39.7586732091215],[-104.999893373295,39.7587102090729],[-105.000082374019,39.7588242099005],[-105.000104374188,39.7588382096751],[-105.000161374423,39.7588672092192],[-105.00023337387,39.7589042100216],[-105.000241373966,39.75890920938],[-105.000306374536,39.7589422093689],[-105.000351374462,39.7589662095956],[-105.000356374669,39.7589682095918],[-105.000386374374,39.7589832096875],[-105.000395374576,39.7589882096776],[-105.000396374541,39.7589892100623],[-105.000668375477,39.7591302103027],[-105.000826376027,39.7592112102682],[-105.001331376508,39.7594592101189],[-105.001498377222,39.7595392106249],[-105.001778377026,39.7596732106049],[-105.00198737712,39.7597772108692],[-105.00319938023,39.7603862121725],[-105.003169379802,39.760407211636],[-105.003096380155,39.7604582127915],[-105.00302037981,39.7605122130684],[-105.002994379722,39.7605332131647],[-105.002983380031,39.7605422130367],[-105.002968379619,39.7605542132549],[-105.00291238034,39.7605932135149],[-105.002882379824,39.7606132131615],[-105.00283837975,39.7606362132435],[-105.002812380631,39.7606452136932],[-105.002786380432,39.7606532134896],[-105.002649380518,39.7606842139537],[-105.002519379806,39.7607062137351],[-105.002491380383,39.7607152146666],[-105.002481380115,39.7607182139572],[-105.002463379892,39.7607232140432],[-105.002395380128,39.7607482146746],[-105.002375379467,39.7607552147817],[-105.002270379802,39.7607942147246],[-105.002208380212,39.7608232152705],[-105.002136380165,39.7608562156872],[-105.001977379354,39.7609212162258],[-105.001857380005,39.7609692157647],[-105.001787379854,39.7609912164581],[-105.001727380118,39.7610092163412],[-105.001705379389,39.7610132167471],[-105.001620380102,39.7610312170219],[-105.001529379635,39.7610422170434],[-105.001482379153,39.7610482173001],[-105.001353379381,39.7610532172107],[-105.001341379103,39.7610532168111],[-105.001208379496,39.7610522173763],[-105.001030379054,39.7610722179743],[-105.001002379647,39.7610782175237],[-105.0008483793,39.7611112180633],[-105.00078537861,39.7611312186364],[-105.000606379214,39.7611872185887],[-105.000557379426,39.7612032191255],[-105.000463379487,39.7612322189708],[-105.000414379392,39.7612502189312],[-105.000367378472,39.7612672195087],[-105.000353378453,39.761272219139],[-105.00005937949,39.7613802201284],[-105.000024379256,39.7613932203305],[-104.999812379507,39.7614812210625],[-104.999684378698,39.7615402220795],[-104.999597378517,39.7615802220293],[-104.999533378925,39.7616112220547],[-104.999451379213,39.7616512224413],[-104.999332378821,39.7617112232613],[-104.999198378998,39.7617932238241],[-104.999177379072,39.7618062238936],[-104.999042379323,39.7618842246573],[-104.999007379094,39.7619022250681],[-104.998972378705,39.76192122521],[-104.998961378998,39.7619252250936],[-104.998886379379,39.7619582251628],[-104.998826379369,39.7619832253634],[-104.998784379559,39.7619992252427],[-104.998752379327,39.7620112254886],[-104.998708379508,39.7620252254461],[-104.998667379201,39.7620372260687],[-104.998559379556,39.7620622261433],[-104.998470379249,39.7620772267888],[-104.998441379384,39.762081226486],[-104.998355379592,39.7620952265776],[-104.998314378939,39.7621012268223],[-104.998247378419,39.7621212270023],[-104.998240380491,39.7631062311231],[-104.998239381281,39.7631832312901],[-104.998239381038,39.7632452314827],[-104.998216387127,39.7667102465105],[-104.998214387486,39.7669012469263],[-104.99821338762,39.767057248074],[-104.998212388599,39.7673132493476],[-104.998210388764,39.7674902497563],[-104.99820839031,39.7678992510673],[-104.998207390334,39.7680482521759],[-104.998206390011,39.7682672530711],[-104.998205391883,39.7689312560573],[-104.998205392328,39.7691542565006],[-104.998204392449,39.769242257226],[-104.998204392778,39.7692702571351],[-104.998203392866,39.7692982572838],[-104.998204391987,39.7693882578978],[-104.998203392649,39.769608258426],[-104.998199394413,39.7702752619169],[-104.998198394267,39.7705002628642],[-104.998198394277,39.7705152625504],[-104.998200395449,39.7707442635169],[-104.998207395917,39.7714832668581],[-104.998210396808,39.7717312679327],[-104.998210396891,39.7719792688031],[-104.998210398696,39.7727282717732],[-104.998210399536,39.7728282726012],[-104.998210399481,39.7729792726678],[-104.998207400002,39.7732262735079],[-104.998196401212,39.77397227686],[-104.998192401878,39.7742232776998],[-104.998192402592,39.7744742793532],[-104.998192403506,39.7752352820622],[-104.998193403929,39.7754902832259],[-104.998193404006,39.7757002847341],[-104.998194405994,39.7763362873449],[-104.998195405959,39.7765492877539],[-104.998186406307,39.7765572878187],[-104.99817840567,39.7765662882748],[-104.998130406023,39.7766232884257],[-104.998115406075,39.7766422888311],[-104.998158408496,39.7777932929861],[-104.998161408399,39.7778832937334],[-104.998176409042,39.77825929535],[-104.998199409974,39.7788642975223],[-104.998179415709,39.78197031107],[-104.998177416624,39.7822593122865],[-104.99817741625,39.7823593127481],[-104.997973416651,39.7823033127402],[-104.997973416494,39.782304312474],[-104.997964416538,39.7824493130489],[-104.997979416614,39.7825113137014],[-104.997980416254,39.7825163130327],[-104.997894416722,39.7824953130782],[-104.997824416574,39.7824773138518],[-104.997817416579,39.7826113141507],[-104.997835417489,39.7830613163702],[-104.997837417553,39.7831173163175],[-104.997847417977,39.7833823173233],[-104.997860418919,39.7836893190216],[-104.99786241867,39.7837183189327],[-104.997866419591,39.7840083200593],[-104.997866419481,39.7840163197307],[-104.997863419381,39.78405231987],[-104.997812419842,39.7841103202028],[-104.997814421471,39.7848613232367],[-104.997813421087,39.7849843240137],[-104.997812422014,39.7853243254702],[-104.997812421898,39.7853323251375],[-104.997810422859,39.786119329068],[-104.997810424222,39.7864013303221],[-104.997810424943,39.786687331375],[-104.997807424904,39.7869253324301],[-104.997808424951,39.7872693338857],[-104.997808425706,39.7875623347724],[-104.997807426218,39.7877593354381],[-104.997809426372,39.7879243367325],[-104.997807427487,39.7882233373184],[-104.997805427569,39.7885213390344],[-104.997805428831,39.7888183405123],[-104.997804429093,39.7891183413864],[-104.997802429821,39.7894193430991],[-104.997801430097,39.7900093453188],[-104.997804430987,39.7903113463682],[-104.997801432638,39.7910093495563],[-104.99780143288,39.7910223496647],[-104.996984430981,39.7910203514533],[-104.996927431235,39.7910203511422],[-104.994973428893,39.7910243552843],[-104.993236426356,39.791027359738],[-104.993229428359,39.7920443633914],[-104.990735425309,39.7920433693889],[-104.990659424505,39.7920433694383],[-104.990280423829,39.7915193681836],[-104.990270422665,39.7910853657743],[-104.990268422945,39.7910323659408],[-104.989088421061,39.7910343684454],[-104.988854420659,39.7910353686622],[-104.98866242026,39.7910353691283],[-104.988659420943,39.7910353696146],[-104.988658420393,39.7910353697732],[-104.988656420466,39.791035369195],[-104.988655419915,39.7910353693536],[-104.988654420532,39.7910353695174],[-104.988653419982,39.791035369676],[-104.988652420599,39.7910353698398],[-104.988612420807,39.7910353699704],[-104.988441420267,39.7910353703019],[-104.98842141979,39.7910353698802],[-104.987576419604,39.7910373719283],[-104.9875484194,39.7910373716737],[-104.987538418571,39.7910373722856],[-104.986388417634,39.7910393747125],[-104.986382418739,39.7918693780169],[-104.986358419277,39.7918693778175],[-104.985827418374,39.7918673793896],[-104.985795417923,39.7918673792668],[-104.9857904172,39.7916713785177],[-104.985203417211,39.7916683797832],[-104.985203416827,39.791628379707],[-104.985204416545,39.7910413766978],[-104.985185415437,39.7910413773934],[-104.984772415746,39.7910423776093],[-104.984574415132,39.7910433782143],[-104.984233414471,39.7910433793895],[-104.984127414578,39.7910433789238],[-104.983869413643,39.7910443802791],[-104.983759413882,39.7910443799642],[-104.982850412956,39.7910403816534],[-104.982856412839,39.7910463820764],[-104.982829413168,39.7910463823917],[-104.978556407355,39.7910543913053],[-104.978274407455,39.7910543923873],[-104.978170406265,39.7910543927127],[-104.978169407439,39.7917863958029],[-104.978168407585,39.7918853954664],[-104.97771640773,39.7918833970817],[-104.977708406546,39.7910543935574],[-104.977105405559,39.7910533946103],[-104.975974403981,39.7910513969855],[-104.97597140468,39.7913083977333],[-104.975960405166,39.792307402776],[-104.97595940599,39.7924354027503],[-104.973665403132,39.7924194079512],[-104.973069401674,39.7924154087693],[-104.973064402882,39.7931754123846],[-104.973059403844,39.7940924168585],[-104.97324540472,39.7940944162234],[-104.974673406658,39.7941034130955],[-104.974674406164,39.7942174130489],[-104.974681408122,39.7955944189309],[-104.974681408373,39.7956034192114],[-104.974681408376,39.795691419839],[-104.972212405259,39.7956834249341],[-104.97116640327,39.7956794269642],[-104.971167404084,39.7961344297145],[-104.971658404589,39.7961424283229],[-104.971657405187,39.7964484297096],[-104.971654406228,39.7972584330511],[-104.97165040833,39.7982924378302],[-104.971650408454,39.7983184380151],[-104.971020407544,39.7983134394539],[-104.968738403264,39.7982984437269]]]},"properties":{"OBJECTID":2,"DIST_NUM":9,"DIST_REP":"Darrell Watson","NOTES":null,"GLOBALID":"8b3bc287-a3e1-4549-827c-93a9f6e12d78","URL_LINK":"https://www.denvergov.org/district9"}},{"type":"Feature","id":3,"geometry":{"type":"Polygon","coordinates":[[[-105.021052472113,39.7943573306976],[-105.021509470611,39.7932903262564],[-105.020794469126,39.7931413261352],[-105.020703468294,39.7931223266165],[-105.020629468641,39.7931073266993],[-105.020557468423,39.7930103255745],[-105.020544464377,39.7910903175675],[-105.020465464102,39.7910893177012],[-105.0203894633,39.7910893180193],[-105.020359464364,39.7910893183266],[-105.020343463768,39.7910893180023],[-105.019896463575,39.7910873190279],[-105.01988546338,39.7910873192131],[-105.019839462682,39.7910873189943],[-105.019742463212,39.7910873188351],[-105.019466462212,39.7910853192731],[-105.01931246243,39.791081319601],[-105.019255462119,39.7910853200078],[-105.019062462418,39.7910843193955],[-105.018738462115,39.7910833199617],[-105.018156460209,39.791080321261],[-105.018133460446,39.7910803208186],[-105.017577460104,39.7910783218036],[-105.017430459952,39.791077322316],[-105.017390460206,39.7910773223146],[-105.017111458913,39.79107632268],[-105.016992459056,39.7910763228064],[-105.016974458527,39.791076322828],[-105.016419458658,39.7910733236197],[-105.01584845715,39.791071324189],[-105.015833457102,39.7910713237628],[-105.01524045647,39.7910703252326],[-105.01444045552,39.791068326274],[-105.014417455755,39.7910683260064],[-105.013533454227,39.7910653269092],[-105.013514454319,39.7910653267768],[-105.013253453653,39.7910653272458],[-105.012953453723,39.7910643282339],[-105.012437453287,39.7910633287056],[-105.012371453057,39.791058328775],[-105.011780451388,39.7910613290261],[-105.011596452034,39.7910603291731],[-105.011308451731,39.7910603295341],[-105.011203451332,39.7910593299372],[-105.011139451264,39.7910593299648],[-105.011122451279,39.7910593305434],[-105.011084450291,39.7910593303932],[-105.010682450495,39.7910583307842],[-105.010190449218,39.7910573310628],[-105.009884449526,39.7910563317005],[-105.009785448942,39.7910563321234],[-105.006415444449,39.7910473367422],[-105.006373444768,39.7910473363246],[-105.00590244334,39.7910463373617],[-105.005629443102,39.7910453375028],[-105.005126442865,39.791043338267],[-105.004838442524,39.7910433381155],[-105.001696438008,39.791027342142],[-105.001051436268,39.7910323432047],[-105.00077943662,39.7910313435466],[-105.000688435735,39.7910313441153],[-104.999966435707,39.7910293451581],[-104.998125433007,39.7910233490626],[-104.998064432232,39.7910233493626],[-104.998015432203,39.7910233494504],[-104.997927432965,39.791023348972],[-104.997897432852,39.7910233489561],[-104.997868432116,39.7910233495913],[-104.997853432218,39.7910223498463],[-104.997831432992,39.7910223497051],[-104.997824432656,39.791022349575],[-104.997808432049,39.7910223497912],[-104.99780143288,39.7910223496647],[-104.997801432638,39.7910093495563],[-104.997804430987,39.7903113463682],[-104.997801430097,39.7900093453188],[-104.997802429821,39.7894193430991],[-104.997804429093,39.7891183413864],[-104.997805428831,39.7888183405123],[-104.997805427569,39.7885213390344],[-104.997807427487,39.7882233373184],[-104.997809426372,39.7879243367325],[-104.997807426218,39.7877593354381],[-104.997808425706,39.7875623347724],[-104.997808424951,39.7872693338857],[-104.997807424904,39.7869253324301],[-104.997810424943,39.786687331375],[-104.997810424222,39.7864013303221],[-104.997810422859,39.786119329068],[-104.997812421898,39.7853323251375],[-104.997812422014,39.7853243254702],[-104.997813421087,39.7849843240137],[-104.997814421471,39.7848613232367],[-104.997812419842,39.7841103202028],[-104.997863419381,39.78405231987],[-104.997866419481,39.7840163197307],[-104.997866419591,39.7840083200593],[-104.99786241867,39.7837183189327],[-104.997860418919,39.7836893190216],[-104.997847417977,39.7833823173233],[-104.997837417553,39.7831173163175],[-104.997835417489,39.7830613163702],[-104.997817416579,39.7826113141507],[-104.997824416574,39.7824773138518],[-104.997894416722,39.7824953130782],[-104.997980416254,39.7825163130327],[-104.997979416614,39.7825113137014],[-104.997964416538,39.7824493130489],[-104.997973416494,39.782304312474],[-104.997973416651,39.7823033127402],[-104.99817741625,39.7823593127481],[-104.998177416624,39.7822593122865],[-104.998179415709,39.78197031107],[-104.998199409974,39.7788642975223],[-104.998176409042,39.77825929535],[-104.998161408399,39.7778832937334],[-104.998158408496,39.7777932929861],[-104.998115406075,39.7766422888311],[-104.998130406023,39.7766232884257],[-104.99817840567,39.7765662882748],[-104.998186406307,39.7765572878187],[-104.998195405959,39.7765492877539],[-104.998194405994,39.7763362873449],[-104.998193404006,39.7757002847341],[-104.998193403929,39.7754902832259],[-104.998192403506,39.7752352820622],[-104.998192402592,39.7744742793532],[-104.998192401878,39.7742232776998],[-104.998196401212,39.77397227686],[-104.998207400002,39.7732262735079],[-104.998210399481,39.7729792726678],[-104.998210399536,39.7728282726012],[-104.998210398696,39.7727282717732],[-104.998210396891,39.7719792688031],[-104.998210396808,39.7717312679327],[-104.998207395917,39.7714832668581],[-104.998200395449,39.7707442635169],[-104.998198394277,39.7705152625504],[-104.998198394267,39.7705002628642],[-104.998199394413,39.7702752619169],[-104.998203392649,39.769608258426],[-104.998204391987,39.7693882578978],[-104.998203392866,39.7692982572838],[-104.998204392778,39.7692702571351],[-104.998204392449,39.769242257226],[-104.998205392328,39.7691542565006],[-104.998205391883,39.7689312560573],[-104.998206390011,39.7682672530711],[-104.998207390334,39.7680482521759],[-104.99820839031,39.7678992510673],[-104.998210388764,39.7674902497563],[-104.998212388599,39.7673132493476],[-104.99821338762,39.767057248074],[-104.998214387486,39.7669012469263],[-104.998216387127,39.7667102465105],[-104.998239381038,39.7632452314827],[-104.998239381281,39.7631832312901],[-104.998240380491,39.7631062311231],[-104.998247378419,39.7621212270023],[-104.998314378939,39.7621012268223],[-104.998355379592,39.7620952265776],[-104.998441379384,39.762081226486],[-104.998470379249,39.7620772267888],[-104.998559379556,39.7620622261433],[-104.998667379201,39.7620372260687],[-104.998708379508,39.7620252254461],[-104.998752379327,39.7620112254886],[-104.998784379559,39.7619992252427],[-104.998826379369,39.7619832253634],[-104.998886379379,39.7619582251628],[-104.998961378998,39.7619252250936],[-104.998972378705,39.76192122521],[-104.999007379094,39.7619022250681],[-104.999042379323,39.7618842246573],[-104.999177379072,39.7618062238936],[-104.999198378998,39.7617932238241],[-104.999332378821,39.7617112232613],[-104.999451379213,39.7616512224413],[-104.999533378925,39.7616112220547],[-104.999597378517,39.7615802220293],[-104.999684378698,39.7615402220795],[-104.999812379507,39.7614812210625],[-105.000024379256,39.7613932203305],[-105.00005937949,39.7613802201284],[-105.000353378453,39.761272219139],[-105.000367378472,39.7612672195087],[-105.000414379392,39.7612502189312],[-105.000463379487,39.7612322189708],[-105.000557379426,39.7612032191255],[-105.000606379214,39.7611872185887],[-105.00078537861,39.7611312186364],[-105.0008483793,39.7611112180633],[-105.001002379647,39.7610782175237],[-105.001030379054,39.7610722179743],[-105.001208379496,39.7610522173763],[-105.001341379103,39.7610532168111],[-105.001353379381,39.7610532172107],[-105.001482379153,39.7610482173001],[-105.001529379635,39.7610422170434],[-105.001620380102,39.7610312170219],[-105.001705379389,39.7610132167471],[-105.001727380118,39.7610092163412],[-105.001787379854,39.7609912164581],[-105.001857380005,39.7609692157647],[-105.001977379354,39.7609212162258],[-105.002136380165,39.7608562156872],[-105.002208380212,39.7608232152705],[-105.002270379802,39.7607942147246],[-105.002375379467,39.7607552147817],[-105.002395380128,39.7607482146746],[-105.002463379892,39.7607232140432],[-105.002481380115,39.7607182139572],[-105.002491380383,39.7607152146666],[-105.002519379806,39.7607062137351],[-105.002649380518,39.7606842139537],[-105.002786380432,39.7606532134896],[-105.002812380631,39.7606452136932],[-105.00283837975,39.7606362132435],[-105.002882379824,39.7606132131615],[-105.00291238034,39.7605932135149],[-105.002968379619,39.7605542132549],[-105.002983380031,39.7605422130367],[-105.002994379722,39.7605332131647],[-105.00302037981,39.7605122130684],[-105.003096380155,39.7604582127915],[-105.003169379802,39.760407211636],[-105.00319938023,39.7603862121725],[-105.00198737712,39.7597772108692],[-105.001778377026,39.7596732106049],[-105.001498377222,39.7595392106249],[-105.001331376508,39.7594592101189],[-105.000826376027,39.7592112102682],[-105.000668375477,39.7591302103027],[-105.000396374541,39.7589892100623],[-105.00044037502,39.7589042096965],[-105.000508374365,39.7587782091027],[-105.000571373838,39.7586552080958],[-105.000599373692,39.7585992079787],[-105.000613373602,39.7585712079172],[-105.000713373637,39.7583782070438],[-105.000736373531,39.7583362064044],[-105.000791373057,39.758230205695],[-105.000839373828,39.7581472054008],[-105.000943373064,39.7579632045467],[-105.00102637311,39.7578352037839],[-105.001040373063,39.757814203671],[-105.001117372378,39.7577062037944],[-105.001170373184,39.7576402030721],[-105.001188372286,39.7576182030326],[-105.001334372473,39.7574682017489],[-105.001361372317,39.7574442024991],[-105.001391372684,39.7574172023124],[-105.001449372668,39.7573682020665],[-105.001501372692,39.7573252009615],[-105.001864372606,39.7570421999378],[-105.002031371651,39.7569131992958],[-105.002201372016,39.7567781982333],[-105.002228372273,39.7567561982704],[-105.00231237176,39.7566921979018],[-105.002406372433,39.7566201967696],[-105.002554372055,39.7565021968959],[-105.002605371772,39.7564601962151],[-105.002652372009,39.7564221956011],[-105.002766372142,39.7563211951418],[-105.002831371686,39.7562601953217],[-105.00287137139,39.7562211950261],[-105.002938371381,39.7561541943226],[-105.003018371195,39.7560681938909],[-105.003114371374,39.7559571934952],[-105.003179370874,39.7558751934475],[-105.003226371325,39.7558121926927],[-105.003322370625,39.755675191563],[-105.003369370374,39.7556031912457],[-105.003436371016,39.7555001913533],[-105.003629370238,39.7552071896149],[-105.003731369577,39.7550511885665],[-105.003751370291,39.755020188953],[-105.003931369608,39.7547481868447],[-105.00413736979,39.7544371859592],[-105.004209368594,39.7543301851538],[-105.004237368886,39.7542851848958],[-105.00424636883,39.7542721846941],[-105.004275369234,39.7542251846463],[-105.004314369403,39.7541671844809],[-105.004386368826,39.7540601835613],[-105.004445368855,39.7539721833565],[-105.004649367631,39.7536661817089],[-105.004837367488,39.7533871802401],[-105.00490936764,39.75328017988],[-105.00498836699,39.7531641787816],[-105.004997367878,39.7531701790808],[-105.00502436805,39.753191179199],[-105.00503436767,39.7531991795828],[-105.005199367888,39.7533261798863],[-105.005695368538,39.753709180345],[-105.005861369949,39.7538371809338],[-105.005998370035,39.7539431813625],[-105.006411370489,39.7542611819384],[-105.006551371103,39.7543681823188],[-105.006733372159,39.7545081825964],[-105.006982371998,39.7547001833538],[-105.007284372737,39.7549321835627],[-105.007439372781,39.7550501833805],[-105.007469373292,39.7550731841533],[-105.007518373002,39.7551111840219],[-105.007668373686,39.7552271838356],[-105.007720373702,39.7552661842026],[-105.007814374289,39.75517118373],[-105.008094373273,39.7548871822285],[-105.008186373935,39.7547931818421],[-105.008218373869,39.7547841818538],[-105.008270373324,39.7547681816414],[-105.008307373345,39.7547631816807],[-105.008344373376,39.7547571810636],[-105.008437373944,39.7547491815708],[-105.008505373729,39.7547431806721],[-105.008541373664,39.7547411810982],[-105.008578373679,39.754732181175],[-105.008630373092,39.7547041802706],[-105.008719373746,39.7546351803607],[-105.009006372838,39.7544341792478],[-105.009038373675,39.7544101792736],[-105.009070373325,39.7543871790298],[-105.009155373041,39.754313178687],[-105.009271373123,39.7541791778708],[-105.009278373251,39.7541701778345],[-105.009330372947,39.7540931774363],[-105.009343373142,39.7540731773006],[-105.00935637333,39.7540531771633],[-105.009398372813,39.754008176402],[-105.009487372937,39.753930176397],[-105.009543372482,39.7538811764071],[-105.009626372233,39.7538091758764],[-105.009660372556,39.7537791756859],[-105.009687372801,39.7537561751582],[-105.00976437221,39.7536891752736],[-105.009817372529,39.7536431745009],[-105.009825372569,39.7536361744815],[-105.009920372959,39.7535551737785],[-105.01002037234,39.7534981741683],[-105.010169371837,39.75342217341],[-105.01026937186,39.7533571729308],[-105.01030837177,39.7533291730278],[-105.010523371861,39.7531731714167],[-105.010653371871,39.7530771708863],[-105.010824372148,39.7529511699529],[-105.010884372344,39.7529031703755],[-105.011185371933,39.7526571686937],[-105.011210371332,39.7526371686426],[-105.011223371027,39.7526271684398],[-105.01132037202,39.752549167827],[-105.011395370842,39.7524811678125],[-105.011488371078,39.752392166766],[-105.011512371117,39.7523621668539],[-105.011536371172,39.7523331666817],[-105.011591370757,39.7522631660054],[-105.011607371113,39.7522431663515],[-105.011633370966,39.7522111662156],[-105.011678371021,39.7521571658566],[-105.011966370411,39.7519071641551],[-105.012055370878,39.7518301637181],[-105.012234369898,39.7516471633582],[-105.012528370057,39.7514031619755],[-105.012617370074,39.7513421615291],[-105.012663369973,39.7513111608635],[-105.012774369692,39.7512351606421],[-105.012868370288,39.7511731602446],[-105.012964369456,39.75111015929],[-105.01311237013,39.7510361591367],[-105.013302369369,39.7509601582627],[-105.01333937002,39.750947158763],[-105.013376369561,39.7509351580917],[-105.013439369719,39.7509061584506],[-105.01346936939,39.7508941585331],[-105.013499370224,39.7508821577121],[-105.013588369757,39.7508371578532],[-105.013677370146,39.7507891577937],[-105.013707369467,39.7507731570312],[-105.013735370058,39.7507581567549],[-105.013749369144,39.750750157187],[-105.014398369375,39.7504001545444],[-105.014603369775,39.7502961539375],[-105.014685369465,39.7502391535489],[-105.014782369441,39.7501651535245],[-105.014957369081,39.7500261527965],[-105.015084368304,39.749909151993],[-105.015139368697,39.7498441519523],[-105.015149367992,39.7498271515377],[-105.01515836857,39.7498111521572],[-105.015193368653,39.7497481520463],[-105.015267367169,39.7495811516643],[-105.015294367499,39.749506151343],[-105.015309367487,39.7494611516076],[-105.015374366196,39.7491811509059],[-105.015384366311,39.7491231509835],[-105.01540836536,39.7489711515267],[-105.015432364583,39.7488221512955],[-105.015444364474,39.7487511511878],[-105.015475363276,39.7484631511032],[-105.015543360475,39.7477311502405],[-105.015554360387,39.7475871500793],[-105.01555636004,39.7475471504401],[-105.01557635944,39.747267149733],[-105.015593358264,39.7469801501257],[-105.015609357132,39.7466941497197],[-105.015618356268,39.7465431493404],[-105.015619356032,39.7464041490164],[-105.015619355655,39.7463751491505],[-105.01562035556,39.746350149687],[-105.015622354322,39.7460641492319],[-105.015626354022,39.7459651493106],[-105.015627353549,39.7459361490522],[-105.01562835382,39.7459151494748],[-105.015630353478,39.7458511486754],[-105.015678352005,39.7453031488294],[-105.015700349649,39.7449571484529],[-105.015727349785,39.7447071479769],[-105.015731349312,39.7446701485598],[-105.015751348294,39.7445241479294],[-105.015800347972,39.7443611475147],[-105.015840347883,39.7442521477554],[-105.015845347191,39.7442391481868],[-105.015860347351,39.7442111476129],[-105.015896346994,39.7441441477948],[-105.015950346766,39.7440421479738],[-105.016054345809,39.7438561470708],[-105.016070345674,39.7438281469755],[-105.016124345273,39.7437061467037],[-105.016151345863,39.7436421468662],[-105.016167344932,39.7436071467162],[-105.016177344707,39.7435831470459],[-105.016218344991,39.7434891465618],[-105.016234345054,39.7434531466573],[-105.016261344483,39.7433911471811],[-105.016305345241,39.7434321465824],[-105.016406345194,39.74352514644],[-105.016453345405,39.7435741461849],[-105.016503345608,39.7436151467428],[-105.016606346153,39.743711146678],[-105.016617345831,39.7437211461066],[-105.016883346915,39.7439721465508],[-105.017126347892,39.7442221459115],[-105.01728734973,39.7443831461262],[-105.017445350231,39.7445531459387],[-105.017572350126,39.7447021453398],[-105.017681351823,39.7448451452995],[-105.017759352099,39.7449551453429],[-105.017879352787,39.7451491457578],[-105.017985353014,39.745341145938],[-105.018081354305,39.7455471456521],[-105.018169355002,39.745747145555],[-105.018219356163,39.7458921451427],[-105.018258356453,39.746012145627],[-105.018320357272,39.7462751454809],[-105.018337358065,39.7463811458852],[-105.018576357937,39.7463831451981],[-105.018982358176,39.746386144675],[-105.019111358438,39.7463871447302],[-105.019499359008,39.7463891438795],[-105.01955235893,39.7463891441039],[-105.019629359037,39.7463891440995],[-105.01987835907,39.7463901440121],[-105.020483359068,39.7463931430114],[-105.020771360294,39.7463941423254],[-105.020768360784,39.7467661429849],[-105.020766364729,39.7476001430071],[-105.020820364154,39.7475991433781],[-105.021756365718,39.7475951419337],[-105.022068365099,39.7475941415101],[-105.022377365853,39.7475931406989],[-105.022920365947,39.7475921403987],[-105.022933366174,39.7475921399592],[-105.023123366578,39.7475581395718],[-105.023256366187,39.7474831399612],[-105.023384365224,39.747399139346],[-105.023448364988,39.7473361389156],[-105.023522365435,39.7472581395166],[-105.023587364738,39.7471381386129],[-105.023625362317,39.7463821383998],[-105.023625361871,39.746363138713],[-105.023941361608,39.7463641382235],[-105.024895363349,39.7463651365894],[-105.02521436259,39.746365136038],[-105.025534363135,39.7463661357031],[-105.026499363841,39.7463671347874],[-105.02682136396,39.7463671338478],[-105.027132364153,39.7463681335092],[-105.027432364433,39.7463701338587],[-105.027778364984,39.7463711327499],[-105.028068365922,39.7463721321379],[-105.028380366037,39.7463731325109],[-105.028691366255,39.746374131655],[-105.029042366081,39.746374130893],[-105.029284366402,39.7463741308811],[-105.029628367136,39.7463751307449],[-105.029941366877,39.746375130328],[-105.030254367779,39.7463751299839],[-105.030699367562,39.7463761290218],[-105.031196368165,39.7463761284392],[-105.031512367929,39.7463771283354],[-105.031646367815,39.7463781273472],[-105.032053369024,39.7463801273971],[-105.032189368731,39.7463811274378],[-105.03231636926,39.7463821266844],[-105.032340369426,39.7463821265891],[-105.032796369247,39.7463861264216],[-105.032948369863,39.7463871260604],[-105.033049368908,39.7463871260532],[-105.033104368951,39.7463881260551],[-105.03357336965,39.7463911251724],[-105.03373036983,39.7463921247021],[-105.033804370501,39.7463931249011],[-105.033900370001,39.7463931250734],[-105.034411370818,39.7463971239136],[-105.034582370918,39.746398123653],[-105.034652370872,39.7463961235706],[-105.034862370341,39.7463891233264],[-105.034930370458,39.7463871232806],[-105.034940370722,39.7463871231702],[-105.035078370708,39.7463861228812],[-105.035100371049,39.7463861233293],[-105.035191370617,39.7463851227656],[-105.035603371877,39.7463821225505],[-105.035771371076,39.7463801220926],[-105.035771371125,39.7461351222373],[-105.035772367627,39.7454061213428],[-105.035772366481,39.7451641215339],[-105.035766362292,39.7439531212722],[-105.036380363214,39.7439521201849],[-105.036986363162,39.743952119287],[-105.037219363183,39.7439551190572],[-105.037566363358,39.7439591185083],[-105.037922364292,39.7439591181665],[-105.038157364039,39.7439591174865],[-105.038387364319,39.7439561173017],[-105.038732364905,39.7439521174067],[-105.039077364517,39.7439541167764],[-105.039309365471,39.743956115954],[-105.039871365912,39.743958115676],[-105.041563366579,39.7439641131021],[-105.041706366621,39.7439651132217],[-105.042127367302,39.7439671122902],[-105.042203367109,39.7439671125482],[-105.042434367804,39.7439681118345],[-105.042511367485,39.7439681121787],[-105.042576367508,39.7439681117644],[-105.042771368047,39.7439691118557],[-105.042837367944,39.7439691115795],[-105.043074367892,39.743970111299],[-105.043785368925,39.7439731103002],[-105.044023368761,39.7439741101834],[-105.044250369481,39.7439741095739],[-105.044588369773,39.7439731096729],[-105.044930370065,39.7439731087041],[-105.045158369476,39.7439731084037],[-105.045391369425,39.7439731080651],[-105.045755369913,39.7439721079784],[-105.046089370016,39.7439721069858],[-105.046323370989,39.7439721068617],[-105.046561371359,39.7439741067639],[-105.047277371118,39.7439801058672],[-105.04751637141,39.7439821049825],[-105.047750372333,39.7439841051152],[-105.048084371786,39.7439871049007],[-105.048452372835,39.7439901045135],[-105.048687372512,39.743992103913],[-105.048910373197,39.7439891031537],[-105.049269373128,39.7439861032599],[-105.049584373304,39.7439821025513],[-105.049809373068,39.7439801020817],[-105.050031373775,39.7439791020699],[-105.0503223734,39.7439791011671],[-105.050700373752,39.7439791011981],[-105.050924374183,39.7439781008319],[-105.051155374892,39.7439771006199],[-105.051517374856,39.7439750996531],[-105.051854375597,39.7439730996464],[-105.052088374722,39.7439720991143],[-105.052312375776,39.7439740989483],[-105.052642375799,39.7439770985026],[-105.05298737629,39.7439800982708],[-105.053212376096,39.7439820974833],[-105.053215381198,39.7451880981732],[-105.053215381152,39.7452250986519],[-105.053216382338,39.7456700979982],[-105.05322038946,39.7474110992264],[-105.053220390258,39.7476050991656],[-105.053220390815,39.7476170988013],[-105.053220390008,39.7476880995556],[-105.053221391827,39.7481580993065],[-105.053224396932,39.7494581001534],[-105.053224398862,39.7498151004722],[-105.053226401894,39.7508911038398],[-105.053227402729,39.7512501054453],[-105.053228403573,39.7516091070032],[-105.053230406797,39.7526871118416],[-105.053230407658,39.7530331127622],[-105.05323040714,39.7530471127548],[-105.053231408469,39.7534661148144],[-105.053232409382,39.7539011171818],[-105.053232410332,39.7539341167757],[-105.053232410467,39.7540881175611],[-105.053232410766,39.7541701180117],[-105.053234411423,39.7542841186918],[-105.0532444122,39.7548481208577],[-105.053235414346,39.7555541239457],[-105.053235415235,39.7557871249166],[-105.053237418052,39.7569271300228],[-105.053237417536,39.7569411299951],[-105.053238418335,39.7572461312844],[-105.053240421523,39.7581661352572],[-105.05324042246,39.7584751360763],[-105.053241423024,39.7588371376886],[-105.053242426021,39.7599291420905],[-105.053242427137,39.7602921439556],[-105.053243427641,39.7606521458429],[-105.053244431023,39.7617261496993],[-105.053244431427,39.7620861512003],[-105.053244432796,39.7622661519371],[-105.053244433491,39.7628081544394],[-105.053244434415,39.7629911552422],[-105.053244435243,39.7631721565551],[-105.053244435798,39.7634601577847],[-105.053244435681,39.7637211588419],[-105.053244437237,39.7639051593227],[-105.053243436738,39.7640861603758],[-105.053243437436,39.7643521609657],[-105.05324343878,39.7646321623662],[-105.053243439166,39.7648161627796],[-105.053243439178,39.7649921634751],[-105.053243441833,39.7657021672781],[-105.053242442651,39.7661631685482],[-105.053242443627,39.7666111706458],[-105.053242444182,39.766623171097],[-105.053242443674,39.7667001715737],[-105.053242444371,39.7667401709703],[-105.053242445254,39.7670731725918],[-105.053242445294,39.7670991729599],[-105.053242445581,39.7672811737287],[-105.053242446459,39.7673251738662],[-105.053242445963,39.7673521739668],[-105.053242446325,39.7674101740207],[-105.053242445953,39.7675151743127],[-105.053242447598,39.7678771763113],[-105.053241450253,39.7689691811291],[-105.053241450803,39.7693201822249],[-105.053241450913,39.7693351827714],[-105.053241451429,39.7694341827726],[-105.053241452895,39.7697421843536],[-105.053241453069,39.7697961845098],[-105.05324145243,39.7698451841806],[-105.053241452656,39.7698751843669],[-105.053241453909,39.7701031854099],[-105.053241455785,39.7711361897963],[-105.053242460009,39.7725781963924],[-105.053242460363,39.7728621976629],[-105.053242461119,39.7729411974332],[-105.053242462223,39.7733041993247],[-105.053242464652,39.7743992040038],[-105.053242465311,39.7747652057967],[-105.053242466421,39.7751282065374],[-105.053243468456,39.7757052090036],[-105.053243469622,39.7762202114551],[-105.053243471247,39.7765692130276],[-105.053243470823,39.7765852132644],[-105.053243471745,39.776944214821],[-105.053243472923,39.7774092168649],[-105.053243473462,39.7775212166971],[-105.053243474453,39.7779822188063],[-105.053243474068,39.7780242192955],[-105.053243475713,39.778386220758],[-105.053243480986,39.7802082286013],[-105.053243481547,39.7803962295633],[-105.053243483925,39.7816912352494],[-105.053243484713,39.7817332347832],[-105.053244484699,39.7818622354594],[-105.053244484947,39.7819052356205],[-105.053244485304,39.7820762365242],[-105.053244485394,39.7821912371514],[-105.053244487305,39.7827222394396],[-105.053244487007,39.7828162393798],[-105.053244489594,39.7834372425399],[-105.053244489811,39.7835172426226],[-105.053244489048,39.7836012425229],[-105.053239489649,39.7836742435291],[-105.053244489663,39.7837652434008],[-105.053244490072,39.7837992441537],[-105.053244489653,39.783815243446],[-105.054443491629,39.7838192425438],[-105.055589493061,39.7838242407925],[-105.056750494703,39.7838282395911],[-105.05789449589,39.7838322378667],[-105.057913496125,39.7838322380527],[-105.058864497643,39.7838352364338],[-105.059820498623,39.7838392356467],[-105.060347499812,39.7838412342804],[-105.060576499151,39.7838422341082],[-105.060631500142,39.7838422340027],[-105.060709499636,39.783842234113],[-105.060723499994,39.7838422341059],[-105.060766500342,39.7838422341997],[-105.061711501235,39.7838462328657],[-105.061763500898,39.7838462327682],[-105.061795501049,39.7838462329753],[-105.061848501154,39.7838462329609],[-105.062162501937,39.7838472325418],[-105.062176502296,39.7838472323619],[-105.06242550234,39.7838482318085],[-105.06265950275,39.7838492317593],[-105.062659502811,39.7839012321389],[-105.062659502959,39.7840602324616],[-105.062659502619,39.7841132325656],[-105.062658504465,39.7844552337943],[-105.06265650743,39.7856682389736],[-105.062656508008,39.7858232402733],[-105.062655508923,39.7861732418118],[-105.062655508718,39.786188241353],[-105.062655509178,39.7864362426565],[-105.062654510991,39.787001245299],[-105.062654512198,39.7871952458568],[-105.06265351305,39.7878002482871],[-105.062652514266,39.7881812501537],[-105.062652515032,39.7883502511064],[-105.064905518521,39.7883592474998],[-105.064904519295,39.7889412504572],[-105.064903521312,39.7894002525307],[-105.064903520954,39.7894232525765],[-105.06490252128,39.7896192531925],[-105.064902521371,39.7896882533279],[-105.064902522281,39.7898022538246],[-105.064902521705,39.7898132535301],[-105.064901524195,39.790321256515],[-105.064549522749,39.7903212568603],[-105.064314523162,39.7903212567789],[-105.06431252448,39.791081260224],[-105.064243525361,39.7910812598089],[-105.064203524546,39.7910812603932],[-105.064162524359,39.7910812599672],[-105.063875524581,39.7910802604666],[-105.063383523464,39.7910802611524],[-105.063306523476,39.7910802611458],[-105.062883523038,39.7910792618858],[-105.062872522875,39.7910792615832],[-105.062851523088,39.7910792619874],[-105.062646523299,39.7910792618687],[-105.062646522678,39.7909562620667],[-105.062647522197,39.7909182617244],[-105.062647521651,39.7905112600242],[-105.062367520614,39.7905082599598],[-105.061797520221,39.7905022611579],[-105.061718520536,39.790646262088],[-105.06167652064,39.7907232622206],[-105.061613520666,39.7908372623457],[-105.061530520533,39.7909892631742],[-105.061487521173,39.7910682634677],[-105.06148252167,39.7910772640138],[-105.060678519946,39.7910762649848],[-105.060418519746,39.7910752650134],[-105.059696518403,39.7910742663272],[-105.059339518522,39.7910742666491],[-105.05879251695,39.7910732677659],[-105.058767517314,39.7910732677668],[-105.058550516785,39.7910732677901],[-105.056630513866,39.7910702706029],[-105.056162513389,39.7910692705071],[-105.055627513189,39.79106927126],[-105.05527251252,39.7910682715718],[-105.055083512074,39.7910682718742],[-105.053350509613,39.7910652745976],[-105.053246510036,39.7910652745839],[-105.053223509152,39.791065274686],[-105.052474508933,39.7910692756331],[-105.051793507163,39.7910712763019],[-105.051740508008,39.7910722769468],[-105.05164250702,39.7910722767344],[-105.048500502989,39.7910862812321],[-105.047930501929,39.7910882815972],[-105.047915501901,39.791088281655],[-105.046550500257,39.7910942835911],[-105.04647949996,39.7910942839757],[-105.045229498992,39.7911002856234],[-105.045216498891,39.7911002849548],[-105.045174498096,39.7911002857622],[-105.045144498036,39.7911002851737],[-105.044843498526,39.7911012855439],[-105.044837497577,39.7911012857667],[-105.044038496819,39.7911052865715],[-105.043941496283,39.7911052874269],[-105.043846496174,39.7911062875736],[-105.043638496787,39.7911062877796],[-105.043618496847,39.7911072874565],[-105.043537495723,39.7911072878383],[-105.043322495324,39.7911082879976],[-105.04273549498,39.7911102882604],[-105.042723495417,39.7911102884998],[-105.042159494065,39.7911132893626],[-105.041893493717,39.7911142894667],[-105.041578493387,39.7911152900719],[-105.0415674932,39.7911152904811],[-105.040989492235,39.7911182906841],[-105.040419491628,39.7911202916243],[-105.040408491441,39.7911202919253],[-105.039829490966,39.7911232924414],[-105.039256489774,39.7911252931397],[-105.038680489642,39.7911282943419],[-105.038093488844,39.7911302948824],[-105.037697487552,39.7911322958284],[-105.037578487739,39.7911322960427],[-105.037553488053,39.7911322960432],[-105.037516487632,39.7911322957426],[-105.037411487722,39.7911332955581],[-105.037090487376,39.7911342966158],[-105.036941486693,39.7911352968669],[-105.036860486681,39.7911352962631],[-105.036726487204,39.7911362966965],[-105.03658148714,39.7911362971906],[-105.03649548594,39.7911372970987],[-105.036367485847,39.791137297591],[-105.036184486362,39.7911382972217],[-105.03579648581,39.7911402980687],[-105.035772485499,39.791140298028],[-105.035208484182,39.7911422991979],[-105.034646484279,39.7911452999005],[-105.034619484292,39.7911442997507],[-105.034506484225,39.791144299856],[-105.034512484933,39.7916133017797],[-105.034516485839,39.7918863029727],[-105.034518485781,39.7920503032979],[-105.029959480009,39.7920333096054],[-105.029951477713,39.7911273052103],[-105.025262470682,39.7911083117035],[-105.025240470294,39.7911083121748],[-105.025240470974,39.7911163118146],[-105.025262477589,39.7939593233716],[-105.025189476733,39.793995323711],[-105.02514847748,39.7940123240085],[-105.025112476965,39.7940263245489],[-105.02503247656,39.7940523244998],[-105.024949476694,39.7940733244632],[-105.024864476354,39.7940873245031],[-105.024778476823,39.7940973251389],[-105.02469247688,39.7941003249099],[-105.024605476176,39.79409732491],[-105.024518476709,39.7940893253083],[-105.024434476556,39.7940753249734],[-105.024350476292,39.7940553253069],[-105.024270475969,39.7940293253549],[-105.024192476021,39.7939993255098],[-105.024120476052,39.7939633253683],[-105.024051475903,39.7939233248821],[-105.023986475735,39.7938773250393],[-105.023927475039,39.7938283250089],[-105.02388447478,39.7937863246909],[-105.023865474492,39.7937603251822],[-105.023846474224,39.7937343247695],[-105.023830475075,39.7937163244094],[-105.023822474543,39.7937083248538],[-105.023802474347,39.7936853249799],[-105.023754473995,39.7936393243923],[-105.023700474535,39.7935973245544],[-105.023640473437,39.7935583239179],[-105.023618474456,39.7935463246494],[-105.023577474021,39.7935243241739],[-105.023542473466,39.7935073240855],[-105.02351147354,39.7934933240482],[-105.023442473764,39.7934683245302],[-105.023370473113,39.7934473243499],[-105.023295472942,39.7934313241367],[-105.023219473234,39.7934203238764],[-105.023183472718,39.7934173239392],[-105.023122472613,39.7934073246322],[-105.023060473148,39.7934033241217],[-105.023039472423,39.7934023240013],[-105.023019472476,39.7934023240566],[-105.022998473113,39.7934023245637],[-105.022936472705,39.7934053247872],[-105.022874472111,39.7934133245215],[-105.022814472277,39.7934253249407],[-105.022755472425,39.7934403249653],[-105.022698472345,39.7934603254045],[-105.022683472956,39.7934663251286],[-105.022643472816,39.7934833250055],[-105.022615472251,39.7934983254193],[-105.022592472844,39.793510325299],[-105.022564472646,39.7935273251595],[-105.022543472435,39.7935413253867],[-105.022536472816,39.793546325373],[-105.022505471985,39.7935693258362],[-105.022444471849,39.7936083263941],[-105.022413472732,39.7936283258525],[-105.02239247246,39.7936423260522],[-105.022289471886,39.7937233267209],[-105.022268472505,39.7937423264456],[-105.022246472707,39.7937623272405],[-105.02219547281,39.7938103270658],[-105.022110472901,39.7939033279991],[-105.022037472596,39.7940013284785],[-105.021975472504,39.7941043289724],[-105.021926473294,39.7942093294273],[-105.021847472895,39.7944833305754],[-105.02182047364,39.7945503306441],[-105.021052472113,39.7943573306976]]]},"properties":{"OBJECTID":3,"DIST_NUM":1,"DIST_REP":"Amanda Sandoval","NOTES":null,"GLOBALID":"85225a22-4fde-4332-9e19-7d1fe607274c","URL_LINK":"https://www.denvergov.org/district1"}},{"type":"Feature","id":4,"geometry":{"type":"Polygon","coordinates":[[[-105.025058142707,39.6894871062796],[-105.025056142208,39.689124106256],[-105.025053137108,39.6880411058054],[-105.025051136198,39.6876811048975],[-105.025053133493,39.6868691044112],[-105.025053131703,39.6866771048544],[-105.025054129084,39.6858871039482],[-105.025052128691,39.685703104305],[-105.025050127602,39.6855211041835],[-105.025046125939,39.6851541037019],[-105.025044125104,39.6849731042152],[-105.025044124912,39.6847931035603],[-105.02504312271,39.6842571037614],[-105.025042121846,39.6840801037292],[-105.025041120598,39.683717103449],[-105.025039116827,39.6826321027456],[-105.025038115787,39.6822801024472],[-105.025038115132,39.6822721024882],[-105.024779115004,39.6822721025251],[-105.024004114181,39.6822741032439],[-105.023746114188,39.6822741041536],[-105.023536114257,39.6822761040153],[-105.022910113461,39.682280104528],[-105.022702113605,39.6822811049418],[-105.022468113196,39.682283105439],[-105.021769113168,39.6822871059967],[-105.021538113012,39.6822881062688],[-105.021302112208,39.6822901062128],[-105.020600111669,39.6822951071894],[-105.020367111288,39.6822971075832],[-105.020131111409,39.682298108113],[-105.019427111353,39.6823021085672],[-105.019193110592,39.6823031090808],[-105.018960110126,39.6823051093882],[-105.018262109963,39.6823111098414],[-105.018030109598,39.6823131097017],[-105.017796110053,39.682315109912],[-105.017097109242,39.6823191115152],[-105.016864108639,39.6823211112717],[-105.016629109068,39.6823251117955],[-105.016279108216,39.6823301123027],[-105.015927108245,39.6823361123142],[-105.015693107559,39.6823401123782],[-105.015501107535,39.6823401130481],[-105.01492710762,39.6823381137828],[-105.014737106763,39.6823381133469],[-105.01455210656,39.682336113896],[-105.014002106759,39.6823291148824],[-105.013819106928,39.6823271144403],[-105.013729106094,39.682326114458],[-105.01346110626,39.6823231151795],[-105.013372105596,39.6823221154599],[-105.013275105961,39.6823211149845],[-105.012984105886,39.6823181157752],[-105.012888105255,39.6823171155158],[-105.012518104989,39.6823121161379],[-105.011965105066,39.6823061165415],[-105.011410104887,39.6823001177404],[-105.01104210398,39.682296117292],[-105.009986103503,39.6822871192697],[-105.008916102124,39.6822731201824],[-105.008690102504,39.6822691199492],[-105.006790100231,39.6822501224531],[-105.006476100434,39.682245122795],[-105.006390100464,39.6822431225084],[-105.006364099713,39.6822431232309],[-105.006187100337,39.6822341232965],[-105.005242098666,39.6822171237128],[-105.0040790977,39.6822051255884],[-105.002424096332,39.6821801274089],[-105.002309096295,39.6821801270417],[-105.00220909636,39.6821801270229],[-105.001828096307,39.6821791275709],[-105.00139509545,39.682172128416],[-105.001391096224,39.682159127946],[-105.001374095726,39.682117128523],[-105.001348095493,39.6820491284099],[-105.001215093694,39.6817591278678],[-105.001206094406,39.6817401282675],[-105.001195094207,39.6817161285281],[-105.001139094012,39.6816301276945],[-105.001041093482,39.6815121279548],[-105.000941092881,39.6814151283407],[-105.00082709278,39.6813281281588],[-105.000451090893,39.6811291286028],[-105.000194090768,39.6810141290832],[-105.000071090339,39.6809591285051],[-104.999838089516,39.6808851289957],[-104.999584090209,39.68080712973],[-104.999436089727,39.6807581296825],[-104.99939508917,39.6807451301176],[-104.999355089937,39.6807321302987],[-104.999255089195,39.6806941301358],[-104.999159089367,39.6806461303013],[-104.99906308916,39.6805771306805],[-104.998923088498,39.6804541305321],[-104.998809088515,39.6803461304421],[-104.998728087459,39.6802701312252],[-104.998640087322,39.6801671307859],[-104.998603087472,39.6801171312288],[-104.998564087561,39.6800661314633],[-104.998553087633,39.68004813099],[-104.998545087352,39.6800351313597],[-104.998455086452,39.679885131163],[-104.99845108714,39.6798771312396],[-104.998450087008,39.6798771314765],[-104.998450087157,39.6798761317054],[-104.998439086877,39.6798531314587],[-104.998397086641,39.679765130878],[-104.998391086374,39.679754131206],[-104.998381086255,39.6797311316172],[-104.998355086352,39.6796781309515],[-104.998352085869,39.679671131455],[-104.998228084697,39.6793801316268],[-104.998177084514,39.6792581318155],[-104.998113083222,39.6790671318341],[-104.998086083045,39.6789881318491],[-104.998028082265,39.6787791317961],[-104.998000081677,39.6786071315804],[-104.997982081145,39.6784721313972],[-104.997983081257,39.6784721311642],[-104.997955080765,39.6782641310074],[-104.997948080242,39.6782111311907],[-104.997943079899,39.6781731310959],[-104.997931080018,39.6780761307484],[-104.997898078798,39.677930131115],[-104.997862079233,39.6777581308767],[-104.997827077448,39.6775361309353],[-104.997813077652,39.6773881309019],[-104.997803077377,39.6772821311927],[-104.997796075169,39.6769721302889],[-104.997791074292,39.6767351303307],[-104.997789074449,39.6766241307798],[-104.997788073868,39.6765691308863],[-104.997786074131,39.6765011305753],[-104.9977910739,39.6763671301088],[-104.997788072691,39.676206130406],[-104.997771071768,39.6759861302067],[-104.997754071103,39.6758231296733],[-104.997714070968,39.6756401299717],[-104.997686070159,39.6755251300751],[-104.997668070005,39.6754251298692],[-104.9976690696,39.6752771298477],[-104.997675068862,39.6752481296273],[-104.997680069219,39.6752191296418],[-104.997670068439,39.6751481300149],[-104.997627068245,39.6749681293495],[-104.997613068346,39.6749051297248],[-104.997575067418,39.6747331296622],[-104.997548066235,39.6746101294718],[-104.997501065616,39.674421129875],[-104.997464066169,39.6742931294769],[-104.997443065525,39.674220130073],[-104.997418064869,39.6740971293742],[-104.997417065298,39.6740661294092],[-104.997415064679,39.6740341298939],[-104.997415064317,39.6739941299301],[-104.997416064338,39.6739521292905],[-104.997414064395,39.6739231290985],[-104.997412064447,39.6738941298068],[-104.997398063786,39.67381712969],[-104.997347063765,39.6736711292794],[-104.997314063437,39.6736021298635],[-104.99731406263,39.6735721294334],[-104.997315063023,39.6735421296814],[-104.997350062622,39.6733711297228],[-104.99737606191,39.6732341295204],[-104.997381061405,39.6731331286696],[-104.997393060767,39.6730131287065],[-104.99740505991,39.6728731287476],[-104.997413060262,39.6727951292169],[-104.997428059071,39.6726431285648],[-104.997436059581,39.6726061287836],[-104.997444058917,39.6725691289965],[-104.997467059242,39.6724931282769],[-104.997509058023,39.6723651286188],[-104.997565057838,39.6721961277732],[-104.997633056131,39.6719931281878],[-104.997780055586,39.6716571276711],[-104.997881054193,39.6714251268061],[-104.997949053452,39.6712571263188],[-104.997998053138,39.6711281268395],[-104.998059052537,39.6709331267777],[-104.998105051598,39.6707531259057],[-104.998131051545,39.6706261258776],[-104.998151050252,39.6704691258814],[-104.998159049815,39.6703891257855],[-104.998168050071,39.6703571254691],[-104.998178050461,39.6703241260432],[-104.998226049674,39.6702291253244],[-104.998302049731,39.6701261251953],[-104.998361049085,39.6700121251947],[-104.998456048276,39.6698101247043],[-104.998470047794,39.6697811251992],[-104.998484047761,39.669749124567],[-104.998508047109,39.6696891242455],[-104.998542047079,39.6695691242158],[-104.998569045988,39.6694641242647],[-104.998629045504,39.6692951245126],[-104.998686045562,39.6691841241275],[-104.998753045029,39.6690981238091],[-104.99889104381,39.6689391236748],[-104.999029043489,39.6688021229429],[-104.999152042977,39.6687071225675],[-104.999281043111,39.6686121224028],[-104.999434042747,39.6685041218298],[-104.999605042111,39.6683901215655],[-104.999772041116,39.6683021216139],[-104.999988040899,39.6682001213413],[-105.000195040959,39.6681121206983],[-105.000189039571,39.6678111203297],[-105.000189039291,39.667804120096],[-105.000186039396,39.6676751200387],[-105.002514037533,39.6669451173068],[-105.002667038224,39.6668971170808],[-105.002711038313,39.6668821174465],[-105.002755037224,39.6668671168901],[-105.002981037185,39.6667761167166],[-105.003196037286,39.666670116211],[-105.003398037392,39.6665511164422],[-105.003586036439,39.6664181161742],[-105.003605036501,39.6664021162293],[-105.003624036478,39.6663871160571],[-105.003686037036,39.6663291161278],[-105.003741035838,39.6662681160988],[-105.003765035619,39.6662351158207],[-105.003789036469,39.6662031153181],[-105.003829035498,39.6661341158632],[-105.003862034996,39.666064115896],[-105.003874035686,39.666028115157],[-105.003886035192,39.6659921153121],[-105.003903034872,39.6659171155706],[-105.003906035045,39.6658801157937],[-105.003910035146,39.6658431157327],[-105.003910034816,39.6657681153935],[-105.004067032827,39.6654251151102],[-105.00444503026,39.6645991140857],[-105.004468030272,39.664550113907],[-105.004714027774,39.6640111136164],[-105.004798027275,39.6638281129498],[-105.00486902709,39.663674113136],[-105.004885026636,39.6636741129789],[-105.005052027156,39.6636751126395],[-105.00496301966,39.6617581115301],[-105.004935018696,39.6614981117388],[-105.00487901801,39.6612421119762],[-105.004793016957,39.6609911116573],[-105.004680015343,39.6607461114271],[-105.004634015173,39.6606681114155],[-105.004560015249,39.6605421111968],[-105.004779014656,39.6605441113605],[-105.006389016118,39.6605521096876],[-105.009575018793,39.6605661059196],[-105.010616019766,39.6605701053676],[-105.010891020491,39.6605711050498],[-105.009694024978,39.6621241071737],[-105.008175031806,39.6640951100217],[-105.008140031647,39.6640951103815],[-105.0081040316,39.6640941103726],[-105.00805903158,39.6641521099482],[-105.007936032238,39.664329110398],[-105.007655033746,39.6647331107375],[-105.007317035076,39.665340111576],[-105.007143036914,39.6657261117982],[-105.0065770414,39.667152113559],[-105.006360044351,39.6677021139766],[-105.006360044972,39.6681111140122],[-105.006358058382,39.6714351164312],[-105.006357064694,39.6731811174563],[-105.006357071688,39.6749701181704],[-105.006356079394,39.6767381192564],[-105.006565079589,39.6767391191446],[-105.008272080712,39.6767501172835],[-105.008652080293,39.6767521167887],[-105.008696080527,39.6767521169336],[-105.008697088535,39.6786201184293],[-105.011020090181,39.6786391153847],[-105.013362091444,39.6786591133275],[-105.015705093838,39.6786791101672],[-105.015691086084,39.6768131095769],[-105.015690083076,39.6758941087399],[-105.015689079303,39.6750161081837],[-105.015692073261,39.6734091074644],[-105.015692073671,39.6734011074807],[-105.015698068667,39.672114106993],[-105.015699067828,39.6717971063498],[-105.01569906707,39.6717891063568],[-105.015700065353,39.6713891064445],[-105.015701064196,39.6709951060228],[-105.015702064603,39.6709871065493],[-105.015704063254,39.6706651056262],[-105.015713061507,39.6702291061175],[-105.015713061361,39.6701661059369],[-105.015713060602,39.6701581059394],[-105.015713060498,39.6701201055149],[-105.015713060149,39.6699321056368],[-105.015713057972,39.6693561050288],[-105.01571405584,39.6688301052618],[-105.015714055805,39.668805104592],[-105.015714054926,39.6687221043814],[-105.015714055087,39.6685641048605],[-105.015714054638,39.6685471050863],[-105.015714054084,39.6684921048663],[-105.015714054792,39.6684381044252],[-105.015714053744,39.6684271050975],[-105.01571405367,39.6682911042073],[-105.015714051204,39.667749104627],[-105.015715050892,39.6676971042347],[-105.015724048673,39.6670891042213],[-105.015727048029,39.6669491039147],[-105.015727049098,39.6669481041439],[-105.015739045219,39.6661431029122],[-105.015746043262,39.6656751034628],[-105.01575104289,39.6653451025959],[-105.015752042398,39.6653041023957],[-105.015752042571,39.6652571030258],[-105.015768038372,39.6642271024218],[-105.01577403693,39.6638161020087],[-105.015775036551,39.6637401015095],[-105.015776035583,39.6637311022339],[-105.015796030549,39.6624011007751],[-105.015796030491,39.662364100927],[-105.015797030503,39.662329101149],[-105.01580002986,39.6621321007208],[-105.015803029291,39.6619361009572],[-105.015825023873,39.6605071001273],[-105.01690102407,39.6605060991252],[-105.017762025504,39.6605050980464],[-105.017933025856,39.660504098095],[-105.018007025455,39.6605040980403],[-105.01819402591,39.6605040973476],[-105.018519025861,39.6605040970074],[-105.018870026497,39.6605030970452],[-105.019389027001,39.6605030965581],[-105.020402027827,39.6605010952296],[-105.02157602828,39.6605000945957],[-105.022798029511,39.6604980927101],[-105.02280202892,39.6604980927352],[-105.022822020975,39.6582440919321],[-105.02283401471,39.6568040909369],[-105.023019014753,39.6567970904492],[-105.024097016483,39.6568010893604],[-105.025175016872,39.6568040885076],[-105.025349016757,39.6568030881192],[-105.025350016764,39.6568290881912],[-105.025351017233,39.6568570887218],[-105.025839017998,39.6568580875623],[-105.025861017101,39.6568580880444],[-105.028043019066,39.6568640854492],[-105.029802021056,39.6568680842156],[-105.029869020801,39.6568690836091],[-105.030911022008,39.6568710827094],[-105.032038022881,39.6568740820621],[-105.032058022388,39.6568740815289],[-105.032657023488,39.6568760812082],[-105.032552022365,39.6568100809206],[-105.032456021952,39.6567370809697],[-105.032367022154,39.6566590810809],[-105.032284022177,39.6565730815563],[-105.032213021284,39.6564840817573],[-105.032154021415,39.6563980812815],[-105.032134021029,39.6563630814937],[-105.032135020882,39.656310081031],[-105.032135020515,39.6562380817051],[-105.032138019471,39.6559000813042],[-105.032140018668,39.6557500811147],[-105.032153012694,39.6542810801057],[-105.032153012528,39.6542380806166],[-105.032153012668,39.654203080258],[-105.032154012117,39.654156080228],[-105.032160009784,39.6534840798232],[-105.032161008989,39.6533230797623],[-105.03216200875,39.6532770794985],[-105.032171008818,39.6532770801982],[-105.032182008391,39.6532770798495],[-105.03219800904,39.6532770795911],[-105.03224600865,39.6532770796943],[-105.032253009225,39.6532770796352],[-105.032255008724,39.6532770794869],[-105.032267009209,39.6532770795111],[-105.032345009446,39.6532770800768],[-105.033511010535,39.6532770781741],[-105.033553010482,39.6532770782478],[-105.033794010596,39.6532770779746],[-105.03413901024,39.6532770778836],[-105.034150010972,39.6532770782559],[-105.034184010598,39.6532770779161],[-105.034615010787,39.6532770777024],[-105.034616009606,39.6531080775975],[-105.034616009984,39.6529970769203],[-105.03462300345,39.6514480764551],[-105.034623003958,39.6514270765849],[-105.034625002297,39.6510240760709],[-105.034630997137,39.6495910757285],[-105.034630996691,39.6495290758501],[-105.034633991797,39.6484050752517],[-105.034634991749,39.6482970749948],[-105.034634991506,39.6481620748964],[-105.034634991137,39.6481450750224],[-105.034634990477,39.6481240751241],[-105.034635990331,39.6479070744477],[-105.034636988276,39.6473490746406],[-105.034644986105,39.6469220746617],[-105.034647985727,39.6468950744393],[-105.034645985794,39.6467910739815],[-105.034646982317,39.6459800734534],[-105.03464998232,39.6459190734533],[-105.034640982597,39.6458790735811],[-105.03435998252,39.6458790737194],[-105.034360981331,39.645631074244],[-105.034388980605,39.6456020735342],[-105.034416980651,39.6455720739398],[-105.034433974365,39.6439920727137],[-105.03443597374,39.6437990731649],[-105.032760973224,39.6437880744857],[-105.032750972425,39.6437880743506],[-105.032772969679,39.6431600742791],[-105.032784969021,39.6428480736832],[-105.031340967968,39.6428340755667],[-105.030539967414,39.642826076478],[-105.030344966662,39.6428240758925],[-105.029979966835,39.6428200764827],[-105.02998396406,39.6422610761127],[-105.029978964555,39.6422480760513],[-105.030050964055,39.6422510760516],[-105.030267964819,39.6422610759743],[-105.0303409651,39.6422640761947],[-105.029978963956,39.6422460764833],[-105.029958964826,39.642245075964],[-105.029880964875,39.642244076686],[-105.029904956542,39.6400870755512],[-105.030006956086,39.6400870755636],[-105.030036950843,39.6386280741172],[-105.033627953833,39.6386230711403],[-105.034275954283,39.63862307076],[-105.034700954315,39.6386220704394],[-105.034700954576,39.6385940701891],[-105.034700954647,39.6385910699373],[-105.034700954559,39.6385780700454],[-105.034700953672,39.6385660699341],[-105.034710950375,39.6374950697552],[-105.034715947596,39.6369360696308],[-105.034715947146,39.6368710692337],[-105.034716947056,39.6367350691885],[-105.034716946597,39.6367210695026],[-105.03471794653,39.6366010687044],[-105.034718946428,39.6365670691833],[-105.034718945862,39.6365240685404],[-105.034722944386,39.6361110688673],[-105.034722944587,39.6360510691796],[-105.034725942774,39.6356900686997],[-105.034728941775,39.6353600687167],[-105.034728942048,39.6353480685971],[-105.034729941015,39.6353370686142],[-105.034739936593,39.6341380677349],[-105.034746937042,39.6340760673347],[-105.034746936377,39.6340710675048],[-105.034745936238,39.6340660673199],[-105.034740937136,39.6340390677313],[-105.034748935656,39.6336580676818],[-105.034744935404,39.6335910671156],[-105.034749934584,39.633561067227],[-105.034745934033,39.6334900675154],[-105.034745934089,39.6334010676889],[-105.034752933841,39.6332450676109],[-105.034755933707,39.6331790675197],[-105.034747933546,39.6331700674925],[-105.030058929124,39.6331600714094],[-105.030057928211,39.6329760716695],[-105.030057929127,39.6329440713169],[-105.030023928613,39.632912071865],[-105.029961928257,39.6328530715481],[-105.02994092815,39.6328340717601],[-105.029872928246,39.632769071192],[-105.02985292794,39.6327510715713],[-105.029827927426,39.632727071235],[-105.029801927468,39.6327030713968],[-105.029778927341,39.6326760715907],[-105.029771927328,39.6326670716205],[-105.029753927422,39.6326420715781],[-105.029738927367,39.6326220716618],[-105.029725926811,39.6326000711677],[-105.029711926793,39.6325740711297],[-105.029705926825,39.6325630719832],[-105.029697926769,39.6325440719453],[-105.029691926522,39.6325320712093],[-105.02968892697,39.6325240717215],[-105.029671926238,39.6324740711037],[-105.029670926468,39.6324650717283],[-105.029666926575,39.6324460714882],[-105.02966192576,39.6324220719131],[-105.029656925766,39.6323690713362],[-105.029640926385,39.6323690712346],[-105.02962392609,39.6323680718409],[-105.029483925682,39.6323630716594],[-105.029463925873,39.6323620719392],[-105.029123926003,39.6323500723924],[-105.029066924968,39.6323470715458],[-105.029034925952,39.6323420722477],[-105.029010925454,39.6323390721526],[-105.02899492523,39.6323360717003],[-105.028967925814,39.6323310717106],[-105.028956925456,39.6323290721697],[-105.028946925434,39.6323260723489],[-105.028926925676,39.6323210724918],[-105.028903924679,39.6323140718332],[-105.028851925135,39.6322970723123],[-105.028802924895,39.6322750723555],[-105.027912922696,39.6319160727833],[-105.027681922472,39.6318230730258],[-105.027608922511,39.6317930732624],[-105.027579921506,39.6317810727032],[-105.027382921994,39.6317020727702],[-105.027346921849,39.63168707346],[-105.027324921036,39.6316770735507],[-105.027254921133,39.6316480728111],[-105.027210920852,39.6316330736929],[-105.027085921139,39.6315890735827],[-105.026911920548,39.6315430737164],[-105.026732919933,39.6315080736203],[-105.026550919755,39.6314860737011],[-105.026389920434,39.6314770743225],[-105.026365919669,39.6314760741576],[-105.026181919674,39.6314780739944],[-105.026041919893,39.6314770742553],[-105.026028920195,39.631477074053],[-105.025866919015,39.6314770743007],[-105.025760919974,39.6314760745288],[-105.025400918696,39.6314740749871],[-105.025400918466,39.6314480751272],[-105.025400918944,39.6313900748886],[-105.025406915647,39.6306500739861],[-105.02540691588,39.6306410741027],[-105.025409914873,39.6303890741322],[-105.025413912329,39.6298130741582],[-105.025414912446,39.629771073622],[-105.025415911851,39.6295560738462],[-105.025416911261,39.6294910736903],[-105.025418910761,39.6292090732596],[-105.025420909552,39.6289890731386],[-105.025420909548,39.6289790734617],[-105.025424907563,39.6285810732617],[-105.025424907789,39.6285270730181],[-105.025658908388,39.6285250727279],[-105.0258159081,39.6285250733237],[-105.026250907987,39.6285060723339],[-105.026367908414,39.6285010722745],[-105.026915908576,39.6284410718792],[-105.027453908796,39.6283440716929],[-105.027980908883,39.6282100705362],[-105.028488907942,39.6280420700337],[-105.028876907878,39.6279020702141],[-105.029128908086,39.62783906979],[-105.029312907877,39.6277930693094],[-105.029671908405,39.627795069148],[-105.029766908373,39.6277950693394],[-105.030108908859,39.6277970691504],[-105.031095909858,39.6278030681788],[-105.031491910312,39.6278610676308],[-105.031610910439,39.6278780674572],[-105.032150911019,39.6279820668992],[-105.032384911157,39.6280270666479],[-105.032936912133,39.6281230659927],[-105.033491913046,39.6281930657649],[-105.03479391422,39.628198064774],[-105.034794913805,39.6281000643577],[-105.034796912352,39.6278070643207],[-105.034828912518,39.6278070649326],[-105.035682913525,39.6278060640563],[-105.035783913295,39.6278060632794],[-105.035825913908,39.6278080639797],[-105.035908913058,39.6278110633907],[-105.035956913478,39.6278160636891],[-105.036031913641,39.6278240636801],[-105.036082913784,39.6278330632137],[-105.036092914244,39.6278350635483],[-105.036102913159,39.6278360631878],[-105.036152913928,39.6278450632482],[-105.036244914192,39.6278680630825],[-105.036271914336,39.6278750636916],[-105.036296913773,39.6278830633906],[-105.0363869142,39.6279120629501],[-105.036482914931,39.6279510632708],[-105.036496914538,39.6279570631861],[-105.036529914599,39.6279730629748],[-105.036565914786,39.6279910633548],[-105.036576915077,39.6279970631381],[-105.036601914997,39.6280090628231],[-105.036699915643,39.6280680629942],[-105.036709914629,39.6280750631067],[-105.036771915119,39.628113062619],[-105.036796915131,39.6281280625244],[-105.036804915334,39.628132062592],[-105.037100914128,39.6277870623934],[-105.037227913913,39.6276440626317],[-105.037257913632,39.6276110626211],[-105.037308913608,39.6275530623603],[-105.037375913644,39.6274650621086],[-105.037467912754,39.6273760622795],[-105.037673912377,39.6271510616989],[-105.037690911922,39.6271330612672],[-105.037707912207,39.627114061949],[-105.037975912051,39.6268660610778],[-105.037981911637,39.6268600616287],[-105.038007911475,39.6268370615796],[-105.038175911826,39.6269460612693],[-105.03833691265,39.6270500612904],[-105.038918914205,39.627429060544],[-105.038945914039,39.6274460611131],[-105.038995914636,39.6274790611635],[-105.039479916757,39.6277930605861],[-105.039560916702,39.6278430602913],[-105.039645916789,39.627888060466],[-105.039735917566,39.6279280605181],[-105.039794917439,39.6279490602026],[-105.039910917209,39.6279960604925],[-105.039930917822,39.6280040605553],[-105.039997917467,39.6280300597759],[-105.040026917862,39.6280420599822],[-105.040080917636,39.6279500604058],[-105.040111916932,39.6279070603127],[-105.040144917133,39.6278610596749],[-105.040206916636,39.6277880593826],[-105.040257916575,39.6277430595901],[-105.040634918113,39.6279950593478],[-105.040910917408,39.6277490593158],[-105.041329918167,39.6280120591813],[-105.041517917632,39.6278410584399],[-105.041709918142,39.6276670583265],[-105.042291920067,39.6280470585037],[-105.042774917678,39.6275790574278],[-105.04289591898,39.6276400577438],[-105.043023918803,39.627704057496],[-105.043285919016,39.6278130569301],[-105.04355991966,39.6279030569083],[-105.043695919999,39.6279380571549],[-105.043840920125,39.6279740568474],[-105.043906920659,39.6279860565411],[-105.043966920889,39.6279970565375],[-105.044130921314,39.6280260563572],[-105.044141921418,39.6280280562815],[-105.044152921523,39.6280300562048],[-105.044143925509,39.6292720570959],[-105.044129932998,39.631099057842],[-105.044128932576,39.6311670583077],[-105.044126934087,39.6314570577653],[-105.044282934269,39.6314580574862],[-105.045762935899,39.6314660569077],[-105.045816935836,39.6314660567106],[-105.045825935439,39.6314660563736],[-105.04583693508,39.6314660565617],[-105.053305941531,39.631506049704],[-105.053304941586,39.631581049603],[-105.053303942326,39.6316460498502],[-105.053300943851,39.6319490498806],[-105.053300944077,39.6319660498293],[-105.053280951434,39.6340190505146],[-105.053275953128,39.6345300509507],[-105.053272954241,39.6348790515612],[-105.053272955377,39.6349030508854],[-105.053264958256,39.6356820511805],[-105.053234969352,39.6387720527686],[-105.053341970389,39.6387720524497],[-105.058806974804,39.6387610482157],[-105.058772974305,39.6388880478298],[-105.058749975272,39.6389700480988],[-105.05895597498,39.6388870478615],[-105.059155974881,39.6388060477353],[-105.059284975155,39.6387620476481],[-105.059418974048,39.6387260473084],[-105.059556975102,39.6386990472498],[-105.059696974187,39.6386820469363],[-105.059799974883,39.6386760468676],[-105.059402974682,39.6386760468327],[-105.05905797455,39.6386770476421],[-105.05914297243,39.6382470475862],[-105.059839958881,39.6346920449354],[-105.059617958334,39.6344380452738],[-105.057060944895,39.6315000465596],[-105.053433933486,39.6292990485929],[-105.053433932908,39.6292520487462],[-105.053446928417,39.6278970483834],[-105.053448927609,39.6277060481461],[-105.055779922168,39.625999045302],[-105.055808915982,39.6242520449204],[-105.055100914715,39.624253045105],[-105.053483914097,39.6242550461699],[-105.053510903355,39.6214250451941],[-105.05351690062,39.6208680452373],[-105.054329900874,39.6208230445063],[-105.05534890279,39.6210550434743],[-105.056272903992,39.6211050429109],[-105.057243903464,39.6209140416419],[-105.057320903203,39.6206850416079],[-105.057385902752,39.6204930416125],[-105.056488900138,39.6199190419563],[-105.056807898551,39.6196410418441],[-105.056878898787,39.6195790417672],[-105.057119897864,39.619369041117],[-105.057086897426,39.6193840414268],[-105.058159891622,39.6173760397897],[-105.058159890448,39.617341039944],[-105.058097879531,39.614410038252],[-105.058259879966,39.614409038051],[-105.058334880122,39.6144090381688],[-105.058347880132,39.6144090384124],[-105.05919388097,39.6144070373227],[-105.060504881418,39.6144040364063],[-105.060846882356,39.6144030358849],[-105.063486884327,39.614397034109],[-105.064185884316,39.6143950334268],[-105.068517887429,39.6143850297684],[-105.069919889043,39.6143810285582],[-105.072389890447,39.6143740266489],[-105.078681896054,39.6143570215271],[-105.082410899317,39.6143510179647],[-105.084294900792,39.614344016428],[-105.084294900601,39.6143460169065],[-105.088260903783,39.6143350133144],[-105.088847904653,39.6143350132176],[-105.089821904915,39.6143350121168],[-105.090240905283,39.6143300119794],[-105.091152905429,39.6143280109347],[-105.091152905398,39.6143200108221],[-105.091277905715,39.6143270111385],[-105.091295906311,39.6143280114145],[-105.091400906504,39.6143330108823],[-105.097009910594,39.6143120065464],[-105.09701091186,39.6145090061595],[-105.097010912386,39.6146350065354],[-105.097010911836,39.6146420059537],[-105.097010911631,39.6146530063284],[-105.097011912639,39.6148470065531],[-105.097019918978,39.6165100068717],[-105.097026924852,39.6179820074308],[-105.097029926997,39.6184310069015],[-105.096363925931,39.6184330076254],[-105.094223924043,39.6184390092019],[-105.091364922528,39.6184480121016],[-105.091242921975,39.6184480118571],[-105.09111892175,39.6184480126317],[-105.090098921111,39.6184510130541],[-105.087835918752,39.618458015491],[-105.087443918933,39.6184590154437],[-105.087190918657,39.6184590155895],[-105.086973918138,39.6184600154658],[-105.086709917878,39.6184610162169],[-105.085605917833,39.6184640171142],[-105.084710917244,39.618466017365],[-105.084695916833,39.6184660174728],[-105.084290916117,39.6184670176821],[-105.08260991552,39.6184720190971],[-105.08246091529,39.6184720191728],[-105.079186912418,39.6184810223805],[-105.077432910578,39.6184860241291],[-105.076784910616,39.6184880245402],[-105.07595490935,39.6184900247159],[-105.075302908753,39.618492025928],[-105.07517290935,39.6184920260091],[-105.074940909165,39.6184930259681],[-105.074795909332,39.6184930262934],[-105.074752909124,39.6184920257649],[-105.074756909392,39.6184930265244],[-105.074527908112,39.6184940266165],[-105.07362090831,39.6184960268094],[-105.072953907086,39.6184980280857],[-105.072842907165,39.6184990277958],[-105.069246904504,39.6185080309189],[-105.069234904157,39.6185080310467],[-105.068143903569,39.6185110316945],[-105.067012902442,39.6185140323943],[-105.06696390296,39.6185140328093],[-105.066216901541,39.6185160332443],[-105.065692901467,39.618517034219],[-105.06567390169,39.6185170342241],[-105.065223900665,39.6185190344699],[-105.065073900951,39.6185190340117],[-105.06507490079,39.6185840347958],[-105.065081904134,39.6192650348243],[-105.065085905356,39.619590034955],[-105.065087906497,39.6197860351269],[-105.065090906729,39.6200460353466],[-105.065566909025,39.6205100348552],[-105.065661909398,39.6206010345159],[-105.068567915643,39.6215760325586],[-105.073645926911,39.6232790285628],[-105.075417930567,39.6239580272615],[-105.07611593159,39.6242260272738],[-105.074516931307,39.6242280279158],[-105.075177932464,39.6245550282681],[-105.076272934974,39.625096026697],[-105.080231955842,39.6294620254139],[-105.080588959541,39.630387025431],[-105.080902962644,39.6312010252625],[-105.080951963485,39.6313280248724],[-105.081006962928,39.631326025109],[-105.081564963675,39.6313020248147],[-105.081564964152,39.6313160244908],[-105.08156396416,39.6313290244228],[-105.081669963583,39.6313290245033],[-105.083544964909,39.6313280225894],[-105.083711965904,39.6313280226765],[-105.083732960807,39.6302300219062],[-105.083529961228,39.6302300221344],[-105.083289960922,39.6302310229663],[-105.081690960119,39.6302310239907],[-105.08169195951,39.6301510241048],[-105.081692959617,39.6301190237654],[-105.081692958857,39.630107023651],[-105.08169495855,39.6300380240483],[-105.081699957406,39.6297390235054],[-105.08171395489,39.6290430234661],[-105.081718953581,39.6287530235865],[-105.081725952239,39.6283910237841],[-105.081729951617,39.6282250233188],[-105.081729951628,39.6282070235904],[-105.081730951304,39.6281690236192],[-105.081733951662,39.6280000229325],[-105.081734951064,39.6279730232931],[-105.081734951343,39.6279440232287],[-105.081735951399,39.6279120228653],[-105.081735950899,39.6278800234429],[-105.081737949977,39.6278060230606],[-105.081739950109,39.6276880231363],[-105.081740949528,39.6276250231296],[-105.081741949305,39.6276130229646],[-105.081741950101,39.627580022858],[-105.081741949198,39.6275690234187],[-105.081746948299,39.6273190229065],[-105.083812950615,39.6273190211991],[-105.083807951736,39.6275820216792],[-105.083788954291,39.6285280218222],[-105.083854955076,39.6285280214458],[-105.08549595672,39.6285280204096],[-105.085579955908,39.6285280204167],[-105.085618947913,39.6264660189382],[-105.085625946908,39.6261080196435],[-105.086928947809,39.6260630181967],[-105.087390948274,39.6260470176207],[-105.087387949311,39.6264640174635],[-105.087383952153,39.6270910181069],[-105.087660952172,39.6270910179094],[-105.089838953959,39.6270850154697],[-105.090005954132,39.6270850156496],[-105.090167953955,39.6270840154771],[-105.090168954493,39.6270840153647],[-105.091163955209,39.6270820149611],[-105.091172950347,39.6258980145661],[-105.09117395038,39.6257840146258],[-105.091178947875,39.625146014138],[-105.091185943753,39.624202014029],[-105.091255944773,39.6242030133077],[-105.091285944536,39.6242030141046],[-105.091495944081,39.6242030131683],[-105.09170094464,39.6242040131824],[-105.093010945813,39.6242070124637],[-105.094460946703,39.6242100112515],[-105.094484946982,39.6242100112364],[-105.095314947229,39.6242120105432],[-105.0958279483,39.6242130101488],[-105.097143949046,39.6242160083011],[-105.097440948789,39.6242170084162],[-105.097655949628,39.624217008202],[-105.097698950031,39.6242170077525],[-105.098300950013,39.6242190074639],[-105.098519950505,39.6242190076358],[-105.098699950368,39.6242200072671],[-105.099251951036,39.6242210071461],[-105.099436950941,39.624221006707],[-105.099737951529,39.6242220065502],[-105.100244951975,39.6242230060522],[-105.100644951677,39.624224005352],[-105.100804951968,39.6242240051382],[-105.100943952159,39.6242230056431],[-105.101169952624,39.6242230048378],[-105.101847952514,39.6242210047409],[-105.102692953759,39.6242190036197],[-105.107536957057,39.6242079996087],[-105.107536957335,39.6242189999447],[-105.107516968572,39.6270910001372],[-105.107666968799,39.6270910003801],[-105.107747968987,39.6270899999635],[-105.108488969676,39.6270889995344],[-105.109926970033,39.6270849984217],[-105.109966970555,39.6270849979264],[-105.109956975893,39.6285779981945],[-105.109947981271,39.6298989987701],[-105.109943983839,39.6305519985269],[-105.10993798729,39.6314489987423],[-105.109929992328,39.6326789996039],[-105.109919997991,39.6342649992712],[-105.109914000877,39.6350720000604],[-105.109889000914,39.6350719999206],[-105.109875001124,39.6350719993722],[-105.100774993755,39.6350890081736],[-105.100619994107,39.6350890083156],[-105.100533994123,39.6350900084648],[-105.100257993542,39.6350890085143],[-105.099136992294,39.6350890100112],[-105.09857499173,39.6350880099489],[-105.098521992139,39.6350880099007],[-105.097997991973,39.6350880106042],[-105.091115986044,39.6350830167343],[-105.091115986611,39.6352480167887],[-105.091112989348,39.6359480175603],[-105.091102000263,39.6387030179365],[-105.08910399823,39.6387050197894],[-105.088968998764,39.6387050195855],[-105.08737999655,39.6387060217849],[-105.086219995561,39.6387070224668],[-105.084412994437,39.6387090243562],[-105.083865993803,39.6387090248884],[-105.083734993615,39.6387090247283],[-105.083601994348,39.6387090245434],[-105.083335993473,39.6387090255151],[-105.083220993951,39.6387100254585],[-105.081757992436,39.6387110265064],[-105.081714992448,39.6387110265583],[-105.081694992345,39.6387110265137],[-105.081691992562,39.6387110266427],[-105.081666992433,39.638711026807],[-105.081619991957,39.6387110269922],[-105.081616992174,39.6387110271192],[-105.081576991969,39.6387110269935],[-105.08152799242,39.6387110263281],[-105.081420992796,39.6387110270995],[-105.081417991967,39.6385890268803],[-105.081430990275,39.6380630269484],[-105.081441987474,39.6376030260989],[-105.081443987717,39.6375160261007],[-105.081452986491,39.6371370264935],[-105.081459985463,39.63685002667],[-105.081461984294,39.6366950261617],[-105.081462984051,39.636641026186],[-105.081467982824,39.63639702603],[-105.08146998332,39.6362380263758],[-105.081292982677,39.6361690259616],[-105.081279982833,39.636164025759],[-105.080856981877,39.6361420265037],[-105.080595982073,39.6361600270507],[-105.080305981845,39.6362060272182],[-105.079966983633,39.6366330278994],[-105.079481982523,39.6367270280599],[-105.07920198313,39.6367130284394],[-105.079045982564,39.6367060286983],[-105.079029982743,39.6367030287725],[-105.078249980915,39.6365550289575],[-105.078134980649,39.636534029602],[-105.077723981012,39.6364540297619],[-105.07767398055,39.6364450294492],[-105.077656980174,39.6364420293423],[-105.077622980213,39.6364380295888],[-105.077605980819,39.6364360292602],[-105.077588980068,39.6364350296071],[-105.077562980453,39.6364330293402],[-105.077245980447,39.6363980298924],[-105.077058979721,39.6364030304435],[-105.076648979639,39.6364130306521],[-105.076435979388,39.6364380303517],[-105.075923979219,39.6364970315132],[-105.07581197912,39.6365100315058],[-105.075246979162,39.6364970314778],[-105.074900978536,39.6366080322895],[-105.074798978737,39.6366730318582],[-105.074762979021,39.6366470324328],[-105.074171978802,39.6367680327668],[-105.07403797821,39.6367080329773],[-105.073897977687,39.6366560329511],[-105.073751977873,39.6366140331352],[-105.073600978227,39.6365820335319],[-105.073447976976,39.6365610330806],[-105.073292977783,39.636550033806],[-105.073264977811,39.636549033212],[-105.073254979152,39.6368790340577],[-105.073204984823,39.6386480342689],[-105.073982986368,39.6386460334805],[-105.076908988916,39.6386390313451],[-105.076907988331,39.6387380313302],[-105.076901989712,39.6391080315356],[-105.076892990288,39.6392720308206],[-105.076866991481,39.639436031029],[-105.076821992346,39.6395970310042],[-105.076758992505,39.6397540318426],[-105.076741993043,39.6397890314023],[-105.076724992599,39.6398230311745],[-105.076661993445,39.6399400317026],[-105.076087996647,39.6410000322766],[-105.076035996827,39.6411100322142],[-105.075995997883,39.6412240331208],[-105.075969998503,39.641339032971],[-105.075956998961,39.6414560324499],[-105.075955998944,39.6414800325827],[-105.075954999137,39.6415030329355],[-105.075947999519,39.6416850325894],[-105.075940999283,39.6417930331614],[-105.075923000316,39.6419000329847],[-105.075892001058,39.6420060329366],[-105.075850001272,39.6421080327781],[-105.075796000894,39.642208032952],[-105.075788001384,39.6422210336429],[-105.075780001876,39.6422340334324],[-105.074549008051,39.644135034896],[-105.074463007843,39.6442520354882],[-105.074364008111,39.6443620355053],[-105.074253008205,39.6444660356135],[-105.074131008439,39.6445610355626],[-105.073999009359,39.6446480360239],[-105.07385700889,39.6447260362764],[-105.073746009856,39.6447780356528],[-105.072579010599,39.6452880373627],[-105.072546010113,39.6453050369728],[-105.07251301103,39.6453210376999],[-105.072449011049,39.645357037408],[-105.072391010984,39.6453980379962],[-105.072337010672,39.6454430378187],[-105.072289010805,39.6454910380783],[-105.07224601176,39.6455420378459],[-105.072208011205,39.6455960380187],[-105.072178011827,39.645652038045],[-105.072153011231,39.6457100378077],[-105.072135012196,39.6457700382971],[-105.072124011786,39.6458300381457],[-105.072119012437,39.6458910380055],[-105.072120013066,39.6459920382727],[-105.072045013025,39.6459920380733],[-105.072017012529,39.6459920378766],[-105.064151005985,39.6460000459877],[-105.063539005712,39.6460010458421],[-105.063236005265,39.6460010468263],[-105.063195019849,39.6496280481329],[-105.062610019709,39.6496280483671],[-105.062606019506,39.6496460484072],[-105.062605019344,39.6496790481847],[-105.062358019794,39.6496790491225],[-105.061776019045,39.6496800489496],[-105.057087014587,39.6496860540664],[-105.057069021488,39.6512320546217],[-105.055630019822,39.6512270554939],[-105.055631019196,39.6511650558996],[-105.053550018193,39.6511580577636],[-105.05371201863,39.6513570579488],[-105.053744018387,39.6513670574555],[-105.05417502013,39.6514990571847],[-105.054254019955,39.6515020571526],[-105.054360019665,39.6515110572459],[-105.054464020471,39.651528056899],[-105.054566020586,39.6515520572327],[-105.054665020838,39.6515820573894],[-105.054760020498,39.6516200567444],[-105.054850021397,39.651663056695],[-105.054935020706,39.6517120570197],[-105.054992021912,39.6517520568435],[-105.05501302132,39.6517670564721],[-105.05508702176,39.6518270567317],[-105.055152021572,39.6518910571139],[-105.055210022029,39.6519600568795],[-105.05706202436,39.6519730548219],[-105.05706202395,39.6520900549694],[-105.057060027186,39.6528490553878],[-105.0572280269,39.652849055259],[-105.05788002741,39.652849054571],[-105.058031028481,39.6528480544172],[-105.058060027978,39.6528480544872],[-105.058047024049,39.6519140536482],[-105.058041022403,39.651460053465],[-105.058203022781,39.6514600537122],[-105.058217022386,39.6514600531988],[-105.058224021605,39.6512520535901],[-105.060802023941,39.6512380504686],[-105.061981025443,39.6512320494302],[-105.061980025686,39.6513850495684],[-105.061980026346,39.6514910494533],[-105.06213602569,39.6514920496113],[-105.062585026296,39.6514960490686],[-105.062590025086,39.6510790494694],[-105.062599022237,39.6502840485332],[-105.062613021601,39.6502840483968],[-105.063884023205,39.650292047846],[-105.063896019988,39.6496270470033],[-105.063926020169,39.6496270475429],[-105.070816025307,39.6496170409312],[-105.070821026901,39.6500100404248],[-105.069906027138,39.6500020413474],[-105.069691027855,39.6504680416216],[-105.069153030636,39.6511680423688],[-105.06911703154,39.6513070425062],[-105.068188033096,39.6522000440525],[-105.068040033166,39.6522000441856],[-105.068040034649,39.6524140442806],[-105.068040034784,39.6524960440336],[-105.067870035043,39.6524970448325],[-105.067514033949,39.6524990444524],[-105.067515034549,39.6526330444115],[-105.067517036445,39.6529830449554],[-105.067518036405,39.6531750454716],[-105.067519036675,39.6532470448106],[-105.067254037353,39.653247045689],[-105.067255037148,39.6533300452772],[-105.067255037599,39.6534880451743],[-105.067261043582,39.6550630461767],[-105.067267049995,39.656589046504],[-105.067268051332,39.6568790464429],[-105.068559051655,39.656877045526],[-105.069025052099,39.6568770448143],[-105.069341052786,39.6568760441671],[-105.070077053812,39.6568750440822],[-105.070144053115,39.6568750441552],[-105.070156053027,39.6568750439089],[-105.070157054236,39.6571190441659],[-105.070157054707,39.6573030443036],[-105.070157054795,39.6573580436667],[-105.070158056037,39.6574400442314],[-105.070158055156,39.6574430435546],[-105.070123057499,39.6578680443786],[-105.070113057091,39.6579900443399],[-105.070059062098,39.6590760448541],[-105.070058062206,39.6590880448005],[-105.071490064685,39.6594750433312],[-105.071931064796,39.6595940427722],[-105.071971065798,39.6596050427616],[-105.071971065063,39.6596510432008],[-105.071972066595,39.6599520429471],[-105.071973066972,39.6599500434382],[-105.071973066862,39.6600240429648],[-105.076546068395,39.6593520384747],[-105.076672068507,39.6593340379653],[-105.076672068643,39.6594370381556],[-105.07667407072,39.6599090379525],[-105.076827070627,39.6599860383179],[-105.077131071183,39.6601370382308],[-105.077365071687,39.6602540374283],[-105.078265075025,39.6607030370206],[-105.078633076247,39.6611730364435],[-105.078823077668,39.6614160364656],[-105.078916078402,39.6615350365083],[-105.079216080456,39.66199303622],[-105.079648080532,39.6619930363704],[-105.079677080283,39.6619930355971],[-105.081354081681,39.6619900343908],[-105.081378082071,39.6619900343058],[-105.08137808285,39.6620790339507],[-105.081380085652,39.6628920341152],[-105.081384093395,39.6650030350677],[-105.081384094104,39.66501503504],[-105.081384095936,39.6655530349932],[-105.081388104073,39.6677320355775],[-105.081388104643,39.6677450362101],[-105.08138910525,39.6679040358414],[-105.081391106111,39.6683540363963],[-105.081392107136,39.6685790361993],[-105.081396111566,39.6695460369908],[-105.081396110929,39.6695680364483],[-105.08139711199,39.6696290368357],[-105.08139911318,39.6701550367976],[-105.081358113151,39.6701420369846],[-105.081189113675,39.6700870366777],[-105.080988112988,39.6700210371734],[-105.080969112953,39.6700150374748],[-105.080948112812,39.6700100376193],[-105.080845112267,39.6699840375402],[-105.080764112916,39.6699640370009],[-105.080525111417,39.6699050373691],[-105.080069111518,39.6698250380782],[-105.079902110936,39.6698030381857],[-105.079438110367,39.6697650387508],[-105.079266109898,39.669759038915],[-105.079266110547,39.6697410385398],[-105.079266108286,39.6693460389754],[-105.078864108806,39.669353038982],[-105.078851108952,39.6693540390155],[-105.078818108248,39.6693560392137],[-105.078769107931,39.6693580397157],[-105.07857310869,39.6693610390689],[-105.078379108372,39.6693500394646],[-105.078338107938,39.6693450394593],[-105.078215107651,39.6693310400328],[-105.076706105235,39.6690830417259],[-105.076710107041,39.6694200411395],[-105.076023106216,39.6693180421642],[-105.07590910825,39.6699940426721],[-105.075288107726,39.6700440427507],[-105.074935109302,39.6704700436884],[-105.074491108887,39.6702180443239],[-105.072982105697,39.6697750456524],[-105.072812105435,39.6697880455931],[-105.07271210542,39.6697950453272],[-105.072681105338,39.6697300456949],[-105.072526103586,39.6694090455652],[-105.072201103158,39.6693690460138],[-105.072000103026,39.6693440460311],[-105.071998102353,39.669065045798],[-105.071994099358,39.6682880457211],[-105.071991097455,39.6677800453613],[-105.071509096549,39.6677800466089],[-105.068500093658,39.6677810495045],[-105.067385093639,39.6677820509968],[-105.067301092863,39.6677820507573],[-105.066705092435,39.6677820512562],[-105.066558092232,39.667782051528],[-105.066480092341,39.6677820512122],[-105.066247092609,39.667782051843],[-105.066170092671,39.6677820514085],[-105.066151092382,39.6677820515381],[-105.06609709254,39.6677820521777],[-105.066079092205,39.6677820523839],[-105.065885091839,39.667782052142],[-105.065304091837,39.6677820531972],[-105.065111091418,39.6677820526736],[-105.064897090793,39.6677820533646],[-105.064257090772,39.6677830539884],[-105.064044090092,39.6677830541311],[-105.064027090875,39.6677830541333],[-105.063976090892,39.6677830541161],[-105.06395909051,39.6677830541041],[-105.063759090393,39.6677830542178],[-105.063273089448,39.6677830545865],[-105.06318808986,39.6677830549026],[-105.063161089939,39.6677830545449],[-105.062962089765,39.6677830552172],[-105.062612089538,39.6677830558269],[-105.062564089416,39.667783055551],[-105.062534089629,39.6677830555949],[-105.061250087995,39.6677830572809],[-105.060860087984,39.6677840571599],[-105.060844087549,39.6677840577309],[-105.060823088513,39.6677840576383],[-105.060680088079,39.6677840573966],[-105.060252087887,39.6677840575716],[-105.060110087396,39.6677840585759],[-105.059894086808,39.6677840579866],[-105.0590330866,39.6677840593194],[-105.058185085763,39.667784059972],[-105.05804308526,39.6677840602807],[-105.057974086084,39.6677840602396],[-105.057765085146,39.6677840604425],[-105.057140085239,39.6677850616364],[-105.056938085137,39.6677850615245],[-105.056927084474,39.6677850614925],[-105.056725084366,39.6677850619153],[-105.056663084867,39.6677850613799],[-105.05610408472,39.6677850621048],[-105.055902083435,39.6677850629102],[-105.055691083731,39.6677850626826],[-105.055072082792,39.6677850631734],[-105.055052083703,39.6677850631327],[-105.054874083645,39.6677850638501],[-105.054864082935,39.6677850638089],[-105.054676083334,39.6677850641889],[-105.054106082466,39.6677850641756],[-105.053916082946,39.6677850647607],[-105.053784081957,39.6677850645454],[-105.053388082476,39.6677850648244],[-105.053256082107,39.6677860655927],[-105.053257084899,39.6686050651739],[-105.053258087173,39.6690770660659],[-105.05326009465,39.6710640665771],[-105.053261095503,39.671430066959],[-105.053261098155,39.6718840668045],[-105.053261098178,39.6718970674357],[-105.053262098277,39.6719360668242],[-105.053262097766,39.6719500672246],[-105.053262099401,39.6722580670555],[-105.053233098867,39.6722580676296],[-105.053233103375,39.6732820674373],[-105.053233107061,39.6743010680251],[-105.053233107022,39.6744380681143],[-105.053233110452,39.6750380681858],[-105.053251110328,39.6750380681365],[-105.053272110374,39.6750380686766],[-105.057258112584,39.6750250641152],[-105.057269113216,39.6750250641118],[-105.062082116393,39.6750110588991],[-105.062608116877,39.6750090585367],[-105.062621133127,39.6789720603097],[-105.062622133764,39.6792950603762],[-105.062250132192,39.6789740607181],[-105.062088131607,39.6788340599663],[-105.061397128873,39.6782380610685],[-105.060988127225,39.6780170609304],[-105.060326126191,39.6779290617705],[-105.059331126895,39.6783080633166],[-105.057783127326,39.6786820648445],[-105.05778412973,39.6790900652273],[-105.05781014175,39.6822700660276],[-105.057783140908,39.6822700662535],[-105.05727514061,39.6822730668417],[-105.057265141332,39.682273067018],[-105.057200141375,39.6822730672245],[-105.053235138238,39.6822960713586],[-105.05323514225,39.683397072191],[-105.053235142966,39.683500071652],[-105.053235145972,39.684379072399],[-105.053235151024,39.6855650724128],[-105.053235152116,39.6860020730842],[-105.053235158404,39.687553073486],[-105.053234165978,39.6895510742295],[-105.05323416581,39.6895600748181],[-105.053031166135,39.6895570750446],[-105.052838165085,39.6895550748807],[-105.052640165593,39.6895520754331],[-105.052598165514,39.6895510752918],[-105.052327164761,39.68954707518],[-105.052094165372,39.6895440757591],[-105.051886165064,39.6895420763421],[-105.051265164434,39.6895370771907],[-105.051059164125,39.6895360774035],[-105.050853163822,39.6895350772555],[-105.050238163721,39.6895320780177],[-105.050034162797,39.6895310777774],[-105.049827162825,39.6895310780767],[-105.049207163181,39.6895290792905],[-105.049001162902,39.6895280795005],[-105.048802162151,39.6895270791877],[-105.048206161335,39.6895240800759],[-105.048008162023,39.6895230804656],[-105.047822161227,39.6895220807276],[-105.04754516146,39.6895200811819],[-105.047266161176,39.6895180813875],[-105.047081160661,39.6895170816265],[-105.046896160691,39.6895170813422],[-105.046342160596,39.6895140824027],[-105.046159160624,39.6895130826046],[-105.045972160122,39.6895130830527],[-105.045417159812,39.6895100830982],[-105.045232159837,39.6895100837986],[-105.045037159178,39.6895070840457],[-105.04445515859,39.6894990843321],[-105.044262159017,39.6894970845071],[-105.044046158032,39.6894950852457],[-105.043403158127,39.6894900853593],[-105.043189157708,39.689488085987],[-105.042982157303,39.6894870861773],[-105.042363157325,39.6894830871802],[-105.042157157203,39.689482087109],[-105.041934156088,39.6894810871004],[-105.041265156257,39.6894780881534],[-105.041044156395,39.6894760881934],[-105.040843155287,39.6894750882188],[-105.040246155173,39.6894730887556],[-105.040048154865,39.6894720892473],[-105.039848155198,39.6894710896875],[-105.039253154045,39.689468090537],[-105.039055153759,39.6894670902572],[-105.038817154562,39.6894660903921],[-105.038104153004,39.689464091585],[-105.037867152916,39.6894630919203],[-105.037632152955,39.6894610917704],[-105.036929152115,39.6894570932052],[-105.03669615272,39.6894550927581],[-105.03646215229,39.6894540930735],[-105.035764151293,39.6894520941754],[-105.035532151783,39.6894520940012],[-105.035300150771,39.6894480942981],[-105.034604150134,39.689439095353],[-105.03437314983,39.6894360957463],[-105.034181150067,39.6894350957082],[-105.033607149335,39.6894330969028],[-105.03341714929,39.6894330970104],[-105.033237149555,39.6894330968777],[-105.032683148475,39.6894350972579],[-105.032501149359,39.6894350979602],[-105.032409148707,39.6894360975939],[-105.032134148154,39.6894390982464],[-105.03204314892,39.6894400979756],[-105.031575147764,39.6894440989341],[-105.030173147637,39.6894551006742],[-105.029706146495,39.6894591008926],[-105.029543147071,39.6894611013846],[-105.029057146038,39.6894671018003],[-105.028895145673,39.6894691017926],[-105.028594146057,39.6894721025861],[-105.028209145686,39.6894771028945],[-105.027694145704,39.6894731034463],[-105.027394144699,39.689470103877],[-105.026926144124,39.6894741043503],[-105.025524143229,39.6894841058374],[-105.025058142707,39.6894871062796]],[[-105.022982029168,39.6604980929324],[-105.02294602962,39.6604970929599],[-105.022831029306,39.6604980924818],[-105.022932029554,39.660498092657],[-105.022982029168,39.6604980929324]],[[-105.064910035743,39.6533340474003],[-105.064909035225,39.6532510477794],[-105.064771034811,39.6532520481753],[-105.063970034318,39.6532530484681],[-105.063972034639,39.6533360482077],[-105.063975035365,39.6534690486214],[-105.06397503581,39.6534800488741],[-105.063983035823,39.6537790488393],[-105.064911037143,39.6537770478314],[-105.064910036521,39.6534800472905],[-105.064910035743,39.6533340474003]],[[-105.063560028545,39.6518600488615],[-105.063400028303,39.6518590483433],[-105.06328402848,39.6518590487749],[-105.062587027526,39.6518560495],[-105.062563028247,39.651856049342],[-105.062563027668,39.6518950496804],[-105.062557031644,39.6528600496425],[-105.062557031555,39.6528920497261],[-105.063539032181,39.6528950487004],[-105.063553032838,39.652896049133],[-105.063560028545,39.6518600488615]],[[-105.081486978622,39.6351380255787],[-105.081486978123,39.6350110252803],[-105.081487978541,39.6350040258628],[-105.081475977717,39.6350040254481],[-105.080873977303,39.6350020263187],[-105.080869980664,39.6356880267292],[-105.081435980634,39.6356900255141],[-105.081482980253,39.6356900254065],[-105.081483980874,39.6356380258809],[-105.081484979738,39.6354510260105],[-105.081486978622,39.6351380255787]]]},"properties":{"OBJECTID":4,"DIST_NUM":2,"DIST_REP":"Kevin Flynn","NOTES":null,"GLOBALID":"f6cde34c-3b1d-4b60-9b13-0c93de2d7c82","URL_LINK":"https://www.denvergov.org/district2"}},{"type":"Feature","id":5,"geometry":{"type":"Polygon","coordinates":[[[-104.997308368659,39.7566322056052],[-104.997263367937,39.7566002062266],[-104.997206367605,39.7566242060933],[-104.99716236784,39.7566422062662],[-104.997154368267,39.7566232066735],[-104.997147367935,39.7566022064568],[-104.99713236771,39.7565642061318],[-104.997128367876,39.7565482057451],[-104.99711436798,39.7564882054108],[-104.996995367706,39.7563902056376],[-104.99697436716,39.7563732057992],[-104.996929367804,39.7563352051266],[-104.996901367783,39.7563132054576],[-104.996893367404,39.7563062054747],[-104.996866367461,39.7562842055684],[-104.996550366552,39.7560322049128],[-104.996127365295,39.7557362042285],[-104.996119366038,39.7557302048409],[-104.996052365299,39.755680204562],[-104.995988365768,39.7556312042306],[-104.99581936507,39.7555032039163],[-104.995315364046,39.755121203916],[-104.995144363598,39.7549922032848],[-104.99512936313,39.7549802032476],[-104.994957363327,39.7548512034522],[-104.994701362813,39.7546592029151],[-104.994442361908,39.7544642022878],[-104.994272362132,39.7543362025864],[-104.99410036135,39.7541992026272],[-104.99382836132,39.7539822016662],[-104.993587360309,39.7537902018783],[-104.993418360412,39.7536562013228],[-104.99325235995,39.7535122015631],[-104.992992359925,39.7532882007003],[-104.992760358739,39.7530872005772],[-104.992597358884,39.7529472000581],[-104.992414357943,39.7528141995325],[-104.992144357565,39.752618199613],[-104.991871356858,39.7524201992171],[-104.991691356737,39.7522901989153],[-104.991518356494,39.7521491989393],[-104.991273355884,39.751950198539],[-104.99100135538,39.7517301978514],[-104.990831355005,39.7515911975824],[-104.990658355315,39.7514611980079],[-104.990145353866,39.7510721973142],[-104.989976354031,39.7509431966629],[-104.989799353087,39.750804196932],[-104.989274351987,39.7503911958949],[-104.989101351674,39.7502551954637],[-104.988925351554,39.7501211956466],[-104.988671351394,39.7499271952062],[-104.98840035014,39.7497201956336],[-104.988227349636,39.7495881964605],[-104.987526347452,39.7490491976453],[-104.98739734657,39.7489141977074],[-104.987398345879,39.7486481971231],[-104.987398344333,39.7482151973334],[-104.987400341742,39.7474641962152],[-104.987400340346,39.7473591965299],[-104.987322341331,39.7474121964839],[-104.987307341652,39.7474221970723],[-104.987243340709,39.7474851968924],[-104.987202342001,39.7475241966728],[-104.987101341896,39.7475251967137],[-104.986105340764,39.7475281994111],[-104.98567634065,39.7475292002754],[-104.985574341135,39.7475982000357],[-104.985480340459,39.7475782003429],[-104.985431340928,39.747573200826],[-104.985376341005,39.7475672005204],[-104.985219340326,39.7475572009017],[-104.985091340451,39.7475492013662],[-104.984996340529,39.7475482011379],[-104.984939340246,39.7475472014235],[-104.984895340688,39.7475482013401],[-104.984852340709,39.7475502017612],[-104.984760340573,39.7475492018639],[-104.984668340562,39.7475512020408],[-104.984218340422,39.7475592029449],[-104.984119340064,39.7475602028866],[-104.983937340085,39.7475602038376],[-104.983866339988,39.7475582037097],[-104.983659339733,39.7475542036717],[-104.983590340309,39.7475532037972],[-104.983333339815,39.7475532043311],[-104.98312433942,39.7475532052732],[-104.982948339026,39.7475532058257],[-104.982565339264,39.7475532058522],[-104.982311339707,39.7475532065404],[-104.982062339011,39.7475522073161],[-104.981687338279,39.7475502077675],[-104.981321338085,39.7475482088644],[-104.981075338364,39.7475472090691],[-104.981027338256,39.7475472090652],[-104.980889337905,39.747546209534],[-104.980843338058,39.7475452095229],[-104.98065133843,39.7475432104184],[-104.980076337965,39.7475382108815],[-104.979885338302,39.7475362113422],[-104.979652337698,39.7475352119809],[-104.978953337074,39.7475322138365],[-104.97872233751,39.747531214288],[-104.978611337195,39.7475312143375],[-104.978364337602,39.7475302143527],[-104.978285336787,39.7475182148342],[-104.978206337165,39.747506215268],[-104.978178337415,39.7475022155168],[-104.978050336391,39.7473932156756],[-104.977669335565,39.747071215641],[-104.977544334527,39.7469652160783],[-104.977331334129,39.7468072160135],[-104.976993333487,39.746557217274],[-104.976696332263,39.7463362169465],[-104.976487331579,39.746181217923],[-104.976416331364,39.7461252178206],[-104.976209330356,39.7459632181286],[-104.976142330435,39.7459092180452],[-104.975867329645,39.7456942183075],[-104.975048326902,39.745050219988],[-104.974777326059,39.7448362198864],[-104.974497324546,39.7446242207761],[-104.97398132356,39.7442332215944],[-104.973660322943,39.7439902214266],[-104.973383321599,39.7437812223319],[-104.973385322351,39.7439902223452],[-104.97338932418,39.7446232226448],[-104.973390325375,39.7448362234248],[-104.973385326046,39.7450882227101],[-104.973318326625,39.7451192231524],[-104.972542327609,39.7454862252076],[-104.972230327728,39.7457272260902],[-104.972171327977,39.7457752259751],[-104.972164328276,39.7457892262027],[-104.972158328366,39.7458012260106],[-104.972125327857,39.7458502260459],[-104.972098328542,39.7459002266218],[-104.972067328762,39.7459672266053],[-104.972034329436,39.7460402269148],[-104.972010328594,39.7461122264049],[-104.971992329273,39.746180226797],[-104.97198232921,39.7462482270489],[-104.971983329864,39.746315226469],[-104.971991330329,39.7463792265212],[-104.97201033074,39.7464592268818],[-104.972023330823,39.7465232268423],[-104.972032330491,39.7465732267708],[-104.972052331201,39.7466372266083],[-104.972074330694,39.7466922268545],[-104.972093331441,39.7467542272007],[-104.972182332558,39.7469202272332],[-104.97219133269,39.7469652265957],[-104.97222033206,39.7470842268429],[-104.972246332337,39.7471532270674],[-104.972272333309,39.7472232270363],[-104.972380333707,39.7473832271217],[-104.972465334617,39.7474792265245],[-104.972607334091,39.7475932264024],[-104.972783335232,39.7477162257582],[-104.972939335118,39.7478182261043],[-104.972986335872,39.7477812261137],[-104.97333533573,39.7479212248684],[-104.973335336315,39.7479292255641],[-104.973334337065,39.7481202253609],[-104.973339337391,39.7481762255647],[-104.973357337251,39.7483622251572],[-104.973358339802,39.7491132254654],[-104.973359341738,39.7494782263712],[-104.973359342635,39.7497262260902],[-104.973358344458,39.7504742286301],[-104.973358343816,39.7507252292955],[-104.973108344192,39.7507252298728],[-104.972734344137,39.750725231068],[-104.97236134405,39.7507252319551],[-104.972114343171,39.7507252321563],[-104.97186534414,39.750726232528],[-104.971500343297,39.7507272330055],[-104.9711243427,39.7507282342597],[-104.970878342933,39.7507282345643],[-104.970632342538,39.7507272355046],[-104.970272342567,39.7507242358604],[-104.969895342477,39.7507222366508],[-104.969650342646,39.7507202366942],[-104.969405341687,39.7507202375202],[-104.969036342614,39.750720238702],[-104.968670342299,39.7507202387549],[-104.968426341303,39.7507202393553],[-104.96817534106,39.750719239597],[-104.967808341921,39.7507172410655],[-104.967427341385,39.7507162417276],[-104.967178341108,39.7507152416876],[-104.966930341367,39.750715242699],[-104.966567340949,39.750715243495],[-104.966189340897,39.7507152435897],[-104.965942339951,39.7507152443473],[-104.965695340715,39.7507162452434],[-104.965330340231,39.7507182461508],[-104.964956339941,39.750720246443],[-104.964710339468,39.7507212471105],[-104.964458339771,39.7507212472369],[-104.96409333931,39.7507212484142],[-104.963703339453,39.7507212489299],[-104.963452338543,39.7507212496522],[-104.963206338677,39.7507212501324],[-104.962838338772,39.7507222505982],[-104.962471338818,39.7507232517785],[-104.962227338215,39.7507242518868],[-104.961979338539,39.7507222528762],[-104.961611338282,39.7507202529601],[-104.961241337594,39.7507172537953],[-104.960995337908,39.750715254661],[-104.960749337334,39.7507162551551],[-104.960378337432,39.7507172557993],[-104.960011337414,39.7507182565137],[-104.959767336752,39.7507192569258],[-104.959766336863,39.7506892571721],[-104.959765336404,39.7504642559651],[-104.959762334831,39.7497082536403],[-104.959761334002,39.7494572534666],[-104.959762333331,39.7492042530452],[-104.959766331654,39.7484512529269],[-104.959767330006,39.7482012525564],[-104.959771329803,39.747947252531],[-104.95978132706,39.7471882522787],[-104.959784325884,39.7469372522177],[-104.959785324655,39.7465022510781],[-104.959789319824,39.7452002501771],[-104.959790319215,39.7447692504673],[-104.959608319076,39.744703250913],[-104.959492318861,39.7446192506817],[-104.959456317703,39.7445902510622],[-104.959417317624,39.7445602505138],[-104.959206316888,39.7442892509926],[-104.959082317132,39.74415025158],[-104.958931316102,39.7440492517312],[-104.958736316142,39.7439482519709],[-104.958579315234,39.7439012520651],[-104.958449315921,39.7438752520995],[-104.958205314893,39.7438242530868],[-104.957962315581,39.7438192530488],[-104.957233314742,39.7438052550652],[-104.956995314934,39.7438002553731],[-104.956985314994,39.7438002551646],[-104.956839314113,39.7437972558232],[-104.956684314771,39.7437952559383],[-104.956636314822,39.7437952558825],[-104.956590314627,39.7437952560347],[-104.956298313907,39.7437972569093],[-104.955154313738,39.7438082590727],[-104.95477431394,39.743812259816],[-104.954536313082,39.7438102598041],[-104.954167313856,39.7438072608773],[-104.953826313561,39.743804261949],[-104.953590312874,39.7438032618532],[-104.95337731287,39.743802262746],[-104.952740313006,39.7438002640584],[-104.952528312089,39.7438002642097],[-104.952427312767,39.7438002644458],[-104.95227431244,39.7437992651031],[-104.951867312834,39.7437982653301],[-104.951850312577,39.7437982654036],[-104.951515312332,39.7437972665143],[-104.95126231257,39.7437962671817],[-104.950689311417,39.7437962679884],[-104.950051312015,39.7437952696457],[-104.949399311356,39.7437922703822],[-104.948836310347,39.7437892718705],[-104.948602310624,39.7437882720433],[-104.948260310958,39.7437862727699],[-104.94790631073,39.7437852735976],[-104.947675310362,39.743783273637],[-104.947439310017,39.7437832744688],[-104.947078310654,39.7437822750674],[-104.946734309492,39.7437822758698],[-104.94649930991,39.7437812761667],[-104.94626930999,39.7437812767553],[-104.945928309346,39.7437802778593],[-104.945580309827,39.7437802780788],[-104.945352309395,39.7437792784368],[-104.945120309707,39.7437792790632],[-104.944773308629,39.7437782800505],[-104.944429308604,39.7437782804249],[-104.944200308297,39.743777281036],[-104.943967308718,39.7437772818719],[-104.943618309052,39.7437762826196],[-104.943274309008,39.7437762832204],[-104.943043307791,39.7437752829218],[-104.942812307733,39.7437742839766],[-104.942463307639,39.7437712844939],[-104.942120307999,39.7437682854021],[-104.941891307518,39.743766285369],[-104.941642307146,39.7437642863697],[-104.941309307509,39.7437612864264],[-104.940900307632,39.7437572877038],[-104.940796307296,39.7437562882649],[-104.940796307108,39.7437552876108],[-104.940744301846,39.7419432864673],[-104.940744300028,39.7413822861326],[-104.940744296059,39.7401312853406],[-104.940664295768,39.7401302854332],[-104.940593296629,39.7401312854384],[-104.940593296437,39.7401302856835],[-104.940590295194,39.7397592852315],[-104.940582292213,39.7386502846438],[-104.940580291081,39.7382802839951],[-104.940583289115,39.7379602839907],[-104.940589286802,39.7370042838385],[-104.940593285874,39.7366852836953],[-104.940594284432,39.7363662827602],[-104.940600281832,39.7354102820489],[-104.940602280278,39.7350922818717],[-104.940603280933,39.7350112820932],[-104.940606280184,39.7349132824547],[-104.940612279631,39.7347712816983],[-104.940615278983,39.7346922819172],[-104.940615279957,39.734691282166],[-104.940614279461,39.7344792814138],[-104.94061427699,39.7338482812892],[-104.940615276166,39.7336372807279],[-104.940612276013,39.733479280648],[-104.940609273976,39.73300528095],[-104.94060927431,39.7329702804664],[-104.940608273504,39.7328482801895],[-104.940606273689,39.7326932804869],[-104.940603271874,39.7322322801939],[-104.940602271988,39.7320782804636],[-104.940608268874,39.7310302789719],[-104.940608268682,39.7310292792138],[-104.940608266701,39.7304862785685],[-104.940608262808,39.7292292778301],[-104.940608262615,39.7292282780713],[-104.940604256792,39.7273782766664],[-104.940615256086,39.726887276333],[-104.940615251192,39.725601275523],[-104.940691251407,39.7256012756864],[-104.940756252319,39.7256012748543],[-104.940819251649,39.725601275281],[-104.941060252009,39.725601274843],[-104.941206251422,39.7256022746237],[-104.94133525245,39.725602273907],[-104.941437252094,39.7256022736534],[-104.941745251834,39.7256042732686],[-104.941849251881,39.7256042731432],[-104.941942251451,39.7256042729857],[-104.94198625219,39.7256042727351],[-104.94217625214,39.7256042721853],[-104.942389252652,39.7256042722641],[-104.942403251987,39.7256042719648],[-104.942542252477,39.7256032716232],[-104.942616252278,39.7256032718724],[-104.942841251715,39.7256032712369],[-104.942916252307,39.725603270633],[-104.943132251889,39.7256042707172],[-104.943153252058,39.7256042701407],[-104.943456252327,39.725605269775],[-104.943780252768,39.7256062688411],[-104.943997252907,39.7256062687059],[-104.944217252142,39.7256072685872],[-104.944553252683,39.7256082672722],[-104.944877253124,39.7256092669198],[-104.945098252901,39.725609266513],[-104.94531225301,39.7256092660144],[-104.94565025226,39.7256082651674],[-104.945956253187,39.7256072648778],[-104.946171252628,39.7256062641613],[-104.94641225292,39.7256062635678],[-104.946751253175,39.725606263126],[-104.946765252503,39.7256062632084],[-104.946778253381,39.7256062630976],[-104.947138252625,39.7256062621092],[-104.947381253303,39.7256062617256],[-104.947584252898,39.7256062612641],[-104.948196253719,39.7256052603911],[-104.948401253704,39.7256052597962],[-104.948437253109,39.7256062599073],[-104.948545253362,39.7256082595244],[-104.948582252694,39.7256102595334],[-104.948767253314,39.7256102591332],[-104.948955252787,39.725610258978],[-104.949194253808,39.7256102586328],[-104.949322252829,39.7256102579773],[-104.949507253435,39.7256102582148],[-104.949564253868,39.7256102574125],[-104.949736253919,39.7256112574688],[-104.949795253587,39.7256112568986],[-104.950013253274,39.7256112566463],[-104.950035253048,39.7256112568123],[-104.950294253432,39.7256112558517],[-104.950334253337,39.7256112563021],[-104.950395253407,39.7256112557703],[-104.950759253393,39.7256112551863],[-104.951002254032,39.7256112545288],[-104.951243253919,39.7256102541861],[-104.951497253851,39.7256102533727],[-104.951613253923,39.725610253727],[-104.951971253832,39.7256102529489],[-104.952214254446,39.7256102524901],[-104.95245425423,39.7256112517325],[-104.952658253751,39.7256122514315],[-104.952824253771,39.7256132514829],[-104.953177253613,39.7256142505585],[-104.953418254569,39.7256162495439],[-104.953611254421,39.7256162498682],[-104.953812254725,39.7256162491902],[-104.95403325439,39.7256162491117],[-104.954192254385,39.7256162483144],[-104.954386253847,39.7256162484022],[-104.954434253811,39.7256152478738],[-104.954579254082,39.7256142476237],[-104.954628254826,39.7256132471525],[-104.954810254185,39.7256132476553],[-104.954961254887,39.7256132465779],[-104.955226254064,39.7256132463385],[-104.955357254227,39.7256132458085],[-104.955540254363,39.7256132462124],[-104.95559925441,39.7256142460943],[-104.955778254155,39.7256152453885],[-104.955838254583,39.7256152455164],[-104.956011255044,39.7256152448701],[-104.956128254713,39.7256152444941],[-104.956449255079,39.7256162443378],[-104.956531255276,39.7256162439756],[-104.956705254605,39.7256172430783],[-104.95677425509,39.72561724376],[-104.956981254974,39.7256162430949],[-104.957051255082,39.7256162428239],[-104.957212255443,39.7256162426736],[-104.957282254386,39.7256162422598],[-104.957650255039,39.7256162415126],[-104.957695255353,39.7256162417961],[-104.957857255332,39.7256162408675],[-104.958062255216,39.725616240551],[-104.958228254824,39.7256162404226],[-104.958678255639,39.7256162393609],[-104.95888425558,39.7256172392695],[-104.958997255142,39.7256162385996],[-104.959337255488,39.7256152382565],[-104.959451255111,39.7256152379017],[-104.959593254781,39.7256132377426],[-104.96002625596,39.7256102370261],[-104.960171254925,39.7256092361831],[-104.960169256068,39.7259082365725],[-104.960164259284,39.7268132374913],[-104.960163260339,39.7270632371138],[-104.960163260018,39.7271172375207],[-104.960166260442,39.7271552375642],[-104.960181261293,39.7272182379661],[-104.960178261385,39.7272782375615],[-104.96018126137,39.7273202375301],[-104.960184261845,39.727676237824],[-104.960190265423,39.7287512382821],[-104.96019226658,39.7291102384789],[-104.960423266842,39.7291102380039],[-104.960770267063,39.729110237381],[-104.961118266944,39.7291102367105],[-104.961351267693,39.7291102363708],[-104.961581267102,39.7291102362456],[-104.961932267807,39.7291092354348],[-104.962274267984,39.7291082347731],[-104.96250626788,39.7291082338766],[-104.962737268101,39.7291082333616],[-104.963088267586,39.7291072326994],[-104.96343226821,39.7291062323967],[-104.963664268079,39.7291062319187],[-104.963741267623,39.7291052318813],[-104.963973268129,39.7291042310405],[-104.964051268501,39.7291032308565],[-104.964114268546,39.7291032314075],[-104.964205268093,39.7291022308841],[-104.964241267786,39.729102230897],[-104.964667268008,39.7290992297626],[-104.964823268076,39.7290982299776],[-104.965033267676,39.7290972296459],[-104.965352267714,39.7290972286967],[-104.965669267861,39.7290962279511],[-104.965881267936,39.7290952270851],[-104.966132267849,39.7290942271771],[-104.966564268221,39.7290912265859],[-104.966889268571,39.7290892257444],[-104.967142268941,39.7290882246402],[-104.967374268121,39.729087224293],[-104.96773026857,39.7290872240727],[-104.968073268678,39.7290872234446],[-104.968307268915,39.7290872228554],[-104.968394269109,39.7290872223912],[-104.96865526851,39.7290872224084],[-104.968742268704,39.7290872216868],[-104.968887269406,39.7290872215437],[-104.969317269674,39.7290872208992],[-104.96946226921,39.7290872200422],[-104.969693268693,39.7290882200341],[-104.970389269608,39.729089218682],[-104.970622269604,39.7290902177488],[-104.970852269895,39.7290882180061],[-104.971547269658,39.7290832157724],[-104.97177926922,39.7290812159921],[-104.972010269215,39.7290812152838],[-104.972703269692,39.7290802142871],[-104.972935270504,39.7290802135461],[-104.973164270492,39.7290792126649],[-104.973854270552,39.7290762117567],[-104.974085269834,39.7290752108184],[-104.974317269936,39.7290742102956],[-104.97501627015,39.7290692090487],[-104.975250270705,39.729068208407],[-104.975482270271,39.7290682080424],[-104.976178271038,39.7290712070826],[-104.976412271099,39.7290712065853],[-104.976413272234,39.729346206866],[-104.976416274295,39.7301742068024],[-104.976417275231,39.7304522071375],[-104.976649276075,39.7304492069931],[-104.977351275876,39.7304392054827],[-104.977586275683,39.7304362051042],[-104.977702276275,39.7304342045104],[-104.977819276097,39.7304332043895],[-104.978012275791,39.7304312038443],[-104.978222275956,39.7304292036207],[-104.978522276229,39.730426203201],[-104.978757275928,39.7304232022849],[-104.978990276414,39.73042520253],[-104.979073275969,39.730425201665],[-104.979085275694,39.7304252016535],[-104.979099275949,39.7304252023917],[-104.979126276788,39.7304252021395],[-104.979153276461,39.7304252018758],[-104.979164276074,39.7304262016873],[-104.979179276023,39.7304262014373],[-104.979206275689,39.7304262020622],[-104.979233276529,39.7304262017853],[-104.979260276202,39.7304262014972],[-104.979286276188,39.7304262012819],[-104.979300276444,39.7304262019962],[-104.979313275855,39.7304262018823],[-104.979339276586,39.7304272014135],[-104.979366276259,39.730427201101],[-104.979380276515,39.7304272018058],[-104.979393275926,39.730427201683],[-104.979419275913,39.7304272014383],[-104.979446276753,39.7304272011127],[-104.979473276,39.7304282014294],[-104.979499275987,39.730428201167],[-104.979526276827,39.730428200823],[-104.979553276494,39.7304282013683],[-104.979566275905,39.7304282012263],[-104.979579276482,39.7304282010883],[-104.979606276156,39.7304282007206],[-104.979633276571,39.7304292010058],[-104.979659276559,39.7304292007081],[-104.979686276227,39.7304292012229],[-104.979912275871,39.7304302004507],[-104.979926276134,39.7304302001898],[-104.980166276042,39.7304311995677],[-104.980402276799,39.7304331994641],[-104.980424276878,39.7304331993464],[-104.980886276546,39.7304351981251],[-104.981128276607,39.7304371978157],[-104.981379276969,39.730437197542],[-104.981700277468,39.7304371970864],[-104.982135277093,39.7304371959003],[-104.982388276814,39.7304371950688],[-104.982630277279,39.7304381946189],[-104.982829277277,39.730439194709],[-104.982874277117,39.7304391943528],[-104.983359277749,39.7304411935441],[-104.983603277601,39.7304421926668],[-104.983599278526,39.7307611932034],[-104.983586281822,39.7317201942153],[-104.983582282679,39.7320421938651],[-104.983835283138,39.7320431932568],[-104.984598284064,39.7320441917685],[-104.984854283652,39.7320451912983],[-104.985107283634,39.7320441911468],[-104.98549728327,39.7320431906561],[-104.985872283767,39.7320421899831],[-104.986127284294,39.7320411891745],[-104.986382284165,39.732042188219],[-104.986745283674,39.7320441874787],[-104.98714728378,39.7320451874402],[-104.987403284535,39.732046186833],[-104.987403283044,39.7317261863221],[-104.987403279039,39.7307721857947],[-104.987403278953,39.730455185305],[-104.987403277581,39.7303651857842],[-104.987403276937,39.730182185678],[-104.987404274311,39.7293661848658],[-104.987404273567,39.7291041842413],[-104.987404273703,39.7290961844013],[-104.987404273053,39.7290151844348],[-104.987406272589,39.728765184148],[-104.987412268131,39.7277791841339],[-104.987414267494,39.7274501832352],[-104.987415267438,39.7274151835394],[-104.987415267187,39.7273101830871],[-104.987415266874,39.7272771830462],[-104.987423265391,39.7269701830347],[-104.987424265743,39.7269451826928],[-104.987531265756,39.7270041831633],[-104.987775266382,39.7271361822074],[-104.988078266612,39.7272911823578],[-104.988314267177,39.7274201813115],[-104.98852826739,39.7275521815811],[-104.98854326758,39.7275611815422],[-104.988687268046,39.7276681814284],[-104.988737268446,39.7276901807764],[-104.988770268439,39.7276981808115],[-104.988793269057,39.7277041811114],[-104.988892269151,39.7277401809077],[-104.988910269245,39.7277501809992],[-104.988922269119,39.7277561803203],[-104.98895226881,39.7277731803797],[-104.989064269579,39.7278731803065],[-104.989091269267,39.7278941807329],[-104.989251269902,39.728019180134],[-104.989353270241,39.7280861804664],[-104.989368270373,39.7280961800745],[-104.989466270606,39.7281651795679],[-104.989529270232,39.728205180134],[-104.989546270053,39.7282181795543],[-104.989628270325,39.7282871797418],[-104.989649270972,39.7283091798866],[-104.989679270588,39.7283321791861],[-104.989709271109,39.7283561791375],[-104.989788271565,39.7284251797078],[-104.989800271691,39.7284351797594],[-104.989863271294,39.7284981790085],[-104.989927271812,39.7285911788123],[-104.989938272403,39.7286051789394],[-104.989986272908,39.7286631791655],[-104.990010271946,39.7286881788947],[-104.990035272099,39.7287121786998],[-104.990106272941,39.7287751791661],[-104.990155272651,39.7288271788151],[-104.990172272822,39.728844178963],[-104.990197273354,39.7288671789786],[-104.990221272804,39.7288911789093],[-104.990305273709,39.7289781783528],[-104.990331273824,39.7290061787405],[-104.990388273982,39.7290651788026],[-104.990415274101,39.7290921783432],[-104.990426273965,39.7291051786636],[-104.990464274625,39.7291471789246],[-104.990471274575,39.7291561782103],[-104.99049827497,39.7291911784714],[-104.99052727484,39.7292301782966],[-104.990553275098,39.7292671782258],[-104.990558274829,39.7292751780969],[-104.990593275449,39.7293261784259],[-104.990620275448,39.7293631781638],[-104.990678275349,39.729446178315],[-104.990723275413,39.7295141780857],[-104.990747275626,39.7295501785621],[-104.990846275774,39.7296671784055],[-104.990854276145,39.7296781779018],[-104.990920277233,39.7297711776663],[-104.990980277303,39.7298491776282],[-104.991035277674,39.7299191777086],[-104.991076277569,39.7299771777933],[-104.991116278112,39.7300341773882],[-104.991249278069,39.7301831773493],[-104.991291278077,39.7302361775014],[-104.991308279019,39.7302571773948],[-104.991323278522,39.7302771778849],[-104.991371278891,39.7303401771718],[-104.991403279431,39.730381177532],[-104.991419278673,39.730401177827],[-104.99154028007,39.73056017715],[-104.991632279709,39.7306661775505],[-104.991709281068,39.7307851774338],[-104.991733281307,39.7308201770338],[-104.991807281358,39.7309211773148],[-104.99185928125,39.7309941767876],[-104.991915281562,39.7310751771305],[-104.991936281565,39.7311061764217],[-104.992013282658,39.7312351763219],[-104.992084283335,39.7313311763997],[-104.992108283261,39.7313641764058],[-104.992117283476,39.7313761762748],[-104.99213228321,39.7313971764064],[-104.992213284163,39.7315051760791],[-104.992298283927,39.7316141764873],[-104.992335283839,39.731661175949],[-104.992406284457,39.7317561760599],[-104.99242928428,39.7317871766757],[-104.992462284857,39.7318321764464],[-104.99250728515,39.7318981759554],[-104.992581285568,39.732007176432],[-104.992622285861,39.7320641761712],[-104.992636285488,39.7320831760151],[-104.992669286099,39.7321291763761],[-104.992834286744,39.7323371762375],[-104.992949287058,39.7324961760243],[-104.993033287674,39.7326231752112],[-104.993057288228,39.732652175994],[-104.993103288354,39.7327121756349],[-104.993124287942,39.7327391756764],[-104.993231289138,39.7328841756779],[-104.993248289459,39.7329081754228],[-104.993271289807,39.732940175613],[-104.993327289804,39.7330211752113],[-104.993426289792,39.7331591747148],[-104.993448289854,39.7331891755575],[-104.993503290474,39.7332651746974],[-104.993520291255,39.7332931752143],[-104.993538290835,39.7333201748704],[-104.993579291566,39.7333821748103],[-104.993597291186,39.7334091753573],[-104.993734292382,39.7335741747344],[-104.9937592919,39.7336041749089],[-104.993770292142,39.7336161751382],[-104.99379429218,39.7336451748544],[-104.993847292626,39.7337331748558],[-104.99390929244,39.7338351749511],[-104.993923292858,39.7338591742944],[-104.993976293567,39.7339311745841],[-104.994036293655,39.7340251742866],[-104.994123293987,39.7341511740457],[-104.994218294977,39.7342711744831],[-104.994305294638,39.7343811744472],[-104.994407295378,39.7344911739525],[-104.994430295068,39.7345201737321],[-104.99445229524,39.7345481739633],[-104.994495295526,39.7346171741032],[-104.994551296275,39.7347021738717],[-104.994662297319,39.7348491738176],[-104.994719297711,39.7349251737147],[-104.994746297369,39.7349621733107],[-104.994800298133,39.7350351736369],[-104.994858297612,39.7351101734943],[-104.994887298082,39.7351471735384],[-104.994903297831,39.7351691737231],[-104.99492629871,39.7352001738071],[-104.994948298893,39.7352301734412],[-104.994963298165,39.7352501734209],[-104.994972298201,39.7352621730496],[-104.994979298161,39.7352711738432],[-104.994998299162,39.7352951737902],[-104.995048299332,39.7353611729671],[-104.995182299682,39.7355351734136],[-104.995210299949,39.7355761734919],[-104.995297300217,39.7357051733513],[-104.995315300718,39.7357281728016],[-104.995407300761,39.7358481728303],[-104.995482301238,39.735952173214],[-104.995497301599,39.7359741726277],[-104.995601302,39.7360991722645],[-104.99565530223,39.7361841727824],[-104.995729302386,39.7363071729954],[-104.995760302839,39.7363591722471],[-104.995809303413,39.736438172564],[-104.995879303437,39.7365261723266],[-104.995893304229,39.7365421724942],[-104.995899303879,39.736549172141],[-104.995950303739,39.7366061720109],[-104.995981303824,39.7366491725306],[-104.9961333049,39.7368611719028],[-104.996201304911,39.7369561719608],[-104.99620930578,39.7369671719593],[-104.996294306032,39.7370861721285],[-104.996300305589,39.7370941715042],[-104.996361306517,39.7371821720604],[-104.996391306166,39.7372251717816],[-104.996482306817,39.7373511714232],[-104.996646307494,39.7375811719007],[-104.996678307876,39.7376261714958],[-104.996861309127,39.7378641716668],[-104.996983309513,39.7380181712668],[-104.997007310217,39.7380461714212],[-104.997040310526,39.7380861710233],[-104.997050309903,39.7380981711462],[-104.99706430994,39.7381151709107],[-104.997081310839,39.7381371714459],[-104.997114310552,39.7381811709278],[-104.997163310804,39.7382441709966],[-104.997175310268,39.7382741706688],[-104.99721831093,39.7383771711383],[-104.997308311299,39.7384611708605],[-104.997397312245,39.7385441709942],[-104.997427312435,39.7385701701594],[-104.997464312583,39.7386021706963],[-104.997482312035,39.7386261704313],[-104.997493312202,39.7386401706864],[-104.997518311959,39.7386681704914],[-104.997545312179,39.7386981702283],[-104.997558312651,39.7387151701643],[-104.997566312929,39.7387251703084],[-104.997587312367,39.7387531701297],[-104.997609312464,39.738783170118],[-104.997636312625,39.7388211705398],[-104.997650313001,39.738852170343],[-104.997661312783,39.7388761698876],[-104.99768631343,39.7389211699226],[-104.997710313457,39.7389641706823],[-104.997762313483,39.7390461704398],[-104.997781313642,39.7390731700446],[-104.997800313651,39.7391011702966],[-104.997814314552,39.7391151698151],[-104.997871314825,39.7391691699213],[-104.997889314032,39.7391891696838],[-104.997900314683,39.7392011703982],[-104.997906314761,39.7392081699359],[-104.997941314692,39.7392621698003],[-104.997955315128,39.7392941702125],[-104.997969315583,39.7393261697222],[-104.997996315607,39.7393971699239],[-104.998009315151,39.7394141698008],[-104.998021316054,39.7394311699194],[-104.998032315982,39.7394481702701],[-104.998067316129,39.7395021700922],[-104.998116316055,39.7395711700285],[-104.998151315783,39.7396061700599],[-104.998179316526,39.7396281695974],[-104.998197316864,39.7396421699104],[-104.998264317282,39.7397031692784],[-104.998288316734,39.7397311700449],[-104.998313317046,39.7397601694194],[-104.998326316886,39.7397761695094],[-104.998333316567,39.7397851691831],[-104.998351316922,39.7398071692754],[-104.998365317706,39.7398311698289],[-104.998379317189,39.7398561692246],[-104.99840131741,39.7399051697095],[-104.998411317233,39.7399251695122],[-104.998446318166,39.739985169516],[-104.998468317653,39.7400241697784],[-104.998519318623,39.7401121697101],[-104.998567318665,39.7401951697866],[-104.998592318332,39.7402381691978],[-104.998614319448,39.7402751690345],[-104.998624319678,39.7402931693172],[-104.998635318874,39.740309168951],[-104.998694319594,39.7404001688049],[-104.998750319981,39.7404741691012],[-104.998764320166,39.7404961691969],[-104.998778320359,39.7405181692908],[-104.998811320787,39.7405721693547],[-104.998817320634,39.7405821689913],[-104.998827320233,39.7406051689024],[-104.998838320685,39.7406291692221],[-104.998855320426,39.7406751688742],[-104.99886032031,39.7406941692046],[-104.99886532137,39.740713168639],[-104.998890321564,39.7407871692338],[-104.998900320932,39.7408201693369],[-104.99891132131,39.7408531691978],[-104.998931321676,39.7409001687526],[-104.998941321934,39.7409191687536],[-104.998952322027,39.7409381694081],[-104.998980322415,39.7409761692403],[-104.999003322043,39.7410091688404],[-104.999019321799,39.7410331688073],[-104.999026321687,39.7410421693362],[-104.999029322382,39.7410501693014],[-104.999043321941,39.7410861685551],[-104.999050322004,39.741102169133],[-104.999057321936,39.741119168559],[-104.999075322911,39.7411571690299],[-104.999080323147,39.7411661691489],[-104.999096322537,39.7411931692521],[-104.999113322519,39.7412231692585],[-104.999119323065,39.7412371687794],[-104.999135323652,39.7412641688816],[-104.999139323043,39.7412721685907],[-104.999143322575,39.7412791685504],[-104.999156323063,39.7413021685899],[-104.999188323885,39.7413591689284],[-104.999218324198,39.7414141684495],[-104.999232323266,39.7414381688758],[-104.999245323675,39.7414621686531],[-104.999253323803,39.7414771692191],[-104.999299323906,39.7415581690441],[-104.999332324505,39.7416341688332],[-104.999336324969,39.7416431682885],[-104.999385325412,39.7417451683744],[-104.999434325309,39.741835168737],[-104.999487326168,39.7419231685807],[-104.99949232548,39.7419311689259],[-104.99951432616,39.7419701689647],[-104.999525326579,39.7419891686577],[-104.999534326276,39.7420071681971],[-104.999542325986,39.7420261686366],[-104.999574326778,39.7420881684997],[-104.999591326775,39.7421211685742],[-104.999598326173,39.7421351687102],[-104.999635327314,39.7422071683965],[-104.999655327423,39.7422451682545],[-104.999703327835,39.7423201679964],[-104.999745327887,39.7424051685225],[-104.999749328311,39.7424151686106],[-104.999794328354,39.7425331681895],[-104.999839328202,39.7426271683601],[-104.999843328522,39.7426381681929],[-104.99986432894,39.7427011686911],[-104.999874329174,39.7427331680388],[-104.999903329147,39.7428271686283],[-104.999908329861,39.7428431687528],[-104.999947330241,39.7429331686959],[-104.999957329379,39.7429561684861],[-104.999989330183,39.7430241685074],[-104.999999330125,39.7430501684443],[-105.00001033098,39.7430771678784],[-105.000026329998,39.7431041678311],[-105.000037330854,39.7431221686205],[-105.000045330435,39.7431351687209],[-105.00009633125,39.7432301678937],[-105.000129331395,39.7432951683641],[-105.000135331405,39.7433071683208],[-105.00018433222,39.7434061678559],[-105.000191331864,39.74342016795],[-105.000215332156,39.7434761684534],[-105.000219331672,39.7434851678676],[-105.000254332187,39.7435841682513],[-105.000271333417,39.7436871686401],[-105.000278333727,39.7437241683558],[-105.000287332827,39.7437781686841],[-105.000290334106,39.7438581685319],[-105.000296334554,39.7440631686089],[-105.000298334187,39.7441201681754],[-105.000298334769,39.7441341682611],[-105.00030233529,39.7442661682732],[-105.000311335564,39.7443581689451],[-105.000325336133,39.744490169075],[-105.000329336603,39.7445201686077],[-105.00034233642,39.744622168423],[-105.000349336409,39.7446721684518],[-105.000365336841,39.7447951685088],[-105.000376337741,39.7448721688168],[-105.000389337756,39.7449641693296],[-105.000399337994,39.7450761691806],[-105.000399338052,39.7450851687165],[-105.000405339428,39.7451821688721],[-105.00040833887,39.7452691687054],[-105.000409339053,39.7452951691061],[-105.000411339306,39.7453481687536],[-105.000413339762,39.7453711687514],[-105.000415339909,39.74538716961],[-105.000421339917,39.7455051689614],[-105.000422340175,39.745521169177],[-105.00042734043,39.7456191693171],[-105.000434340798,39.7457621693062],[-105.000436341391,39.7458031692677],[-105.000442341954,39.7459171696101],[-105.000443341796,39.7459271695324],[-105.00043734259,39.7460201692589],[-105.000429342487,39.746150170073],[-105.000427342905,39.7461861696199],[-105.000414343295,39.746391169915],[-105.000414343945,39.7464331701317],[-105.000414344532,39.7464851696261],[-105.000420344169,39.7465311699805],[-105.000421344691,39.7465451697951],[-105.000424344425,39.7465641696295],[-105.000448344194,39.7466441702618],[-105.000472344943,39.746726170386],[-105.000507345034,39.7468161701353],[-105.000515345316,39.746837169969],[-105.000549345281,39.7469201699259],[-105.000594345501,39.7469751695799],[-105.000610346233,39.7469971697786],[-105.000626345808,39.7470191699701],[-105.000658345886,39.7470751700219],[-105.00066734688,39.7470901702],[-105.000710346958,39.747159169492],[-105.000724347444,39.7471851700845],[-105.00073834678,39.7472111697694],[-105.000769346839,39.7472891698944],[-105.000807347827,39.7473851699391],[-105.000866347843,39.7475271699508],[-105.000895348788,39.7475811703206],[-105.000919348849,39.7476261697623],[-105.000936348716,39.7476571700716],[-105.000954349583,39.7476891698666],[-105.000983348664,39.7477301698863],[-105.001007348811,39.7477651700338],[-105.001017348848,39.747779170166],[-105.001026349784,39.7477961698063],[-105.001031349346,39.7478071702094],[-105.001041349991,39.7478261699786],[-105.001080349811,39.7479171700082],[-105.001101350075,39.7479641696932],[-105.00111535019,39.747996169612],[-105.001139350452,39.7480521698224],[-105.001183350729,39.7481281695806],[-105.001206350725,39.7481671698346],[-105.001239350953,39.7482091702754],[-105.001267351144,39.748244170202],[-105.001307351413,39.7482931696943],[-105.001405352284,39.7484651694286],[-105.00141635233,39.7484801699034],[-105.001468353037,39.7485531699679],[-105.001496352639,39.7485851696907],[-105.001524353538,39.7486161696649],[-105.001629353315,39.7487161693257],[-105.001653354221,39.7487391696653],[-105.001679353658,39.7487641698497],[-105.001690354339,39.7487741697641],[-105.001714354125,39.7487971691852],[-105.001795353708,39.7488601692096],[-105.001848353973,39.7488981695789],[-105.00193335516,39.7489571694426],[-105.001950354231,39.7489691689919],[-105.002034355639,39.7490281690527],[-105.002112355253,39.749086169133],[-105.0021283556,39.7490981689339],[-105.002194355673,39.7491471691106],[-105.002238355835,39.7491831695638],[-105.002292356057,39.7492261690862],[-105.002368356583,39.7492801687556],[-105.002517357233,39.7493851686293],[-105.002567356549,39.7494181689549],[-105.002631356887,39.7494591687586],[-105.002654356822,39.7494741684845],[-105.002684357254,39.749493168853],[-105.002785358274,39.7495621683074],[-105.002940358758,39.7496801680645],[-105.003056358537,39.7497761679354],[-105.003158358948,39.7498471680697],[-105.003206358969,39.749880168682],[-105.003214359326,39.7498861685066],[-105.003240359159,39.7499041683076],[-105.003256359886,39.7499161679516],[-105.003274359205,39.7499301683158],[-105.003357360248,39.7499931684692],[-105.003404360182,39.7500301682662],[-105.003433360533,39.7500561678457],[-105.00351936057,39.7501341686212],[-105.003609360512,39.750214168581],[-105.003784360448,39.7503681694425],[-105.00392636121,39.7504711690885],[-105.003951361471,39.750489169017],[-105.004027360984,39.7505451697684],[-105.004044361888,39.7505581696595],[-105.004134361694,39.7506231694077],[-105.004198361289,39.7506701695069],[-105.004236361807,39.7506981702601],[-105.004244362346,39.7507041700128],[-105.004360361662,39.75078917044],[-105.004400362198,39.7508181703003],[-105.004443362493,39.7508501703064],[-105.00453536247,39.7509231707225],[-105.004609362777,39.7509821709129],[-105.004774362848,39.7511091710406],[-105.004898363827,39.7512051711684],[-105.004945363166,39.7512401708326],[-105.005056364416,39.7513231716505],[-105.005085363863,39.7513441711729],[-105.005094364471,39.7513511712142],[-105.005278364212,39.7514891720492],[-105.005412365078,39.7515881723569],[-105.005475365101,39.7516381721776],[-105.005588365002,39.7517261723963],[-105.005708365888,39.7518221728489],[-105.005799365056,39.751893173049],[-105.005830365921,39.7519181725618],[-105.005853365991,39.751937172426],[-105.005867365303,39.7519491732064],[-105.005929365982,39.7519991730823],[-105.005960365768,39.7520241734556],[-105.005991365624,39.7520481731746],[-105.006026366503,39.7520751736027],[-105.006040365926,39.7520861728154],[-105.006059366264,39.7521021728269],[-105.006121366082,39.7521511737495],[-105.006132366841,39.7521591737411],[-105.006142366448,39.7521671731332],[-105.006179366138,39.7521971739317],[-105.006355366798,39.7523341739388],[-105.006446367355,39.7524031741351],[-105.006460366939,39.752413174452],[-105.006504366743,39.7524471737572],[-105.006577368007,39.7525051741329],[-105.006764367912,39.7526411748404],[-105.006773367687,39.7526481747451],[-105.006889368569,39.7527341750454],[-105.006968368133,39.7527921750823],[-105.007055368644,39.7528631755378],[-105.007116368638,39.7529131750767],[-105.007257368593,39.7530281759212],[-105.007353369508,39.7531091761509],[-105.007387369053,39.7531381759608],[-105.007408369997,39.7531541760134],[-105.007481369334,39.7532081759189],[-105.007510370253,39.7532301763752],[-105.007518370194,39.7532361758949],[-105.007567369768,39.7532761761639],[-105.007609369516,39.7533071764448],[-105.007723369925,39.7534051761696],[-105.007771370853,39.753447176166],[-105.007827370393,39.7535101772087],[-105.00785937107,39.7535621770556],[-105.007890370479,39.7536221769679],[-105.007896371411,39.7536411773921],[-105.007918370732,39.7537021772369],[-105.007949370986,39.7538621777094],[-105.007967371353,39.7539331780811],[-105.007983371795,39.7539991785704],[-105.008039371697,39.754160178772],[-105.008108372045,39.7543301796308],[-105.008126372788,39.7543941799545],[-105.008132372618,39.7544181799783],[-105.008154373292,39.7544991800551],[-105.008167373019,39.7545471806738],[-105.008170372473,39.7545961806769],[-105.008173373059,39.7546481808171],[-105.008183373616,39.7547191810289],[-105.008186372884,39.754784181438],[-105.008186373935,39.7547931818421],[-105.008094373273,39.7548871822285],[-105.007814374289,39.75517118373],[-105.007720373702,39.7552661842026],[-105.007668373686,39.7552271838356],[-105.007518373002,39.7551111840219],[-105.007469373292,39.7550731841533],[-105.007439372781,39.7550501833805],[-105.007284372737,39.7549321835627],[-105.006982371998,39.7547001833538],[-105.006733372159,39.7545081825964],[-105.006551371103,39.7543681823188],[-105.006411370489,39.7542611819384],[-105.005998370035,39.7539431813625],[-105.005861369949,39.7538371809338],[-105.005695368538,39.753709180345],[-105.005199367888,39.7533261798863],[-105.00503436767,39.7531991795828],[-105.00502436805,39.753191179199],[-105.004997367878,39.7531701790808],[-105.00498836699,39.7531641787816],[-105.00490936764,39.75328017988],[-105.004837367488,39.7533871802401],[-105.004649367631,39.7536661817089],[-105.004445368855,39.7539721833565],[-105.004386368826,39.7540601835613],[-105.004314369403,39.7541671844809],[-105.004275369234,39.7542251846463],[-105.00424636883,39.7542721846941],[-105.004237368886,39.7542851848958],[-105.004209368594,39.7543301851538],[-105.00413736979,39.7544371859592],[-105.003931369608,39.7547481868447],[-105.003751370291,39.755020188953],[-105.003731369577,39.7550511885665],[-105.003629370238,39.7552071896149],[-105.003436371016,39.7555001913533],[-105.003369370374,39.7556031912457],[-105.003322370625,39.755675191563],[-105.003226371325,39.7558121926927],[-105.003179370874,39.7558751934475],[-105.003114371374,39.7559571934952],[-105.003018371195,39.7560681938909],[-105.002938371381,39.7561541943226],[-105.00287137139,39.7562211950261],[-105.002831371686,39.7562601953217],[-105.002766372142,39.7563211951418],[-105.002652372009,39.7564221956011],[-105.002605371772,39.7564601962151],[-105.002554372055,39.7565021968959],[-105.002406372433,39.7566201967696],[-105.00231237176,39.7566921979018],[-105.002228372273,39.7567561982704],[-105.002201372016,39.7567781982333],[-105.002031371651,39.7569131992958],[-105.001864372606,39.7570421999378],[-105.001501372692,39.7573252009615],[-105.001449372668,39.7573682020665],[-105.001391372684,39.7574172023124],[-105.001361372317,39.7574442024991],[-105.001334372473,39.7574682017489],[-105.001188372286,39.7576182030326],[-105.001170373184,39.7576402030721],[-105.001117372378,39.7577062037944],[-105.001040373063,39.757814203671],[-105.00102637311,39.7578352037839],[-105.000943373064,39.7579632045467],[-105.000839373828,39.7581472054008],[-105.000791373057,39.758230205695],[-105.000736373531,39.7583362064044],[-105.000713373637,39.7583782070438],[-105.000613373602,39.7585712079172],[-105.000599373692,39.7585992079787],[-105.000571373838,39.7586552080958],[-105.000508374365,39.7587782091027],[-105.00044037502,39.7589042096965],[-105.000396374541,39.7589892100623],[-105.000395374576,39.7589882096776],[-105.000386374374,39.7589832096875],[-105.000356374669,39.7589682095918],[-105.000351374462,39.7589662095956],[-105.000306374536,39.7589422093689],[-105.000241373966,39.75890920938],[-105.00023337387,39.7589042100216],[-105.000161374423,39.7588672092192],[-105.000104374188,39.7588382096751],[-105.000082374019,39.7588242099005],[-104.999893373295,39.7587102090729],[-104.99983137392,39.7586732091215],[-104.999782372998,39.7586392095674],[-104.999596373471,39.7585082091568],[-104.99954837273,39.7584752089944],[-104.999540372874,39.7584692089447],[-104.998598371172,39.7577322077983],[-104.997460368266,39.7567652063949],[-104.997308368659,39.7566322056052]]]},"properties":{"OBJECTID":5,"DIST_NUM":10,"DIST_REP":"Chris Hinds","NOTES":null,"GLOBALID":"7dcbe7ae-a755-4e8c-b950-5a9b4ee62c48","URL_LINK":"https://www.denvergov.org/district10"}},{"type":"Feature","id":6,"geometry":{"type":"MultiPolygon","coordinates":[[[[-104.668546784523,39.9069237409318],[-104.659175786911,39.9068187708763],[-104.649750788686,39.9067798008463],[-104.640369791258,39.9067398300563],[-104.640324791339,39.9067398308426],[-104.634727791578,39.9067038483141],[-104.630904792622,39.9066788602345],[-104.630904810558,39.8994268385138],[-104.621521812598,39.8993708695582],[-104.621484811845,39.8993698698434],[-104.619415812633,39.8993388766829],[-104.612071813606,39.8992289004103],[-104.607381814595,39.8991579156075],[-104.606877814771,39.8991499175992],[-104.606636815002,39.8991469188691],[-104.602658815619,39.8990859311726],[-104.600431816862,39.8990739393095],[-104.599537816232,39.899069941793],[-104.599712848202,39.8854819074639],[-104.599724850285,39.8846039050525],[-104.599724850427,39.8845669052195],[-104.599766857565,39.8813338970624],[-104.604588857451,39.8813708793568],[-104.604900857615,39.8813728780271],[-104.605110857236,39.8813748772655],[-104.605184870622,39.8756638627751],[-104.605190871391,39.8751828612162],[-104.605216876429,39.8731398561109],[-104.608357876111,39.8731638442409],[-104.608575875696,39.8731658430615],[-104.612070875543,39.8731928306765],[-104.619110875744,39.8732458040509],[-104.619130878968,39.8716967997473],[-104.619132878986,39.8715387986539],[-104.61914788183,39.8703307949741],[-104.619219895842,39.8647067795685],[-104.619332917355,39.8557917533857],[-104.619497947493,39.8429017162363],[-104.619499948819,39.842716715769],[-104.619517952225,39.8412867117879],[-104.619741986542,39.8268586694861],[-104.619742986208,39.8268246701819],[-104.619798997662,39.8223436572546],[-104.621520998102,39.8223566488276],[-104.625402997952,39.8223856304849],[-104.625521997966,39.8223866300266],[-104.640345000021,39.8224975614842],[-104.640340999869,39.8225895613865],[-104.645628000225,39.8226285371532],[-104.655359002003,39.8227004917356],[-104.655362001995,39.8224734905557],[-104.655459022301,39.8146134634902],[-104.655466023061,39.8140504616635],[-104.655477025827,39.8130934579327],[-104.659108026801,39.813119440159],[-104.665608027066,39.8131664096036],[-104.666156027867,39.8131704061843],[-104.66614602584,39.8140074092133],[-104.666088013588,39.8187814273609],[-104.666082012012,39.8192414288779],[-104.666071009195,39.8201424327496],[-104.666038002223,39.8228884423399],[-104.66855100307,39.822903431062],[-104.673406003783,39.8229344086979],[-104.673423003787,39.8229344081815],[-104.677947004225,39.8229623868448],[-104.677957004012,39.8229623872669],[-104.679978004734,39.8229743773736],[-104.680091004345,39.8229753772926],[-104.694827006476,39.8230653091759],[-104.696862006593,39.8230772998376],[-104.710690008149,39.8231592350693],[-104.712531008876,39.8231702270943],[-104.715430009251,39.8231872130558],[-104.715726009091,39.823189211779],[-104.718880009346,39.8232071976088],[-104.734147010638,39.8232951267973],[-104.734230010855,39.8232951259107],[-104.735397011395,39.8233021208516],[-104.745502012285,39.8233590743329],[-104.745518012409,39.8233590741224],[-104.745665012848,39.8233600730587],[-104.745826012517,39.8233610722605],[-104.748196012141,39.8233740616227],[-104.753082018927,39.8234010464137],[-104.753085018511,39.8234010465164],[-104.755525023423,39.823415041048],[-104.761780035462,39.8234490262485],[-104.76249303705,39.8234530251573],[-104.762515040517,39.8219330175988],[-104.762542045401,39.8201240082374],[-104.762600055533,39.8166069897478],[-104.76259505612,39.8165679893519],[-104.762596055179,39.8165359895499],[-104.7626040573,39.816017986591],[-104.762598056823,39.8159909866965],[-104.76263306296,39.8140359765371],[-104.762651066052,39.8128659708803],[-104.76265106618,39.812856970516],[-104.762653068275,39.8117319650828],[-104.762667085585,39.8055859336621],[-104.762671089952,39.8037629246122],[-104.762677097374,39.8010199103508],[-104.762679099906,39.8002379069682],[-104.762682102724,39.7991329008147],[-104.762682102291,39.799077900389],[-104.762683104505,39.7984358978253],[-104.762685104846,39.7983358970243],[-104.76268310464,39.798337897504],[-104.762627104448,39.7983378972597],[-104.753458091355,39.7983699172666],[-104.75329909061,39.7983709177716],[-104.753263090932,39.7983709182904],[-104.74381508472,39.7983369568609],[-104.743198084894,39.7983349597987],[-104.741363084179,39.7983299691612],[-104.734394082954,39.7983100047777],[-104.73437208217,39.7983100040601],[-104.734390086422,39.7968029970136],[-104.734402090264,39.7957649920808],[-104.734415092586,39.7946219861556],[-104.734416092918,39.7945189859849],[-104.734418093512,39.794357985193],[-104.734456103104,39.7910939687967],[-104.734457102798,39.7910539690301],[-104.734476108696,39.7891309593948],[-104.73451411969,39.7853579413121],[-104.734530124061,39.7837709334753],[-104.734531124715,39.7836129319903],[-104.734534126082,39.7829179286125],[-104.734535126995,39.7825819275383],[-104.734536128157,39.7823269263668],[-104.734538129643,39.7818639241311],[-104.734538129124,39.7818539238773],[-104.734539129287,39.7818039237226],[-104.73453913031,39.7817339228742],[-104.734539130344,39.7815959224701],[-104.734540130828,39.7814269217471],[-104.734541131612,39.7812459212522],[-104.734542131752,39.7809989197875],[-104.734553134109,39.7801879159422],[-104.734548135185,39.7798509144874],[-104.734548134899,39.7798319137249],[-104.734548134906,39.7798009140954],[-104.734548135882,39.7796409126665],[-104.734550136256,39.7793829121344],[-104.734550137274,39.779281911586],[-104.734550136425,39.7792389112717],[-104.734551137213,39.7790099097333],[-104.734563144436,39.7764968974336],[-104.734567147375,39.7755888936706],[-104.734569148522,39.7752468915159],[-104.734569148604,39.7751818910758],[-104.734578149831,39.7748368891721],[-104.734571149195,39.7748298894886],[-104.734571149909,39.7747548896656],[-104.73457415157,39.7741248862269],[-104.734596165125,39.7692698625137],[-104.734596166095,39.7692308619879],[-104.734596165222,39.7692188621647],[-104.734786165913,39.7692198613839],[-104.735766165865,39.7692238560119],[-104.739162167055,39.7692378364954],[-104.740378168025,39.7692428296035],[-104.744006168616,39.7692568098044],[-104.745440168884,39.7692608014036],[-104.749328170469,39.7692727801637],[-104.753253174393,39.7692847697603],[-104.753394174437,39.769284768807],[-104.753434174199,39.7692847693921],[-104.753474173972,39.7692847690631],[-104.76077718018,39.7692207529908],[-104.762816182488,39.7692037490236],[-104.764573184122,39.7691917449222],[-104.764573183642,39.7692417453735],[-104.764563181207,39.7701927505417],[-104.764552178757,39.7711837555815],[-104.764548177863,39.771549757503],[-104.76454817812,39.7715687573723],[-104.764896178063,39.7715657564601],[-104.771323183844,39.7715087426374],[-104.772166185619,39.7715017406527],[-104.772184184815,39.7715007413916],[-104.772183184313,39.7716707422487],[-104.772171179098,39.7738447530191],[-104.772171179086,39.7738637528575],[-104.772166177707,39.7746687565388],[-104.772165177167,39.7748487574358],[-104.772161174745,39.7756627620756],[-104.772160174165,39.7758617627286],[-104.772157172484,39.776411765376],[-104.781561182476,39.7764377458272],[-104.781577191287,39.7727977280206],[-104.783551192733,39.7728077238907],[-104.787532196758,39.7728167151802],[-104.789833198365,39.7728317104568],[-104.790573199799,39.7728267085896],[-104.790980200235,39.7728277076699],[-104.79103419993,39.7728327082947],[-104.791495200423,39.77282770711],[-104.792237201146,39.7728287053353],[-104.793099201709,39.7728287036951],[-104.795990205064,39.7728296980089],[-104.796015204495,39.7728296970888],[-104.799097207983,39.7728306906828],[-104.80040320852,39.7728306886657],[-104.80163021002,39.7728316860759],[-104.801637209816,39.7728316852671],[-104.803675212528,39.7728316816756],[-104.804568213517,39.7728316794398],[-104.808161216775,39.7728326718779],[-104.809795218219,39.7728336686215],[-104.809883218001,39.7728336684172],[-104.809898217874,39.7728336680785],[-104.810767219144,39.7728316668759],[-104.812292220695,39.7728286636779],[-104.819254227224,39.7728156486528],[-104.824174232017,39.772800638308],[-104.824355231626,39.7728006378285],[-104.826318234349,39.7727946338378],[-104.828163235746,39.7727896296617],[-104.828163235411,39.7726346287557],[-104.828163236368,39.7725786283392],[-104.828164236137,39.7725286285203],[-104.828164236292,39.7724806279003],[-104.828164235768,39.7724306277752],[-104.828164235983,39.7723776275018],[-104.828168238315,39.7711216214315],[-104.828170238818,39.7703586175564],[-104.828170239781,39.7702646175445],[-104.828171239696,39.769962616446],[-104.82817324064,39.7691596122735],[-104.828323241515,39.7691606114254],[-104.830436242557,39.769166607611],[-104.830536242905,39.7691666071102],[-104.832869244557,39.7691746022181],[-104.832869247836,39.7669935920574],[-104.832869248509,39.7666575907279],[-104.832869248929,39.7665705897831],[-104.832870249147,39.7663685887793],[-104.832972248635,39.766392588911],[-104.833591248821,39.7665415884103],[-104.835573250606,39.7669185858894],[-104.836638250922,39.7670475841364],[-104.837590251768,39.7671615828294],[-104.840716253827,39.7673955776748],[-104.842560255571,39.7675345747097],[-104.842922255273,39.7675615734153],[-104.844757257573,39.767698570908],[-104.847009258817,39.7678675668851],[-104.847422259607,39.7678985661228],[-104.8486092601,39.7679875638135],[-104.851719262682,39.7682205587042],[-104.856404266136,39.7685705500877],[-104.856402266138,39.7683275495837],[-104.856399266556,39.7678125468247],[-104.856398267368,39.7676625464703],[-104.856383269599,39.7653005346802],[-104.856377269739,39.7642475300055],[-104.856363272549,39.7620065194584],[-104.85634927376,39.7598545093297],[-104.856348273698,39.7596825085558],[-104.856339274997,39.7583625025066],[-104.85633827529,39.7581325015319],[-104.855482275498,39.7578115016587],[-104.854973274718,39.7579335033242],[-104.854828274948,39.7578545026666],[-104.854716274087,39.7579025037403],[-104.854314274424,39.7580765052831],[-104.853448274182,39.7576425049511],[-104.852971273522,39.7575025049751],[-104.852019273045,39.7573435065443],[-104.851258273116,39.7569935059123],[-104.850778273598,39.7567725057425],[-104.848219271832,39.7564355096145],[-104.84807727236,39.7557695070658],[-104.848013272843,39.755468505525],[-104.847739272935,39.7552645054624],[-104.846917271823,39.7552365070078],[-104.846880272324,39.7552345066432],[-104.846869271789,39.7552345068458],[-104.84686427278,39.7547255045813],[-104.846877272148,39.7547255046634],[-104.854040276899,39.7547314896664],[-104.856317278808,39.7547334851437],[-104.856378278956,39.7547334845838],[-104.858814280391,39.7547374801173],[-104.861302281412,39.7547414750496],[-104.863592283351,39.7547444703346],[-104.864572283585,39.7547464687851],[-104.865779284745,39.7547484656885],[-104.865925284758,39.7547484660372],[-104.865968284154,39.7547484653063],[-104.866866285107,39.7547484636386],[-104.867043285184,39.7547484636314],[-104.867189284884,39.7547474626567],[-104.867790285554,39.7547474617241],[-104.867808285102,39.7547474620345],[-104.868362286208,39.7547474606135],[-104.868709286042,39.7547474597173],[-104.868715286275,39.7547474603767],[-104.868717286355,39.7547474602963],[-104.86872428547,39.754747460008],[-104.869640286939,39.7547474580642],[-104.870571286605,39.7547474562457],[-104.87082528736,39.7547474552078],[-104.871522287794,39.7547464541396],[-104.871523287835,39.7547464540755],[-104.872441288002,39.7547464527141],[-104.872467287864,39.7547464526372],[-104.873368288467,39.7547464506803],[-104.874294288827,39.7547464486381],[-104.875192289929,39.7547454467414],[-104.87521929025,39.7547464466174],[-104.875326289793,39.7547464462336],[-104.876847291192,39.7547464434818],[-104.877889291886,39.754745441172],[-104.878589292418,39.7547454399847],[-104.878673292203,39.7547454394169],[-104.878735292287,39.7547454397541],[-104.87879729238,39.7547454391579],[-104.878807291599,39.7547454396937],[-104.878859292464,39.7547454394298],[-104.879104292697,39.7547454387748],[-104.879935292441,39.7547454369625],[-104.879935292303,39.7546574370942],[-104.879941289104,39.7474534127885],[-104.880135288646,39.7474544131588],[-104.884093290876,39.7474564049352],[-104.884288290985,39.7474564039405],[-104.884333291544,39.7474564042913],[-104.884657291384,39.7474564037661],[-104.884657290775,39.7473844033747],[-104.884656288114,39.7459134020405],[-104.884656287064,39.7457864024274],[-104.884655286777,39.745631402618],[-104.884655287502,39.7456014018397],[-104.884655286737,39.7453894022431],[-104.884653282861,39.743903400944],[-104.884653282784,39.743809400413],[-104.884653283113,39.7437954011211],[-104.884652279599,39.74253539971],[-104.884652280542,39.7425203997571],[-104.884651278828,39.7419893992],[-104.884651278075,39.7417773993211],[-104.884650276064,39.7406513987421],[-104.884650275815,39.7406133980405],[-104.884649275121,39.7402113983075],[-104.884649274648,39.7401583976276],[-104.884660270769,39.7387013967981],[-104.884669267817,39.737277395696],[-104.884680264806,39.7357213946271],[-104.884681264827,39.7356363941775],[-104.88468126389,39.7356263947758],[-104.884691260881,39.7342083931592],[-104.884691261067,39.7342003932783],[-104.884692260253,39.7340743936062],[-104.884704257617,39.7328483926082],[-104.884701257871,39.7327723924159],[-104.884701257914,39.7327453925755],[-104.88470725479,39.7315993918249],[-104.884708255034,39.7314753915608],[-104.884708254229,39.7313843907819],[-104.884709254711,39.7313253911947],[-104.884709254225,39.7312453913878],[-104.884709253854,39.7312363908335],[-104.884709254642,39.731227391186],[-104.884711253273,39.7309073906861],[-104.884713252905,39.7305683901845],[-104.884789252759,39.7304453900272],[-104.884795252254,39.7304373899812],[-104.884876251794,39.7303253898643],[-104.884916252646,39.7302763900094],[-104.884972251717,39.7302103895574],[-104.8850382523,39.7301403891676],[-104.885077251337,39.7301003890786],[-104.885182251563,39.7300043887712],[-104.885191251793,39.7299953893115],[-104.885314251314,39.7298963890822],[-104.885363250912,39.7298613886127],[-104.885444251693,39.7298033887338],[-104.885582250858,39.7297173878129],[-104.885938250692,39.7295093874115],[-104.886408249865,39.729233386054],[-104.886521249629,39.7291503862319],[-104.886378250167,39.7290533859603],[-104.88527424762,39.7283073873212],[-104.88503024749,39.7281423880557],[-104.884958247374,39.7280903879259],[-104.884925246849,39.7280673884012],[-104.884887246452,39.7280373887089],[-104.884824246359,39.7279863884748],[-104.884771246332,39.7279393882092],[-104.884728246243,39.727900388776],[-104.883360243481,39.7264773897367],[-104.882578240574,39.7256633910295],[-104.882508240476,39.7255913910495],[-104.882493241173,39.7255753908653],[-104.881997239071,39.7250583918695],[-104.881824240313,39.7251573917768],[-104.881731239991,39.7252073920287],[-104.881657239948,39.7252473926594],[-104.88158024059,39.7252843925977],[-104.881510240436,39.725318393063],[-104.881485239793,39.7253303929924],[-104.881442239735,39.7253483932361],[-104.881373240014,39.7253773928567],[-104.881307240252,39.7254063938023],[-104.881296240642,39.7254103935548],[-104.881224240403,39.7254363933293],[-104.881153240237,39.7254633935805],[-104.881123240864,39.725474393495],[-104.881067240874,39.7254923936677],[-104.880966240966,39.7255253939786],[-104.88093624052,39.7255343943127],[-104.880887240437,39.7255483943506],[-104.880813239957,39.7255683946743],[-104.880745240175,39.7255873943491],[-104.880546240495,39.7255873951146],[-104.880178241001,39.7255863954089],[-104.880176240586,39.7255863956781],[-104.880163240818,39.7255863956403],[-104.878613240024,39.7255833989394],[-104.878599240632,39.7255833988532],[-104.878598239842,39.7255833989712],[-104.875333239576,39.7255774055536],[-104.875333239714,39.7254984052902],[-104.875337234088,39.7232244039473],[-104.875342227659,39.7201354015182],[-104.875343227346,39.7199334009715],[-104.87534322638,39.7197124004427],[-104.87534322632,39.7196904010862],[-104.87534322655,39.7196554011697],[-104.875344226115,39.7194094009699],[-104.875344225884,39.7192284000586],[-104.875305225427,39.7192284010166],[-104.875227225694,39.7192284010989],[-104.875222225954,39.7191494011192],[-104.875209225316,39.7190704009749],[-104.875187224702,39.7189924005276],[-104.87515622456,39.7189164004413],[-104.87511622534,39.7188434004776],[-104.87506922453,39.7187724006645],[-104.875014224635,39.718705400631],[-104.874951224495,39.7186424012605],[-104.874881224826,39.7185834006528],[-104.874949224085,39.7185034005747],[-104.874880223603,39.7184544011358],[-104.874578224263,39.7183304010575],[-104.874471223196,39.7182574012831],[-104.874216223288,39.7182204019971],[-104.873964222991,39.7182054021787],[-104.873568223958,39.71820940344],[-104.873408223934,39.7182034038449],[-104.872897223796,39.7181884044253],[-104.872274223653,39.7181934057792],[-104.870739222851,39.7182054089249],[-104.870644223434,39.7182064093643],[-104.870666208721,39.7110564035786],[-104.870666207095,39.7107084026999],[-104.87066520738,39.7105974031052],[-104.870665206345,39.7102154027938],[-104.870665206649,39.710164402826],[-104.870665206494,39.7101024026846],[-104.870665205792,39.7100324025786],[-104.870665205477,39.7099894025647],[-104.870665205709,39.7099544025135],[-104.870665206231,39.7099364021547],[-104.869486206449,39.7102174046959],[-104.866437208273,39.7109434112784],[-104.866357208206,39.7109624118991],[-104.866304208048,39.7109754115995],[-104.865974208111,39.7110544128454],[-104.865974208579,39.7109764127839],[-104.865974208017,39.7107914121122],[-104.865974206899,39.7106324126513],[-104.865974206686,39.7104884124392],[-104.8659732055,39.7094834118745],[-104.86597320524,39.7093074117419],[-104.865972201077,39.7074444099669],[-104.865972201348,39.7074294097982],[-104.865971198425,39.7059884086319],[-104.865971197713,39.7057034088368],[-104.865970195015,39.7045934079504],[-104.86597019491,39.7043184075408],[-104.865969193539,39.7039054069964],[-104.867016192873,39.7035724048518],[-104.868080191836,39.703309402164],[-104.868239192533,39.7032704023851],[-104.868275191773,39.7032624021266],[-104.86834419184,39.7032414019221],[-104.868411191613,39.7032154019803],[-104.868475192437,39.7031864018915],[-104.868487192295,39.7031794012678],[-104.868535192014,39.7031524012371],[-104.86859219229,39.7031144015723],[-104.8686431922,39.703073400974],[-104.868690192011,39.7030274007349],[-104.868731190947,39.7029804009191],[-104.868767190831,39.7029294003868],[-104.868798191489,39.7028774002603],[-104.868822191337,39.7028224001642],[-104.869336188314,39.7015023987261],[-104.869390187814,39.701406398436],[-104.869430187433,39.7013463986509],[-104.869460188377,39.7013033981302],[-104.869541187506,39.7012063977358],[-104.869633187508,39.7011153972432],[-104.869735186749,39.7010303975643],[-104.869846186653,39.7009533973728],[-104.869966186877,39.7008833968689],[-104.870092186817,39.7008223966134],[-104.870225186594,39.700769395865],[-104.870364186502,39.7007263960001],[-104.870508186974,39.7006923954769],[-104.870654185942,39.7006683950982],[-104.870653185844,39.7005493951152],[-104.870653185829,39.7005363953608],[-104.870653186221,39.7003753949355],[-104.870652184624,39.6997853944592],[-104.870652184337,39.6997683947049],[-104.870652183785,39.6992643944099],[-104.870651182887,39.6988253937884],[-104.8706511829,39.6987443940904],[-104.870650181719,39.6984763934733],[-104.87065018108,39.6983643935615],[-104.868305181621,39.6983663984707],[-104.868205182193,39.6983663980929],[-104.868208184918,39.6997313993224],[-104.868208185106,39.6999903992525],[-104.868208185348,39.7001814001461],[-104.867150185442,39.7001804015048],[-104.867147183995,39.6992764006817],[-104.86596518461,39.6992794030829],[-104.865965184599,39.6992714030889],[-104.865965184339,39.6990874032217],[-104.865964182249,39.6985044024429],[-104.865964182064,39.6983724025034],[-104.865964181203,39.6979594019758],[-104.865963179175,39.6965604009189],[-104.866050178149,39.6965604006864],[-104.866087179262,39.6965604010941],[-104.867132178926,39.6965603993027],[-104.868305178592,39.6965593969692],[-104.86833617861,39.6965593968582],[-104.868914178273,39.6965593954096],[-104.868983178606,39.696559395493],[-104.869004178352,39.6965593955867],[-104.86914317805,39.696555394662],[-104.869391178351,39.6965593944808],[-104.86958317836,39.6965593944161],[-104.869664177378,39.6965593944725],[-104.870648178267,39.6965593920379],[-104.870666178048,39.6965593919923],[-104.872994177092,39.6965583872657],[-104.875310176973,39.6965573825991],[-104.875310176815,39.6965843828095],[-104.875314178962,39.6975353838228],[-104.875315178759,39.69765438385],[-104.875316180055,39.697927384181],[-104.875316179575,39.6979973836574],[-104.875316180296,39.6980893844663],[-104.875318180869,39.6984253848109],[-104.87531818101,39.6984393843448],[-104.877723179903,39.6984473800826],[-104.877732176092,39.6965603780644],[-104.882313175165,39.6965753691713],[-104.88231317585,39.6965633691874],[-104.884353174775,39.6965653650743],[-104.884649175157,39.6965653651276],[-104.891716173829,39.6965873508807],[-104.89172817367,39.6965873508024],[-104.891747173803,39.6965873509031],[-104.891926172852,39.6965883504665],[-104.892636173638,39.6965903488105],[-104.89322717291,39.6965923476886],[-104.893324173166,39.6965923473581],[-104.893361173059,39.6965923472843],[-104.893504172604,39.6965933469783],[-104.894044173041,39.6965943464523],[-104.894095173053,39.6965953460036],[-104.894093170614,39.6958903452874],[-104.894339171365,39.695891345026],[-104.894767170496,39.6958933441312],[-104.89477117276,39.6965973445115],[-104.894944173079,39.6965983446354],[-104.895077172846,39.6965983443341],[-104.895268172276,39.696603343788],[-104.895675172441,39.6966003435005],[-104.896386172027,39.6966033421222],[-104.89643117259,39.6966033416172],[-104.896607172891,39.6966043411814],[-104.896677172338,39.6966043409502],[-104.896824172684,39.6966043411473],[-104.896870171813,39.6965923411182],[-104.896911172555,39.696580340657],[-104.896950171923,39.6965643407351],[-104.896988171762,39.696546340633],[-104.897022172543,39.6965253405108],[-104.897030171859,39.6965203403306],[-104.897045171705,39.6965093404789],[-104.897056171836,39.6965023399249],[-104.89733217135,39.6962803397237],[-104.897376171145,39.6962643391664],[-104.89743117159,39.6962453397992],[-104.897901171367,39.6960733381396],[-104.899101168975,39.6953993350925],[-104.899158168357,39.6953673354738],[-104.89956716983,39.6958023351695],[-104.899642170078,39.695761334701],[-104.899696169245,39.6958193350866],[-104.89986917053,39.6960043347981],[-104.900183170826,39.6963413344077],[-104.900380171369,39.6965523336224],[-104.899749173234,39.6971563357414],[-104.899777172673,39.6971613352055],[-104.899890173144,39.6972023351308],[-104.90079317354,39.6975353342337],[-104.901140173928,39.6976613329375],[-104.901456174809,39.6977753322895],[-104.901834174905,39.6979133317418],[-104.901867174221,39.6979253320219],[-104.903208175322,39.6984113301016],[-104.903509176224,39.6985203290551],[-104.903509175363,39.698257328779],[-104.903508172739,39.6974983284975],[-104.903508172716,39.6974363282281],[-104.903508172214,39.6970343280156],[-104.903508170733,39.6966283277512],[-104.903464170488,39.6965803280577],[-104.902408168412,39.6954423287773],[-104.901343166121,39.6942943307737],[-104.900725163623,39.6936273307551],[-104.900284162489,39.6931513312272],[-104.90012516198,39.6929793319388],[-104.900104162534,39.6929573315676],[-104.90343416221,39.6929893249741],[-104.903510161948,39.6929903247878],[-104.90351016137,39.6929713254857],[-104.903510160448,39.6925843248434],[-104.903510160228,39.6924263245761],[-104.90351115897,39.6917963244345],[-104.90351615854,39.6917883245832],[-104.90351215342,39.6895543229896],[-104.903512152044,39.6894273227706],[-104.903512151981,39.6893723225489],[-104.903512152239,39.689354322101],[-104.903436152112,39.6893523224906],[-104.903162152725,39.6893513229473],[-104.902975152113,39.6893513238578],[-104.902391152655,39.6893533245655],[-104.901042153648,39.6893503274326],[-104.899193154159,39.6893413312479],[-104.899054153738,39.6893413306858],[-104.898811153453,39.689340331713],[-104.898822157711,39.6907253328716],[-104.898182157775,39.6907283342249],[-104.898676158196,39.6912643330948],[-104.898828159001,39.6914293327031],[-104.898829159655,39.691624333447],[-104.898839162777,39.6929583344973],[-104.895809164137,39.6929713402055],[-104.895585163515,39.6929723408292],[-104.894196163669,39.6929783433957],[-104.894083163966,39.6928953437706],[-104.894082163094,39.6927163429963],[-104.894082162961,39.6926993432301],[-104.894071155728,39.689371340419],[-104.894071155533,39.6893273403901],[-104.894069153837,39.6886463405896],[-104.894061148431,39.68643333908],[-104.894059147048,39.685695337803],[-104.893632146888,39.6856943389202],[-104.893412146307,39.685694339026],[-104.89339814672,39.6856943397582],[-104.893388146854,39.6856943395072],[-104.893355147073,39.6856933397056],[-104.891525147067,39.6856903434367],[-104.889329148562,39.6856863469823],[-104.889328147636,39.685588347414],[-104.889318143668,39.6838133455268],[-104.889312140906,39.6827093451279],[-104.889309139419,39.6820573444148],[-104.890621139446,39.6820583423185],[-104.893434137416,39.682062336742],[-104.894046137736,39.6820623355514],[-104.894057129903,39.6787333330284],[-104.894057128905,39.6784493326731],[-104.894716129062,39.67845133126],[-104.896185128058,39.6784533287163],[-104.896337128287,39.6784533283754],[-104.903445125156,39.6784763144745],[-104.903531124673,39.6784763139813],[-104.903529126245,39.6788783147809],[-104.903516133903,39.6820493173439],[-104.903515134091,39.6820793173005],[-104.903515134213,39.6820893168757],[-104.903515134464,39.6821403172289],[-104.9035141385,39.6838873179944],[-104.903514140475,39.6847163192046],[-104.903514140611,39.6847573190443],[-104.903564140449,39.6847883189661],[-104.903593140369,39.6848063188343],[-104.904787141805,39.6855363171217],[-104.905080143009,39.6857153169829],[-104.905163142569,39.6857153162845],[-104.905157138313,39.6838973152947],[-104.905014137465,39.6838973149948],[-104.904603138379,39.6838973159531],[-104.904603138525,39.68386431612],[-104.904603137906,39.6838373158432],[-104.904597133942,39.6820783148252],[-104.904591129106,39.6803193136195],[-104.904591128831,39.680309314038],[-104.904591128786,39.6802733139283],[-104.905286128279,39.6802733125328],[-104.906247128438,39.6802723106741],[-104.907229127982,39.6802713086624],[-104.907971126987,39.6802713067792],[-104.908095127055,39.6802713069389],[-104.908094126084,39.6798083066456],[-104.907978126471,39.6798093069146],[-104.907903126566,39.6798103063971],[-104.90756912636,39.6798123077041],[-104.906982126903,39.6798103084842],[-104.906982126375,39.6797313089157],[-104.906984124456,39.6787973074199],[-104.906762123619,39.6787163078426],[-104.906258123874,39.678533309013],[-104.906116124072,39.6784813094647],[-104.905786123936,39.6784783098764],[-104.90563812364,39.6784423101007],[-104.905495123668,39.6783963106173],[-104.905357124077,39.6783403105434],[-104.905226123656,39.6782753107792],[-104.905104123509,39.6782023113441],[-104.904990122702,39.6781203110238],[-104.904886123151,39.6780313114253],[-104.904838122904,39.6779863116821],[-104.903928121446,39.6771293124355],[-104.903669120739,39.6768863127332],[-104.903586120925,39.6768073126571],[-104.90353812001,39.6767623132528],[-104.903539119744,39.6766943126242],[-104.903539119476,39.6766053124572],[-104.903539120182,39.6765583129289],[-104.903544116347,39.6753723116218],[-104.903547115773,39.6748633119493],[-104.903546114386,39.6744803110037],[-104.903546113455,39.6741963113255],[-104.90354611312,39.6741213107044],[-104.903546113911,39.6740533112501],[-104.903545111185,39.673370310348],[-104.903545111704,39.6733653105482],[-104.903545110009,39.6728003102862],[-104.903545109705,39.6726803095949],[-104.903545109455,39.6725843099389],[-104.903544106779,39.6714003094476],[-104.903544105863,39.6712303088321],[-104.903544105802,39.6712063086812],[-104.903544106136,39.6711673091132],[-104.903544105801,39.6710543086233],[-104.903543103861,39.6703933085101],[-104.903543103557,39.6703493082196],[-104.903542101334,39.6694543076925],[-104.903542101401,39.6694403071461],[-104.903542101124,39.6694273072802],[-104.903542101827,39.6693803076348],[-104.903541096806,39.6676543058521],[-104.903541096923,39.6676263065429],[-104.903541097358,39.6676043059293],[-104.903527096732,39.6676043060424],[-104.903509097421,39.6676043065789],[-104.903488097068,39.6676043062949],[-104.903455097174,39.6676043063589],[-104.903408096653,39.6676043065125],[-104.902451098073,39.6676023079861],[-104.89955109908,39.6675983134285],[-104.898818099593,39.6675973149377],[-104.898486099886,39.6675963163487],[-104.896618101495,39.6675933195512],[-104.896140101538,39.6675923205057],[-104.894333103036,39.6675893242291],[-104.894299102004,39.6675893237699],[-104.894095102776,39.6675893244472],[-104.894021103259,39.667589324889],[-104.893944102264,39.6675263243768],[-104.893741102151,39.6673623246268],[-104.893726101979,39.6673493248389],[-104.893268101605,39.6669773256353],[-104.893233101647,39.6669493257772],[-104.892175100673,39.6660893266717],[-104.891382099378,39.6654443277023],[-104.89077209809,39.6649503286045],[-104.890216097411,39.6644983298033],[-104.890204098203,39.6645053290937],[-104.888352101504,39.6656753340769],[-104.888397102198,39.6656793340851],[-104.888847101,39.6657283330347],[-104.888888102013,39.6657323327752],[-104.888928101454,39.6657393329516],[-104.888967101667,39.6657493326764],[-104.889005102025,39.6657613330641],[-104.889041100902,39.6657763322962],[-104.889075101157,39.6657933324068],[-104.889108101025,39.6658133329652],[-104.889138101186,39.6658353328052],[-104.889155101228,39.6658483327757],[-104.889669102832,39.6662863320926],[-104.88973810207,39.6663503315301],[-104.889799102062,39.6664183317686],[-104.88985310275,39.6664903317058],[-104.889872102722,39.6665213317514],[-104.889891103346,39.6665533315805],[-104.890048103735,39.666836331251],[-104.890459104385,39.6675803313651],[-104.89000910566,39.6675793318897],[-104.887472107088,39.6675733367803],[-104.885164107987,39.6675673419294],[-104.885050108365,39.667494341438],[-104.885050107798,39.6674933416513],[-104.879517103448,39.6639343496888],[-104.879493103251,39.6639343499927],[-104.879314104042,39.6639343497521],[-104.877963104902,39.6639333525596],[-104.876212105509,39.6639333557965],[-104.876092105829,39.6640163559225],[-104.875982105716,39.6641063561711],[-104.875882106341,39.6642033565762],[-104.875794107116,39.6643063571862],[-104.875718106915,39.6644153571205],[-104.875654107663,39.6645293575271],[-104.87560410766,39.6646473575452],[-104.875567107347,39.6647673577155],[-104.875543108383,39.6648903578435],[-104.875534108663,39.6650143581717],[-104.875536108992,39.6651023580114],[-104.875533110606,39.6659203590805],[-104.875436113783,39.6675433599315],[-104.875378115713,39.66848736153],[-104.875381116164,39.6686523616654],[-104.875404116253,39.6688173608762],[-104.875437117234,39.6689573609654],[-104.876266120416,39.670911361337],[-104.876311121373,39.6710183616359],[-104.876369120884,39.6711213614843],[-104.876438121295,39.6712203610752],[-104.876518121468,39.6713153612839],[-104.876609121275,39.6714033609373],[-104.876708122278,39.6714853610085],[-104.87672512212,39.6714973611706],[-104.876742121251,39.6715103611094],[-104.877229122396,39.6718703599949],[-104.877459122782,39.6720683598109],[-104.875436123463,39.6720643637162],[-104.875432125201,39.6727853641839],[-104.875425127958,39.6738363649759],[-104.875420129761,39.6747653656816],[-104.875420130075,39.6747933658827],[-104.875295129569,39.6747923657426],[-104.8746971305,39.6747913671028],[-104.870620132033,39.674780375106],[-104.868101128544,39.6727113788214],[-104.866354126542,39.6712763810572],[-104.865966126638,39.670956381122],[-104.86594612017,39.6675173781171],[-104.865984112638,39.6638943755035],[-104.86602210514,39.6603603729009],[-104.866022105007,39.6603043730827],[-104.866022104936,39.6602723726714],[-104.864957105553,39.6602743747971],[-104.864659105604,39.6602753754789],[-104.86443210592,39.660275375869],[-104.864411106531,39.6602753758027],[-104.864236105662,39.660276375761],[-104.862859106782,39.6602793783453],[-104.862328107833,39.6602803798314],[-104.862317107042,39.6602803795943],[-104.861019108197,39.6602823823004],[-104.859700108786,39.6602853848585],[-104.858979109308,39.6602863862157],[-104.858877109543,39.6602863865162],[-104.858866109916,39.6602863859624],[-104.857372111175,39.6602893894475],[-104.857141110878,39.6602903896999],[-104.857079111348,39.660290390144],[-104.857062111387,39.6602903899254],[-104.856760111473,39.6602903903448],[-104.856711111462,39.6602913903696],[-104.856662111288,39.6602913905845],[-104.856498111969,39.6602913908133],[-104.856480112139,39.6602913913412],[-104.856414112161,39.6602923909369],[-104.856383111118,39.6602953907799],[-104.856351111212,39.6602973916613],[-104.856326111508,39.6602993912392],[-104.856315112028,39.6603003911366],[-104.856215111922,39.6603153915002],[-104.856195111969,39.6603203916804],[-104.856177111587,39.6603243913126],[-104.856156111613,39.6603283916242],[-104.856118112429,39.6603373914239],[-104.856066111419,39.6603523915932],[-104.856047111459,39.6603583916109],[-104.856036112265,39.6603613919614],[-104.856025111905,39.6603643923044],[-104.855934112095,39.6603983917854],[-104.855910112379,39.6604093921482],[-104.855878112025,39.6604243919493],[-104.855847112534,39.6604383920343],[-104.85576611294,39.6604843923114],[-104.855729112967,39.660442392942],[-104.855598112622,39.6602923928632],[-104.855026113046,39.6602933941662],[-104.854924112218,39.6602943935211],[-104.854477113121,39.6601543945833],[-104.854227112785,39.660075395336],[-104.853510112616,39.6598883960015],[-104.853064113082,39.659771396786],[-104.852007112994,39.6596013987906],[-104.851683112941,39.6594533996585],[-104.849246114455,39.6590774037461],[-104.848873115182,39.6591184045413],[-104.84867711503,39.6590874050262],[-104.848625114603,39.6590794049585],[-104.848627113132,39.6578364036891],[-104.84859011251,39.6578354041926],[-104.848553113101,39.6578354044809],[-104.848558111613,39.6571994036357],[-104.848559111094,39.6570624037043],[-104.848328111843,39.6570644043891],[-104.847731112519,39.6570674048439],[-104.847251112518,39.6570704063195],[-104.847923111002,39.6568104045762],[-104.848622110774,39.6565974027836],[-104.84874710997,39.6565684026291],[-104.849298109173,39.6564404018658],[-104.851386107355,39.6559913970394],[-104.852305105834,39.6557713953433],[-104.853195104808,39.6554913934863],[-104.854050103618,39.6551513915656],[-104.854864102434,39.6547553898864],[-104.855161102192,39.6545903890042],[-104.855976100668,39.654116387029],[-104.856887098426,39.6535863850561],[-104.857609097178,39.653166382889],[-104.858600095263,39.6525903803438],[-104.867161078409,39.6476123609066],[-104.867664077248,39.647323359052],[-104.868196076078,39.6470693577648],[-104.868755075538,39.6468523572111],[-104.869107074184,39.6467383563248],[-104.870062072222,39.6462783538232],[-104.871188071681,39.6462303516371],[-104.872922069421,39.6458553480269],[-104.873041069283,39.6458293479929],[-104.874067067593,39.6455483456402],[-104.875055065667,39.6451993436507],[-104.875570065202,39.6449843429172],[-104.875554066821,39.6458973436129],[-104.875505072671,39.6486193458538],[-104.875450078936,39.6516633478381],[-104.875708079456,39.6519543478774],[-104.875884080583,39.6521533473459],[-104.876159080571,39.6524633470387],[-104.876680081777,39.6530513468158],[-104.876767081546,39.6530513461507],[-104.876790081761,39.6530513465246],[-104.876984081521,39.6530523463017],[-104.877042081368,39.6530523457155],[-104.877262081331,39.6530523452533],[-104.877378081466,39.6530533453707],[-104.877405080711,39.6530533451935],[-104.877497080417,39.653053345256],[-104.87803408045,39.653054343796],[-104.880078078397,39.6530593402049],[-104.88009107872,39.6530593403257],[-104.880111076535,39.652105339743],[-104.880114076474,39.6519653391125],[-104.880138073274,39.6507913379579],[-104.880139073235,39.6507753384884],[-104.880175069886,39.6490333372968],[-104.880201067068,39.6477573362307],[-104.880236063284,39.6460693347275],[-104.880238062675,39.6459943347936],[-104.880240062459,39.6459013341095],[-104.880276058529,39.6441143330822],[-104.880279058359,39.6439473331795],[-104.880311055146,39.6424063318422],[-104.880319054169,39.6419983315917],[-104.880320053499,39.6419673315756],[-104.880322053325,39.6418233314218],[-104.880323052949,39.6418093314871],[-104.88032405337,39.6417313313015],[-104.880325052685,39.6417073307335],[-104.880326053059,39.6416503306999],[-104.880327053405,39.6416073304682],[-104.880329052482,39.6414923305942],[-104.880333051847,39.6413163304719],[-104.880855051341,39.6410573291317],[-104.882516047913,39.6402363259576],[-104.882788047572,39.6401013246987],[-104.883728045641,39.6396363233452],[-104.885085042726,39.6389653198049],[-104.885088041633,39.6388173201262],[-104.885092041278,39.6386343193917],[-104.885098040911,39.6380943189961],[-104.885119036049,39.636269317418],[-104.885174024968,39.6313473135222],[-104.885212016727,39.6279913114413],[-104.885221014744,39.6271303105998],[-104.885225014393,39.6268053099831],[-104.885250009105,39.6245833089032],[-104.885250009416,39.6245243081968],[-104.885252008998,39.62434930802],[-104.885254008658,39.6241683081424],[-104.885255008,39.6241293086242],[-104.885270008649,39.6241293078594],[-104.885281008422,39.6241293077739],[-104.885395008175,39.6241293079858],[-104.885408007804,39.6241293075428],[-104.885460007467,39.6241293075641],[-104.885545007613,39.6241293072413],[-104.885620007325,39.6241293076979],[-104.887918004866,39.6241243034845],[-104.888760004272,39.6241223015213],[-104.889017003307,39.6241223008978],[-104.889476003052,39.6241213005751],[-104.889656003065,39.6241203002766],[-104.889667002836,39.6241202997805],[-104.889704003002,39.6241203001562],[-104.889768002925,39.624120299365],[-104.889871002861,39.6241202993413],[-104.889873002709,39.6241202998201],[-104.891072000948,39.6241172976442],[-104.891120000883,39.6241172969453],[-104.891173001024,39.6241172969214],[-104.891291000414,39.6241172968283],[-104.891351000615,39.6241172969671],[-104.891510001038,39.6241172965106],[-104.891733000703,39.6241162959772],[-104.892219999368,39.6241152947986],[-104.892602998746,39.6241142943485],[-104.89270699916,39.6241142943092],[-104.89287199911,39.6241142942016],[-104.893142998648,39.6241132931599],[-104.8936049985,39.6241122922032],[-104.894277997147,39.6241112913167],[-104.894431996613,39.6241102910451],[-104.894477996673,39.624110291275],[-104.894520996384,39.6241102904341],[-104.894541996563,39.6241102905848],[-104.894580996563,39.6241102907245],[-104.894640996743,39.6241102909843],[-104.894689997168,39.6241102903796],[-104.894724996302,39.6241102905725],[-104.894841996285,39.6241052899804],[-104.89594199472,39.6241072882026],[-104.896015995016,39.6241072876916],[-104.896235994875,39.6241072873043],[-104.897054993295,39.6241052860136],[-104.897090994093,39.6241052861392],[-104.89810699221,39.6241032841122],[-104.898548992096,39.6241022828349],[-104.898639992078,39.6241012832416],[-104.898945991253,39.6241012820414],[-104.898966991421,39.6241012823019],[-104.898994991648,39.6241012823431],[-104.899186991613,39.6241002819968],[-104.899260990713,39.6241002821379],[-104.899327990928,39.6241002815734],[-104.899338990681,39.6241002819731],[-104.899370990609,39.6241002816593],[-104.899437990816,39.6241002819327],[-104.899551990805,39.6240992812204],[-104.900854989701,39.6240972790914],[-104.901038989045,39.6240962781473],[-104.901065988752,39.6240962788986],[-104.901578988348,39.6240952778108],[-104.901672988257,39.6240952774366],[-104.901739988451,39.6240952772979],[-104.901863987627,39.6240942766262],[-104.901889987997,39.6240942766034],[-104.902462987661,39.6240932762881],[-104.902500987128,39.6240932759149],[-104.902612986836,39.6240932753664],[-104.90268098753,39.6240932752752],[-104.904018985363,39.6240902729967],[-104.904038985019,39.6240902726788],[-104.904776984289,39.6240892711724],[-104.904780983982,39.6240892716225],[-104.904864984619,39.6240892711714],[-104.905514983184,39.6240892702292],[-104.905894983533,39.624089269612],[-104.906953982209,39.6240882678195],[-104.908539979786,39.6240872647145],[-104.908810979586,39.6240872642579],[-104.908874979386,39.6240872638652],[-104.909054979689,39.6240872633666],[-104.910842976742,39.6240862597622],[-104.911560975869,39.624085258545],[-104.911631976866,39.6240852583935],[-104.911692976293,39.6240852585518],[-104.911818976012,39.624085258089],[-104.911934976489,39.624085257876],[-104.913406974287,39.6240882552248],[-104.913405974386,39.6241562552997],[-104.913404974723,39.624205255641],[-104.913404974515,39.6242122551151],[-104.91338997803,39.6254572560734],[-104.913362983124,39.6275972584459],[-104.913334989917,39.6298882593045],[-104.913333989445,39.6299642594023],[-104.913316993936,39.6313502612823],[-104.91322801309,39.6386002662403],[-104.913227012899,39.6386502661341],[-104.913257013422,39.6386732661397],[-104.913559013391,39.6389072658735],[-104.913569014151,39.6389162661723],[-104.913582013381,39.6389262659143],[-104.91376701386,39.6390692657365],[-104.914241014068,39.6394382648523],[-104.91426201468,39.6394542653218],[-104.914280014668,39.6394682647582],[-104.914324014693,39.6395022653164],[-104.914375015256,39.6395422652686],[-104.914701014655,39.639795264113],[-104.91491101583,39.6399582644274],[-104.915073015932,39.6400842637288],[-104.915094015591,39.6401012638304],[-104.915116015997,39.6401182635052],[-104.915675016084,39.6405522634853],[-104.91586001693,39.6406952625952],[-104.915882016535,39.6407122630181],[-104.916504016829,39.6411952618792],[-104.917858018649,39.6422482600044],[-104.918219018718,39.6425282597308],[-104.918253019262,39.642555259364],[-104.918283019714,39.6425772600509],[-104.91899702035,39.6431322585785],[-104.919027019887,39.6431562586434],[-104.919058020225,39.643180258244],[-104.919766020732,39.6437302575414],[-104.919798021193,39.6437542573745],[-104.919843021311,39.6437902576049],[-104.920552022053,39.6443402569308],[-104.920580022406,39.644362256155],[-104.920629021642,39.6444002564554],[-104.920661022605,39.6444252567374],[-104.920855022313,39.6445752563572],[-104.920875022836,39.6445912560774],[-104.921146022666,39.6448022560972],[-104.921200022771,39.6448432558328],[-104.921495023654,39.6450732557339],[-104.922478024114,39.6458372538756],[-104.922496023931,39.6458502540191],[-104.922519024049,39.6458502535611],[-104.927391019677,39.6458382449006],[-104.928732018385,39.6458352421965],[-104.931852016361,39.6458272363631],[-104.931873015991,39.6458272361114],[-104.931870016237,39.6459912363417],[-104.931851018451,39.6468442371287],[-104.93182002258,39.6482262381564],[-104.931793026708,39.6494482388848],[-104.931789026713,39.6496092392209],[-104.931773029728,39.6503382394393],[-104.931773029081,39.6503462395277],[-104.931770029221,39.6504612400728],[-104.93176103081,39.6508972402356],[-104.93175303139,39.6512512401984],[-104.931751032495,39.6513322402163],[-104.93174903288,39.6514202405313],[-104.931713037054,39.6530472419095],[-104.931713037362,39.6530702414776],[-104.932830036874,39.6530682390534],[-104.933988035398,39.6530662370324],[-104.935138034585,39.6530642346929],[-104.936297033711,39.6530622327449],[-104.937441033047,39.653061231118],[-104.937559032768,39.6530602304708],[-104.938092032072,39.6530592295003],[-104.938599032128,39.653059228703],[-104.939645030885,39.6530572267374],[-104.939989030378,39.6530562255661],[-104.940138030671,39.6530562257186],[-104.940371029922,39.6530562248895],[-104.940523030445,39.6530552246445],[-104.940680029912,39.6530552243606],[-104.940697030353,39.6530552242048],[-104.94075803035,39.6530552244661],[-104.940899029323,39.6530562240938],[-104.945247026812,39.6530652159012],[-104.94557902614,39.6530662151489],[-104.946344025335,39.6530682138208],[-104.9491770232,39.6530742087052],[-104.949479023009,39.6530752076442],[-104.950078022383,39.653076206133],[-104.9539460198,39.6530841989993],[-104.954965018722,39.6530861973695],[-104.954399028182,39.6557912006049],[-104.953515029217,39.6558702015598],[-104.953531028912,39.65595920169],[-104.95354302889,39.6560342015702],[-104.953789030912,39.6567162016617],[-104.955793030119,39.6567171980532],[-104.95768502791,39.6567181947519],[-104.959454026502,39.6567191907202],[-104.959452027588,39.6570761911326],[-104.959445036459,39.6595561931273],[-104.959442038819,39.6603451940013],[-104.95944104121,39.6609901939995],[-104.959440041919,39.6610701943823],[-104.959440041352,39.6610841940123],[-104.959440042052,39.6612101943083],[-104.959440042646,39.6613511940105],[-104.959440042835,39.6614201941875],[-104.959439043108,39.6615271940369],[-104.959440043663,39.661592194284],[-104.963066040243,39.661580187388],[-104.963065040653,39.6615601872148],[-104.963054038604,39.6610851872099],[-104.96303803614,39.6603791870153],[-104.963187036367,39.6603741868926],[-104.963223036538,39.6603801860648],[-104.963706036427,39.6603851857806],[-104.964169035265,39.6603891844219],[-104.965161035646,39.6603981827432],[-104.966080034011,39.6604071806584],[-104.966080034247,39.6603991806137],[-104.966487034194,39.6604111805802],[-104.966554033783,39.660411180245],[-104.966617034518,39.6604121795192],[-104.966779033685,39.6604131793745],[-104.96699903432,39.660415178821],[-104.967912032734,39.6604241775343],[-104.968785033048,39.6604321759519],[-104.968828032635,39.6604321757332],[-104.968821038777,39.6620441769215],[-104.968814042407,39.6634281779896],[-104.968814043002,39.6634901778207],[-104.968814043027,39.6635531774271],[-104.968814043103,39.6635611774632],[-104.968814043463,39.6635991780844],[-104.968812045079,39.6640521780133],[-104.968808048342,39.6649701786078],[-104.96880405108,39.6658441796493],[-104.968804051155,39.665852179679],[-104.969964051033,39.6658551769474],[-104.969978050691,39.6658561768033],[-104.971139049895,39.6658581753098],[-104.971604049196,39.6658591739726],[-104.971719048999,39.6658601736462],[-104.972116049432,39.6658611726974],[-104.972190049058,39.6658611726407],[-104.972233049625,39.6658611729672],[-104.972282048626,39.6658611722863],[-104.972518049524,39.6658621721276],[-104.97255104844,39.6658621724902],[-104.973441048605,39.6658641703827],[-104.973464048202,39.6658641707302],[-104.973462049938,39.6664081707666],[-104.973461050609,39.6666161705473],[-104.973488051084,39.6666121707842],[-104.973487052195,39.6669321708903],[-104.973460052662,39.6669271708557],[-104.973457054819,39.6676771717417],[-104.973486054757,39.6676771719389],[-104.973569054746,39.6676771716882],[-104.974680053759,39.6676831696629],[-104.975679052954,39.6676891674139],[-104.97580305307,39.6676901671952],[-104.976976053201,39.6676961650422],[-104.977904052572,39.6677011632347],[-104.978186052607,39.6677031629933],[-104.978292051633,39.6677031624244],[-104.978883052016,39.6677011615488],[-104.979310051448,39.6677011604821],[-104.979581050892,39.6677001601738],[-104.979601051215,39.6677001595498],[-104.979621051532,39.667700159823],[-104.980527050106,39.6676981576593],[-104.980565050821,39.6676981580568],[-104.981310049902,39.6676971568422],[-104.981676049898,39.6676961556396],[-104.981732049846,39.6676961557638],[-104.982835048784,39.667698153965],[-104.982900049047,39.6676931537138],[-104.983712048572,39.6676921518773],[-104.98400504807,39.6676911515282],[-104.984041048865,39.6676911510302],[-104.984057048182,39.6676911510008],[-104.984203047765,39.6676911513338],[-104.984826048277,39.6676901499817],[-104.98519704789,39.6676891489196],[-104.985220048071,39.6676891487684],[-104.985263047394,39.6676891488214],[-104.985328047276,39.6676881490361],[-104.98535604724,39.6676881491322],[-104.985782047628,39.667688148104],[-104.986354047043,39.6676861472404],[-104.986381047055,39.6676861463257],[-104.987514046752,39.6676841443299],[-104.987572046587,39.667684144086],[-104.98759104577,39.6676841440432],[-104.988035045595,39.6676831432796],[-104.988067046541,39.6676831439431],[-104.988263045388,39.6676821428308],[-104.988813045257,39.6676811420874],[-104.988839045303,39.6676811416638],[-104.988870045125,39.6676811422587],[-104.989046044802,39.667680142047],[-104.989973044906,39.6676781394538],[-104.990864044123,39.6676761384536],[-104.991132044153,39.6676761379326],[-104.991216044258,39.667675137881],[-104.992299043148,39.667673135441],[-104.995583041359,39.6676651288354],[-104.995699040939,39.6676651284625],[-104.995946040789,39.6676641279725],[-104.99608504052,39.6676641276663],[-104.996224041411,39.6676641281014],[-104.996227041284,39.6676641274474],[-104.997005040112,39.6676621260768],[-105.000186039396,39.6676751200387],[-105.002514037533,39.6669451173068],[-105.002667038224,39.6668971170808],[-105.002711038313,39.6668821174465],[-105.002755037224,39.6668671168901],[-105.002981037185,39.6667761167166],[-105.003196037286,39.666670116211],[-105.003398037392,39.6665511164422],[-105.003586036439,39.6664181161742],[-105.003605036501,39.6664021162293],[-105.003624036478,39.6663871160571],[-105.003686037036,39.6663291161278],[-105.003741035838,39.6662681160988],[-105.003765035619,39.6662351158207],[-105.003789036469,39.6662031153181],[-105.003829035498,39.6661341158632],[-105.003862034996,39.666064115896],[-105.003874035686,39.666028115157],[-105.003886035192,39.6659921153121],[-105.003903034872,39.6659171155706],[-105.003906035045,39.6658801157937],[-105.003910035146,39.6658431157327],[-105.003910034816,39.6657681153935],[-105.004067032827,39.6654251151102],[-105.00444503026,39.6645991140857],[-105.004468030272,39.664550113907],[-105.004714027774,39.6640111136164],[-105.004798027275,39.6638281129498],[-105.00486902709,39.663674113136],[-105.004885026636,39.6636741129789],[-105.005052027156,39.6636751126395],[-105.00496301966,39.6617581115301],[-105.004935018696,39.6614981117388],[-105.00487901801,39.6612421119762],[-105.004793016957,39.6609911116573],[-105.004680015343,39.6607461114271],[-105.004634015173,39.6606681114155],[-105.004560015249,39.6605421111968],[-105.004779014656,39.6605441113605],[-105.006389016118,39.6605521096876],[-105.009575018793,39.6605661059196],[-105.010616019766,39.6605701053676],[-105.010891020491,39.6605711050498],[-105.009694024978,39.6621241071737],[-105.008175031806,39.6640951100217],[-105.008140031647,39.6640951103815],[-105.0081040316,39.6640941103726],[-105.00805903158,39.6641521099482],[-105.007936032238,39.664329110398],[-105.007655033746,39.6647331107375],[-105.007317035076,39.665340111576],[-105.007143036914,39.6657261117982],[-105.0065770414,39.667152113559],[-105.006360044351,39.6677021139766],[-105.006360044972,39.6681111140122],[-105.006358058382,39.6714351164312],[-105.006357064694,39.6731811174563],[-105.006357071688,39.6749701181704],[-105.006356079394,39.6767381192564],[-105.006565079589,39.6767391191446],[-105.008272080712,39.6767501172835],[-105.008652080293,39.6767521167887],[-105.008696080527,39.6767521169336],[-105.008697088535,39.6786201184293],[-105.011020090181,39.6786391153847],[-105.013362091444,39.6786591133275],[-105.015705093838,39.6786791101672],[-105.015691086084,39.6768131095769],[-105.015690083076,39.6758941087399],[-105.015689079303,39.6750161081837],[-105.015692073261,39.6734091074644],[-105.015692073671,39.6734011074807],[-105.015698068667,39.672114106993],[-105.015699067828,39.6717971063498],[-105.01569906707,39.6717891063568],[-105.015700065353,39.6713891064445],[-105.015701064196,39.6709951060228],[-105.015702064603,39.6709871065493],[-105.015704063254,39.6706651056262],[-105.015713061507,39.6702291061175],[-105.015713061361,39.6701661059369],[-105.015713060602,39.6701581059394],[-105.015713060498,39.6701201055149],[-105.015713060149,39.6699321056368],[-105.015713057972,39.6693561050288],[-105.01571405584,39.6688301052618],[-105.015714055805,39.668805104592],[-105.015714054926,39.6687221043814],[-105.015714055087,39.6685641048605],[-105.015714054638,39.6685471050863],[-105.015714054084,39.6684921048663],[-105.015714054792,39.6684381044252],[-105.015714053744,39.6684271050975],[-105.01571405367,39.6682911042073],[-105.015714051204,39.667749104627],[-105.015715050892,39.6676971042347],[-105.015724048673,39.6670891042213],[-105.015727048029,39.6669491039147],[-105.015727049098,39.6669481041439],[-105.015739045219,39.6661431029122],[-105.015746043262,39.6656751034628],[-105.01575104289,39.6653451025959],[-105.015752042398,39.6653041023957],[-105.015752042571,39.6652571030258],[-105.015768038372,39.6642271024218],[-105.01577403693,39.6638161020087],[-105.015775036551,39.6637401015095],[-105.015776035583,39.6637311022339],[-105.015796030549,39.6624011007751],[-105.015796030491,39.662364100927],[-105.015797030503,39.662329101149],[-105.01580002986,39.6621321007208],[-105.015803029291,39.6619361009572],[-105.015825023873,39.6605071001273],[-105.01690102407,39.6605060991252],[-105.017762025504,39.6605050980464],[-105.017933025856,39.660504098095],[-105.018007025455,39.6605040980403],[-105.01819402591,39.6605040973476],[-105.018519025861,39.6605040970074],[-105.018870026497,39.6605030970452],[-105.019389027001,39.6605030965581],[-105.020402027827,39.6605010952296],[-105.02157602828,39.6605000945957],[-105.022798029511,39.6604980927101],[-105.02280202892,39.6604980927352],[-105.022822020975,39.6582440919321],[-105.02283401471,39.6568040909369],[-105.023019014753,39.6567970904492],[-105.024097016483,39.6568010893604],[-105.025175016872,39.6568040885076],[-105.025349016757,39.6568030881192],[-105.025350016764,39.6568290881912],[-105.025351017233,39.6568570887218],[-105.025839017998,39.6568580875623],[-105.025861017101,39.6568580880444],[-105.028043019066,39.6568640854492],[-105.029802021056,39.6568680842156],[-105.029869020801,39.6568690836091],[-105.030911022008,39.6568710827094],[-105.032038022881,39.6568740820621],[-105.032058022388,39.6568740815289],[-105.032657023488,39.6568760812082],[-105.032552022365,39.6568100809206],[-105.032456021952,39.6567370809697],[-105.032367022154,39.6566590810809],[-105.032284022177,39.6565730815563],[-105.032213021284,39.6564840817573],[-105.032154021415,39.6563980812815],[-105.032134021029,39.6563630814937],[-105.032135020882,39.656310081031],[-105.032135020515,39.6562380817051],[-105.032138019471,39.6559000813042],[-105.032140018668,39.6557500811147],[-105.032153012694,39.6542810801057],[-105.032153012528,39.6542380806166],[-105.032153012668,39.654203080258],[-105.032154012117,39.654156080228],[-105.032160009784,39.6534840798232],[-105.032161008989,39.6533230797623],[-105.03216200875,39.6532770794985],[-105.032171008818,39.6532770801982],[-105.032182008391,39.6532770798495],[-105.03219800904,39.6532770795911],[-105.03224600865,39.6532770796943],[-105.032253009225,39.6532770796352],[-105.032255008724,39.6532770794869],[-105.032267009209,39.6532770795111],[-105.032345009446,39.6532770800768],[-105.033511010535,39.6532770781741],[-105.033553010482,39.6532770782478],[-105.033794010596,39.6532770779746],[-105.03413901024,39.6532770778836],[-105.034150010972,39.6532770782559],[-105.034184010598,39.6532770779161],[-105.034615010787,39.6532770777024],[-105.034616009606,39.6531080775975],[-105.034616009984,39.6529970769203],[-105.03462300345,39.6514480764551],[-105.034623003958,39.6514270765849],[-105.034625002297,39.6510240760709],[-105.034630997137,39.6495910757285],[-105.034630996691,39.6495290758501],[-105.034633991797,39.6484050752517],[-105.034634991749,39.6482970749948],[-105.034634991506,39.6481620748964],[-105.034634991137,39.6481450750224],[-105.034634990477,39.6481240751241],[-105.034635990331,39.6479070744477],[-105.034636988276,39.6473490746406],[-105.034644986105,39.6469220746617],[-105.034647985727,39.6468950744393],[-105.034645985794,39.6467910739815],[-105.034646982317,39.6459800734534],[-105.03464998232,39.6459190734533],[-105.034640982597,39.6458790735811],[-105.03435998252,39.6458790737194],[-105.034360981331,39.645631074244],[-105.034388980605,39.6456020735342],[-105.034416980651,39.6455720739398],[-105.034433974365,39.6439920727137],[-105.03443597374,39.6437990731649],[-105.032760973224,39.6437880744857],[-105.032750972425,39.6437880743506],[-105.032772969679,39.6431600742791],[-105.032784969021,39.6428480736832],[-105.031340967968,39.6428340755667],[-105.030539967414,39.642826076478],[-105.030344966662,39.6428240758925],[-105.029979966835,39.6428200764827],[-105.02998396406,39.6422610761127],[-105.029978964555,39.6422480760513],[-105.030050964055,39.6422510760516],[-105.030267964819,39.6422610759743],[-105.0303409651,39.6422640761947],[-105.029978963956,39.6422460764833],[-105.029958964826,39.642245075964],[-105.029880964875,39.642244076686],[-105.029904956542,39.6400870755512],[-105.030006956086,39.6400870755636],[-105.030036950843,39.6386280741172],[-105.033627953833,39.6386230711403],[-105.034275954283,39.63862307076],[-105.034700954315,39.6386220704394],[-105.034700954576,39.6385940701891],[-105.034700954647,39.6385910699373],[-105.034700954559,39.6385780700454],[-105.034700953672,39.6385660699341],[-105.034710950375,39.6374950697552],[-105.034715947596,39.6369360696308],[-105.034715947146,39.6368710692337],[-105.034716947056,39.6367350691885],[-105.034716946597,39.6367210695026],[-105.03471794653,39.6366010687044],[-105.034718946428,39.6365670691833],[-105.034718945862,39.6365240685404],[-105.034722944386,39.6361110688673],[-105.034722944587,39.6360510691796],[-105.034725942774,39.6356900686997],[-105.034728941775,39.6353600687167],[-105.034728942048,39.6353480685971],[-105.034729941015,39.6353370686142],[-105.034739936593,39.6341380677349],[-105.034746937042,39.6340760673347],[-105.034746936377,39.6340710675048],[-105.034745936238,39.6340660673199],[-105.034740937136,39.6340390677313],[-105.034748935656,39.6336580676818],[-105.034744935404,39.6335910671156],[-105.034749934584,39.633561067227],[-105.034745934033,39.6334900675154],[-105.034745934089,39.6334010676889],[-105.034752933841,39.6332450676109],[-105.034755933707,39.6331790675197],[-105.034747933546,39.6331700674925],[-105.030058929124,39.6331600714094],[-105.030057928211,39.6329760716695],[-105.030057929127,39.6329440713169],[-105.030023928613,39.632912071865],[-105.029961928257,39.6328530715481],[-105.02994092815,39.6328340717601],[-105.029872928246,39.632769071192],[-105.02985292794,39.6327510715713],[-105.029827927426,39.632727071235],[-105.029801927468,39.6327030713968],[-105.029778927341,39.6326760715907],[-105.029771927328,39.6326670716205],[-105.029753927422,39.6326420715781],[-105.029738927367,39.6326220716618],[-105.029725926811,39.6326000711677],[-105.029711926793,39.6325740711297],[-105.029705926825,39.6325630719832],[-105.029697926769,39.6325440719453],[-105.029691926522,39.6325320712093],[-105.02968892697,39.6325240717215],[-105.029671926238,39.6324740711037],[-105.029670926468,39.6324650717283],[-105.029666926575,39.6324460714882],[-105.02966192576,39.6324220719131],[-105.029656925766,39.6323690713362],[-105.029640926385,39.6323690712346],[-105.02962392609,39.6323680718409],[-105.029483925682,39.6323630716594],[-105.029463925873,39.6323620719392],[-105.029123926003,39.6323500723924],[-105.029066924968,39.6323470715458],[-105.029034925952,39.6323420722477],[-105.029010925454,39.6323390721526],[-105.02899492523,39.6323360717003],[-105.028967925814,39.6323310717106],[-105.028956925456,39.6323290721697],[-105.028946925434,39.6323260723489],[-105.028926925676,39.6323210724918],[-105.028903924679,39.6323140718332],[-105.028851925135,39.6322970723123],[-105.028802924895,39.6322750723555],[-105.027912922696,39.6319160727833],[-105.027681922472,39.6318230730258],[-105.027608922511,39.6317930732624],[-105.027579921506,39.6317810727032],[-105.027382921994,39.6317020727702],[-105.027346921849,39.63168707346],[-105.027324921036,39.6316770735507],[-105.027254921133,39.6316480728111],[-105.027210920852,39.6316330736929],[-105.027085921139,39.6315890735827],[-105.026911920548,39.6315430737164],[-105.026732919933,39.6315080736203],[-105.026550919755,39.6314860737011],[-105.026389920434,39.6314770743225],[-105.026365919669,39.6314760741576],[-105.026181919674,39.6314780739944],[-105.026041919893,39.6314770742553],[-105.026028920195,39.631477074053],[-105.025866919015,39.6314770743007],[-105.025760919974,39.6314760745288],[-105.025400918696,39.6314740749871],[-105.025400918466,39.6314480751272],[-105.025400918944,39.6313900748886],[-105.025406915647,39.6306500739861],[-105.02540691588,39.6306410741027],[-105.025409914873,39.6303890741322],[-105.025413912329,39.6298130741582],[-105.025414912446,39.629771073622],[-105.025415911851,39.6295560738462],[-105.025416911261,39.6294910736903],[-105.025418910761,39.6292090732596],[-105.025420909552,39.6289890731386],[-105.025420909548,39.6289790734617],[-105.025424907563,39.6285810732617],[-105.025424907789,39.6285270730181],[-105.025658908388,39.6285250727279],[-105.0258159081,39.6285250733237],[-105.026250907987,39.6285060723339],[-105.026367908414,39.6285010722745],[-105.026915908576,39.6284410718792],[-105.027453908796,39.6283440716929],[-105.027980908883,39.6282100705362],[-105.028488907942,39.6280420700337],[-105.028876907878,39.6279020702141],[-105.029128908086,39.62783906979],[-105.029312907877,39.6277930693094],[-105.029671908405,39.627795069148],[-105.029766908373,39.6277950693394],[-105.030108908859,39.6277970691504],[-105.031095909858,39.6278030681788],[-105.031491910312,39.6278610676308],[-105.031610910439,39.6278780674572],[-105.032150911019,39.6279820668992],[-105.032384911157,39.6280270666479],[-105.032936912133,39.6281230659927],[-105.033491913046,39.6281930657649],[-105.03479391422,39.628198064774],[-105.034794913805,39.6281000643577],[-105.034796912352,39.6278070643207],[-105.034828912518,39.6278070649326],[-105.035682913525,39.6278060640563],[-105.035783913295,39.6278060632794],[-105.035825913908,39.6278080639797],[-105.035908913058,39.6278110633907],[-105.035956913478,39.6278160636891],[-105.036031913641,39.6278240636801],[-105.036082913784,39.6278330632137],[-105.036092914244,39.6278350635483],[-105.036102913159,39.6278360631878],[-105.036152913928,39.6278450632482],[-105.036244914192,39.6278680630825],[-105.036271914336,39.6278750636916],[-105.036296913773,39.6278830633906],[-105.0363869142,39.6279120629501],[-105.036482914931,39.6279510632708],[-105.036496914538,39.6279570631861],[-105.036529914599,39.6279730629748],[-105.036565914786,39.6279910633548],[-105.036576915077,39.6279970631381],[-105.036601914997,39.6280090628231],[-105.036699915643,39.6280680629942],[-105.036709914629,39.6280750631067],[-105.036771915119,39.628113062619],[-105.036796915131,39.6281280625244],[-105.036804915334,39.628132062592],[-105.037100914128,39.6277870623934],[-105.037227913913,39.6276440626317],[-105.037257913632,39.6276110626211],[-105.037308913608,39.6275530623603],[-105.037375913644,39.6274650621086],[-105.037467912754,39.6273760622795],[-105.037673912377,39.6271510616989],[-105.037690911922,39.6271330612672],[-105.037707912207,39.627114061949],[-105.037975912051,39.6268660610778],[-105.037981911637,39.6268600616287],[-105.038007911475,39.6268370615796],[-105.038175911826,39.6269460612693],[-105.03833691265,39.6270500612904],[-105.038918914205,39.627429060544],[-105.038945914039,39.6274460611131],[-105.038995914636,39.6274790611635],[-105.039479916757,39.6277930605861],[-105.039560916702,39.6278430602913],[-105.039645916789,39.627888060466],[-105.039735917566,39.6279280605181],[-105.039794917439,39.6279490602026],[-105.039910917209,39.6279960604925],[-105.039930917822,39.6280040605553],[-105.039997917467,39.6280300597759],[-105.040026917862,39.6280420599822],[-105.040080917636,39.6279500604058],[-105.040111916932,39.6279070603127],[-105.040144917133,39.6278610596749],[-105.040206916636,39.6277880593826],[-105.040257916575,39.6277430595901],[-105.040634918113,39.6279950593478],[-105.040910917408,39.6277490593158],[-105.041329918167,39.6280120591813],[-105.041517917632,39.6278410584399],[-105.041709918142,39.6276670583265],[-105.042291920067,39.6280470585037],[-105.042774917678,39.6275790574278],[-105.04289591898,39.6276400577438],[-105.043023918803,39.627704057496],[-105.043285919016,39.6278130569301],[-105.04355991966,39.6279030569083],[-105.043695919999,39.6279380571549],[-105.043840920125,39.6279740568474],[-105.043906920659,39.6279860565411],[-105.043966920889,39.6279970565375],[-105.044130921314,39.6280260563572],[-105.044141921418,39.6280280562815],[-105.044152921523,39.6280300562048],[-105.044143925509,39.6292720570959],[-105.044129932998,39.631099057842],[-105.044128932576,39.6311670583077],[-105.044126934087,39.6314570577653],[-105.044282934269,39.6314580574862],[-105.045762935899,39.6314660569077],[-105.045816935836,39.6314660567106],[-105.045825935439,39.6314660563736],[-105.04583693508,39.6314660565617],[-105.053305941531,39.631506049704],[-105.053304941586,39.631581049603],[-105.053303942326,39.6316460498502],[-105.053300943851,39.6319490498806],[-105.053300944077,39.6319660498293],[-105.053280951434,39.6340190505146],[-105.053275953128,39.6345300509507],[-105.053272954241,39.6348790515612],[-105.053272955377,39.6349030508854],[-105.053264958256,39.6356820511805],[-105.053234969352,39.6387720527686],[-105.053341970389,39.6387720524497],[-105.058806974804,39.6387610482157],[-105.058772974305,39.6388880478298],[-105.058749975272,39.6389700480988],[-105.05895597498,39.6388870478615],[-105.059155974881,39.6388060477353],[-105.059284975155,39.6387620476481],[-105.059418974048,39.6387260473084],[-105.059556975102,39.6386990472498],[-105.059696974187,39.6386820469363],[-105.059799974883,39.6386760468676],[-105.059402974682,39.6386760468327],[-105.05905797455,39.6386770476421],[-105.05914297243,39.6382470475862],[-105.059839958881,39.6346920449354],[-105.059617958334,39.6344380452738],[-105.057060944895,39.6315000465596],[-105.053433933486,39.6292990485929],[-105.053433932908,39.6292520487462],[-105.053446928417,39.6278970483834],[-105.053448927609,39.6277060481461],[-105.055779922168,39.625999045302],[-105.055808915982,39.6242520449204],[-105.055100914715,39.624253045105],[-105.053483914097,39.6242550461699],[-105.053510903355,39.6214250451941],[-105.05351690062,39.6208680452373],[-105.054329900874,39.6208230445063],[-105.05534890279,39.6210550434743],[-105.056272903992,39.6211050429109],[-105.057243903464,39.6209140416419],[-105.057320903203,39.6206850416079],[-105.057385902752,39.6204930416125],[-105.056488900138,39.6199190419563],[-105.056807898551,39.6196410418441],[-105.056878898787,39.6195790417672],[-105.057119897864,39.619369041117],[-105.057086897426,39.6193840414268],[-105.058159891622,39.6173760397897],[-105.058159890448,39.617341039944],[-105.058097879531,39.614410038252],[-105.058259879966,39.614409038051],[-105.058334880122,39.6144090381688],[-105.058347880132,39.6144090384124],[-105.05919388097,39.6144070373227],[-105.060504881418,39.6144040364063],[-105.060846882356,39.6144030358849],[-105.063486884327,39.614397034109],[-105.064185884316,39.6143950334268],[-105.068517887429,39.6143850297684],[-105.069919889043,39.6143810285582],[-105.072389890447,39.6143740266489],[-105.078681896054,39.6143570215271],[-105.082410899317,39.6143510179647],[-105.084294900792,39.614344016428],[-105.084294900601,39.6143460169065],[-105.088260903783,39.6143350133144],[-105.088847904653,39.6143350132176],[-105.089821904915,39.6143350121168],[-105.090240905283,39.6143300119794],[-105.091152905429,39.6143280109347],[-105.091152905398,39.6143200108221],[-105.091277905715,39.6143270111385],[-105.091295906311,39.6143280114145],[-105.091400906504,39.6143330108823],[-105.097009910594,39.6143120065464],[-105.09701091186,39.6145090061595],[-105.097010912386,39.6146350065354],[-105.097010911836,39.6146420059537],[-105.097010911631,39.6146530063284],[-105.097011912639,39.6148470065531],[-105.097019918978,39.6165100068717],[-105.097026924852,39.6179820074308],[-105.097029926997,39.6184310069015],[-105.096363925931,39.6184330076254],[-105.094223924043,39.6184390092019],[-105.091364922528,39.6184480121016],[-105.091242921975,39.6184480118571],[-105.09111892175,39.6184480126317],[-105.090098921111,39.6184510130541],[-105.087835918752,39.618458015491],[-105.087443918933,39.6184590154437],[-105.087190918657,39.6184590155895],[-105.086973918138,39.6184600154658],[-105.086709917878,39.6184610162169],[-105.085605917833,39.6184640171142],[-105.084710917244,39.618466017365],[-105.084695916833,39.6184660174728],[-105.084290916117,39.6184670176821],[-105.08260991552,39.6184720190971],[-105.08246091529,39.6184720191728],[-105.079186912418,39.6184810223805],[-105.077432910578,39.6184860241291],[-105.076784910616,39.6184880245402],[-105.07595490935,39.6184900247159],[-105.075302908753,39.618492025928],[-105.07517290935,39.6184920260091],[-105.074940909165,39.6184930259681],[-105.074795909332,39.6184930262934],[-105.074752909124,39.6184920257649],[-105.074756909392,39.6184930265244],[-105.074527908112,39.6184940266165],[-105.07362090831,39.6184960268094],[-105.072953907086,39.6184980280857],[-105.072842907165,39.6184990277958],[-105.069246904504,39.6185080309189],[-105.069234904157,39.6185080310467],[-105.068143903569,39.6185110316945],[-105.067012902442,39.6185140323943],[-105.06696390296,39.6185140328093],[-105.066216901541,39.6185160332443],[-105.065692901467,39.618517034219],[-105.06567390169,39.6185170342241],[-105.065223900665,39.6185190344699],[-105.065073900951,39.6185190340117],[-105.06507490079,39.6185840347958],[-105.065081904134,39.6192650348243],[-105.065085905356,39.619590034955],[-105.065087906497,39.6197860351269],[-105.065090906729,39.6200460353466],[-105.065566909025,39.6205100348552],[-105.065661909398,39.6206010345159],[-105.068567915643,39.6215760325586],[-105.073645926911,39.6232790285628],[-105.075417930567,39.6239580272615],[-105.07611593159,39.6242260272738],[-105.074516931307,39.6242280279158],[-105.075177932464,39.6245550282681],[-105.076272934974,39.625096026697],[-105.080231955842,39.6294620254139],[-105.080588959541,39.630387025431],[-105.080902962644,39.6312010252625],[-105.080951963485,39.6313280248724],[-105.081006962928,39.631326025109],[-105.081564963675,39.6313020248147],[-105.081564964152,39.6313160244908],[-105.08156396416,39.6313290244228],[-105.081669963583,39.6313290245033],[-105.083544964909,39.6313280225894],[-105.083711965904,39.6313280226765],[-105.083732960807,39.6302300219062],[-105.083529961228,39.6302300221344],[-105.083289960922,39.6302310229663],[-105.081690960119,39.6302310239907],[-105.08169195951,39.6301510241048],[-105.081692959617,39.6301190237654],[-105.081692958857,39.630107023651],[-105.08169495855,39.6300380240483],[-105.081699957406,39.6297390235054],[-105.08171395489,39.6290430234661],[-105.081718953581,39.6287530235865],[-105.081725952239,39.6283910237841],[-105.081729951617,39.6282250233188],[-105.081729951628,39.6282070235904],[-105.081730951304,39.6281690236192],[-105.081733951662,39.6280000229325],[-105.081734951064,39.6279730232931],[-105.081734951343,39.6279440232287],[-105.081735951399,39.6279120228653],[-105.081735950899,39.6278800234429],[-105.081737949977,39.6278060230606],[-105.081739950109,39.6276880231363],[-105.081740949528,39.6276250231296],[-105.081741949305,39.6276130229646],[-105.081741950101,39.627580022858],[-105.081741949198,39.6275690234187],[-105.081746948299,39.6273190229065],[-105.083812950615,39.6273190211991],[-105.083807951736,39.6275820216792],[-105.083788954291,39.6285280218222],[-105.083854955076,39.6285280214458],[-105.08549595672,39.6285280204096],[-105.085579955908,39.6285280204167],[-105.085618947913,39.6264660189382],[-105.085625946908,39.6261080196435],[-105.086928947809,39.6260630181967],[-105.087390948274,39.6260470176207],[-105.087387949311,39.6264640174635],[-105.087383952153,39.6270910181069],[-105.087660952172,39.6270910179094],[-105.089838953959,39.6270850154697],[-105.090005954132,39.6270850156496],[-105.090167953955,39.6270840154771],[-105.090168954493,39.6270840153647],[-105.091163955209,39.6270820149611],[-105.091172950347,39.6258980145661],[-105.09117395038,39.6257840146258],[-105.091178947875,39.625146014138],[-105.091185943753,39.624202014029],[-105.091255944773,39.6242030133077],[-105.091285944536,39.6242030141046],[-105.091495944081,39.6242030131683],[-105.09170094464,39.6242040131824],[-105.093010945813,39.6242070124637],[-105.094460946703,39.6242100112515],[-105.094484946982,39.6242100112364],[-105.095314947229,39.6242120105432],[-105.0958279483,39.6242130101488],[-105.097143949046,39.6242160083011],[-105.097440948789,39.6242170084162],[-105.097655949628,39.624217008202],[-105.097698950031,39.6242170077525],[-105.098300950013,39.6242190074639],[-105.098519950505,39.6242190076358],[-105.098699950368,39.6242200072671],[-105.099251951036,39.6242210071461],[-105.099436950941,39.624221006707],[-105.099737951529,39.6242220065502],[-105.100244951975,39.6242230060522],[-105.100644951677,39.624224005352],[-105.100804951968,39.6242240051382],[-105.100943952159,39.6242230056431],[-105.101169952624,39.6242230048378],[-105.101847952514,39.6242210047409],[-105.102692953759,39.6242190036197],[-105.107536957057,39.6242079996087],[-105.107536957335,39.6242189999447],[-105.107516968572,39.6270910001372],[-105.107666968799,39.6270910003801],[-105.107747968987,39.6270899999635],[-105.108488969676,39.6270889995344],[-105.109926970033,39.6270849984217],[-105.109966970555,39.6270849979264],[-105.109956975893,39.6285779981945],[-105.109947981271,39.6298989987701],[-105.109943983839,39.6305519985269],[-105.10993798729,39.6314489987423],[-105.109929992328,39.6326789996039],[-105.109919997991,39.6342649992712],[-105.109914000877,39.6350720000604],[-105.109889000914,39.6350719999206],[-105.109875001124,39.6350719993722],[-105.100774993755,39.6350890081736],[-105.100619994107,39.6350890083156],[-105.100533994123,39.6350900084648],[-105.100257993542,39.6350890085143],[-105.099136992294,39.6350890100112],[-105.09857499173,39.6350880099489],[-105.098521992139,39.6350880099007],[-105.097997991973,39.6350880106042],[-105.091115986044,39.6350830167343],[-105.091115986611,39.6352480167887],[-105.091112989348,39.6359480175603],[-105.091102000263,39.6387030179365],[-105.08910399823,39.6387050197894],[-105.088968998764,39.6387050195855],[-105.08737999655,39.6387060217849],[-105.086219995561,39.6387070224668],[-105.084412994437,39.6387090243562],[-105.083865993803,39.6387090248884],[-105.083734993615,39.6387090247283],[-105.083601994348,39.6387090245434],[-105.083335993473,39.6387090255151],[-105.083220993951,39.6387100254585],[-105.081757992436,39.6387110265064],[-105.081714992448,39.6387110265583],[-105.081694992345,39.6387110265137],[-105.081691992562,39.6387110266427],[-105.081666992433,39.638711026807],[-105.081619991957,39.6387110269922],[-105.081616992174,39.6387110271192],[-105.081576991969,39.6387110269935],[-105.08152799242,39.6387110263281],[-105.081420992796,39.6387110270995],[-105.081417991967,39.6385890268803],[-105.081430990275,39.6380630269484],[-105.081441987474,39.6376030260989],[-105.081443987717,39.6375160261007],[-105.081452986491,39.6371370264935],[-105.081459985463,39.63685002667],[-105.081461984294,39.6366950261617],[-105.081462984051,39.636641026186],[-105.081467982824,39.63639702603],[-105.08146998332,39.6362380263758],[-105.081292982677,39.6361690259616],[-105.081279982833,39.636164025759],[-105.080856981877,39.6361420265037],[-105.080595982073,39.6361600270507],[-105.080305981845,39.6362060272182],[-105.079966983633,39.6366330278994],[-105.079481982523,39.6367270280599],[-105.07920198313,39.6367130284394],[-105.079045982564,39.6367060286983],[-105.079029982743,39.6367030287725],[-105.078249980915,39.6365550289575],[-105.078134980649,39.636534029602],[-105.077723981012,39.6364540297619],[-105.07767398055,39.6364450294492],[-105.077656980174,39.6364420293423],[-105.077622980213,39.6364380295888],[-105.077605980819,39.6364360292602],[-105.077588980068,39.6364350296071],[-105.077562980453,39.6364330293402],[-105.077245980447,39.6363980298924],[-105.077058979721,39.6364030304435],[-105.076648979639,39.6364130306521],[-105.076435979388,39.6364380303517],[-105.075923979219,39.6364970315132],[-105.07581197912,39.6365100315058],[-105.075246979162,39.6364970314778],[-105.074900978536,39.6366080322895],[-105.074798978737,39.6366730318582],[-105.074762979021,39.6366470324328],[-105.074171978802,39.6367680327668],[-105.07403797821,39.6367080329773],[-105.073897977687,39.6366560329511],[-105.073751977873,39.6366140331352],[-105.073600978227,39.6365820335319],[-105.073447976976,39.6365610330806],[-105.073292977783,39.636550033806],[-105.073264977811,39.636549033212],[-105.073254979152,39.6368790340577],[-105.073204984823,39.6386480342689],[-105.073982986368,39.6386460334805],[-105.076908988916,39.6386390313451],[-105.076907988331,39.6387380313302],[-105.076901989712,39.6391080315356],[-105.076892990288,39.6392720308206],[-105.076866991481,39.639436031029],[-105.076821992346,39.6395970310042],[-105.076758992505,39.6397540318426],[-105.076741993043,39.6397890314023],[-105.076724992599,39.6398230311745],[-105.076661993445,39.6399400317026],[-105.076087996647,39.6410000322766],[-105.076035996827,39.6411100322142],[-105.075995997883,39.6412240331208],[-105.075969998503,39.641339032971],[-105.075956998961,39.6414560324499],[-105.075955998944,39.6414800325827],[-105.075954999137,39.6415030329355],[-105.075947999519,39.6416850325894],[-105.075940999283,39.6417930331614],[-105.075923000316,39.6419000329847],[-105.075892001058,39.6420060329366],[-105.075850001272,39.6421080327781],[-105.075796000894,39.642208032952],[-105.075788001384,39.6422210336429],[-105.075780001876,39.6422340334324],[-105.074549008051,39.644135034896],[-105.074463007843,39.6442520354882],[-105.074364008111,39.6443620355053],[-105.074253008205,39.6444660356135],[-105.074131008439,39.6445610355626],[-105.073999009359,39.6446480360239],[-105.07385700889,39.6447260362764],[-105.073746009856,39.6447780356528],[-105.072579010599,39.6452880373627],[-105.072546010113,39.6453050369728],[-105.07251301103,39.6453210376999],[-105.072449011049,39.645357037408],[-105.072391010984,39.6453980379962],[-105.072337010672,39.6454430378187],[-105.072289010805,39.6454910380783],[-105.07224601176,39.6455420378459],[-105.072208011205,39.6455960380187],[-105.072178011827,39.645652038045],[-105.072153011231,39.6457100378077],[-105.072135012196,39.6457700382971],[-105.072124011786,39.6458300381457],[-105.072119012437,39.6458910380055],[-105.072120013066,39.6459920382727],[-105.072045013025,39.6459920380733],[-105.072017012529,39.6459920378766],[-105.064151005985,39.6460000459877],[-105.063539005712,39.6460010458421],[-105.063236005265,39.6460010468263],[-105.063195019849,39.6496280481329],[-105.062610019709,39.6496280483671],[-105.062606019506,39.6496460484072],[-105.062605019344,39.6496790481847],[-105.062358019794,39.6496790491225],[-105.061776019045,39.6496800489496],[-105.057087014587,39.6496860540664],[-105.057069021488,39.6512320546217],[-105.055630019822,39.6512270554939],[-105.055631019196,39.6511650558996],[-105.053550018193,39.6511580577636],[-105.05371201863,39.6513570579488],[-105.053744018387,39.6513670574555],[-105.05417502013,39.6514990571847],[-105.054254019955,39.6515020571526],[-105.054360019665,39.6515110572459],[-105.054464020471,39.651528056899],[-105.054566020586,39.6515520572327],[-105.054665020838,39.6515820573894],[-105.054760020498,39.6516200567444],[-105.054850021397,39.651663056695],[-105.054935020706,39.6517120570197],[-105.054992021912,39.6517520568435],[-105.05501302132,39.6517670564721],[-105.05508702176,39.6518270567317],[-105.055152021572,39.6518910571139],[-105.055210022029,39.6519600568795],[-105.05706202436,39.6519730548219],[-105.05706202395,39.6520900549694],[-105.057060027186,39.6528490553878],[-105.0572280269,39.652849055259],[-105.05788002741,39.652849054571],[-105.058031028481,39.6528480544172],[-105.058060027978,39.6528480544872],[-105.058047024049,39.6519140536482],[-105.058041022403,39.651460053465],[-105.058203022781,39.6514600537122],[-105.058217022386,39.6514600531988],[-105.058224021605,39.6512520535901],[-105.060802023941,39.6512380504686],[-105.061981025443,39.6512320494302],[-105.061980025686,39.6513850495684],[-105.061980026346,39.6514910494533],[-105.06213602569,39.6514920496113],[-105.062585026296,39.6514960490686],[-105.062590025086,39.6510790494694],[-105.062599022237,39.6502840485332],[-105.062613021601,39.6502840483968],[-105.063884023205,39.650292047846],[-105.063896019988,39.6496270470033],[-105.063926020169,39.6496270475429],[-105.070816025307,39.6496170409312],[-105.070821026901,39.6500100404248],[-105.069906027138,39.6500020413474],[-105.069691027855,39.6504680416216],[-105.069153030636,39.6511680423688],[-105.06911703154,39.6513070425062],[-105.068188033096,39.6522000440525],[-105.068040033166,39.6522000441856],[-105.068040034649,39.6524140442806],[-105.068040034784,39.6524960440336],[-105.067870035043,39.6524970448325],[-105.067514033949,39.6524990444524],[-105.067515034549,39.6526330444115],[-105.067517036445,39.6529830449554],[-105.067518036405,39.6531750454716],[-105.067519036675,39.6532470448106],[-105.067254037353,39.653247045689],[-105.067255037148,39.6533300452772],[-105.067255037599,39.6534880451743],[-105.067261043582,39.6550630461767],[-105.067267049995,39.656589046504],[-105.067268051332,39.6568790464429],[-105.068559051655,39.656877045526],[-105.069025052099,39.6568770448143],[-105.069341052786,39.6568760441671],[-105.070077053812,39.6568750440822],[-105.070144053115,39.6568750441552],[-105.070156053027,39.6568750439089],[-105.070157054236,39.6571190441659],[-105.070157054707,39.6573030443036],[-105.070157054795,39.6573580436667],[-105.070158056037,39.6574400442314],[-105.070158055156,39.6574430435546],[-105.070123057499,39.6578680443786],[-105.070113057091,39.6579900443399],[-105.070059062098,39.6590760448541],[-105.070058062206,39.6590880448005],[-105.071490064685,39.6594750433312],[-105.071931064796,39.6595940427722],[-105.071971065798,39.6596050427616],[-105.071971065063,39.6596510432008],[-105.071972066595,39.6599520429471],[-105.071973066972,39.6599500434382],[-105.071973066862,39.6600240429648],[-105.076546068395,39.6593520384747],[-105.076672068507,39.6593340379653],[-105.076672068643,39.6594370381556],[-105.07667407072,39.6599090379525],[-105.076827070627,39.6599860383179],[-105.077131071183,39.6601370382308],[-105.077365071687,39.6602540374283],[-105.078265075025,39.6607030370206],[-105.078633076247,39.6611730364435],[-105.078823077668,39.6614160364656],[-105.078916078402,39.6615350365083],[-105.079216080456,39.66199303622],[-105.079648080532,39.6619930363704],[-105.079677080283,39.6619930355971],[-105.081354081681,39.6619900343908],[-105.081378082071,39.6619900343058],[-105.08137808285,39.6620790339507],[-105.081380085652,39.6628920341152],[-105.081384093395,39.6650030350677],[-105.081384094104,39.66501503504],[-105.081384095936,39.6655530349932],[-105.081388104073,39.6677320355775],[-105.081388104643,39.6677450362101],[-105.08138910525,39.6679040358414],[-105.081391106111,39.6683540363963],[-105.081392107136,39.6685790361993],[-105.081396111566,39.6695460369908],[-105.081396110929,39.6695680364483],[-105.08139711199,39.6696290368357],[-105.08139911318,39.6701550367976],[-105.081358113151,39.6701420369846],[-105.081189113675,39.6700870366777],[-105.080988112988,39.6700210371734],[-105.080969112953,39.6700150374748],[-105.080948112812,39.6700100376193],[-105.080845112267,39.6699840375402],[-105.080764112916,39.6699640370009],[-105.080525111417,39.6699050373691],[-105.080069111518,39.6698250380782],[-105.079902110936,39.6698030381857],[-105.079438110367,39.6697650387508],[-105.079266109898,39.669759038915],[-105.079266110547,39.6697410385398],[-105.079266108286,39.6693460389754],[-105.078864108806,39.669353038982],[-105.078851108952,39.6693540390155],[-105.078818108248,39.6693560392137],[-105.078769107931,39.6693580397157],[-105.07857310869,39.6693610390689],[-105.078379108372,39.6693500394646],[-105.078338107938,39.6693450394593],[-105.078215107651,39.6693310400328],[-105.076706105235,39.6690830417259],[-105.076710107041,39.6694200411395],[-105.076023106216,39.6693180421642],[-105.07590910825,39.6699940426721],[-105.075288107726,39.6700440427507],[-105.074935109302,39.6704700436884],[-105.074491108887,39.6702180443239],[-105.072982105697,39.6697750456524],[-105.072812105435,39.6697880455931],[-105.07271210542,39.6697950453272],[-105.072681105338,39.6697300456949],[-105.072526103586,39.6694090455652],[-105.072201103158,39.6693690460138],[-105.072000103026,39.6693440460311],[-105.071998102353,39.669065045798],[-105.071994099358,39.6682880457211],[-105.071991097455,39.6677800453613],[-105.071509096549,39.6677800466089],[-105.068500093658,39.6677810495045],[-105.067385093639,39.6677820509968],[-105.067301092863,39.6677820507573],[-105.066705092435,39.6677820512562],[-105.066558092232,39.667782051528],[-105.066480092341,39.6677820512122],[-105.066247092609,39.667782051843],[-105.066170092671,39.6677820514085],[-105.066151092382,39.6677820515381],[-105.06609709254,39.6677820521777],[-105.066079092205,39.6677820523839],[-105.065885091839,39.667782052142],[-105.065304091837,39.6677820531972],[-105.065111091418,39.6677820526736],[-105.064897090793,39.6677820533646],[-105.064257090772,39.6677830539884],[-105.064044090092,39.6677830541311],[-105.064027090875,39.6677830541333],[-105.063976090892,39.6677830541161],[-105.06395909051,39.6677830541041],[-105.063759090393,39.6677830542178],[-105.063273089448,39.6677830545865],[-105.06318808986,39.6677830549026],[-105.063161089939,39.6677830545449],[-105.062962089765,39.6677830552172],[-105.062612089538,39.6677830558269],[-105.062564089416,39.667783055551],[-105.062534089629,39.6677830555949],[-105.061250087995,39.6677830572809],[-105.060860087984,39.6677840571599],[-105.060844087549,39.6677840577309],[-105.060823088513,39.6677840576383],[-105.060680088079,39.6677840573966],[-105.060252087887,39.6677840575716],[-105.060110087396,39.6677840585759],[-105.059894086808,39.6677840579866],[-105.0590330866,39.6677840593194],[-105.058185085763,39.667784059972],[-105.05804308526,39.6677840602807],[-105.057974086084,39.6677840602396],[-105.057765085146,39.6677840604425],[-105.057140085239,39.6677850616364],[-105.056938085137,39.6677850615245],[-105.056927084474,39.6677850614925],[-105.056725084366,39.6677850619153],[-105.056663084867,39.6677850613799],[-105.05610408472,39.6677850621048],[-105.055902083435,39.6677850629102],[-105.055691083731,39.6677850626826],[-105.055072082792,39.6677850631734],[-105.055052083703,39.6677850631327],[-105.054874083645,39.6677850638501],[-105.054864082935,39.6677850638089],[-105.054676083334,39.6677850641889],[-105.054106082466,39.6677850641756],[-105.053916082946,39.6677850647607],[-105.053784081957,39.6677850645454],[-105.053388082476,39.6677850648244],[-105.053256082107,39.6677860655927],[-105.053257084899,39.6686050651739],[-105.053258087173,39.6690770660659],[-105.05326009465,39.6710640665771],[-105.053261095503,39.671430066959],[-105.053261098155,39.6718840668045],[-105.053261098178,39.6718970674357],[-105.053262098277,39.6719360668242],[-105.053262097766,39.6719500672246],[-105.053262099401,39.6722580670555],[-105.053233098867,39.6722580676296],[-105.053233103375,39.6732820674373],[-105.053233107061,39.6743010680251],[-105.053233107022,39.6744380681143],[-105.053233110452,39.6750380681858],[-105.053251110328,39.6750380681365],[-105.053272110374,39.6750380686766],[-105.057258112584,39.6750250641152],[-105.057269113216,39.6750250641118],[-105.062082116393,39.6750110588991],[-105.062608116877,39.6750090585367],[-105.062621133127,39.6789720603097],[-105.062622133764,39.6792950603762],[-105.062250132192,39.6789740607181],[-105.062088131607,39.6788340599663],[-105.061397128873,39.6782380610685],[-105.060988127225,39.6780170609304],[-105.060326126191,39.6779290617705],[-105.059331126895,39.6783080633166],[-105.057783127326,39.6786820648445],[-105.05778412973,39.6790900652273],[-105.05781014175,39.6822700660276],[-105.057783140908,39.6822700662535],[-105.05727514061,39.6822730668417],[-105.057265141332,39.682273067018],[-105.057200141375,39.6822730672245],[-105.053235138238,39.6822960713586],[-105.05323514225,39.683397072191],[-105.053235142966,39.683500071652],[-105.053235145972,39.684379072399],[-105.053235151024,39.6855650724128],[-105.053235152116,39.6860020730842],[-105.053235158404,39.687553073486],[-105.053234165978,39.6895510742295],[-105.05323416581,39.6895600748181],[-105.05323416626,39.6897200741815],[-105.053234168643,39.6903480752684],[-105.053234168577,39.6903590744841],[-105.053234168763,39.6903630744453],[-105.053233171849,39.6909370752902],[-105.053233173091,39.6913650754537],[-105.053233172556,39.6913660752163],[-105.053233177518,39.6924760758254],[-105.053233180468,39.6931790757153],[-105.053232187397,39.6949910768914],[-105.053231192477,39.6964130775571],[-105.053228194012,39.6967710776053],[-105.053231193783,39.696780077859],[-105.053231193547,39.6968000776153],[-105.053231193475,39.6968110777065],[-105.053231193937,39.6968210780371],[-105.05323119387,39.6968320772276],[-105.053231193879,39.6968950775868],[-105.053232196199,39.6973260781384],[-105.053232196225,39.6974520779326],[-105.053233198055,39.6978470779473],[-105.053237203278,39.6990790783716],[-105.053237203838,39.6992540790283],[-105.053238204976,39.6996330789981],[-105.053239205504,39.6999110786785],[-105.053240207816,39.700440078804],[-105.053241209249,39.7006120793907],[-105.053245214878,39.7022590802205],[-105.053245214807,39.7022700802904],[-105.053246216143,39.7025640803865],[-105.053246216846,39.7027040801997],[-105.05324621713,39.7028600797756],[-105.053247218967,39.7031270799754],[-105.053247219227,39.7032700799407],[-105.053249221559,39.7039870804743],[-105.05324922191,39.7040820811039],[-105.053250223235,39.7043000812361],[-105.053250223416,39.7045410810339],[-105.053251226198,39.7050520810104],[-105.053252227113,39.7054230812188],[-105.053253229067,39.7058160814945],[-105.053253228819,39.705923081875],[-105.053255233118,39.7068910816255],[-105.053256233139,39.7070550819372],[-105.053257235875,39.7075510823696],[-105.05325723611,39.7077180826248],[-105.053257237192,39.7079030821333],[-105.053258237363,39.7081320820104],[-105.053258238906,39.7084640829285],[-105.053259239639,39.7085180826964],[-105.053259240083,39.7086520827595],[-105.053259240391,39.7088080829047],[-105.053259240818,39.708842082798],[-105.053260243221,39.709417082724],[-105.053261242898,39.7096100830769],[-105.053261244069,39.7097470832654],[-105.053262245903,39.710160083495],[-105.053262245562,39.7103020833406],[-105.053263246077,39.7104130836796],[-105.053252249286,39.7112130840404],[-105.053250249639,39.7113450840681],[-105.053256252471,39.7119050835939],[-105.053268257032,39.7131820846599],[-105.053269258314,39.7133330841652],[-105.053272264462,39.714976085483],[-105.053272264584,39.7149910854291],[-105.053273264707,39.7150050849131],[-105.05327526937,39.7161930854274],[-105.05327627089,39.7166330862058],[-105.053276271014,39.7166480861428],[-105.053276270225,39.7166560859859],[-105.053279274852,39.7177280864661],[-105.053279275321,39.7177380867219],[-105.053279276313,39.7180190863729],[-105.053280276661,39.718235086801],[-105.053280277193,39.7184320871708],[-105.053280277672,39.7186030866941],[-105.053280278266,39.7186280868731],[-105.053280278346,39.718704087157],[-105.053279279839,39.719072086795],[-105.053275284357,39.7200570874346],[-105.053274284796,39.7204160872994],[-105.05327328607,39.7205450878264],[-105.053272286736,39.7209340874556],[-105.053271288096,39.7210650874668],[-105.053271287235,39.7210840881934],[-105.053271288166,39.7211410876838],[-105.053270289862,39.7214780883249],[-105.05326729226,39.7222090887502],[-105.053265294353,39.7227200884961],[-105.053264295434,39.7231320884503],[-105.053260299169,39.7240850892434],[-105.053258301685,39.7247320892355],[-105.053257303456,39.7250730893495],[-105.053255304532,39.7254160896296],[-105.053255305254,39.725656089647],[-105.053255304997,39.7256630897137],[-105.053254306132,39.7257290902892],[-105.053254306251,39.7257440901769],[-105.053254305578,39.7257670898812],[-105.053254305462,39.7258020902175],[-105.053254306143,39.7258290898362],[-105.053254306005,39.7258510897896],[-105.053254306777,39.7258800898134],[-105.053254306542,39.7259000902614],[-105.053254306641,39.7259520899874],[-105.053253306961,39.7261130904278],[-105.053253306892,39.7261240904035],[-105.053253307996,39.7261850896996],[-105.053253307061,39.7262150903661],[-105.053253307843,39.7263940901275],[-105.053253309229,39.7265610901535],[-105.053252311288,39.7272340905081],[-105.053251311932,39.7273400910207],[-105.053251312403,39.727350090341],[-105.05325131407,39.7277730906699],[-105.053250316765,39.7285230913957],[-105.05325031616,39.7285350911109],[-105.053249316927,39.7286690909133],[-105.053249318092,39.7289690910284],[-105.053248320405,39.7294740912102],[-105.053248320611,39.7295410916362],[-105.053247322098,39.7298910916123],[-105.05324632577,39.7310390924159],[-105.053245327672,39.7312860927064],[-105.053242334082,39.7331080932],[-105.053404334099,39.7331080930398],[-105.053719334853,39.733107092393],[-105.053729334378,39.7331070924917],[-105.053935334227,39.7331060921025],[-105.054113334933,39.7331050915305],[-105.054170335253,39.733105092263],[-105.054340335345,39.7331050914047],[-105.054398334741,39.733104091558],[-105.054419334674,39.733104091827],[-105.054422336948,39.7336410920477],[-105.054674337445,39.7336400916217],[-105.05467533735,39.7337210913141],[-105.054977338519,39.7337200912279],[-105.055013338054,39.7337200913782],[-105.055009335641,39.7331020905996],[-105.055021335767,39.7331020909494],[-105.055082336128,39.7331020910563],[-105.055424336221,39.7331010897624],[-105.055539335908,39.7331000903514],[-105.055596336224,39.7331000903931],[-105.055594337097,39.7334680897057],[-105.055589341349,39.7345100904816],[-105.05558834228,39.7347080910392],[-105.055587342444,39.7347360910402],[-105.055586343443,39.7349130905516],[-105.055572343012,39.7349140905603],[-105.053233340857,39.7349210935763],[-105.053232341449,39.7349660937957],[-105.053231341494,39.7351250942086],[-105.053231342094,39.7351630936749],[-105.053231342574,39.7351860942053],[-105.053231342511,39.7352600936331],[-105.05323134236,39.7352820944114],[-105.053230343431,39.7353500942532],[-105.053229343974,39.7355450937062],[-105.053229344066,39.7356100944858],[-105.053228344564,39.7358420945267],[-105.053227345275,39.7359780943695],[-105.053224347418,39.7365380943419],[-105.053223347662,39.736740094649],[-105.053223347976,39.7367720947014],[-105.053221349173,39.7371160950688],[-105.053220350656,39.7373830951744],[-105.053214355177,39.7384890952596],[-105.053210357691,39.7392980955738],[-105.053206361235,39.7399920959164],[-105.053204362136,39.7403080957558],[-105.053204362192,39.7403600961086],[-105.053204362879,39.7404130962098],[-105.0532043628,39.7405000958084],[-105.053204363259,39.7405100959811],[-105.053205363673,39.7407130961299],[-105.053206364916,39.7410860964424],[-105.053208368188,39.7419370964082],[-105.053208369548,39.742182097313],[-105.053208369396,39.7422040971348],[-105.053209371631,39.7426990968962],[-105.053209371367,39.7427820974365],[-105.053211373466,39.7433400974882],[-105.053211373828,39.7434870970553],[-105.053211374842,39.7435850973657],[-105.053212376151,39.7438820977],[-105.053212376096,39.7439820974833],[-105.053215381198,39.7451880981732],[-105.053215381152,39.7452250986519],[-105.053216382338,39.7456700979982],[-105.05322038946,39.7474110992264],[-105.053220390258,39.7476050991656],[-105.053220390815,39.7476170988013],[-105.053220390008,39.7476880995556],[-105.053221391827,39.7481580993065],[-105.053224396932,39.7494581001534],[-105.053224398862,39.7498151004722],[-105.053226401894,39.7508911038398],[-105.053227402729,39.7512501054453],[-105.053228403573,39.7516091070032],[-105.053230406797,39.7526871118416],[-105.053230407658,39.7530331127622],[-105.05323040714,39.7530471127548],[-105.053231408469,39.7534661148144],[-105.053232409382,39.7539011171818],[-105.053232410332,39.7539341167757],[-105.053232410467,39.7540881175611],[-105.053232410766,39.7541701180117],[-105.053234411423,39.7542841186918],[-105.0532444122,39.7548481208577],[-105.053235414346,39.7555541239457],[-105.053235415235,39.7557871249166],[-105.053237418052,39.7569271300228],[-105.053237417536,39.7569411299951],[-105.053238418335,39.7572461312844],[-105.053240421523,39.7581661352572],[-105.05324042246,39.7584751360763],[-105.053241423024,39.7588371376886],[-105.053242426021,39.7599291420905],[-105.053242427137,39.7602921439556],[-105.053243427641,39.7606521458429],[-105.053244431023,39.7617261496993],[-105.053244431427,39.7620861512003],[-105.053244432796,39.7622661519371],[-105.053244433491,39.7628081544394],[-105.053244434415,39.7629911552422],[-105.053244435243,39.7631721565551],[-105.053244435798,39.7634601577847],[-105.053244435681,39.7637211588419],[-105.053244437237,39.7639051593227],[-105.053243436738,39.7640861603758],[-105.053243437436,39.7643521609657],[-105.05324343878,39.7646321623662],[-105.053243439166,39.7648161627796],[-105.053243439178,39.7649921634751],[-105.053243441833,39.7657021672781],[-105.053242442651,39.7661631685482],[-105.053242443627,39.7666111706458],[-105.053242444182,39.766623171097],[-105.053242443674,39.7667001715737],[-105.053242444371,39.7667401709703],[-105.053242445254,39.7670731725918],[-105.053242445294,39.7670991729599],[-105.053242445581,39.7672811737287],[-105.053242446459,39.7673251738662],[-105.053242445963,39.7673521739668],[-105.053242446325,39.7674101740207],[-105.053242445953,39.7675151743127],[-105.053242447598,39.7678771763113],[-105.053241450253,39.7689691811291],[-105.053241450803,39.7693201822249],[-105.053241450913,39.7693351827714],[-105.053241451429,39.7694341827726],[-105.053241452895,39.7697421843536],[-105.053241453069,39.7697961845098],[-105.05324145243,39.7698451841806],[-105.053241452656,39.7698751843669],[-105.053241453909,39.7701031854099],[-105.053241455785,39.7711361897963],[-105.053242460009,39.7725781963924],[-105.053242460363,39.7728621976629],[-105.053242461119,39.7729411974332],[-105.053242462223,39.7733041993247],[-105.053242464652,39.7743992040038],[-105.053242465311,39.7747652057967],[-105.053242466421,39.7751282065374],[-105.053243468456,39.7757052090036],[-105.053243469622,39.7762202114551],[-105.053243471247,39.7765692130276],[-105.053243470823,39.7765852132644],[-105.053243471745,39.776944214821],[-105.053243472923,39.7774092168649],[-105.053243473462,39.7775212166971],[-105.053243474453,39.7779822188063],[-105.053243474068,39.7780242192955],[-105.053243475713,39.778386220758],[-105.053243480986,39.7802082286013],[-105.053243481547,39.7803962295633],[-105.053243483925,39.7816912352494],[-105.053243484713,39.7817332347832],[-105.053244484699,39.7818622354594],[-105.053244484947,39.7819052356205],[-105.053244485304,39.7820762365242],[-105.053244485394,39.7821912371514],[-105.053244487305,39.7827222394396],[-105.053244487007,39.7828162393798],[-105.053244489594,39.7834372425399],[-105.053244489811,39.7835172426226],[-105.053244489048,39.7836012425229],[-105.053239489649,39.7836742435291],[-105.053244489663,39.7837652434008],[-105.053244490072,39.7837992441537],[-105.053244489653,39.783815243446],[-105.054443491629,39.7838192425438],[-105.055589493061,39.7838242407925],[-105.056750494703,39.7838282395911],[-105.05789449589,39.7838322378667],[-105.057913496125,39.7838322380527],[-105.058864497643,39.7838352364338],[-105.059820498623,39.7838392356467],[-105.060347499812,39.7838412342804],[-105.060576499151,39.7838422341082],[-105.060631500142,39.7838422340027],[-105.060709499636,39.783842234113],[-105.060723499994,39.7838422341059],[-105.060766500342,39.7838422341997],[-105.061711501235,39.7838462328657],[-105.061763500898,39.7838462327682],[-105.061795501049,39.7838462329753],[-105.061848501154,39.7838462329609],[-105.062162501937,39.7838472325418],[-105.062176502296,39.7838472323619],[-105.06242550234,39.7838482318085],[-105.06265950275,39.7838492317593],[-105.062659502811,39.7839012321389],[-105.062659502959,39.7840602324616],[-105.062659502619,39.7841132325656],[-105.062658504465,39.7844552337943],[-105.06265650743,39.7856682389736],[-105.062656508008,39.7858232402733],[-105.062655508923,39.7861732418118],[-105.062655508718,39.786188241353],[-105.062655509178,39.7864362426565],[-105.062654510991,39.787001245299],[-105.062654512198,39.7871952458568],[-105.06265351305,39.7878002482871],[-105.062652514266,39.7881812501537],[-105.062652515032,39.7883502511064],[-105.064905518521,39.7883592474998],[-105.064904519295,39.7889412504572],[-105.064903521312,39.7894002525307],[-105.064903520954,39.7894232525765],[-105.06490252128,39.7896192531925],[-105.064902521371,39.7896882533279],[-105.064902522281,39.7898022538246],[-105.064902521705,39.7898132535301],[-105.064901524195,39.790321256515],[-105.064549522749,39.7903212568603],[-105.064314523162,39.7903212567789],[-105.06431252448,39.791081260224],[-105.064243525361,39.7910812598089],[-105.064203524546,39.7910812603932],[-105.064162524359,39.7910812599672],[-105.063875524581,39.7910802604666],[-105.063383523464,39.7910802611524],[-105.063306523476,39.7910802611458],[-105.062883523038,39.7910792618858],[-105.062872522875,39.7910792615832],[-105.062851523088,39.7910792619874],[-105.062646523299,39.7910792618687],[-105.062646522678,39.7909562620667],[-105.062647522197,39.7909182617244],[-105.062647521651,39.7905112600242],[-105.062367520614,39.7905082599598],[-105.061797520221,39.7905022611579],[-105.061718520536,39.790646262088],[-105.06167652064,39.7907232622206],[-105.061613520666,39.7908372623457],[-105.061530520533,39.7909892631742],[-105.061487521173,39.7910682634677],[-105.06148252167,39.7910772640138],[-105.060678519946,39.7910762649848],[-105.060418519746,39.7910752650134],[-105.059696518403,39.7910742663272],[-105.059339518522,39.7910742666491],[-105.05879251695,39.7910732677659],[-105.058767517314,39.7910732677668],[-105.058550516785,39.7910732677901],[-105.056630513866,39.7910702706029],[-105.056162513389,39.7910692705071],[-105.055627513189,39.79106927126],[-105.05527251252,39.7910682715718],[-105.055083512074,39.7910682718742],[-105.053350509613,39.7910652745976],[-105.053246510036,39.7910652745839],[-105.053223509152,39.791065274686],[-105.052474508933,39.7910692756331],[-105.051793507163,39.7910712763019],[-105.051740508008,39.7910722769468],[-105.05164250702,39.7910722767344],[-105.048500502989,39.7910862812321],[-105.047930501929,39.7910882815972],[-105.047915501901,39.791088281655],[-105.046550500257,39.7910942835911],[-105.04647949996,39.7910942839757],[-105.045229498992,39.7911002856234],[-105.045216498891,39.7911002849548],[-105.045174498096,39.7911002857622],[-105.045144498036,39.7911002851737],[-105.044843498526,39.7911012855439],[-105.044837497577,39.7911012857667],[-105.044038496819,39.7911052865715],[-105.043941496283,39.7911052874269],[-105.043846496174,39.7911062875736],[-105.043638496787,39.7911062877796],[-105.043618496847,39.7911072874565],[-105.043537495723,39.7911072878383],[-105.043322495324,39.7911082879976],[-105.04273549498,39.7911102882604],[-105.042723495417,39.7911102884998],[-105.042159494065,39.7911132893626],[-105.041893493717,39.7911142894667],[-105.041578493387,39.7911152900719],[-105.0415674932,39.7911152904811],[-105.040989492235,39.7911182906841],[-105.040419491628,39.7911202916243],[-105.040408491441,39.7911202919253],[-105.039829490966,39.7911232924414],[-105.039256489774,39.7911252931397],[-105.038680489642,39.7911282943419],[-105.038093488844,39.7911302948824],[-105.037697487552,39.7911322958284],[-105.037578487739,39.7911322960427],[-105.037553488053,39.7911322960432],[-105.037516487632,39.7911322957426],[-105.037411487722,39.7911332955581],[-105.037090487376,39.7911342966158],[-105.036941486693,39.7911352968669],[-105.036860486681,39.7911352962631],[-105.036726487204,39.7911362966965],[-105.03658148714,39.7911362971906],[-105.03649548594,39.7911372970987],[-105.036367485847,39.791137297591],[-105.036184486362,39.7911382972217],[-105.03579648581,39.7911402980687],[-105.035772485499,39.791140298028],[-105.035208484182,39.7911422991979],[-105.034646484279,39.7911452999005],[-105.034619484292,39.7911442997507],[-105.034506484225,39.791144299856],[-105.034512484933,39.7916133017797],[-105.034516485839,39.7918863029727],[-105.034518485781,39.7920503032979],[-105.029959480009,39.7920333096054],[-105.029951477713,39.7911273052103],[-105.025262470682,39.7911083117035],[-105.025240470294,39.7911083121748],[-105.025240470974,39.7911163118146],[-105.025262477589,39.7939593233716],[-105.025189476733,39.793995323711],[-105.02514847748,39.7940123240085],[-105.025112476965,39.7940263245489],[-105.02503247656,39.7940523244998],[-105.024949476694,39.7940733244632],[-105.024864476354,39.7940873245031],[-105.024778476823,39.7940973251389],[-105.02469247688,39.7941003249099],[-105.024605476176,39.79409732491],[-105.024518476709,39.7940893253083],[-105.024434476556,39.7940753249734],[-105.024350476292,39.7940553253069],[-105.024270475969,39.7940293253549],[-105.024192476021,39.7939993255098],[-105.024120476052,39.7939633253683],[-105.024051475903,39.7939233248821],[-105.023986475735,39.7938773250393],[-105.023927475039,39.7938283250089],[-105.02388447478,39.7937863246909],[-105.023865474492,39.7937603251822],[-105.023846474224,39.7937343247695],[-105.023830475075,39.7937163244094],[-105.023822474543,39.7937083248538],[-105.023802474347,39.7936853249799],[-105.023754473995,39.7936393243923],[-105.023700474535,39.7935973245544],[-105.023640473437,39.7935583239179],[-105.023618474456,39.7935463246494],[-105.023577474021,39.7935243241739],[-105.023542473466,39.7935073240855],[-105.02351147354,39.7934933240482],[-105.023442473764,39.7934683245302],[-105.023370473113,39.7934473243499],[-105.023295472942,39.7934313241367],[-105.023219473234,39.7934203238764],[-105.023183472718,39.7934173239392],[-105.023122472613,39.7934073246322],[-105.023060473148,39.7934033241217],[-105.023039472423,39.7934023240013],[-105.023019472476,39.7934023240566],[-105.022998473113,39.7934023245637],[-105.022936472705,39.7934053247872],[-105.022874472111,39.7934133245215],[-105.022814472277,39.7934253249407],[-105.022755472425,39.7934403249653],[-105.022698472345,39.7934603254045],[-105.022683472956,39.7934663251286],[-105.022643472816,39.7934833250055],[-105.022615472251,39.7934983254193],[-105.022592472844,39.793510325299],[-105.022564472646,39.7935273251595],[-105.022543472435,39.7935413253867],[-105.022536472816,39.793546325373],[-105.022505471985,39.7935693258362],[-105.022444471849,39.7936083263941],[-105.022413472732,39.7936283258525],[-105.02239247246,39.7936423260522],[-105.022289471886,39.7937233267209],[-105.022268472505,39.7937423264456],[-105.022246472707,39.7937623272405],[-105.02219547281,39.7938103270658],[-105.022110472901,39.7939033279991],[-105.022037472596,39.7940013284785],[-105.021975472504,39.7941043289724],[-105.021926473294,39.7942093294273],[-105.021847472895,39.7944833305754],[-105.02182047364,39.7945503306441],[-105.021052472113,39.7943573306976],[-105.021509470611,39.7932903262564],[-105.020794469126,39.7931413261352],[-105.020703468294,39.7931223266165],[-105.020629468641,39.7931073266993],[-105.020557468423,39.7930103255745],[-105.020544464377,39.7910903175675],[-105.020465464102,39.7910893177012],[-105.0203894633,39.7910893180193],[-105.020359464364,39.7910893183266],[-105.020343463768,39.7910893180023],[-105.019896463575,39.7910873190279],[-105.01988546338,39.7910873192131],[-105.019839462682,39.7910873189943],[-105.019742463212,39.7910873188351],[-105.019466462212,39.7910853192731],[-105.01931246243,39.791081319601],[-105.019255462119,39.7910853200078],[-105.019062462418,39.7910843193955],[-105.018738462115,39.7910833199617],[-105.018156460209,39.791080321261],[-105.018133460446,39.7910803208186],[-105.017577460104,39.7910783218036],[-105.017430459952,39.791077322316],[-105.017390460206,39.7910773223146],[-105.017111458913,39.79107632268],[-105.016992459056,39.7910763228064],[-105.016974458527,39.791076322828],[-105.016419458658,39.7910733236197],[-105.01584845715,39.791071324189],[-105.015833457102,39.7910713237628],[-105.01524045647,39.7910703252326],[-105.01444045552,39.791068326274],[-105.014417455755,39.7910683260064],[-105.013533454227,39.7910653269092],[-105.013514454319,39.7910653267768],[-105.013253453653,39.7910653272458],[-105.012953453723,39.7910643282339],[-105.012437453287,39.7910633287056],[-105.012371453057,39.791058328775],[-105.011780451388,39.7910613290261],[-105.011596452034,39.7910603291731],[-105.011308451731,39.7910603295341],[-105.011203451332,39.7910593299372],[-105.011139451264,39.7910593299648],[-105.011122451279,39.7910593305434],[-105.011084450291,39.7910593303932],[-105.010682450495,39.7910583307842],[-105.010190449218,39.7910573310628],[-105.009884449526,39.7910563317005],[-105.009785448942,39.7910563321234],[-105.006415444449,39.7910473367422],[-105.006373444768,39.7910473363246],[-105.00590244334,39.7910463373617],[-105.005629443102,39.7910453375028],[-105.005126442865,39.791043338267],[-105.004838442524,39.7910433381155],[-105.001696438008,39.791027342142],[-105.001051436268,39.7910323432047],[-105.00077943662,39.7910313435466],[-105.000688435735,39.7910313441153],[-104.999966435707,39.7910293451581],[-104.998125433007,39.7910233490626],[-104.998064432232,39.7910233493626],[-104.998015432203,39.7910233494504],[-104.997927432965,39.791023348972],[-104.997897432852,39.7910233489561],[-104.997868432116,39.7910233495913],[-104.997853432218,39.7910223498463],[-104.997831432992,39.7910223497051],[-104.997824432656,39.791022349575],[-104.997808432049,39.7910223497912],[-104.99780143288,39.7910223496647],[-104.996984430981,39.7910203514533],[-104.996927431235,39.7910203511422],[-104.994973428893,39.7910243552843],[-104.993236426356,39.791027359738],[-104.993229428359,39.7920443633914],[-104.990735425309,39.7920433693889],[-104.990659424505,39.7920433694383],[-104.990280423829,39.7915193681836],[-104.990270422665,39.7910853657743],[-104.990268422945,39.7910323659408],[-104.989088421061,39.7910343684454],[-104.988854420659,39.7910353686622],[-104.98866242026,39.7910353691283],[-104.988659420943,39.7910353696146],[-104.988658420393,39.7910353697732],[-104.988656420466,39.791035369195],[-104.988655419915,39.7910353693536],[-104.988654420532,39.7910353695174],[-104.988653419982,39.791035369676],[-104.988652420599,39.7910353698398],[-104.988612420807,39.7910353699704],[-104.988441420267,39.7910353703019],[-104.98842141979,39.7910353698802],[-104.987576419604,39.7910373719283],[-104.9875484194,39.7910373716737],[-104.987538418571,39.7910373722856],[-104.986388417634,39.7910393747125],[-104.986382418739,39.7918693780169],[-104.986358419277,39.7918693778175],[-104.985827418374,39.7918673793896],[-104.985795417923,39.7918673792668],[-104.9857904172,39.7916713785177],[-104.985203417211,39.7916683797832],[-104.985203416827,39.791628379707],[-104.985204416545,39.7910413766978],[-104.985185415437,39.7910413773934],[-104.984772415746,39.7910423776093],[-104.984574415132,39.7910433782143],[-104.984233414471,39.7910433793895],[-104.984127414578,39.7910433789238],[-104.983869413643,39.7910443802791],[-104.983759413882,39.7910443799642],[-104.982850412956,39.7910403816534],[-104.982856412839,39.7910463820764],[-104.982829413168,39.7910463823917],[-104.978556407355,39.7910543913053],[-104.978274407455,39.7910543923873],[-104.978170406265,39.7910543927127],[-104.978169407439,39.7917863958029],[-104.978168407585,39.7918853954664],[-104.97771640773,39.7918833970817],[-104.977708406546,39.7910543935574],[-104.977105405559,39.7910533946103],[-104.975974403981,39.7910513969855],[-104.97597140468,39.7913083977333],[-104.975960405166,39.792307402776],[-104.97595940599,39.7924354027503],[-104.973665403132,39.7924194079512],[-104.973069401674,39.7924154087693],[-104.973064402882,39.7931754123846],[-104.973059403844,39.7940924168585],[-104.97324540472,39.7940944162234],[-104.974673406658,39.7941034130955],[-104.974674406164,39.7942174130489],[-104.974681408122,39.7955944189309],[-104.974681408373,39.7956034192114],[-104.974681408376,39.795691419839],[-104.972212405259,39.7956834249341],[-104.97116640327,39.7956794269642],[-104.971167404084,39.7961344297145],[-104.971658404589,39.7961424283229],[-104.971657405187,39.7964484297096],[-104.971654406228,39.7972584330511],[-104.97165040833,39.7982924378302],[-104.971650408454,39.7983184380151],[-104.971020407544,39.7983134394539],[-104.968738403264,39.7982984437269],[-104.968715403969,39.7982974438228],[-104.968633404027,39.7982974440552],[-104.968638400757,39.7956644327083],[-104.968636400691,39.7956644326907],[-104.968636400117,39.7955784323885],[-104.96863840018,39.7955784324061],[-104.968642397895,39.7938404252651],[-104.96864339705,39.7931974219666],[-104.968380396456,39.7931904230469],[-104.968354397274,39.793255423364],[-104.96754139547,39.7932594247882],[-104.967541395291,39.7932144242302],[-104.967684395441,39.7928134224167],[-104.967789395072,39.7926234218565],[-104.967822395032,39.7924434210071],[-104.96793239445,39.7918454177886],[-104.968279395152,39.7918484171345],[-104.968310394486,39.7918494172296],[-104.968456394796,39.7916944161447],[-104.9686183947,39.7915504147791],[-104.968771395004,39.7914344146428],[-104.968771395218,39.7913914144249],[-104.968773394502,39.7911124133138],[-104.968773394476,39.7910414124615],[-104.968754394522,39.7910414123123],[-104.960539383452,39.7910274307991],[-104.960439383221,39.7910274310915],[-104.960191382692,39.7910264314287],[-104.959348383124,39.7916594357652],[-104.959176382637,39.7917904369406],[-104.956328381661,39.7939614523792],[-104.95542938098,39.7946474572688],[-104.954590378992,39.7946464594198],[-104.949897372686,39.7946404693991],[-104.949707373322,39.7946394700523],[-104.948637371317,39.7946364720181],[-104.947643369648,39.7946334739941],[-104.946727368354,39.7946304764932],[-104.945120366427,39.794625479936],[-104.944025364592,39.7946224825198],[-104.942866363622,39.794618484966],[-104.942621362887,39.7946184848033],[-104.94170236222,39.794615487159],[-104.940552359742,39.7946114896754],[-104.940476359409,39.7946114897774],[-104.940482358742,39.7927944814053],[-104.940483358675,39.7923394800909],[-104.940484357912,39.7922024789032],[-104.940484358205,39.792185478917],[-104.940484357924,39.7920664789997],[-104.940484357759,39.7919294775525],[-104.94048735787,39.7911294744405],[-104.94048735758,39.7910784744551],[-104.940487357794,39.790974474115],[-104.940088356386,39.790976474832],[-104.939986356338,39.790977475002],[-104.939888355976,39.7909774754591],[-104.931661346146,39.7910174930358],[-104.931646346087,39.7910184933301],[-104.927069340254,39.7910405032927],[-104.927036339504,39.7910405030497],[-104.926950339771,39.7910405033937],[-104.926967338045,39.7869534848902],[-104.926981336407,39.7837774712498],[-104.926381334976,39.783780472591],[-104.925225334181,39.78378647465],[-104.925006333647,39.7837874751439],[-104.924685333852,39.7837894756142],[-104.923630332622,39.7837944783644],[-104.923444331698,39.7837954789634],[-104.923423331583,39.7837954788095],[-104.922274330867,39.7838014807727],[-104.920015328187,39.7838064855761],[-104.91771532501,39.7838114910767],[-104.91688332439,39.7838124931203],[-104.916748324058,39.7838134934206],[-104.916316324004,39.7838144942805],[-104.916269323823,39.7838144936596],[-104.916076323149,39.783814494114],[-104.915911323431,39.7838144944519],[-104.915857323423,39.7838154947096],[-104.915789323096,39.7838154950921],[-104.915671322398,39.7838154949997],[-104.91566032327,39.7838154953561],[-104.915309322341,39.7838164963691],[-104.915267322075,39.7838164958579],[-104.915071322359,39.7838164968845],[-104.91429032097,39.7838184986075],[-104.91422232064,39.783818498085],[-104.914054320701,39.7838184989084],[-104.913871320806,39.7838194993204],[-104.913324320045,39.7838205003242],[-104.912899319453,39.783821501006],[-104.912887319869,39.7838215015189],[-104.912874319838,39.7838215015456],[-104.912840319668,39.7838215013306],[-104.912502318841,39.7838215023206],[-104.912183318418,39.7838215026252],[-104.911939317987,39.783821503782],[-104.910760316563,39.7838225060583],[-104.910745316796,39.7838225057499],[-104.910715317256,39.7838225060281],[-104.910074316119,39.7838225071783],[-104.909486315543,39.7838225085589],[-104.909463315661,39.7838225084958],[-104.907158313042,39.7838235134287],[-104.907026312928,39.7838235143465],[-104.90674531203,39.7838235147465],[-104.906663312331,39.78382351498],[-104.905770311207,39.7838245165868],[-104.905752311242,39.7838245167134],[-104.905740311658,39.7838245164981],[-104.903511307983,39.7838245213021],[-104.903511308423,39.7839955218986],[-104.90351130794,39.7840555225129],[-104.903515309021,39.7852605283065],[-104.903515308441,39.7853415279258],[-104.903515308061,39.7853495285425],[-104.903519308525,39.7865395340478],[-104.903520308539,39.7868615352493],[-104.903521308196,39.7870915361133],[-104.903522308267,39.7873065372741],[-104.903522308648,39.7873295375736],[-104.903523308442,39.7878315393706],[-104.90352730857,39.7889095442453],[-104.903534308535,39.7911175546508],[-104.903541309082,39.7935355654911],[-104.903542308692,39.7939455678393],[-104.903553309591,39.7977625850539],[-104.903555309286,39.7983955875581],[-104.903542308878,39.7983955874669],[-104.903312309171,39.7983945881352],[-104.902901308726,39.7983945892433],[-104.902668307862,39.7983945893847],[-104.901518306729,39.7983935921354],[-104.90141930558,39.798393592473],[-104.901417306256,39.8002056008658],[-104.900412304381,39.8002056027225],[-104.899068302528,39.8002046062432],[-104.899070303047,39.7983925975865],[-104.897212299927,39.7983916012049],[-104.896906299784,39.7983916026814],[-104.894165294947,39.7983896079485],[-104.894122295723,39.7983896083112],[-104.889381289047,39.7983876187771],[-104.88474428148,39.7983846289441],[-104.884627281161,39.798384629215],[-104.88445028086,39.7983846292201],[-104.884445280578,39.799992637374],[-104.884442280584,39.8009256412094],[-104.8844402805,39.8014776438321],[-104.884436279736,39.8029206505132],[-104.884431278926,39.8044596580169],[-104.884427279545,39.8056686633462],[-104.884426279037,39.8060846650655],[-104.884423278809,39.8071126701218],[-104.884409276453,39.8116466910292],[-104.884405276751,39.812816696293],[-104.881931271848,39.8128207017749],[-104.880050268901,39.8128237066923],[-104.875333261316,39.812831717258],[-104.871442254726,39.8128387254951],[-104.868359248306,39.8128437323111],[-104.866261245409,39.8128477373252],[-104.866236250526,39.8056987039228],[-104.86621325514,39.7984126694968],[-104.86609525511,39.7984126702957],[-104.86605125512,39.7984126703345],[-104.866035255015,39.7984126706715],[-104.866017254759,39.7984126701465],[-104.86598425506,39.7984126699317],[-104.8613322479,39.7983966807218],[-104.856614240606,39.7983806912135],[-104.850007231268,39.7983577049869],[-104.847193226715,39.7983487110608],[-104.842309220042,39.798309722114],[-104.838750215601,39.7982817296578],[-104.837644213573,39.7982737322282],[-104.835506210175,39.798256736729],[-104.830737204045,39.7982177473007],[-104.828094199371,39.7981967529387],[-104.828064199328,39.7981967529072],[-104.828054199705,39.7981967525969],[-104.827186198159,39.7982027545466],[-104.823634193425,39.7982247627819],[-104.820038188523,39.7982477707835],[-104.819168187265,39.798253772354],[-104.815969181586,39.798271779371],[-104.812550176634,39.7982917876497],[-104.809718173105,39.7983077937123],[-104.809690173135,39.798307793518],[-104.809632172514,39.798308793733],[-104.809594172888,39.798308793442],[-104.809510172968,39.7983087936514],[-104.807667169755,39.7983087980541],[-104.807561170341,39.7983087981425],[-104.807395169473,39.7983087983504],[-104.806265167692,39.7983078010039],[-104.806067167659,39.7983078017867],[-104.80603916768,39.7983078016252],[-104.804689165689,39.7983078046369],[-104.804527165117,39.798307804605],[-104.80026915954,39.7983078143879],[-104.799959158264,39.7983078149058],[-104.795512151716,39.7983068245428],[-104.790896145172,39.7983058350211],[-104.790820145797,39.798305834945],[-104.790893130175,39.8055858713376],[-104.790894129782,39.8056398714588],[-104.790894129393,39.8056568715512],[-104.790965115608,39.8126859065946],[-104.790966114336,39.8128629067438],[-104.790894098705,39.8201069427812],[-104.790846095791,39.8216089507383],[-104.790667083578,39.8272179795161],[-104.790666083128,39.827264978922],[-104.790745068091,39.8345420157443],[-104.790825053035,39.8418190509386],[-104.781388031081,39.8417980734815],[-104.776731020891,39.8417870843928],[-104.77644301964,39.8417870853612],[-104.776089019506,39.8417860857931],[-104.771967010031,39.8417760960028],[-104.771951009251,39.8417760953238],[-104.76713299836,39.841790106995],[-104.762503988144,39.8418031177902],[-104.762314987007,39.8418031183158],[-104.762313986675,39.841876119287],[-104.762293982194,39.8436971284507],[-104.762275977858,39.8454141366235],[-104.762139977435,39.8454131375169],[-104.760706973416,39.8454041407755],[-104.759282970054,39.8453941438216],[-104.757531967015,39.8453831481166],[-104.757147965415,39.8453811489066],[-104.757114965571,39.8453801492205],[-104.757019965303,39.8453801492854],[-104.75700396484,39.8453801492861],[-104.756993965427,39.8453801492909],[-104.756917965071,39.845379149542],[-104.75646296402,39.8453761501147],[-104.753089955984,39.8453541585788],[-104.752761954966,39.8453521595267],[-104.752726954687,39.8453521591662],[-104.752397954673,39.8453501599719],[-104.747009948878,39.8453141781602],[-104.746866948625,39.8453131788481],[-104.746722948202,39.8453121792742],[-104.742277948178,39.8452831980829],[-104.735768948203,39.8452402263798],[-104.734189948638,39.8452292326231],[-104.732717947753,39.8452192386111],[-104.732134948001,39.8452152415881],[-104.731851948463,39.8452132424592],[-104.731837948344,39.8452132430746],[-104.730937947865,39.8452072464476],[-104.730894937422,39.8489902645407],[-104.730810916732,39.8564773011254],[-104.73079191174,39.858081308932],[-104.730729895984,39.8635953351684],[-104.730646874877,39.8708673700216],[-104.730482833886,39.8854394404719],[-104.73043482138,39.8896574606885],[-104.730434822219,39.8896704614588],[-104.730365804411,39.8957124897332],[-104.730364804152,39.8958094901925],[-104.730360803664,39.8961544918666],[-104.729784803317,39.8961504939193],[-104.729632803313,39.8961494948768],[-104.714978806401,39.8960505435437],[-104.714947806457,39.8960505443489],[-104.714753805688,39.8960485449501],[-104.713617806567,39.896041548818],[-104.703276807765,39.8959695832272],[-104.703231797338,39.8998675995733],[-104.703177784493,39.9045056198562],[-104.703154779797,39.9064666285273],[-104.703148777991,39.9069496306443],[-104.701229777968,39.9069366371889],[-104.696800779318,39.906905650378],[-104.692616780618,39.9068756637691],[-104.692099780515,39.906872665259],[-104.692013760449,39.9141096957639],[-104.692012760553,39.9141906957142],[-104.69201276127,39.9142116958467],[-104.690400760697,39.914198700691],[-104.687435761851,39.9141737098178],[-104.684844762739,39.9141527180036],[-104.680254763248,39.9141137312479],[-104.679536764362,39.9141077339148],[-104.67953776347,39.9140277336693],[-104.67963978274,39.9070407058868],[-104.678092782864,39.9070297109065],[-104.67802278329,39.9070287115848],[-104.668692785013,39.9069257408406],[-104.668546784523,39.9069237409318]]],[[[-104.940697167246,39.697956255889],[-104.940697167034,39.6977302558156],[-104.940028166757,39.697733257212],[-104.940026167706,39.6979282576331],[-104.938689168071,39.6979332594162],[-104.938563167913,39.6979342602763],[-104.938564163348,39.696661259416],[-104.938635164186,39.6966612588057],[-104.939553163452,39.6966592568721],[-104.939554163359,39.6965702569164],[-104.939676163224,39.6965702573318],[-104.939735163004,39.6965702565195],[-104.940190163216,39.6965712560765],[-104.940555162632,39.6965722553793],[-104.940612162826,39.6965722554227],[-104.940670163204,39.6965712550218],[-104.940698163116,39.6965712548918],[-104.940698162922,39.6965702551213],[-104.940697159628,39.695406254369],[-104.9406961572,39.6947632532865],[-104.940633156986,39.694760254248],[-104.940554157247,39.6947642540111],[-104.940555159164,39.6954052546575],[-104.940491159764,39.6954052546064],[-104.939615159718,39.695403255892],[-104.939511160102,39.6954032565334],[-104.939510159278,39.6951072558448],[-104.939510158217,39.6947612560619],[-104.937852157729,39.6947652589422],[-104.937353157741,39.6947662599788],[-104.936260158594,39.6947682623751],[-104.936260158321,39.6947842623055],[-104.93626916346,39.6965842638842],[-104.936350164455,39.6965842630532],[-104.936424163874,39.6965832630687],[-104.936420167553,39.6978432644565],[-104.936408167536,39.6978432645919],[-104.935906167746,39.6978442650312],[-104.935912164355,39.6966002641268],[-104.935912163667,39.6965852639717],[-104.935131164725,39.6965872660416],[-104.934080164484,39.6965912676414],[-104.934033164468,39.6965912684268],[-104.933994163942,39.6965912680653],[-104.933126165027,39.6965932694832],[-104.932911164557,39.6965972704676],[-104.932839164714,39.6965992704502],[-104.932775164966,39.6965942700547],[-104.93258116507,39.6965952706401],[-104.93239716539,39.6965962714367],[-104.931746165513,39.6965982722486],[-104.931735164913,39.696598272232],[-104.931715164451,39.6965982728574],[-104.931645165192,39.6965982723288],[-104.930969165189,39.6965992743371],[-104.929855165194,39.6966022758131],[-104.928213165168,39.6966062791218],[-104.928213165584,39.696636279443],[-104.92821116932,39.6977972804065],[-104.928209171421,39.6984252811273],[-104.928796171084,39.6984202796869],[-104.928780176514,39.7002282805619],[-104.928795175886,39.7002282804591],[-104.929314175837,39.7002282799706],[-104.929982175896,39.7002242789482],[-104.930186176152,39.7002232779161],[-104.930341175421,39.700222277869],[-104.930363175427,39.7002222781506],[-104.930428176146,39.7002212779646],[-104.930462175416,39.7002212777961],[-104.930481175315,39.7002212779376],[-104.930790175742,39.7002192765343],[-104.931720175857,39.7002142754085],[-104.931720175864,39.7002872747528],[-104.931720175571,39.7003192754626],[-104.932832175492,39.700305273255],[-104.932883176196,39.7003052733155],[-104.932883178748,39.7013222740238],[-104.934053178251,39.7013132712076],[-104.934053180076,39.7020402720718],[-104.934045185951,39.703760272899],[-104.933978185732,39.7037612735817],[-104.933292185285,39.7037722748468],[-104.932857185487,39.7036162750131],[-104.932868182913,39.7029382747336],[-104.932883181285,39.7020492740468],[-104.932869180812,39.7020492740858],[-104.931712180478,39.7020582766552],[-104.931712181778,39.7021882762584],[-104.931707184773,39.7032042776607],[-104.931707184751,39.7033502770926],[-104.931706185797,39.703685277331],[-104.931705185905,39.7038592780103],[-104.930476186078,39.7038592802994],[-104.93017318638,39.7038592807684],[-104.929317186836,39.7038592824815],[-104.929315187048,39.7038592826854],[-104.926992187069,39.7038592869236],[-104.926992187519,39.7040652868567],[-104.926990188886,39.7047302875186],[-104.926989190405,39.7051512883868],[-104.926986194379,39.7065612887881],[-104.926986195039,39.7067012894943],[-104.92828319482,39.7066912861413],[-104.92828719482,39.7067872868056],[-104.929118195064,39.7067882852308],[-104.929120194177,39.706412284425],[-104.929537193467,39.7064142834076],[-104.929542197651,39.7074932847127],[-104.929546199471,39.7085122857649],[-104.92946520056,39.7084982852603],[-104.926982198546,39.7080542903471],[-104.926983198867,39.7081142902152],[-104.927031198972,39.7081222898092],[-104.927482198978,39.7082052896164],[-104.928982200473,39.7084792866966],[-104.929291200556,39.7085352854037],[-104.929482200424,39.7085702851319],[-104.929494200039,39.7085732858913],[-104.929533200478,39.7085802851747],[-104.929547199991,39.7085822850541],[-104.92982219994,39.7086382849814],[-104.929861200481,39.7086462848226],[-104.93024420012,39.7087242841787],[-104.930802201413,39.7088632827904],[-104.93095920118,39.70890928322],[-104.931683201428,39.7091282818795],[-104.931682202147,39.7091482813733],[-104.9316792041,39.7099422825401],[-104.93167420778,39.7110962829425],[-104.933810207325,39.7110922785729],[-104.934421207581,39.7110902778269],[-104.934766207926,39.7110902771587],[-104.936132207733,39.7110872745102],[-104.93627720758,39.7110862735346],[-104.938191206866,39.711082270209],[-104.940345206913,39.7110782655711],[-104.940686206887,39.7110772647684],[-104.940686207299,39.7109942654052],[-104.940687202127,39.7092972639859],[-104.940688199423,39.7083312631077],[-104.940689195375,39.7073462627368],[-104.940689192405,39.7063392615129],[-104.940690192075,39.7060672614093],[-104.940690191538,39.7059002617095],[-104.940690191236,39.7057952610249],[-104.940690189858,39.7052832608134],[-104.940690188709,39.7049062605356],[-104.940690188289,39.7048432608224],[-104.940690187691,39.7047002608551],[-104.940691185432,39.703816260008],[-104.940691185045,39.703814260472],[-104.940693180028,39.7020562592184],[-104.940694174648,39.7002322574919],[-104.940694174515,39.7002072578789],[-104.940694174563,39.7001892575457],[-104.940694174213,39.7001752571845],[-104.940695172759,39.6998432568615],[-104.940696169084,39.6983812565692],[-104.940697167246,39.697956255889]]],[[[-104.929311181446,39.7020382810658],[-104.929311181346,39.7018772814106],[-104.929313178805,39.7012882805731],[-104.929313179528,39.7012732804429],[-104.929277178868,39.701273280477],[-104.928299179381,39.701275282816],[-104.928312179465,39.7012882826589],[-104.928496179665,39.701469282138],[-104.928643179954,39.7016142819261],[-104.929024181189,39.7019292814298],[-104.929182181822,39.7020442814166],[-104.929311181446,39.7020382810658]]],[[[-104.902671143135,39.6857133217882],[-104.901150141235,39.6848103238713],[-104.899374139423,39.6837543264426],[-104.898783139153,39.6834033275845],[-104.898786144821,39.6855883290725],[-104.898786145201,39.6857053290352],[-104.902671143135,39.6857133217882]]],[[[-104.910920130598,39.682076302563],[-104.910920124985,39.6798933007867],[-104.910854125329,39.6798933015339],[-104.91069012518,39.679893301042],[-104.908293126345,39.6798853058755],[-104.908274126093,39.6798853057227],[-104.908221126139,39.6798843066914],[-104.908203126026,39.6798843061572],[-104.908203126539,39.6798953064171],[-104.908202126426,39.6799683067744],[-104.908202126402,39.6800673063839],[-104.90820112691,39.6802713064331],[-104.908201127641,39.6803073065371],[-104.908201131469,39.6820603079644],[-104.908201132063,39.682075308225],[-104.909614131463,39.6820763052884],[-104.909733131544,39.6820763047174],[-104.910757131339,39.6820763027014],[-104.910920130598,39.682076302563]]],[[[-105.022982029168,39.6604980929324],[-105.02294602962,39.6604970929599],[-105.022831029306,39.6604980924818],[-105.022932029554,39.660498092657],[-105.022982029168,39.6604980929324]]],[[[-105.064910035743,39.6533340474003],[-105.064909035225,39.6532510477794],[-105.064771034811,39.6532520481753],[-105.063970034318,39.6532530484681],[-105.063972034639,39.6533360482077],[-105.063975035365,39.6534690486214],[-105.06397503581,39.6534800488741],[-105.063983035823,39.6537790488393],[-105.064911037143,39.6537770478314],[-105.064910036521,39.6534800472905],[-105.064910035743,39.6533340474003]]],[[[-105.063560028545,39.6518600488615],[-105.063400028303,39.6518590483433],[-105.06328402848,39.6518590487749],[-105.062587027526,39.6518560495],[-105.062563028247,39.651856049342],[-105.062563027668,39.6518950496804],[-105.062557031644,39.6528600496425],[-105.062557031555,39.6528920497261],[-105.063539032181,39.6528950487004],[-105.063553032838,39.652896049133],[-105.063560028545,39.6518600488615]]],[[[-105.081486978622,39.6351380255787],[-105.081486978123,39.6350110252803],[-105.081487978541,39.6350040258628],[-105.081475977717,39.6350040254481],[-105.080873977303,39.6350020263187],[-105.080869980664,39.6356880267292],[-105.081435980634,39.6356900255141],[-105.081482980253,39.6356900254065],[-105.081483980874,39.6356380258809],[-105.081484979738,39.6354510260105],[-105.081486978622,39.6351380255787]]],[[[-104.925781109444,39.6765842696285],[-104.925774107016,39.6758292689886],[-104.925749107418,39.6758292693719],[-104.925724106682,39.6758282690656],[-104.925724106997,39.6757592690775],[-104.925724106281,39.6757382692334],[-104.925725106263,39.6755252691645],[-104.925725105647,39.6752822690473],[-104.92758210471,39.6752742654758],[-104.927577103952,39.674954265315],[-104.927575103202,39.6748282655152],[-104.927624102776,39.6748282654082],[-104.927805103628,39.6748282647373],[-104.928627102626,39.6748272629452],[-104.928689102988,39.6748262627536],[-104.929257102371,39.6748262619564],[-104.930067101658,39.6748252602913],[-104.929075097822,39.6734002609005],[-104.928774097716,39.672966261131],[-104.928570096439,39.6726742620042],[-104.927950094328,39.6717842624714],[-104.926298088098,39.6694092639945],[-104.926292088296,39.6694012634927],[-104.925722088314,39.6694062649976],[-104.925469088425,39.6694082649568],[-104.92543408885,39.6694112652657],[-104.925399089297,39.6694132657842],[-104.925318089297,39.6694132652287],[-104.925278088758,39.6694112655597],[-104.925260089041,39.6694102660441],[-104.925238089413,39.6694082661029],[-104.925217088611,39.6694062656372],[-104.925158088528,39.6693982662154],[-104.925080088991,39.6693822656711],[-104.925004088444,39.669361266044],[-104.924930089241,39.6693352664486],[-104.924940088672,39.6693122663788],[-104.925086087248,39.6689782657834],[-104.925048088227,39.668934266134],[-104.924959087681,39.6688292654683],[-104.924906087403,39.668627265803],[-104.924712086591,39.6684302658662],[-104.922919085566,39.6678852686616],[-104.922669085547,39.6678442696042],[-104.922664085909,39.6676622696059],[-104.922639085193,39.6675812690342],[-104.92222708544,39.6675812703703],[-104.922206085123,39.6675812698276],[-104.92190208553,39.6675832707871],[-104.92140308574,39.6675832718748],[-104.921311085934,39.6675832720488],[-104.921279086052,39.6675832721319],[-104.921352086412,39.667669272217],[-104.921432086775,39.6677542717988],[-104.921048087872,39.6679722726173],[-104.920702088494,39.6681692740021],[-104.920572087747,39.6680362739766],[-104.920915087396,39.6678342727945],[-104.921008086542,39.6677792727808],[-104.920800086787,39.667581273189],[-104.920773086767,39.6675552728368],[-104.920723086155,39.667508272714],[-104.920308085051,39.6671132731836],[-104.920346085628,39.6670892730778],[-104.920583085078,39.666940272585],[-104.92222108422,39.6669482695264],[-104.922223082123,39.6665512697889],[-104.9222240828,39.6664592695991],[-104.922225081819,39.6661942693729],[-104.922229080219,39.6656242684978],[-104.922229079693,39.6656152686585],[-104.92223507743,39.6645762680597],[-104.92224007432,39.6637612674661],[-104.922189074611,39.6637432674829],[-104.922153074307,39.6637302671718],[-104.922161074556,39.6637162672155],[-104.922167075063,39.6637012675533],[-104.922172074501,39.6636862674731],[-104.922175074199,39.6636702676873],[-104.922177075089,39.6636552672772],[-104.922176075098,39.6636402674269],[-104.922173074205,39.6636242678656],[-104.922170074415,39.6636092671911],[-104.922164074913,39.6635942670819],[-104.922157074342,39.6635792674551],[-104.922148073897,39.6635652676863],[-104.922138074651,39.6635522672923],[-104.922119074534,39.6635312676199],[-104.921802073787,39.6631732682006],[-104.921620072776,39.6629682675969],[-104.921605073394,39.662951267738],[-104.921582072659,39.6629182680077],[-104.921562072873,39.6628842679461],[-104.921547072732,39.6628482677005],[-104.9215410725,39.6628302682028],[-104.921535072359,39.6628112680217],[-104.921528072625,39.6627742677322],[-104.921524072569,39.6627372677936],[-104.92152607194,39.6626992678749],[-104.92153107214,39.6626612683129],[-104.921540071821,39.6626242675],[-104.921554072013,39.6625882676596],[-104.921572071665,39.6625532674665],[-104.921594071932,39.6625192678252],[-104.921619071679,39.6624872680936],[-104.92164807204,39.6624562680089],[-104.921772070598,39.6623392675889],[-104.921866071263,39.662250267431],[-104.921507069153,39.6614432667906],[-104.921073066723,39.660467267043],[-104.921016066298,39.6603392670705],[-104.920678065766,39.6603392678864],[-104.920474067013,39.6603392683052],[-104.919834066589,39.6603392697196],[-104.919556066768,39.6603392698327],[-104.919537067151,39.6603392705765],[-104.919386067792,39.660339270535],[-104.919339067526,39.6603392707308],[-104.918896068002,39.6603392709581],[-104.918875067506,39.6603392716099],[-104.918885066682,39.659922270682],[-104.918614066157,39.659923271424],[-104.91860806711,39.6599132718321],[-104.918247065024,39.6593482720803],[-104.917893065406,39.6591502725356],[-104.917812065561,39.6593152725774],[-104.917781065826,39.6593062731817],[-104.917255065497,39.6591542734019],[-104.916757065039,39.659011274052],[-104.916828065399,39.6588682743941],[-104.916863064462,39.6587962744203],[-104.916659065184,39.6587362748209],[-104.916392064686,39.6586562753009],[-104.915898064796,39.6585092758738],[-104.915932064445,39.6584322758774],[-104.916174064067,39.6581732748184],[-104.916253063469,39.6580892745761],[-104.91616806266,39.6578632748077],[-104.916073062142,39.6576062751792],[-104.916036062353,39.6575082745537],[-104.916030061706,39.6574972750262],[-104.916000062435,39.6575052746635],[-104.915972062102,39.6575102749637],[-104.915942062456,39.657513274759],[-104.915913061614,39.6575152752219],[-104.915884062423,39.6575142754303],[-104.915512062121,39.6575122756156],[-104.915511061072,39.6572402759733],[-104.915511061782,39.6571382753816],[-104.915511060952,39.6571292755103],[-104.915639061294,39.6571362754975],[-104.915896060705,39.6571502746124],[-104.916024060207,39.6569292745378],[-104.916572058234,39.656120272309],[-104.915874058583,39.6560502735898],[-104.915863058654,39.6560492740763],[-104.915857058287,39.6561022743134],[-104.915842058823,39.656175274167],[-104.915819058929,39.6562462743112],[-104.915787058458,39.6563172747448],[-104.915779059458,39.6563352743532],[-104.915771058447,39.6563512743803],[-104.915631059365,39.6563032750096],[-104.915250058641,39.656174275748],[-104.913555059752,39.6561802784772],[-104.913089060224,39.656182279298],[-104.913088061128,39.6564102794566],[-104.913087061748,39.6565412796911],[-104.913080065175,39.6579712807888],[-104.913076067924,39.658753281724],[-104.913072069446,39.6595582819895],[-104.913068072125,39.6603512828276],[-104.913065073579,39.6611492828537],[-104.91306107548,39.661945283507],[-104.913057078249,39.6627422846314],[-104.913055078988,39.6631322846996],[-104.915039078219,39.663141280795],[-104.915587077824,39.6632532794219],[-104.915939078012,39.6634722791742],[-104.915950085617,39.6661532810672],[-104.916389085724,39.6661552804751],[-104.916378088981,39.6675862818558],[-104.916377088953,39.6675942814472],[-104.916439088894,39.6675862811659],[-104.916567088466,39.6675862815483],[-104.916591088683,39.6675862808743],[-104.916633089342,39.6675862812602],[-104.916782089254,39.667586280245],[-104.916792088856,39.6675862803193],[-104.916831088472,39.6675862801563],[-104.917144088988,39.6675852799785],[-104.91754408822,39.667585279328],[-104.917551094866,39.6699952805971],[-104.917553097513,39.6708722816488],[-104.917555099132,39.6714272821226],[-104.917557101603,39.6721962822068],[-104.917557102243,39.6724622830604],[-104.917558102482,39.6725622830947],[-104.917559102656,39.6729842832933],[-104.917595103576,39.6730042834098],[-104.919218104843,39.6738812804866],[-104.919234104609,39.673890280982],[-104.919298104643,39.6739182802102],[-104.919329104961,39.6739292804899],[-104.919365105317,39.6739422806963],[-104.919434104369,39.6739612804087],[-104.919470105429,39.6739682801105],[-104.919505105275,39.6739752802617],[-104.919578104417,39.6739852800132],[-104.919652105339,39.6739902794648],[-104.919689104898,39.6739902801714],[-104.919726104465,39.6739902799659],[-104.919818104947,39.6739862791762],[-104.919920105294,39.6739882794955],[-104.920020104731,39.6739982788949],[-104.920120104749,39.674014278687],[-104.920217105224,39.6740362784867],[-104.920311104809,39.6740662787532],[-104.920401104944,39.674101278836],[-104.920487104383,39.6741422785169],[-104.920569105369,39.674190278495],[-104.920644104547,39.674242278151],[-104.921050105524,39.674563277081],[-104.921048106159,39.6747002774439],[-104.921047106853,39.6748372773212],[-104.922251106155,39.6748352752607],[-104.922251106461,39.6748802752028],[-104.922251106092,39.6749182757907],[-104.92225310652,39.6752592758163],[-104.922254107763,39.6755222755768],[-104.922254107679,39.6755562761439],[-104.922327108589,39.6756032758845],[-104.922361107594,39.6756202761467],[-104.92238210847,39.6756302753357],[-104.922403108246,39.675639275638],[-104.922438107565,39.6756532760534],[-104.922487107821,39.67566927544],[-104.922541108603,39.6756832754932],[-104.922660108284,39.6757002752323],[-104.922722108102,39.6757032754923],[-104.922775107507,39.6757022747484],[-104.922816108456,39.6756992749633],[-104.922864107784,39.6756932750587],[-104.922909108173,39.6756852743675],[-104.922952107347,39.6756752750883],[-104.922991107446,39.6756642744013],[-104.923059108017,39.6756422743544],[-104.92309210769,39.6756302741313],[-104.923142107852,39.6756112742059],[-104.923188107635,39.6755932742253],[-104.923231107286,39.6755732743625],[-104.923300107277,39.6755392736349],[-104.92332810777,39.6755252735844],[-104.923353106864,39.6755112741171],[-104.923425107384,39.6754692735956],[-104.923429109428,39.6764052746247],[-104.923430110236,39.6765642739357],[-104.923514110603,39.6765642742518],[-104.924453110175,39.6765632726451],[-104.92446310989,39.6765632720612],[-104.924464108815,39.6762082720598],[-104.924501108608,39.6762022716794],[-104.924759108252,39.6761542714417],[-104.924755108677,39.6762982712227],[-104.924754108943,39.6763542719029],[-104.925283108227,39.6763542705412],[-104.925283109226,39.6764022706872],[-104.925286109767,39.6766442711937],[-104.925286109519,39.676653270993],[-104.925287109446,39.676743271182],[-104.925301109574,39.6767422704897],[-104.925744109926,39.6767382699278],[-104.925746109593,39.6766522699973],[-104.925746109762,39.6766442699757],[-104.925746108701,39.6765842698008],[-104.925764109118,39.6765842694563],[-104.925781109444,39.6765842696285]]],[[[-104.930428080475,39.6675712544794],[-104.930428083249,39.6684762547252],[-104.929426083413,39.6684792567146],[-104.929256083492,39.6684792573722],[-104.929255086235,39.6693812577156],[-104.929255086519,39.6693912582183],[-104.928474086521,39.6693932596569],[-104.928074087782,39.6693932606239],[-104.928079086668,39.6691142598455],[-104.928081086015,39.6689672595627],[-104.927201086865,39.6689662614591],[-104.9272330862,39.6690112615761],[-104.928018089613,39.6701052610672],[-104.928487090976,39.6707592606814],[-104.929651095215,39.6723832591811],[-104.930780094091,39.6723892573533],[-104.930777095515,39.6728112575287],[-104.931617095704,39.672809255676],[-104.931618095602,39.6730122560842],[-104.931620096641,39.6733632564435],[-104.931641096349,39.6733632561938],[-104.933885095816,39.6733482517778],[-104.933878089608,39.6711932502106],[-104.933031090147,39.6711942517031],[-104.933031089041,39.6710962517344],[-104.933030088889,39.6707982514862],[-104.933028088028,39.6705762512212],[-104.93290008789,39.6705772514527],[-104.931714088177,39.6705782540078],[-104.931714088543,39.6706022541177],[-104.931717090383,39.6711962545791],[-104.931610090415,39.6711962542712],[-104.931608089149,39.6705782540288],[-104.931608089189,39.670560254398],[-104.931606088363,39.6702852540498],[-104.931606087977,39.6702042538978],[-104.931602084582,39.6693822535716],[-104.931594079284,39.6675702521956],[-104.930428080475,39.6675712544794]]],[[[-104.903915991408,39.6263162751289],[-104.903908985946,39.6241872734549],[-104.902903987073,39.6241822749084],[-104.902795987259,39.6243052756146],[-104.902808987102,39.6243482753291],[-104.902897988073,39.6246482759286],[-104.903284991246,39.6259552760945],[-104.903511991497,39.6263512755302],[-104.90378699309,39.6268292752899],[-104.903916992659,39.6268302754511],[-104.903916992207,39.6267192755568],[-104.903915991408,39.6263162751289]]],[[[-104.931720175441,39.7001712754341],[-104.93172617191,39.6988372745475],[-104.931728170767,39.6984242740208],[-104.932296170024,39.6984272731386],[-104.932763170398,39.698422271516],[-104.932789170264,39.6984222717249],[-104.932867169787,39.6984212716462],[-104.932890169623,39.698421271776],[-104.932971170262,39.6984192710194],[-104.93389516971,39.6984042694125],[-104.934039169621,39.698401269667],[-104.934071169535,39.6984012696457],[-104.934071170524,39.6984472689512],[-104.93406717113,39.6988172697421],[-104.934061172253,39.6993452703181],[-104.934059173208,39.6996992699032],[-104.934056175661,39.7001692702463],[-104.932882174845,39.7001632724873],[-104.931720175441,39.7001712754341]]]]},"properties":{"OBJECTID":6,"DIST_NUM":null,"DIST_REP":"Serena Gonzales-Gutierrez","NOTES":"At-Large","GLOBALID":"62cc725e-6d99-49ce-9245-c24cdbafd1ec","URL_LINK":"https://www.denvergov.org/district12"}},{"type":"Feature","id":7,"geometry":{"type":"Polygon","coordinates":[[[-105.00018433222,39.7434061678559],[-105.000135331405,39.7433071683208],[-105.000129331395,39.7432951683641],[-105.00009633125,39.7432301678937],[-105.000045330435,39.7431351687209],[-105.000037330854,39.7431221686205],[-105.000026329998,39.7431041678311],[-105.00001033098,39.7430771678784],[-104.999999330125,39.7430501684443],[-104.999989330183,39.7430241685074],[-104.999957329379,39.7429561684861],[-104.999947330241,39.7429331686959],[-104.999908329861,39.7428431687528],[-104.999903329147,39.7428271686283],[-104.999874329174,39.7427331680388],[-104.99986432894,39.7427011686911],[-104.999843328522,39.7426381681929],[-104.999839328202,39.7426271683601],[-104.999794328354,39.7425331681895],[-104.999749328311,39.7424151686106],[-104.999745327887,39.7424051685225],[-104.999703327835,39.7423201679964],[-104.999655327423,39.7422451682545],[-104.999635327314,39.7422071683965],[-104.999598326173,39.7421351687102],[-104.999591326775,39.7421211685742],[-104.999574326778,39.7420881684997],[-104.999542325986,39.7420261686366],[-104.999534326276,39.7420071681971],[-104.999525326579,39.7419891686577],[-104.99951432616,39.7419701689647],[-104.99949232548,39.7419311689259],[-104.999487326168,39.7419231685807],[-104.999434325309,39.741835168737],[-104.999385325412,39.7417451683744],[-104.999336324969,39.7416431682885],[-104.999332324505,39.7416341688332],[-104.999299323906,39.7415581690441],[-104.999253323803,39.7414771692191],[-104.999245323675,39.7414621686531],[-104.999232323266,39.7414381688758],[-104.999218324198,39.7414141684495],[-104.999188323885,39.7413591689284],[-104.999156323063,39.7413021685899],[-104.999143322575,39.7412791685504],[-104.999139323043,39.7412721685907],[-104.999135323652,39.7412641688816],[-104.999119323065,39.7412371687794],[-104.999113322519,39.7412231692585],[-104.999096322537,39.7411931692521],[-104.999080323147,39.7411661691489],[-104.999075322911,39.7411571690299],[-104.999057321936,39.741119168559],[-104.999050322004,39.741102169133],[-104.999043321941,39.7410861685551],[-104.999029322382,39.7410501693014],[-104.999026321687,39.7410421693362],[-104.999019321799,39.7410331688073],[-104.999003322043,39.7410091688404],[-104.998980322415,39.7409761692403],[-104.998952322027,39.7409381694081],[-104.998941321934,39.7409191687536],[-104.998931321676,39.7409001687526],[-104.99891132131,39.7408531691978],[-104.998900320932,39.7408201693369],[-104.998890321564,39.7407871692338],[-104.99886532137,39.740713168639],[-104.99886032031,39.7406941692046],[-104.998855320426,39.7406751688742],[-104.998838320685,39.7406291692221],[-104.998827320233,39.7406051689024],[-104.998817320634,39.7405821689913],[-104.998811320787,39.7405721693547],[-104.998778320359,39.7405181692908],[-104.998764320166,39.7404961691969],[-104.998750319981,39.7404741691012],[-104.998694319594,39.7404001688049],[-104.998635318874,39.740309168951],[-104.998624319678,39.7402931693172],[-104.998614319448,39.7402751690345],[-104.998592318332,39.7402381691978],[-104.998567318665,39.7401951697866],[-104.998519318623,39.7401121697101],[-104.998468317653,39.7400241697784],[-104.998446318166,39.739985169516],[-104.998411317233,39.7399251695122],[-104.99840131741,39.7399051697095],[-104.998379317189,39.7398561692246],[-104.998365317706,39.7398311698289],[-104.998351316922,39.7398071692754],[-104.998333316567,39.7397851691831],[-104.998326316886,39.7397761695094],[-104.998313317046,39.7397601694194],[-104.998288316734,39.7397311700449],[-104.998264317282,39.7397031692784],[-104.998197316864,39.7396421699104],[-104.998179316526,39.7396281695974],[-104.998151315783,39.7396061700599],[-104.998116316055,39.7395711700285],[-104.998067316129,39.7395021700922],[-104.998032315982,39.7394481702701],[-104.998021316054,39.7394311699194],[-104.998009315151,39.7394141698008],[-104.997996315607,39.7393971699239],[-104.997969315583,39.7393261697222],[-104.997955315128,39.7392941702125],[-104.997941314692,39.7392621698003],[-104.997906314761,39.7392081699359],[-104.997900314683,39.7392011703982],[-104.997889314032,39.7391891696838],[-104.997871314825,39.7391691699213],[-104.997814314552,39.7391151698151],[-104.997800313651,39.7391011702966],[-104.997781313642,39.7390731700446],[-104.997762313483,39.7390461704398],[-104.997710313457,39.7389641706823],[-104.99768631343,39.7389211699226],[-104.997661312783,39.7388761698876],[-104.997650313001,39.738852170343],[-104.997636312625,39.7388211705398],[-104.997609312464,39.738783170118],[-104.997587312367,39.7387531701297],[-104.997566312929,39.7387251703084],[-104.997558312651,39.7387151701643],[-104.997545312179,39.7386981702283],[-104.997518311959,39.7386681704914],[-104.997493312202,39.7386401706864],[-104.997482312035,39.7386261704313],[-104.997464312583,39.7386021706963],[-104.997427312435,39.7385701701594],[-104.997397312245,39.7385441709942],[-104.997308311299,39.7384611708605],[-104.99721831093,39.7383771711383],[-104.997175310268,39.7382741706688],[-104.997163310804,39.7382441709966],[-104.997114310552,39.7381811709278],[-104.997081310839,39.7381371714459],[-104.99706430994,39.7381151709107],[-104.997050309903,39.7380981711462],[-104.997040310526,39.7380861710233],[-104.997007310217,39.7380461714212],[-104.996983309513,39.7380181712668],[-104.996861309127,39.7378641716668],[-104.996678307876,39.7376261714958],[-104.996646307494,39.7375811719007],[-104.996482306817,39.7373511714232],[-104.996391306166,39.7372251717816],[-104.996361306517,39.7371821720604],[-104.996300305589,39.7370941715042],[-104.996294306032,39.7370861721285],[-104.99620930578,39.7369671719593],[-104.996201304911,39.7369561719608],[-104.9961333049,39.7368611719028],[-104.995981303824,39.7366491725306],[-104.995950303739,39.7366061720109],[-104.995899303879,39.736549172141],[-104.995893304229,39.7365421724942],[-104.995879303437,39.7365261723266],[-104.995809303413,39.736438172564],[-104.995760302839,39.7363591722471],[-104.995729302386,39.7363071729954],[-104.99565530223,39.7361841727824],[-104.995601302,39.7360991722645],[-104.995497301599,39.7359741726277],[-104.995482301238,39.735952173214],[-104.995407300761,39.7358481728303],[-104.995315300718,39.7357281728016],[-104.995297300217,39.7357051733513],[-104.995210299949,39.7355761734919],[-104.995182299682,39.7355351734136],[-104.995048299332,39.7353611729671],[-104.994998299162,39.7352951737902],[-104.994979298161,39.7352711738432],[-104.994972298201,39.7352621730496],[-104.994963298165,39.7352501734209],[-104.994948298893,39.7352301734412],[-104.99492629871,39.7352001738071],[-104.994903297831,39.7351691737231],[-104.994887298082,39.7351471735384],[-104.994858297612,39.7351101734943],[-104.994800298133,39.7350351736369],[-104.994746297369,39.7349621733107],[-104.994719297711,39.7349251737147],[-104.994662297319,39.7348491738176],[-104.994551296275,39.7347021738717],[-104.994495295526,39.7346171741032],[-104.99445229524,39.7345481739633],[-104.994430295068,39.7345201737321],[-104.994407295378,39.7344911739525],[-104.994305294638,39.7343811744472],[-104.994218294977,39.7342711744831],[-104.994123293987,39.7341511740457],[-104.994036293655,39.7340251742866],[-104.993976293567,39.7339311745841],[-104.993923292858,39.7338591742944],[-104.99390929244,39.7338351749511],[-104.993847292626,39.7337331748558],[-104.99379429218,39.7336451748544],[-104.993770292142,39.7336161751382],[-104.9937592919,39.7336041749089],[-104.993734292382,39.7335741747344],[-104.993597291186,39.7334091753573],[-104.993579291566,39.7333821748103],[-104.993538290835,39.7333201748704],[-104.993520291255,39.7332931752143],[-104.993503290474,39.7332651746974],[-104.993448289854,39.7331891755575],[-104.993426289792,39.7331591747148],[-104.993327289804,39.7330211752113],[-104.993271289807,39.732940175613],[-104.993248289459,39.7329081754228],[-104.993231289138,39.7328841756779],[-104.993124287942,39.7327391756764],[-104.993103288354,39.7327121756349],[-104.993057288228,39.732652175994],[-104.993033287674,39.7326231752112],[-104.992949287058,39.7324961760243],[-104.992834286744,39.7323371762375],[-104.992669286099,39.7321291763761],[-104.992636285488,39.7320831760151],[-104.992622285861,39.7320641761712],[-104.992581285568,39.732007176432],[-104.99250728515,39.7318981759554],[-104.992462284857,39.7318321764464],[-104.99242928428,39.7317871766757],[-104.992406284457,39.7317561760599],[-104.992335283839,39.731661175949],[-104.992298283927,39.7316141764873],[-104.992213284163,39.7315051760791],[-104.99213228321,39.7313971764064],[-104.992117283476,39.7313761762748],[-104.992108283261,39.7313641764058],[-104.992084283335,39.7313311763997],[-104.992013282658,39.7312351763219],[-104.991936281565,39.7311061764217],[-104.991915281562,39.7310751771305],[-104.99185928125,39.7309941767876],[-104.991807281358,39.7309211773148],[-104.991733281307,39.7308201770338],[-104.991709281068,39.7307851774338],[-104.991632279709,39.7306661775505],[-104.99154028007,39.73056017715],[-104.991419278673,39.730401177827],[-104.991403279431,39.730381177532],[-104.991371278891,39.7303401771718],[-104.991323278522,39.7302771778849],[-104.991308279019,39.7302571773948],[-104.991291278077,39.7302361775014],[-104.991249278069,39.7301831773493],[-104.991116278112,39.7300341773882],[-104.991076277569,39.7299771777933],[-104.991035277674,39.7299191777086],[-104.990980277303,39.7298491776282],[-104.990920277233,39.7297711776663],[-104.990854276145,39.7296781779018],[-104.990846275774,39.7296671784055],[-104.990747275626,39.7295501785621],[-104.990723275413,39.7295141780857],[-104.990678275349,39.729446178315],[-104.990620275448,39.7293631781638],[-104.990593275449,39.7293261784259],[-104.990558274829,39.7292751780969],[-104.990553275098,39.7292671782258],[-104.99052727484,39.7292301782966],[-104.99049827497,39.7291911784714],[-104.990471274575,39.7291561782103],[-104.990464274625,39.7291471789246],[-104.990426273965,39.7291051786636],[-104.990415274101,39.7290921783432],[-104.990388273982,39.7290651788026],[-104.990331273824,39.7290061787405],[-104.990305273709,39.7289781783528],[-104.990221272804,39.7288911789093],[-104.990197273354,39.7288671789786],[-104.990172272822,39.728844178963],[-104.990155272651,39.7288271788151],[-104.990106272941,39.7287751791661],[-104.990035272099,39.7287121786998],[-104.990010271946,39.7286881788947],[-104.989986272908,39.7286631791655],[-104.989938272403,39.7286051789394],[-104.989927271812,39.7285911788123],[-104.989863271294,39.7284981790085],[-104.989800271691,39.7284351797594],[-104.989788271565,39.7284251797078],[-104.989709271109,39.7283561791375],[-104.989679270588,39.7283321791861],[-104.989649270972,39.7283091798866],[-104.989628270325,39.7282871797418],[-104.989546270053,39.7282181795543],[-104.989529270232,39.728205180134],[-104.989466270606,39.7281651795679],[-104.989368270373,39.7280961800745],[-104.989353270241,39.7280861804664],[-104.989251269902,39.728019180134],[-104.989091269267,39.7278941807329],[-104.989064269579,39.7278731803065],[-104.98895226881,39.7277731803797],[-104.988922269119,39.7277561803203],[-104.988910269245,39.7277501809992],[-104.988892269151,39.7277401809077],[-104.988793269057,39.7277041811114],[-104.988770268439,39.7276981808115],[-104.988737268446,39.7276901807764],[-104.988687268046,39.7276681814284],[-104.98854326758,39.7275611815422],[-104.98852826739,39.7275521815811],[-104.988314267177,39.7274201813115],[-104.988078266612,39.7272911823578],[-104.987775266382,39.7271361822074],[-104.987531265756,39.7270041831633],[-104.987424265743,39.7269451826928],[-104.98743026438,39.7266701832295],[-104.987430264233,39.7266441832734],[-104.987430264086,39.7266181833172],[-104.987431264008,39.7264621825306],[-104.987434260992,39.7258441824711],[-104.987435260837,39.7256391818801],[-104.987723260326,39.7256421817958],[-104.98837126094,39.7256481801191],[-104.988589260783,39.7256501799537],[-104.988878261418,39.7256521798361],[-104.988940260991,39.7256521789728],[-104.989127260756,39.7256511789768],[-104.989190261105,39.7256511787248],[-104.989408260974,39.7256531779424],[-104.990062261167,39.7256571772646],[-104.99028126095,39.7256581767405],[-104.990402260704,39.7256601762348],[-104.990469260687,39.7256601764102],[-104.990768261699,39.725664175743],[-104.990890261346,39.7256651757047],[-104.991143260959,39.7256661747915],[-104.991529261847,39.7256681742591],[-104.991903261762,39.7256691731146],[-104.992157262169,39.7256701725415],[-104.992290261119,39.725671172596],[-104.992689261723,39.7256731721174],[-104.992823261701,39.7256731716266],[-104.993060261634,39.7256741714714],[-104.993420262042,39.7256761706856],[-104.993771261462,39.7256771699423],[-104.994008261416,39.7256781687779],[-104.994244261536,39.7256801688984],[-104.994602262541,39.7256831682655],[-104.994955261986,39.7256861675893],[-104.99519326255,39.7256881671881],[-104.995429261757,39.7256891660723],[-104.995793261891,39.7256911652712],[-104.996140262712,39.7256931652973],[-104.996378262333,39.7256941645404],[-104.99651526198,39.7256961640901],[-104.99692626212,39.7257021635883],[-104.996964262554,39.7257031637086],[-104.997064262921,39.7257021627651],[-104.997160262478,39.7257011626504],[-104.997450262531,39.725699162035],[-104.997547262857,39.7256981622768],[-104.998044262945,39.7257031614968],[-104.998061263434,39.7257031610746],[-104.99807826275,39.7257031615456],[-104.998573262502,39.725708159904],[-104.999338263397,39.7257081583587],[-104.999450263511,39.7257091582274],[-105.000148263215,39.72570915725],[-105.000245263365,39.7256721568683],[-105.000466263293,39.7256661566001],[-105.000773264012,39.7256501558526],[-105.000827263102,39.7256501562069],[-105.001610264294,39.7256521554286],[-105.003493266181,39.7256571531461],[-105.003581266212,39.7256571525165],[-105.003605266323,39.725657152907],[-105.003659265412,39.7256571528621],[-105.003759266585,39.7256581529478],[-105.003816265688,39.7256581528754],[-105.003866266319,39.725658152084],[-105.003916265776,39.7256581521671],[-105.003973266046,39.7256581520236],[-105.004143265996,39.7256591523681],[-105.004391266392,39.7256591516767],[-105.004461266266,39.7256601517729],[-105.004688266561,39.7256601511674],[-105.00474826684,39.7256601515699],[-105.004816266324,39.7256611511402],[-105.004854266895,39.7256611507585],[-105.004881267021,39.7256611509052],[-105.005008267226,39.7256611512109],[-105.005077267555,39.7256611505827],[-105.005349266833,39.725662150409],[-105.005394267043,39.7256621504609],[-105.005712267174,39.7256661502521],[-105.005769267444,39.7256661501391],[-105.005780267838,39.7256671501708],[-105.006110268112,39.7256701491029],[-105.006224268674,39.7257271498099],[-105.006336269028,39.7257841492168],[-105.006362268415,39.7257841493277],[-105.006483268576,39.7257901493152],[-105.006927269573,39.7258131481565],[-105.007003269576,39.725817148634],[-105.007076269573,39.7258211482018],[-105.007223269175,39.7258301484412],[-105.007355269902,39.7258381480829],[-105.007461270153,39.7258431475442],[-105.007776269811,39.7258571474548],[-105.008050270149,39.7258651467884],[-105.008273270316,39.7258591465244],[-105.008289270043,39.725859146746],[-105.008546270047,39.7258501464902],[-105.008620270991,39.7258461467388],[-105.009007271428,39.7258271459161],[-105.009039270871,39.7258251457472],[-105.009102271297,39.7258211457205],[-105.009388271584,39.7258031452442],[-105.009430270672,39.7258001454827],[-105.009484271001,39.7257971453061],[-105.009660271253,39.7257861449212],[-105.009687271399,39.7257841453562],[-105.009904271161,39.7257821448353],[-105.010456272109,39.7257771439412],[-105.010551271904,39.7257771438063],[-105.010726272522,39.7257751435673],[-105.010834271976,39.7257741434706],[-105.010852272083,39.7257741435548],[-105.010879272246,39.7257741432257],[-105.01091227244,39.7257741435157],[-105.010961272313,39.7257731438996],[-105.01096027262,39.7257701431821],[-105.011323272357,39.7257681433907],[-105.011953272712,39.7257441425542],[-105.012182272955,39.7257301419219],[-105.012436272744,39.7257141413639],[-105.012558273445,39.7257081412923],[-105.012611272825,39.7257061415933],[-105.012834272991,39.7256961408745],[-105.012900273138,39.7256931410838],[-105.013231273464,39.7256791409622],[-105.013231273525,39.7256801407171],[-105.013242273966,39.7256801402962],[-105.013340273382,39.7256761404939],[-105.013456274033,39.7256721403006],[-105.013471274035,39.7256711404321],[-105.013656273342,39.7256601397639],[-105.014303273998,39.7256121394693],[-105.01432127391,39.7256101395131],[-105.014752274341,39.725578138903],[-105.01481227419,39.725574138756],[-105.015676275385,39.7255111376507],[-105.015769274895,39.7255041375958],[-105.015773274764,39.7254701371868],[-105.015777275298,39.7254431368629],[-105.015779275035,39.725424137148],[-105.015785274914,39.7253741371878],[-105.015789273888,39.7253431369373],[-105.015807273445,39.7252051368043],[-105.015818273103,39.7251251368557],[-105.015821272931,39.7250871369089],[-105.015826272868,39.7250221365054],[-105.01583427299,39.7249231369724],[-105.015836273182,39.7249091369292],[-105.015838272119,39.7248821364667],[-105.015842272911,39.7248101363648],[-105.015843271938,39.7247921367845],[-105.015846271754,39.7247301364132],[-105.015841271525,39.7246951370276],[-105.015836271307,39.7246601367408],[-105.01579227082,39.7245571367229],[-105.01573027058,39.7244651364541],[-105.015677270395,39.7243981364502],[-105.015667270867,39.7243851362986],[-105.01556026974,39.7242601370825],[-105.01551326962,39.7242041364932],[-105.015392268828,39.7240781364474],[-105.015299268896,39.7240071372905],[-105.015270268381,39.7239861373338],[-105.015144267962,39.7239121370114],[-105.015125267884,39.7239021368099],[-105.01452126692,39.7235721377649],[-105.014507266269,39.7235641377881],[-105.014325265818,39.7234541376343],[-105.014049264518,39.7232641377887],[-105.013981264461,39.723223138014],[-105.013888264617,39.7231671385448],[-105.013219263032,39.722786138632],[-105.01307026187,39.7226971391002],[-105.013020261688,39.722667139417],[-105.012943261055,39.7226091392488],[-105.012913261922,39.7225821387285],[-105.012884261213,39.7225551387316],[-105.012811261585,39.7225001389959],[-105.012700260668,39.7224401397498],[-105.012552259823,39.7223851398901],[-105.012460260484,39.7223501391845],[-105.012404260568,39.7223341397728],[-105.012267259646,39.7222951398043],[-105.012215259304,39.7222801395265],[-105.012057259354,39.7222371396825],[-105.011320258462,39.7220721407714],[-105.011064257548,39.7220151411749],[-105.010881257035,39.7219741416259],[-105.010795256777,39.7219531413198],[-105.010596256414,39.72190414159],[-105.010419256125,39.7218611415486],[-105.010204256113,39.7218001423411],[-105.010057255827,39.7217481418497],[-105.009953255456,39.7216961419664],[-105.009874255918,39.7216491422562],[-105.009633255028,39.72150514216],[-105.009382253586,39.7213261426042],[-105.009343253356,39.721293142904],[-105.00921725341,39.7211851425968],[-105.009043252117,39.7210191432947],[-105.008949251457,39.7209291430475],[-105.008775251434,39.7207631433337],[-105.008511249792,39.7204961431997],[-105.008498250017,39.7204831433878],[-105.008485250246,39.7204701435746],[-105.008327248512,39.7203111434523],[-105.008061247727,39.7200421433881],[-105.007636246066,39.7196191442954],[-105.007585245471,39.7195681440637],[-105.007120242881,39.7191061444491],[-105.007029242798,39.7189991439696],[-105.006841242283,39.7187661447538],[-105.006819242128,39.7187381448774],[-105.006768241993,39.71867514448],[-105.006676240744,39.718580144705],[-105.006588240208,39.7185161442119],[-105.006492240587,39.7184421449417],[-105.006396240008,39.7183681446856],[-105.00628024008,39.7182941450762],[-105.006141239513,39.718204144536],[-105.006129238734,39.7181961447285],[-105.005780238373,39.717974145037],[-105.00549623692,39.7177781455434],[-105.005054236016,39.7175111454384],[-105.00469923403,39.7173041460006],[-105.004575234615,39.7172311458688],[-105.004114232466,39.7169521469853],[-105.003939232329,39.7168461471951],[-105.003764231407,39.7167421466518],[-105.003484230583,39.7165721473616],[-105.003369230008,39.7165021471597],[-105.003273230445,39.7164311471607],[-105.003098229354,39.7162841478768],[-105.003023229278,39.7162211479736],[-105.002961228717,39.7161681473953],[-105.002950228302,39.7161581474609],[-105.002802227957,39.7160301473365],[-105.002718228099,39.7159581473895],[-105.002571227275,39.7158261476485],[-105.002548227279,39.7158051482216],[-105.002464226239,39.715714148159],[-105.00236122623,39.7155851479752],[-105.002042224236,39.7151771482864],[-105.001961223656,39.7150681477631],[-105.00185322284,39.7148891478731],[-105.001825222599,39.7148451479704],[-105.001771221745,39.7147401480959],[-105.001754222236,39.714689147816],[-105.001676220521,39.7144631483065],[-105.001673220875,39.7144531479129],[-105.001564219209,39.7141501480828],[-105.001532219469,39.7140611482777],[-105.001490218968,39.7139661480514],[-105.00147921861,39.7139391484547],[-105.001466218524,39.7139091483083],[-105.001258216484,39.7134801478733],[-105.001103215918,39.7131981482585],[-105.001060215021,39.7131211482856],[-105.00102921507,39.7130591478649],[-105.000907213624,39.7128201478997],[-105.000653212248,39.7122521482735],[-105.000620210966,39.7121781484086],[-105.000601210768,39.712135148305],[-105.000596211359,39.712125148391],[-105.00051721077,39.7119391475585],[-105.000494209818,39.7118841477315],[-105.000485209683,39.7118611483487],[-105.000444209489,39.7117621483652],[-105.000419209396,39.7117011477715],[-105.000367209088,39.7115811474959],[-105.00028420793,39.7114281476887],[-105.000143207157,39.7112041480232],[-105.000244207067,39.7112041475672],[-105.000548207601,39.7112021477051],[-105.00065020808,39.7112021475463],[-105.000832207442,39.7111971466625],[-105.001381208349,39.7111811462837],[-105.001565208741,39.7111761464438],[-105.003439210163,39.7111931435089],[-105.003885210219,39.7111971430198],[-105.004362209982,39.7111941425477],[-105.005795211172,39.7111871410606],[-105.006273212435,39.7111851404103],[-105.006749212308,39.711189139695],[-105.008177213348,39.7112001379447],[-105.008654213956,39.7112031375464],[-105.009125214629,39.7112011374938],[-105.010537215821,39.7111941356063],[-105.01101021629,39.7111911347665],[-105.011711216208,39.7111901343423],[-105.01382021776,39.7111841317307],[-105.014523218532,39.7111821302643],[-105.014758218592,39.7111841303502],[-105.015464219419,39.7111901292103],[-105.015701219505,39.711192129346],[-105.01594222035,39.7111901284162],[-105.016266219834,39.7111871281418],[-105.016277220329,39.7111871283474],[-105.016319219999,39.7111871281313],[-105.016372220057,39.7111861283369],[-105.016415220298,39.7111861285978],[-105.016471219856,39.7111861282407],[-105.016489220778,39.7111851277216],[-105.016671220391,39.7111841274943],[-105.016915220551,39.7111821278889],[-105.017146220338,39.7111811273104],[-105.017500220751,39.7111791267585],[-105.017844221343,39.7111781262426],[-105.018077221068,39.7111771266297],[-105.01829322151,39.7111761262914],[-105.018653221928,39.7111751258854],[-105.018943221739,39.7111741254271],[-105.01916022287,39.7111741246468],[-105.019395222533,39.7111731242942],[-105.019829223295,39.7111711238425],[-105.020100222624,39.7111701240266],[-105.020335223414,39.7111691236019],[-105.02056922362,39.7111681231329],[-105.020983223292,39.7111661224626],[-105.021271223998,39.7111641227753],[-105.021506223573,39.7111631218077],[-105.021746224838,39.7111621217932],[-105.022135224229,39.7111611214551],[-105.022466225268,39.7111601212594],[-105.022707224938,39.7111601203947],[-105.022938225655,39.7111591201546],[-105.0236332254,39.7111561193987],[-105.023866226274,39.7111561188912],[-105.024110226152,39.711160119128],[-105.024846227078,39.711172117653],[-105.025093226443,39.7111761180594],[-105.025092225461,39.7108221173018],[-105.02509222141,39.7097631171397],[-105.025091219742,39.7094111166202],[-105.025091218953,39.7092341168015],[-105.025090216965,39.7087071167858],[-105.025089216329,39.7085331166691],[-105.025087215649,39.7083561159252],[-105.025085213017,39.7076701155807],[-105.025088213263,39.7076541162172],[-105.025080212891,39.7075891156994],[-105.02508221314,39.7075141156242],[-105.025083212795,39.7073571158357],[-105.025088210888,39.7068881159046],[-105.025090210438,39.7067591152197],[-105.025090209387,39.7067341157935],[-105.025091210057,39.7066531148961],[-105.025092209307,39.7065251153264],[-105.025100207175,39.7059011148776],[-105.025102205394,39.7056951145254],[-105.025102205423,39.7055371144403],[-105.025100203573,39.7050691145234],[-105.025099202642,39.7049141141488],[-105.025096202331,39.7047201140959],[-105.025087199847,39.7041411140351],[-105.025084198698,39.7039891138239],[-105.025084198895,39.7039491134489],[-105.02508419878,39.7037801140838],[-105.025084197132,39.7034001136086],[-105.025084197033,39.7032771131681],[-105.025084195275,39.7031111130419],[-105.025084195587,39.7029031129995],[-105.025083192779,39.7022851127044],[-105.025083191446,39.7020801127819],[-105.025082191503,39.7019291130968],[-105.025079189583,39.7014821125598],[-105.025078189181,39.7013341121286],[-105.025079187963,39.7011481125677],[-105.025080185976,39.7005961124249],[-105.025080185014,39.7004131116696],[-105.025080184313,39.7001751122271],[-105.0250801822,39.6994661116945],[-105.025080181253,39.6992321112245],[-105.025080180724,39.6991021113552],[-105.025081178802,39.6987191113914],[-105.025082178954,39.6986261112967],[-105.025082178417,39.6985931109892],[-105.025082178293,39.6984751109581],[-105.025081177272,39.6982221108559],[-105.025081174803,39.6975831104226],[-105.02506917307,39.6971151102269],[-105.02505917077,39.6967481104325],[-105.025061169448,39.6963811095198],[-105.025065165554,39.6952841091869],[-105.025067163669,39.694920109178],[-105.025066163315,39.6945571084864],[-105.025065159591,39.6936221086944],[-105.025065159239,39.6936001084504],[-105.025064158642,39.6934711085516],[-105.025064157516,39.6932821078398],[-105.02506415676,39.6931101085356],[-105.025064156263,39.6929341083581],[-105.025063156218,39.6927461078452],[-105.025062151713,39.6916591069855],[-105.025062149841,39.6912981067387],[-105.025061150063,39.6911981071646],[-105.025060148967,39.6909031072173],[-105.025059148721,39.6908061069265],[-105.025059147765,39.6905411066742],[-105.025058144142,39.6897491064312],[-105.025058142707,39.6894871062796],[-105.025524143229,39.6894841058374],[-105.026926144124,39.6894741043503],[-105.027394144699,39.689470103877],[-105.027694145704,39.6894731034463],[-105.028209145686,39.6894771028945],[-105.028594146057,39.6894721025861],[-105.028895145673,39.6894691017926],[-105.029057146038,39.6894671018003],[-105.029543147071,39.6894611013846],[-105.029706146495,39.6894591008926],[-105.030173147637,39.6894551006742],[-105.031575147764,39.6894440989341],[-105.03204314892,39.6894400979756],[-105.032134148154,39.6894390982464],[-105.032409148707,39.6894360975939],[-105.032501149359,39.6894350979602],[-105.032683148475,39.6894350972579],[-105.033237149555,39.6894330968777],[-105.03341714929,39.6894330970104],[-105.033607149335,39.6894330969028],[-105.034181150067,39.6894350957082],[-105.03437314983,39.6894360957463],[-105.034604150134,39.689439095353],[-105.035300150771,39.6894480942981],[-105.035532151783,39.6894520940012],[-105.035764151293,39.6894520941754],[-105.03646215229,39.6894540930735],[-105.03669615272,39.6894550927581],[-105.036929152115,39.6894570932052],[-105.037632152955,39.6894610917704],[-105.037867152916,39.6894630919203],[-105.038104153004,39.689464091585],[-105.038817154562,39.6894660903921],[-105.039055153759,39.6894670902572],[-105.039253154045,39.689468090537],[-105.039848155198,39.6894710896875],[-105.040048154865,39.6894720892473],[-105.040246155173,39.6894730887556],[-105.040843155287,39.6894750882188],[-105.041044156395,39.6894760881934],[-105.041265156257,39.6894780881534],[-105.041934156088,39.6894810871004],[-105.042157157203,39.689482087109],[-105.042363157325,39.6894830871802],[-105.042982157303,39.6894870861773],[-105.043189157708,39.689488085987],[-105.043403158127,39.6894900853593],[-105.044046158032,39.6894950852457],[-105.044262159017,39.6894970845071],[-105.04445515859,39.6894990843321],[-105.045037159178,39.6895070840457],[-105.045232159837,39.6895100837986],[-105.045417159812,39.6895100830982],[-105.045972160122,39.6895130830527],[-105.046159160624,39.6895130826046],[-105.046342160596,39.6895140824027],[-105.046896160691,39.6895170813422],[-105.047081160661,39.6895170816265],[-105.047266161176,39.6895180813875],[-105.04754516146,39.6895200811819],[-105.047822161227,39.6895220807276],[-105.048008162023,39.6895230804656],[-105.048206161335,39.6895240800759],[-105.048802162151,39.6895270791877],[-105.049001162902,39.6895280795005],[-105.049207163181,39.6895290792905],[-105.049827162825,39.6895310780767],[-105.050034162797,39.6895310777774],[-105.050238163721,39.6895320780177],[-105.050853163822,39.6895350772555],[-105.051059164125,39.6895360774035],[-105.051265164434,39.6895370771907],[-105.051886165064,39.6895420763421],[-105.052094165372,39.6895440757591],[-105.052327164761,39.68954707518],[-105.052598165514,39.6895510752918],[-105.052640165593,39.6895520754331],[-105.052838165085,39.6895550748807],[-105.053031166135,39.6895570750446],[-105.05323416581,39.6895600748181],[-105.05323416626,39.6897200741815],[-105.053234168643,39.6903480752684],[-105.053234168577,39.6903590744841],[-105.053234168763,39.6903630744453],[-105.053233171849,39.6909370752902],[-105.053233173091,39.6913650754537],[-105.053233172556,39.6913660752163],[-105.053233177518,39.6924760758254],[-105.053233180468,39.6931790757153],[-105.053232187397,39.6949910768914],[-105.053231192477,39.6964130775571],[-105.053228194012,39.6967710776053],[-105.053231193783,39.696780077859],[-105.053231193547,39.6968000776153],[-105.053231193475,39.6968110777065],[-105.053231193937,39.6968210780371],[-105.05323119387,39.6968320772276],[-105.053231193879,39.6968950775868],[-105.053232196199,39.6973260781384],[-105.053232196225,39.6974520779326],[-105.053233198055,39.6978470779473],[-105.053237203278,39.6990790783716],[-105.053237203838,39.6992540790283],[-105.053238204976,39.6996330789981],[-105.053239205504,39.6999110786785],[-105.053240207816,39.700440078804],[-105.053241209249,39.7006120793907],[-105.053245214878,39.7022590802205],[-105.053245214807,39.7022700802904],[-105.053246216143,39.7025640803865],[-105.053246216846,39.7027040801997],[-105.05324621713,39.7028600797756],[-105.053247218967,39.7031270799754],[-105.053247219227,39.7032700799407],[-105.053249221559,39.7039870804743],[-105.05324922191,39.7040820811039],[-105.053250223235,39.7043000812361],[-105.053250223416,39.7045410810339],[-105.053251226198,39.7050520810104],[-105.053252227113,39.7054230812188],[-105.053253229067,39.7058160814945],[-105.053253228819,39.705923081875],[-105.053255233118,39.7068910816255],[-105.053256233139,39.7070550819372],[-105.053257235875,39.7075510823696],[-105.05325723611,39.7077180826248],[-105.053257237192,39.7079030821333],[-105.053258237363,39.7081320820104],[-105.053258238906,39.7084640829285],[-105.053259239639,39.7085180826964],[-105.053259240083,39.7086520827595],[-105.053259240391,39.7088080829047],[-105.053259240818,39.708842082798],[-105.053260243221,39.709417082724],[-105.053261242898,39.7096100830769],[-105.053261244069,39.7097470832654],[-105.053262245903,39.710160083495],[-105.053262245562,39.7103020833406],[-105.053263246077,39.7104130836796],[-105.053252249286,39.7112130840404],[-105.053250249639,39.7113450840681],[-105.053256252471,39.7119050835939],[-105.053268257032,39.7131820846599],[-105.053269258314,39.7133330841652],[-105.053272264462,39.714976085483],[-105.053272264584,39.7149910854291],[-105.053273264707,39.7150050849131],[-105.05327526937,39.7161930854274],[-105.05327627089,39.7166330862058],[-105.053276271014,39.7166480861428],[-105.053276270225,39.7166560859859],[-105.053279274852,39.7177280864661],[-105.053279275321,39.7177380867219],[-105.053279276313,39.7180190863729],[-105.053280276661,39.718235086801],[-105.053280277193,39.7184320871708],[-105.053280277672,39.7186030866941],[-105.053280278266,39.7186280868731],[-105.053280278346,39.718704087157],[-105.053279279839,39.719072086795],[-105.053275284357,39.7200570874346],[-105.053274284796,39.7204160872994],[-105.05327328607,39.7205450878264],[-105.053272286736,39.7209340874556],[-105.053271288096,39.7210650874668],[-105.053271287235,39.7210840881934],[-105.053271288166,39.7211410876838],[-105.053270289862,39.7214780883249],[-105.05326729226,39.7222090887502],[-105.053265294353,39.7227200884961],[-105.053264295434,39.7231320884503],[-105.053260299169,39.7240850892434],[-105.053258301685,39.7247320892355],[-105.053257303456,39.7250730893495],[-105.053255304532,39.7254160896296],[-105.053255305254,39.725656089647],[-105.053255304997,39.7256630897137],[-105.053254306132,39.7257290902892],[-105.053254306251,39.7257440901769],[-105.053254305578,39.7257670898812],[-105.053254305462,39.7258020902175],[-105.053254306143,39.7258290898362],[-105.053254306005,39.7258510897896],[-105.053254306777,39.7258800898134],[-105.053254306542,39.7259000902614],[-105.053254306641,39.7259520899874],[-105.053253306961,39.7261130904278],[-105.053253306892,39.7261240904035],[-105.053253307996,39.7261850896996],[-105.053253307061,39.7262150903661],[-105.053253307843,39.7263940901275],[-105.053253309229,39.7265610901535],[-105.053252311288,39.7272340905081],[-105.053251311932,39.7273400910207],[-105.053251312403,39.727350090341],[-105.05325131407,39.7277730906699],[-105.053250316765,39.7285230913957],[-105.05325031616,39.7285350911109],[-105.053249316927,39.7286690909133],[-105.053249318092,39.7289690910284],[-105.053248320405,39.7294740912102],[-105.053248320611,39.7295410916362],[-105.053247322098,39.7298910916123],[-105.05324632577,39.7310390924159],[-105.053245327672,39.7312860927064],[-105.053242334082,39.7331080932],[-105.053404334099,39.7331080930398],[-105.053719334853,39.733107092393],[-105.053729334378,39.7331070924917],[-105.053935334227,39.7331060921025],[-105.054113334933,39.7331050915305],[-105.054170335253,39.733105092263],[-105.054340335345,39.7331050914047],[-105.054398334741,39.733104091558],[-105.054419334674,39.733104091827],[-105.054422336948,39.7336410920477],[-105.054674337445,39.7336400916217],[-105.05467533735,39.7337210913141],[-105.054977338519,39.7337200912279],[-105.055013338054,39.7337200913782],[-105.055009335641,39.7331020905996],[-105.055021335767,39.7331020909494],[-105.055082336128,39.7331020910563],[-105.055424336221,39.7331010897624],[-105.055539335908,39.7331000903514],[-105.055596336224,39.7331000903931],[-105.055594337097,39.7334680897057],[-105.055589341349,39.7345100904816],[-105.05558834228,39.7347080910392],[-105.055587342444,39.7347360910402],[-105.055586343443,39.7349130905516],[-105.055572343012,39.7349140905603],[-105.053233340857,39.7349210935763],[-105.053232341449,39.7349660937957],[-105.053231341494,39.7351250942086],[-105.053231342094,39.7351630936749],[-105.053231342574,39.7351860942053],[-105.053231342511,39.7352600936331],[-105.05323134236,39.7352820944114],[-105.053230343431,39.7353500942532],[-105.053229343974,39.7355450937062],[-105.053229344066,39.7356100944858],[-105.053228344564,39.7358420945267],[-105.053227345275,39.7359780943695],[-105.053224347418,39.7365380943419],[-105.053223347662,39.736740094649],[-105.053223347976,39.7367720947014],[-105.053221349173,39.7371160950688],[-105.053220350656,39.7373830951744],[-105.053214355177,39.7384890952596],[-105.053210357691,39.7392980955738],[-105.053206361235,39.7399920959164],[-105.053204362136,39.7403080957558],[-105.053204362192,39.7403600961086],[-105.053204362879,39.7404130962098],[-105.0532043628,39.7405000958084],[-105.053204363259,39.7405100959811],[-105.053205363673,39.7407130961299],[-105.053206364916,39.7410860964424],[-105.053208368188,39.7419370964082],[-105.053208369548,39.742182097313],[-105.053208369396,39.7422040971348],[-105.053209371631,39.7426990968962],[-105.053209371367,39.7427820974365],[-105.053211373466,39.7433400974882],[-105.053211373828,39.7434870970553],[-105.053211374842,39.7435850973657],[-105.053212376151,39.7438820977],[-105.053212376096,39.7439820974833],[-105.05298737629,39.7439800982708],[-105.052642375799,39.7439770985026],[-105.052312375776,39.7439740989483],[-105.052088374722,39.7439720991143],[-105.051854375597,39.7439730996464],[-105.051517374856,39.7439750996531],[-105.051155374892,39.7439771006199],[-105.050924374183,39.7439781008319],[-105.050700373752,39.7439791011981],[-105.0503223734,39.7439791011671],[-105.050031373775,39.7439791020699],[-105.049809373068,39.7439801020817],[-105.049584373304,39.7439821025513],[-105.049269373128,39.7439861032599],[-105.048910373197,39.7439891031537],[-105.048687372512,39.743992103913],[-105.048452372835,39.7439901045135],[-105.048084371786,39.7439871049007],[-105.047750372333,39.7439841051152],[-105.04751637141,39.7439821049825],[-105.047277371118,39.7439801058672],[-105.046561371359,39.7439741067639],[-105.046323370989,39.7439721068617],[-105.046089370016,39.7439721069858],[-105.045755369913,39.7439721079784],[-105.045391369425,39.7439731080651],[-105.045158369476,39.7439731084037],[-105.044930370065,39.7439731087041],[-105.044588369773,39.7439731096729],[-105.044250369481,39.7439741095739],[-105.044023368761,39.7439741101834],[-105.043785368925,39.7439731103002],[-105.043074367892,39.743970111299],[-105.042837367944,39.7439691115795],[-105.042771368047,39.7439691118557],[-105.042576367508,39.7439681117644],[-105.042511367485,39.7439681121787],[-105.042434367804,39.7439681118345],[-105.042203367109,39.7439671125482],[-105.042127367302,39.7439671122902],[-105.041706366621,39.7439651132217],[-105.041563366579,39.7439641131021],[-105.039871365912,39.743958115676],[-105.039309365471,39.743956115954],[-105.039077364517,39.7439541167764],[-105.038732364905,39.7439521174067],[-105.038387364319,39.7439561173017],[-105.038157364039,39.7439591174865],[-105.037922364292,39.7439591181665],[-105.037566363358,39.7439591185083],[-105.037219363183,39.7439551190572],[-105.036986363162,39.743952119287],[-105.036380363214,39.7439521201849],[-105.035766362292,39.7439531212722],[-105.035772366481,39.7451641215339],[-105.035772367627,39.7454061213428],[-105.035771371125,39.7461351222373],[-105.035771371076,39.7463801220926],[-105.035603371877,39.7463821225505],[-105.035191370617,39.7463851227656],[-105.035100371049,39.7463861233293],[-105.035078370708,39.7463861228812],[-105.034940370722,39.7463871231702],[-105.034930370458,39.7463871232806],[-105.034862370341,39.7463891233264],[-105.034652370872,39.7463961235706],[-105.034582370918,39.746398123653],[-105.034411370818,39.7463971239136],[-105.033900370001,39.7463931250734],[-105.033804370501,39.7463931249011],[-105.03373036983,39.7463921247021],[-105.03357336965,39.7463911251724],[-105.033104368951,39.7463881260551],[-105.033049368908,39.7463871260532],[-105.032948369863,39.7463871260604],[-105.032796369247,39.7463861264216],[-105.032340369426,39.7463821265891],[-105.03231636926,39.7463821266844],[-105.032189368731,39.7463811274378],[-105.032053369024,39.7463801273971],[-105.031646367815,39.7463781273472],[-105.031512367929,39.7463771283354],[-105.031196368165,39.7463761284392],[-105.030699367562,39.7463761290218],[-105.030254367779,39.7463751299839],[-105.029941366877,39.746375130328],[-105.029628367136,39.7463751307449],[-105.029284366402,39.7463741308811],[-105.029042366081,39.746374130893],[-105.028691366255,39.746374131655],[-105.028380366037,39.7463731325109],[-105.028068365922,39.7463721321379],[-105.027778364984,39.7463711327499],[-105.027432364433,39.7463701338587],[-105.027132364153,39.7463681335092],[-105.02682136396,39.7463671338478],[-105.026499363841,39.7463671347874],[-105.025534363135,39.7463661357031],[-105.02521436259,39.746365136038],[-105.024895363349,39.7463651365894],[-105.023941361608,39.7463641382235],[-105.023625361871,39.746363138713],[-105.023625362317,39.7463821383998],[-105.023587364738,39.7471381386129],[-105.023522365435,39.7472581395166],[-105.023448364988,39.7473361389156],[-105.023384365224,39.747399139346],[-105.023256366187,39.7474831399612],[-105.023123366578,39.7475581395718],[-105.022933366174,39.7475921399592],[-105.022920365947,39.7475921403987],[-105.022377365853,39.7475931406989],[-105.022068365099,39.7475941415101],[-105.021756365718,39.7475951419337],[-105.020820364154,39.7475991433781],[-105.020766364729,39.7476001430071],[-105.020768360784,39.7467661429849],[-105.020771360294,39.7463941423254],[-105.020483359068,39.7463931430114],[-105.01987835907,39.7463901440121],[-105.019629359037,39.7463891440995],[-105.01955235893,39.7463891441039],[-105.019499359008,39.7463891438795],[-105.019111358438,39.7463871447302],[-105.018982358176,39.746386144675],[-105.018576357937,39.7463831451981],[-105.018337358065,39.7463811458852],[-105.018320357272,39.7462751454809],[-105.018258356453,39.746012145627],[-105.018219356163,39.7458921451427],[-105.018169355002,39.745747145555],[-105.018081354305,39.7455471456521],[-105.017985353014,39.745341145938],[-105.017879352787,39.7451491457578],[-105.017759352099,39.7449551453429],[-105.017681351823,39.7448451452995],[-105.017572350126,39.7447021453398],[-105.017445350231,39.7445531459387],[-105.01728734973,39.7443831461262],[-105.017126347892,39.7442221459115],[-105.016883346915,39.7439721465508],[-105.016617345831,39.7437211461066],[-105.016606346153,39.743711146678],[-105.016503345608,39.7436151467428],[-105.016453345405,39.7435741461849],[-105.016406345194,39.74352514644],[-105.016305345241,39.7434321465824],[-105.016261344483,39.7433911471811],[-105.016234345054,39.7434531466573],[-105.016218344991,39.7434891465618],[-105.016177344707,39.7435831470459],[-105.016167344932,39.7436071467162],[-105.016151345863,39.7436421468662],[-105.016124345273,39.7437061467037],[-105.016070345674,39.7438281469755],[-105.016054345809,39.7438561470708],[-105.015950346766,39.7440421479738],[-105.015896346994,39.7441441477948],[-105.015860347351,39.7442111476129],[-105.015845347191,39.7442391481868],[-105.015840347883,39.7442521477554],[-105.015800347972,39.7443611475147],[-105.015751348294,39.7445241479294],[-105.015731349312,39.7446701485598],[-105.015727349785,39.7447071479769],[-105.015700349649,39.7449571484529],[-105.015678352005,39.7453031488294],[-105.015630353478,39.7458511486754],[-105.01562835382,39.7459151494748],[-105.015627353549,39.7459361490522],[-105.015626354022,39.7459651493106],[-105.015622354322,39.7460641492319],[-105.01562035556,39.746350149687],[-105.015619355655,39.7463751491505],[-105.015619356032,39.7464041490164],[-105.015618356268,39.7465431493404],[-105.015609357132,39.7466941497197],[-105.015593358264,39.7469801501257],[-105.01557635944,39.747267149733],[-105.01555636004,39.7475471504401],[-105.015554360387,39.7475871500793],[-105.015543360475,39.7477311502405],[-105.015475363276,39.7484631511032],[-105.015444364474,39.7487511511878],[-105.015432364583,39.7488221512955],[-105.01540836536,39.7489711515267],[-105.015384366311,39.7491231509835],[-105.015374366196,39.7491811509059],[-105.015309367487,39.7494611516076],[-105.015294367499,39.749506151343],[-105.015267367169,39.7495811516643],[-105.015193368653,39.7497481520463],[-105.01515836857,39.7498111521572],[-105.015149367992,39.7498271515377],[-105.015139368697,39.7498441519523],[-105.015084368304,39.749909151993],[-105.014957369081,39.7500261527965],[-105.014782369441,39.7501651535245],[-105.014685369465,39.7502391535489],[-105.014603369775,39.7502961539375],[-105.014398369375,39.7504001545444],[-105.013749369144,39.750750157187],[-105.013735370058,39.7507581567549],[-105.013707369467,39.7507731570312],[-105.013677370146,39.7507891577937],[-105.013588369757,39.7508371578532],[-105.013499370224,39.7508821577121],[-105.01346936939,39.7508941585331],[-105.013439369719,39.7509061584506],[-105.013376369561,39.7509351580917],[-105.01333937002,39.750947158763],[-105.013302369369,39.7509601582627],[-105.01311237013,39.7510361591367],[-105.012964369456,39.75111015929],[-105.012868370288,39.7511731602446],[-105.012774369692,39.7512351606421],[-105.012663369973,39.7513111608635],[-105.012617370074,39.7513421615291],[-105.012528370057,39.7514031619755],[-105.012234369898,39.7516471633582],[-105.012055370878,39.7518301637181],[-105.011966370411,39.7519071641551],[-105.011678371021,39.7521571658566],[-105.011633370966,39.7522111662156],[-105.011607371113,39.7522431663515],[-105.011591370757,39.7522631660054],[-105.011536371172,39.7523331666817],[-105.011512371117,39.7523621668539],[-105.011488371078,39.752392166766],[-105.011395370842,39.7524811678125],[-105.01132037202,39.752549167827],[-105.011223371027,39.7526271684398],[-105.011210371332,39.7526371686426],[-105.011185371933,39.7526571686937],[-105.010884372344,39.7529031703755],[-105.010824372148,39.7529511699529],[-105.010653371871,39.7530771708863],[-105.010523371861,39.7531731714167],[-105.01030837177,39.7533291730278],[-105.01026937186,39.7533571729308],[-105.010169371837,39.75342217341],[-105.01002037234,39.7534981741683],[-105.009920372959,39.7535551737785],[-105.009825372569,39.7536361744815],[-105.009817372529,39.7536431745009],[-105.00976437221,39.7536891752736],[-105.009687372801,39.7537561751582],[-105.009660372556,39.7537791756859],[-105.009626372233,39.7538091758764],[-105.009543372482,39.7538811764071],[-105.009487372937,39.753930176397],[-105.009398372813,39.754008176402],[-105.00935637333,39.7540531771633],[-105.009343373142,39.7540731773006],[-105.009330372947,39.7540931774363],[-105.009278373251,39.7541701778345],[-105.009271373123,39.7541791778708],[-105.009155373041,39.754313178687],[-105.009070373325,39.7543871790298],[-105.009038373675,39.7544101792736],[-105.009006372838,39.7544341792478],[-105.008719373746,39.7546351803607],[-105.008630373092,39.7547041802706],[-105.008578373679,39.754732181175],[-105.008541373664,39.7547411810982],[-105.008505373729,39.7547431806721],[-105.008437373944,39.7547491815708],[-105.008344373376,39.7547571810636],[-105.008307373345,39.7547631816807],[-105.008270373324,39.7547681816414],[-105.008218373869,39.7547841818538],[-105.008186373935,39.7547931818421],[-105.008186372884,39.754784181438],[-105.008183373616,39.7547191810289],[-105.008173373059,39.7546481808171],[-105.008170372473,39.7545961806769],[-105.008167373019,39.7545471806738],[-105.008154373292,39.7544991800551],[-105.008132372618,39.7544181799783],[-105.008126372788,39.7543941799545],[-105.008108372045,39.7543301796308],[-105.008039371697,39.754160178772],[-105.007983371795,39.7539991785704],[-105.007967371353,39.7539331780811],[-105.007949370986,39.7538621777094],[-105.007918370732,39.7537021772369],[-105.007896371411,39.7536411773921],[-105.007890370479,39.7536221769679],[-105.00785937107,39.7535621770556],[-105.007827370393,39.7535101772087],[-105.007771370853,39.753447176166],[-105.007723369925,39.7534051761696],[-105.007609369516,39.7533071764448],[-105.007567369768,39.7532761761639],[-105.007518370194,39.7532361758949],[-105.007510370253,39.7532301763752],[-105.007481369334,39.7532081759189],[-105.007408369997,39.7531541760134],[-105.007387369053,39.7531381759608],[-105.007353369508,39.7531091761509],[-105.007257368593,39.7530281759212],[-105.007116368638,39.7529131750767],[-105.007055368644,39.7528631755378],[-105.006968368133,39.7527921750823],[-105.006889368569,39.7527341750454],[-105.006773367687,39.7526481747451],[-105.006764367912,39.7526411748404],[-105.006577368007,39.7525051741329],[-105.006504366743,39.7524471737572],[-105.006460366939,39.752413174452],[-105.006446367355,39.7524031741351],[-105.006355366798,39.7523341739388],[-105.006179366138,39.7521971739317],[-105.006142366448,39.7521671731332],[-105.006132366841,39.7521591737411],[-105.006121366082,39.7521511737495],[-105.006059366264,39.7521021728269],[-105.006040365926,39.7520861728154],[-105.006026366503,39.7520751736027],[-105.005991365624,39.7520481731746],[-105.005960365768,39.7520241734556],[-105.005929365982,39.7519991730823],[-105.005867365303,39.7519491732064],[-105.005853365991,39.751937172426],[-105.005830365921,39.7519181725618],[-105.005799365056,39.751893173049],[-105.005708365888,39.7518221728489],[-105.005588365002,39.7517261723963],[-105.005475365101,39.7516381721776],[-105.005412365078,39.7515881723569],[-105.005278364212,39.7514891720492],[-105.005094364471,39.7513511712142],[-105.005085363863,39.7513441711729],[-105.005056364416,39.7513231716505],[-105.004945363166,39.7512401708326],[-105.004898363827,39.7512051711684],[-105.004774362848,39.7511091710406],[-105.004609362777,39.7509821709129],[-105.00453536247,39.7509231707225],[-105.004443362493,39.7508501703064],[-105.004400362198,39.7508181703003],[-105.004360361662,39.75078917044],[-105.004244362346,39.7507041700128],[-105.004236361807,39.7506981702601],[-105.004198361289,39.7506701695069],[-105.004134361694,39.7506231694077],[-105.004044361888,39.7505581696595],[-105.004027360984,39.7505451697684],[-105.003951361471,39.750489169017],[-105.00392636121,39.7504711690885],[-105.003784360448,39.7503681694425],[-105.003609360512,39.750214168581],[-105.00351936057,39.7501341686212],[-105.003433360533,39.7500561678457],[-105.003404360182,39.7500301682662],[-105.003357360248,39.7499931684692],[-105.003274359205,39.7499301683158],[-105.003256359886,39.7499161679516],[-105.003240359159,39.7499041683076],[-105.003214359326,39.7498861685066],[-105.003206358969,39.749880168682],[-105.003158358948,39.7498471680697],[-105.003056358537,39.7497761679354],[-105.002940358758,39.7496801680645],[-105.002785358274,39.7495621683074],[-105.002684357254,39.749493168853],[-105.002654356822,39.7494741684845],[-105.002631356887,39.7494591687586],[-105.002567356549,39.7494181689549],[-105.002517357233,39.7493851686293],[-105.002368356583,39.7492801687556],[-105.002292356057,39.7492261690862],[-105.002238355835,39.7491831695638],[-105.002194355673,39.7491471691106],[-105.0021283556,39.7490981689339],[-105.002112355253,39.749086169133],[-105.002034355639,39.7490281690527],[-105.001950354231,39.7489691689919],[-105.00193335516,39.7489571694426],[-105.001848353973,39.7488981695789],[-105.001795353708,39.7488601692096],[-105.001714354125,39.7487971691852],[-105.001690354339,39.7487741697641],[-105.001679353658,39.7487641698497],[-105.001653354221,39.7487391696653],[-105.001629353315,39.7487161693257],[-105.001524353538,39.7486161696649],[-105.001496352639,39.7485851696907],[-105.001468353037,39.7485531699679],[-105.00141635233,39.7484801699034],[-105.001405352284,39.7484651694286],[-105.001307351413,39.7482931696943],[-105.001267351144,39.748244170202],[-105.001239350953,39.7482091702754],[-105.001206350725,39.7481671698346],[-105.001183350729,39.7481281695806],[-105.001139350452,39.7480521698224],[-105.00111535019,39.747996169612],[-105.001101350075,39.7479641696932],[-105.001080349811,39.7479171700082],[-105.001041349991,39.7478261699786],[-105.001031349346,39.7478071702094],[-105.001026349784,39.7477961698063],[-105.001017348848,39.747779170166],[-105.001007348811,39.7477651700338],[-105.000983348664,39.7477301698863],[-105.000954349583,39.7476891698666],[-105.000936348716,39.7476571700716],[-105.000919348849,39.7476261697623],[-105.000895348788,39.7475811703206],[-105.000866347843,39.7475271699508],[-105.000807347827,39.7473851699391],[-105.000769346839,39.7472891698944],[-105.00073834678,39.7472111697694],[-105.000724347444,39.7471851700845],[-105.000710346958,39.747159169492],[-105.00066734688,39.7470901702],[-105.000658345886,39.7470751700219],[-105.000626345808,39.7470191699701],[-105.000610346233,39.7469971697786],[-105.000594345501,39.7469751695799],[-105.000549345281,39.7469201699259],[-105.000515345316,39.746837169969],[-105.000507345034,39.7468161701353],[-105.000472344943,39.746726170386],[-105.000448344194,39.7466441702618],[-105.000424344425,39.7465641696295],[-105.000421344691,39.7465451697951],[-105.000420344169,39.7465311699805],[-105.000414344532,39.7464851696261],[-105.000414343945,39.7464331701317],[-105.000414343295,39.746391169915],[-105.000427342905,39.7461861696199],[-105.000429342487,39.746150170073],[-105.00043734259,39.7460201692589],[-105.000443341796,39.7459271695324],[-105.000442341954,39.7459171696101],[-105.000436341391,39.7458031692677],[-105.000434340798,39.7457621693062],[-105.00042734043,39.7456191693171],[-105.000422340175,39.745521169177],[-105.000421339917,39.7455051689614],[-105.000415339909,39.74538716961],[-105.000413339762,39.7453711687514],[-105.000411339306,39.7453481687536],[-105.000409339053,39.7452951691061],[-105.00040833887,39.7452691687054],[-105.000405339428,39.7451821688721],[-105.000399338052,39.7450851687165],[-105.000399337994,39.7450761691806],[-105.000389337756,39.7449641693296],[-105.000376337741,39.7448721688168],[-105.000365336841,39.7447951685088],[-105.000349336409,39.7446721684518],[-105.00034233642,39.744622168423],[-105.000329336603,39.7445201686077],[-105.000325336133,39.744490169075],[-105.000311335564,39.7443581689451],[-105.00030233529,39.7442661682732],[-105.000298334769,39.7441341682611],[-105.000298334187,39.7441201681754],[-105.000296334554,39.7440631686089],[-105.000290334106,39.7438581685319],[-105.000287332827,39.7437781686841],[-105.000278333727,39.7437241683558],[-105.000271333417,39.7436871686401],[-105.000254332187,39.7435841682513],[-105.000219331672,39.7434851678676],[-105.000215332156,39.7434761684534],[-105.000191331864,39.74342016795],[-105.00018433222,39.7434061678559]]]},"properties":{"OBJECTID":7,"DIST_NUM":3,"DIST_REP":"Jamie Torres","NOTES":null,"GLOBALID":"ef7ab0f1-b402-4077-9c84-37310390b2b6","URL_LINK":"https://www.denvergov.org/district3"}},{"type":"Feature","id":8,"geometry":{"type":"Polygon","coordinates":[[[-104.983582282679,39.7320421938651],[-104.983586281822,39.7317201942153],[-104.983599278526,39.7307611932034],[-104.983603277601,39.7304421926668],[-104.983359277749,39.7304411935441],[-104.982874277117,39.7304391943528],[-104.982829277277,39.730439194709],[-104.982630277279,39.7304381946189],[-104.982388276814,39.7304371950688],[-104.982135277093,39.7304371959003],[-104.981700277468,39.7304371970864],[-104.981379276969,39.730437197542],[-104.981128276607,39.7304371978157],[-104.980886276546,39.7304351981251],[-104.980424276878,39.7304331993464],[-104.980402276799,39.7304331994641],[-104.980166276042,39.7304311995677],[-104.979926276134,39.7304302001898],[-104.979912275871,39.7304302004507],[-104.979686276227,39.7304292012229],[-104.979659276559,39.7304292007081],[-104.979633276571,39.7304292010058],[-104.979606276156,39.7304282007206],[-104.979579276482,39.7304282010883],[-104.979566275905,39.7304282012263],[-104.979553276494,39.7304282013683],[-104.979526276827,39.730428200823],[-104.979499275987,39.730428201167],[-104.979473276,39.7304282014294],[-104.979446276753,39.7304272011127],[-104.979419275913,39.7304272014383],[-104.979393275926,39.730427201683],[-104.979380276515,39.7304272018058],[-104.979366276259,39.730427201101],[-104.979339276586,39.7304272014135],[-104.979313275855,39.7304262018823],[-104.979300276444,39.7304262019962],[-104.979286276188,39.7304262012819],[-104.979260276202,39.7304262014972],[-104.979233276529,39.7304262017853],[-104.979206275689,39.7304262020622],[-104.979179276023,39.7304262014373],[-104.979164276074,39.7304262016873],[-104.979153276461,39.7304252018758],[-104.979126276788,39.7304252021395],[-104.979099275949,39.7304252023917],[-104.979085275694,39.7304252016535],[-104.979073275969,39.730425201665],[-104.978990276414,39.73042520253],[-104.978757275928,39.7304232022849],[-104.978522276229,39.730426203201],[-104.978222275956,39.7304292036207],[-104.978012275791,39.7304312038443],[-104.977819276097,39.7304332043895],[-104.977702276275,39.7304342045104],[-104.977586275683,39.7304362051042],[-104.977351275876,39.7304392054827],[-104.976649276075,39.7304492069931],[-104.976417275231,39.7304522071375],[-104.976416274295,39.7301742068024],[-104.976413272234,39.729346206866],[-104.976412271099,39.7290712065853],[-104.976178271038,39.7290712070826],[-104.975482270271,39.7290682080424],[-104.975250270705,39.729068208407],[-104.97501627015,39.7290692090487],[-104.974317269936,39.7290742102956],[-104.974085269834,39.7290752108184],[-104.973854270552,39.7290762117567],[-104.973164270492,39.7290792126649],[-104.972935270504,39.7290802135461],[-104.972936268302,39.7287192133698],[-104.972938265384,39.7276432126925],[-104.972939263933,39.727285212501],[-104.972934262763,39.726942212357],[-104.972919259303,39.7259182113514],[-104.972915257564,39.7255782111814],[-104.972915256427,39.7252092107142],[-104.972916252875,39.724106209824],[-104.972916251625,39.7237872096565],[-104.972916250831,39.723741209988],[-104.972916251616,39.7237012097732],[-104.972915250127,39.723381209823],[-104.972912245773,39.7223102086616],[-104.972911245375,39.7219542091462],[-104.972911244119,39.7215832086764],[-104.972911239451,39.7204742078014],[-104.972911238849,39.7202332073375],[-104.972928238984,39.7201272072698],[-104.972931238569,39.7201072075141],[-104.972995238014,39.7199692068419],[-104.973075237365,39.7198482070524],[-104.973100237571,39.7198092068311],[-104.973184236693,39.7196592066406],[-104.973249236162,39.7194362064326],[-104.973250235769,39.719413206537],[-104.973252236362,39.7193782068061],[-104.973258235294,39.7192582067041],[-104.973252234395,39.7189982063593],[-104.973252233713,39.7187642058898],[-104.97327123384,39.7187072055969],[-104.973266232888,39.7186452062169],[-104.973252232751,39.7184622055316],[-104.973248232297,39.7184052058209],[-104.973245232234,39.7183602059034],[-104.973238231882,39.7182762055496],[-104.973237232007,39.7182632059972],[-104.973235232264,39.7182372059915],[-104.97323223149,39.718198205527],[-104.973151231711,39.7180062059447],[-104.973151231269,39.7178772053985],[-104.973150229923,39.717753205468],[-104.973147227567,39.7168722052458],[-104.97314622646,39.7165382042661],[-104.973146224668,39.7162182043686],[-104.973146221943,39.7152872038345],[-104.973195220821,39.7150812032484],[-104.97318922074,39.71487320359],[-104.973145220333,39.7148312039052],[-104.973042219636,39.7147312032588],[-104.973145220215,39.7147312034876],[-104.973229219862,39.7147302034405],[-104.973321219362,39.7147302028863],[-104.973392219658,39.7147302028236],[-104.97339321889,39.7144852027962],[-104.973397213759,39.7129172021729],[-104.973396212261,39.7125542013274],[-104.973394208033,39.7115462008318],[-104.973394208183,39.7114702008957],[-104.973393206862,39.7111482009241],[-104.97339320752,39.7111102009535],[-104.973392206473,39.7110492001632],[-104.973390205432,39.7107462001599],[-104.973380201414,39.7096581992824],[-104.973376200869,39.7092971994216],[-104.973376199563,39.7089351987425],[-104.973374195378,39.707852198467],[-104.973374194402,39.70760419857],[-104.973374194228,39.7074921980293],[-104.973374194129,39.707428197847],[-104.973374193288,39.7071271978268],[-104.973373189093,39.7060361969107],[-104.973373188449,39.705675197378],[-104.973374186842,39.7053101969099],[-104.97337818252,39.7042241957817],[-104.973379182192,39.7039161961391],[-104.973379181157,39.7038631959867],[-104.973379181948,39.7038111956064],[-104.973380180298,39.703501195482],[-104.973383176632,39.702417195015],[-104.973384175371,39.7020581945193],[-104.973385173711,39.7016861943206],[-104.973388170636,39.7005731936365],[-104.973389169232,39.700205193208],[-104.973392167722,39.6998481928111],[-104.973399163964,39.6987851922397],[-104.973401162785,39.698447191763],[-104.973401162899,39.6984331923262],[-104.973381162649,39.6983561918757],[-104.973382161892,39.6980671916643],[-104.973387157652,39.6969691914087],[-104.973388156494,39.6966051913822],[-104.973393154368,39.6962321905924],[-104.973408150943,39.6951181903838],[-104.973413149412,39.6947481896056],[-104.973413148856,39.6943911895005],[-104.973414144468,39.6933261883902],[-104.973414143971,39.6930011888119],[-104.973414143041,39.6929731880776],[-104.973414143381,39.6929311887848],[-104.973416142711,39.6926031880017],[-104.973424138634,39.6915001876062],[-104.973426136838,39.6911351870792],[-104.973426136646,39.6910551875124],[-104.973427136466,39.6908241867003],[-104.973427135844,39.6907771867224],[-104.973427135407,39.6907481870996],[-104.973427135068,39.690728187204],[-104.973427135202,39.6906911867248],[-104.973427135573,39.690665187314],[-104.973426135402,39.690527186712],[-104.973426134839,39.6904731865408],[-104.973424134328,39.6903421870429],[-104.973422133869,39.6902271865565],[-104.973418132773,39.6900411862476],[-104.973423132798,39.6900231866627],[-104.973427132551,39.690005186201],[-104.973420132539,39.6899531866394],[-104.973420133066,39.6899291867622],[-104.973424132176,39.6898251862761],[-104.973425132559,39.6898111867725],[-104.973428132025,39.6897311861903],[-104.973428131684,39.6897111862877],[-104.97342913182,39.6896861866115],[-104.973430131339,39.6896141860373],[-104.973431130905,39.6895351861712],[-104.973432130975,39.6894551865352],[-104.973433130805,39.689364185823],[-104.973431131131,39.6892981857417],[-104.973426130358,39.6891041863373],[-104.973424129987,39.6890441857682],[-104.973422129223,39.6889711854819],[-104.97342012872,39.6888861861514],[-104.973420128858,39.6888491856483],[-104.973420128637,39.6888151853543],[-104.973424124626,39.6875621846713],[-104.9734241229,39.687198184361],[-104.973422119246,39.6861091843224],[-104.973422118969,39.6860201839711],[-104.973422118336,39.6857481840445],[-104.973422117629,39.685568183773],[-104.973422116716,39.6853931832468],[-104.973425112876,39.684334182752],[-104.973425112041,39.6839821828989],[-104.973425110514,39.6836131823715],[-104.973423107203,39.682512181895],[-104.973423105329,39.6821461813944],[-104.973413105949,39.6821141817172],[-104.973402105103,39.6820801816109],[-104.973405104392,39.6817841812864],[-104.973413100276,39.6806951807339],[-104.973416098663,39.6803341796947],[-104.973419098382,39.6799681797494],[-104.973428094312,39.6788761791619],[-104.973430092905,39.6786221789346],[-104.973431093043,39.6785141790222],[-104.973436091809,39.6781501783393],[-104.973440090553,39.6778961788999],[-104.973451088234,39.6770641782628],[-104.973454087015,39.6768671776017],[-104.973457086523,39.6767031775933],[-104.973461085443,39.6763381778323],[-104.973465084335,39.675950176902],[-104.973473081766,39.6752481762437],[-104.973475080796,39.675011176377],[-104.973477080163,39.6748861765218],[-104.973446080234,39.6748501763757],[-104.973447078362,39.67453917602],[-104.973450075079,39.6734681751138],[-104.973451073838,39.6731121756992],[-104.973454072912,39.6727441752807],[-104.973462068557,39.6716451744437],[-104.973465067154,39.6712801740658],[-104.973465067107,39.6712641740416],[-104.973467066167,39.6709211741282],[-104.973473062889,39.6698491729308],[-104.973475061772,39.669520172428],[-104.973475061464,39.6694931730452],[-104.973476060494,39.6693501724852],[-104.973477060072,39.6691301728751],[-104.973480058883,39.6686861726684],[-104.973484055532,39.6680461718537],[-104.973486055166,39.6677131720393],[-104.973486054861,39.6676861717389],[-104.973486054757,39.6676771719389],[-104.973569054746,39.6676771716882],[-104.974680053759,39.6676831696629],[-104.975679052954,39.6676891674139],[-104.97580305307,39.6676901671952],[-104.976976053201,39.6676961650422],[-104.977904052572,39.6677011632347],[-104.978186052607,39.6677031629933],[-104.978292051633,39.6677031624244],[-104.978883052016,39.6677011615488],[-104.979310051448,39.6677011604821],[-104.979581050892,39.6677001601738],[-104.979601051215,39.6677001595498],[-104.979621051532,39.667700159823],[-104.980527050106,39.6676981576593],[-104.980565050821,39.6676981580568],[-104.981310049902,39.6676971568422],[-104.981676049898,39.6676961556396],[-104.981732049846,39.6676961557638],[-104.982835048784,39.667698153965],[-104.982900049047,39.6676931537138],[-104.983712048572,39.6676921518773],[-104.98400504807,39.6676911515282],[-104.984041048865,39.6676911510302],[-104.984057048182,39.6676911510008],[-104.984203047765,39.6676911513338],[-104.984826048277,39.6676901499817],[-104.98519704789,39.6676891489196],[-104.985220048071,39.6676891487684],[-104.985263047394,39.6676891488214],[-104.985328047276,39.6676881490361],[-104.98535604724,39.6676881491322],[-104.985782047628,39.667688148104],[-104.986354047043,39.6676861472404],[-104.986381047055,39.6676861463257],[-104.987514046752,39.6676841443299],[-104.987572046587,39.667684144086],[-104.98759104577,39.6676841440432],[-104.988035045595,39.6676831432796],[-104.988067046541,39.6676831439431],[-104.988263045388,39.6676821428308],[-104.988813045257,39.6676811420874],[-104.988839045303,39.6676811416638],[-104.988870045125,39.6676811422587],[-104.989046044802,39.667680142047],[-104.989973044906,39.6676781394538],[-104.990864044123,39.6676761384536],[-104.991132044153,39.6676761379326],[-104.991216044258,39.667675137881],[-104.992299043148,39.667673135441],[-104.995583041359,39.6676651288354],[-104.995699040939,39.6676651284625],[-104.995946040789,39.6676641279725],[-104.99608504052,39.6676641276663],[-104.996224041411,39.6676641281014],[-104.996227041284,39.6676641274474],[-104.997005040112,39.6676621260768],[-105.000186039396,39.6676751200387],[-105.000189039291,39.667804120096],[-105.000189039571,39.6678111203297],[-105.000195040959,39.6681121206983],[-104.999988040899,39.6682001213413],[-104.999772041116,39.6683021216139],[-104.999605042111,39.6683901215655],[-104.999434042747,39.6685041218298],[-104.999281043111,39.6686121224028],[-104.999152042977,39.6687071225675],[-104.999029043489,39.6688021229429],[-104.99889104381,39.6689391236748],[-104.998753045029,39.6690981238091],[-104.998686045562,39.6691841241275],[-104.998629045504,39.6692951245126],[-104.998569045988,39.6694641242647],[-104.998542047079,39.6695691242158],[-104.998508047109,39.6696891242455],[-104.998484047761,39.669749124567],[-104.998470047794,39.6697811251992],[-104.998456048276,39.6698101247043],[-104.998361049085,39.6700121251947],[-104.998302049731,39.6701261251953],[-104.998226049674,39.6702291253244],[-104.998178050461,39.6703241260432],[-104.998168050071,39.6703571254691],[-104.998159049815,39.6703891257855],[-104.998151050252,39.6704691258814],[-104.998131051545,39.6706261258776],[-104.998105051598,39.6707531259057],[-104.998059052537,39.6709331267777],[-104.997998053138,39.6711281268395],[-104.997949053452,39.6712571263188],[-104.997881054193,39.6714251268061],[-104.997780055586,39.6716571276711],[-104.997633056131,39.6719931281878],[-104.997565057838,39.6721961277732],[-104.997509058023,39.6723651286188],[-104.997467059242,39.6724931282769],[-104.997444058917,39.6725691289965],[-104.997436059581,39.6726061287836],[-104.997428059071,39.6726431285648],[-104.997413060262,39.6727951292169],[-104.99740505991,39.6728731287476],[-104.997393060767,39.6730131287065],[-104.997381061405,39.6731331286696],[-104.99737606191,39.6732341295204],[-104.997350062622,39.6733711297228],[-104.997315063023,39.6735421296814],[-104.99731406263,39.6735721294334],[-104.997314063437,39.6736021298635],[-104.997347063765,39.6736711292794],[-104.997398063786,39.67381712969],[-104.997412064447,39.6738941298068],[-104.997414064395,39.6739231290985],[-104.997416064338,39.6739521292905],[-104.997415064317,39.6739941299301],[-104.997415064679,39.6740341298939],[-104.997417065298,39.6740661294092],[-104.997418064869,39.6740971293742],[-104.997443065525,39.674220130073],[-104.997464066169,39.6742931294769],[-104.997501065616,39.674421129875],[-104.997548066235,39.6746101294718],[-104.997575067418,39.6747331296622],[-104.997613068346,39.6749051297248],[-104.997627068245,39.6749681293495],[-104.997670068439,39.6751481300149],[-104.997680069219,39.6752191296418],[-104.997675068862,39.6752481296273],[-104.9976690696,39.6752771298477],[-104.997668070005,39.6754251298692],[-104.997686070159,39.6755251300751],[-104.997714070968,39.6756401299717],[-104.997754071103,39.6758231296733],[-104.997771071768,39.6759861302067],[-104.997788072691,39.676206130406],[-104.9977910739,39.6763671301088],[-104.997786074131,39.6765011305753],[-104.997788073868,39.6765691308863],[-104.997789074449,39.6766241307798],[-104.997791074292,39.6767351303307],[-104.997796075169,39.6769721302889],[-104.997803077377,39.6772821311927],[-104.997813077652,39.6773881309019],[-104.997827077448,39.6775361309353],[-104.997862079233,39.6777581308767],[-104.997898078798,39.677930131115],[-104.997931080018,39.6780761307484],[-104.997943079899,39.6781731310959],[-104.997948080242,39.6782111311907],[-104.997955080765,39.6782641310074],[-104.997983081257,39.6784721311642],[-104.997982081145,39.6784721313972],[-104.998000081677,39.6786071315804],[-104.998028082265,39.6787791317961],[-104.998086083045,39.6789881318491],[-104.998113083222,39.6790671318341],[-104.998177084514,39.6792581318155],[-104.998228084697,39.6793801316268],[-104.998352085869,39.679671131455],[-104.998355086352,39.6796781309515],[-104.998381086255,39.6797311316172],[-104.998391086374,39.679754131206],[-104.998397086641,39.679765130878],[-104.998439086877,39.6798531314587],[-104.998450087157,39.6798761317054],[-104.998450087008,39.6798771314765],[-104.99845108714,39.6798771312396],[-104.998455086452,39.679885131163],[-104.998545087352,39.6800351313597],[-104.998553087633,39.68004813099],[-104.998564087561,39.6800661314633],[-104.998603087472,39.6801171312288],[-104.998640087322,39.6801671307859],[-104.998728087459,39.6802701312252],[-104.998809088515,39.6803461304421],[-104.998923088498,39.6804541305321],[-104.99906308916,39.6805771306805],[-104.999159089367,39.6806461303013],[-104.999255089195,39.6806941301358],[-104.999355089937,39.6807321302987],[-104.99939508917,39.6807451301176],[-104.999436089727,39.6807581296825],[-104.999584090209,39.68080712973],[-104.999838089516,39.6808851289957],[-105.000071090339,39.6809591285051],[-105.000194090768,39.6810141290832],[-105.000451090893,39.6811291286028],[-105.00082709278,39.6813281281588],[-105.000941092881,39.6814151283407],[-105.001041093482,39.6815121279548],[-105.001139094012,39.6816301276945],[-105.001195094207,39.6817161285281],[-105.001206094406,39.6817401282675],[-105.001215093694,39.6817591278678],[-105.001348095493,39.6820491284099],[-105.001374095726,39.682117128523],[-105.001391096224,39.682159127946],[-105.00139509545,39.682172128416],[-105.001828096307,39.6821791275709],[-105.00220909636,39.6821801270229],[-105.002309096295,39.6821801270417],[-105.002424096332,39.6821801274089],[-105.0040790977,39.6822051255884],[-105.005242098666,39.6822171237128],[-105.006187100337,39.6822341232965],[-105.006364099713,39.6822431232309],[-105.006390100464,39.6822431225084],[-105.006476100434,39.682245122795],[-105.006790100231,39.6822501224531],[-105.008690102504,39.6822691199492],[-105.008916102124,39.6822731201824],[-105.009986103503,39.6822871192697],[-105.01104210398,39.682296117292],[-105.011410104887,39.6823001177404],[-105.011965105066,39.6823061165415],[-105.012518104989,39.6823121161379],[-105.012888105255,39.6823171155158],[-105.012984105886,39.6823181157752],[-105.013275105961,39.6823211149845],[-105.013372105596,39.6823221154599],[-105.01346110626,39.6823231151795],[-105.013729106094,39.682326114458],[-105.013819106928,39.6823271144403],[-105.014002106759,39.6823291148824],[-105.01455210656,39.682336113896],[-105.014737106763,39.6823381133469],[-105.01492710762,39.6823381137828],[-105.015501107535,39.6823401130481],[-105.015693107559,39.6823401123782],[-105.015927108245,39.6823361123142],[-105.016279108216,39.6823301123027],[-105.016629109068,39.6823251117955],[-105.016864108639,39.6823211112717],[-105.017097109242,39.6823191115152],[-105.017796110053,39.682315109912],[-105.018030109598,39.6823131097017],[-105.018262109963,39.6823111098414],[-105.018960110126,39.6823051093882],[-105.019193110592,39.6823031090808],[-105.019427111353,39.6823021085672],[-105.020131111409,39.682298108113],[-105.020367111288,39.6822971075832],[-105.020600111669,39.6822951071894],[-105.021302112208,39.6822901062128],[-105.021538113012,39.6822881062688],[-105.021769113168,39.6822871059967],[-105.022468113196,39.682283105439],[-105.022702113605,39.6822811049418],[-105.022910113461,39.682280104528],[-105.023536114257,39.6822761040153],[-105.023746114188,39.6822741041536],[-105.024004114181,39.6822741032439],[-105.024779115004,39.6822721025251],[-105.025038115132,39.6822721024882],[-105.025038115787,39.6822801024472],[-105.025039116827,39.6826321027456],[-105.025041120598,39.683717103449],[-105.025042121846,39.6840801037292],[-105.02504312271,39.6842571037614],[-105.025044124912,39.6847931035603],[-105.025044125104,39.6849731042152],[-105.025046125939,39.6851541037019],[-105.025050127602,39.6855211041835],[-105.025052128691,39.685703104305],[-105.025054129084,39.6858871039482],[-105.025053131703,39.6866771048544],[-105.025053133493,39.6868691044112],[-105.025051136198,39.6876811048975],[-105.025053137108,39.6880411058054],[-105.025056142208,39.689124106256],[-105.025058142707,39.6894871062796],[-105.025058144142,39.6897491064312],[-105.025059147765,39.6905411066742],[-105.025059148721,39.6908061069265],[-105.025060148967,39.6909031072173],[-105.025061150063,39.6911981071646],[-105.025062149841,39.6912981067387],[-105.025062151713,39.6916591069855],[-105.025063156218,39.6927461078452],[-105.025064156263,39.6929341083581],[-105.02506415676,39.6931101085356],[-105.025064157516,39.6932821078398],[-105.025064158642,39.6934711085516],[-105.025065159239,39.6936001084504],[-105.025065159591,39.6936221086944],[-105.025066163315,39.6945571084864],[-105.025067163669,39.694920109178],[-105.025065165554,39.6952841091869],[-105.025061169448,39.6963811095198],[-105.02505917077,39.6967481104325],[-105.02506917307,39.6971151102269],[-105.025081174803,39.6975831104226],[-105.025081177272,39.6982221108559],[-105.025082178293,39.6984751109581],[-105.025082178417,39.6985931109892],[-105.025082178954,39.6986261112967],[-105.025081178802,39.6987191113914],[-105.025080180724,39.6991021113552],[-105.025080181253,39.6992321112245],[-105.0250801822,39.6994661116945],[-105.025080184313,39.7001751122271],[-105.025080185014,39.7004131116696],[-105.025080185976,39.7005961124249],[-105.025079187963,39.7011481125677],[-105.025078189181,39.7013341121286],[-105.025079189583,39.7014821125598],[-105.025082191503,39.7019291130968],[-105.025083191446,39.7020801127819],[-105.025083192779,39.7022851127044],[-105.025084195587,39.7029031129995],[-105.025084195275,39.7031111130419],[-105.025084197033,39.7032771131681],[-105.025084197132,39.7034001136086],[-105.02508419878,39.7037801140838],[-105.025084198895,39.7039491134489],[-105.025084198698,39.7039891138239],[-105.025087199847,39.7041411140351],[-105.025096202331,39.7047201140959],[-105.025099202642,39.7049141141488],[-105.025100203573,39.7050691145234],[-105.025102205423,39.7055371144403],[-105.025102205394,39.7056951145254],[-105.025100207175,39.7059011148776],[-105.025092209307,39.7065251153264],[-105.025091210057,39.7066531148961],[-105.025090209387,39.7067341157935],[-105.025090210438,39.7067591152197],[-105.025088210888,39.7068881159046],[-105.025083212795,39.7073571158357],[-105.02508221314,39.7075141156242],[-105.025080212891,39.7075891156994],[-105.025088213263,39.7076541162172],[-105.025085213017,39.7076701155807],[-105.025087215649,39.7083561159252],[-105.025089216329,39.7085331166691],[-105.025090216965,39.7087071167858],[-105.025091218953,39.7092341168015],[-105.025091219742,39.7094111166202],[-105.02509222141,39.7097631171397],[-105.025092225461,39.7108221173018],[-105.025093226443,39.7111761180594],[-105.024846227078,39.711172117653],[-105.024110226152,39.711160119128],[-105.023866226274,39.7111561188912],[-105.0236332254,39.7111561193987],[-105.022938225655,39.7111591201546],[-105.022707224938,39.7111601203947],[-105.022466225268,39.7111601212594],[-105.022135224229,39.7111611214551],[-105.021746224838,39.7111621217932],[-105.021506223573,39.7111631218077],[-105.021271223998,39.7111641227753],[-105.020983223292,39.7111661224626],[-105.02056922362,39.7111681231329],[-105.020335223414,39.7111691236019],[-105.020100222624,39.7111701240266],[-105.019829223295,39.7111711238425],[-105.019395222533,39.7111731242942],[-105.01916022287,39.7111741246468],[-105.018943221739,39.7111741254271],[-105.018653221928,39.7111751258854],[-105.01829322151,39.7111761262914],[-105.018077221068,39.7111771266297],[-105.017844221343,39.7111781262426],[-105.017500220751,39.7111791267585],[-105.017146220338,39.7111811273104],[-105.016915220551,39.7111821278889],[-105.016671220391,39.7111841274943],[-105.016489220778,39.7111851277216],[-105.016471219856,39.7111861282407],[-105.016415220298,39.7111861285978],[-105.016372220057,39.7111861283369],[-105.016319219999,39.7111871281313],[-105.016277220329,39.7111871283474],[-105.016266219834,39.7111871281418],[-105.01594222035,39.7111901284162],[-105.015701219505,39.711192129346],[-105.015464219419,39.7111901292103],[-105.014758218592,39.7111841303502],[-105.014523218532,39.7111821302643],[-105.01382021776,39.7111841317307],[-105.011711216208,39.7111901343423],[-105.01101021629,39.7111911347665],[-105.010537215821,39.7111941356063],[-105.009125214629,39.7112011374938],[-105.008654213956,39.7112031375464],[-105.008177213348,39.7112001379447],[-105.006749212308,39.711189139695],[-105.006273212435,39.7111851404103],[-105.005795211172,39.7111871410606],[-105.004362209982,39.7111941425477],[-105.003885210219,39.7111971430198],[-105.003439210163,39.7111931435089],[-105.001565208741,39.7111761464438],[-105.001381208349,39.7111811462837],[-105.000832207442,39.7111971466625],[-105.00065020808,39.7112021475463],[-105.000548207601,39.7112021477051],[-105.000244207067,39.7112041475672],[-105.000143207157,39.7112041480232],[-105.00028420793,39.7114281476887],[-105.000367209088,39.7115811474959],[-105.000419209396,39.7117011477715],[-105.000444209489,39.7117621483652],[-105.000485209683,39.7118611483487],[-105.000494209818,39.7118841477315],[-105.00051721077,39.7119391475585],[-105.000596211359,39.712125148391],[-105.000601210768,39.712135148305],[-105.000620210966,39.7121781484086],[-105.000653212248,39.7122521482735],[-105.000907213624,39.7128201478997],[-105.00102921507,39.7130591478649],[-105.001060215021,39.7131211482856],[-105.001103215918,39.7131981482585],[-105.001258216484,39.7134801478733],[-105.001466218524,39.7139091483083],[-105.00147921861,39.7139391484547],[-105.001490218968,39.7139661480514],[-105.001532219469,39.7140611482777],[-105.001564219209,39.7141501480828],[-105.001673220875,39.7144531479129],[-105.001676220521,39.7144631483065],[-105.001754222236,39.714689147816],[-105.001771221745,39.7147401480959],[-105.001825222599,39.7148451479704],[-105.00185322284,39.7148891478731],[-105.001961223656,39.7150681477631],[-105.002042224236,39.7151771482864],[-105.00236122623,39.7155851479752],[-105.002464226239,39.715714148159],[-105.002548227279,39.7158051482216],[-105.002571227275,39.7158261476485],[-105.002718228099,39.7159581473895],[-105.002802227957,39.7160301473365],[-105.002950228302,39.7161581474609],[-105.002961228717,39.7161681473953],[-105.003023229278,39.7162211479736],[-105.003098229354,39.7162841478768],[-105.003273230445,39.7164311471607],[-105.003369230008,39.7165021471597],[-105.003484230583,39.7165721473616],[-105.003764231407,39.7167421466518],[-105.003939232329,39.7168461471951],[-105.004114232466,39.7169521469853],[-105.004575234615,39.7172311458688],[-105.00469923403,39.7173041460006],[-105.005054236016,39.7175111454384],[-105.00549623692,39.7177781455434],[-105.005780238373,39.717974145037],[-105.006129238734,39.7181961447285],[-105.006141239513,39.718204144536],[-105.00628024008,39.7182941450762],[-105.006396240008,39.7183681446856],[-105.006492240587,39.7184421449417],[-105.006588240208,39.7185161442119],[-105.006676240744,39.718580144705],[-105.006768241993,39.71867514448],[-105.006819242128,39.7187381448774],[-105.006841242283,39.7187661447538],[-105.007029242798,39.7189991439696],[-105.007120242881,39.7191061444491],[-105.007585245471,39.7195681440637],[-105.007636246066,39.7196191442954],[-105.008061247727,39.7200421433881],[-105.008327248512,39.7203111434523],[-105.008485250246,39.7204701435746],[-105.008498250017,39.7204831433878],[-105.008511249792,39.7204961431997],[-105.008775251434,39.7207631433337],[-105.008949251457,39.7209291430475],[-105.009043252117,39.7210191432947],[-105.00921725341,39.7211851425968],[-105.009343253356,39.721293142904],[-105.009382253586,39.7213261426042],[-105.009633255028,39.72150514216],[-105.009874255918,39.7216491422562],[-105.009953255456,39.7216961419664],[-105.010057255827,39.7217481418497],[-105.010204256113,39.7218001423411],[-105.010419256125,39.7218611415486],[-105.010596256414,39.72190414159],[-105.010795256777,39.7219531413198],[-105.010881257035,39.7219741416259],[-105.011064257548,39.7220151411749],[-105.011320258462,39.7220721407714],[-105.012057259354,39.7222371396825],[-105.012215259304,39.7222801395265],[-105.012267259646,39.7222951398043],[-105.012404260568,39.7223341397728],[-105.012460260484,39.7223501391845],[-105.012552259823,39.7223851398901],[-105.012700260668,39.7224401397498],[-105.012811261585,39.7225001389959],[-105.012884261213,39.7225551387316],[-105.012913261922,39.7225821387285],[-105.012943261055,39.7226091392488],[-105.013020261688,39.722667139417],[-105.01307026187,39.7226971391002],[-105.013219263032,39.722786138632],[-105.013888264617,39.7231671385448],[-105.013981264461,39.723223138014],[-105.014049264518,39.7232641377887],[-105.014325265818,39.7234541376343],[-105.014507266269,39.7235641377881],[-105.01452126692,39.7235721377649],[-105.015125267884,39.7239021368099],[-105.015144267962,39.7239121370114],[-105.015270268381,39.7239861373338],[-105.015299268896,39.7240071372905],[-105.015392268828,39.7240781364474],[-105.01551326962,39.7242041364932],[-105.01556026974,39.7242601370825],[-105.015667270867,39.7243851362986],[-105.015677270395,39.7243981364502],[-105.01573027058,39.7244651364541],[-105.01579227082,39.7245571367229],[-105.015836271307,39.7246601367408],[-105.015841271525,39.7246951370276],[-105.015846271754,39.7247301364132],[-105.015843271938,39.7247921367845],[-105.015842272911,39.7248101363648],[-105.015838272119,39.7248821364667],[-105.015836273182,39.7249091369292],[-105.01583427299,39.7249231369724],[-105.015826272868,39.7250221365054],[-105.015821272931,39.7250871369089],[-105.015818273103,39.7251251368557],[-105.015807273445,39.7252051368043],[-105.015789273888,39.7253431369373],[-105.015785274914,39.7253741371878],[-105.015779275035,39.725424137148],[-105.015777275298,39.7254431368629],[-105.015773274764,39.7254701371868],[-105.015769274895,39.7255041375958],[-105.015676275385,39.7255111376507],[-105.01481227419,39.725574138756],[-105.014752274341,39.725578138903],[-105.01432127391,39.7256101395131],[-105.014303273998,39.7256121394693],[-105.013656273342,39.7256601397639],[-105.013471274035,39.7256711404321],[-105.013456274033,39.7256721403006],[-105.013340273382,39.7256761404939],[-105.013242273966,39.7256801402962],[-105.013231273525,39.7256801407171],[-105.013231273464,39.7256791409622],[-105.012900273138,39.7256931410838],[-105.012834272991,39.7256961408745],[-105.012611272825,39.7257061415933],[-105.012558273445,39.7257081412923],[-105.012436272744,39.7257141413639],[-105.012182272955,39.7257301419219],[-105.011953272712,39.7257441425542],[-105.011323272357,39.7257681433907],[-105.01096027262,39.7257701431821],[-105.010961272313,39.7257731438996],[-105.01091227244,39.7257741435157],[-105.010879272246,39.7257741432257],[-105.010852272083,39.7257741435548],[-105.010834271976,39.7257741434706],[-105.010726272522,39.7257751435673],[-105.010551271904,39.7257771438063],[-105.010456272109,39.7257771439412],[-105.009904271161,39.7257821448353],[-105.009687271399,39.7257841453562],[-105.009660271253,39.7257861449212],[-105.009484271001,39.7257971453061],[-105.009430270672,39.7258001454827],[-105.009388271584,39.7258031452442],[-105.009102271297,39.7258211457205],[-105.009039270871,39.7258251457472],[-105.009007271428,39.7258271459161],[-105.008620270991,39.7258461467388],[-105.008546270047,39.7258501464902],[-105.008289270043,39.725859146746],[-105.008273270316,39.7258591465244],[-105.008050270149,39.7258651467884],[-105.007776269811,39.7258571474548],[-105.007461270153,39.7258431475442],[-105.007355269902,39.7258381480829],[-105.007223269175,39.7258301484412],[-105.007076269573,39.7258211482018],[-105.007003269576,39.725817148634],[-105.006927269573,39.7258131481565],[-105.006483268576,39.7257901493152],[-105.006362268415,39.7257841493277],[-105.006336269028,39.7257841492168],[-105.006224268674,39.7257271498099],[-105.006110268112,39.7256701491029],[-105.005780267838,39.7256671501708],[-105.005769267444,39.7256661501391],[-105.005712267174,39.7256661502521],[-105.005394267043,39.7256621504609],[-105.005349266833,39.725662150409],[-105.005077267555,39.7256611505827],[-105.005008267226,39.7256611512109],[-105.004881267021,39.7256611509052],[-105.004854266895,39.7256611507585],[-105.004816266324,39.7256611511402],[-105.00474826684,39.7256601515699],[-105.004688266561,39.7256601511674],[-105.004461266266,39.7256601517729],[-105.004391266392,39.7256591516767],[-105.004143265996,39.7256591523681],[-105.003973266046,39.7256581520236],[-105.003916265776,39.7256581521671],[-105.003866266319,39.725658152084],[-105.003816265688,39.7256581528754],[-105.003759266585,39.7256581529478],[-105.003659265412,39.7256571528621],[-105.003605266323,39.725657152907],[-105.003581266212,39.7256571525165],[-105.003493266181,39.7256571531461],[-105.001610264294,39.7256521554286],[-105.000827263102,39.7256501562069],[-105.000773264012,39.7256501558526],[-105.000466263293,39.7256661566001],[-105.000245263365,39.7256721568683],[-105.000148263215,39.72570915725],[-104.999450263511,39.7257091582274],[-104.999338263397,39.7257081583587],[-104.998573262502,39.725708159904],[-104.99807826275,39.7257031615456],[-104.998061263434,39.7257031610746],[-104.998044262945,39.7257031614968],[-104.997547262857,39.7256981622768],[-104.997450262531,39.725699162035],[-104.997160262478,39.7257011626504],[-104.997064262921,39.7257021627651],[-104.996964262554,39.7257031637086],[-104.99692626212,39.7257021635883],[-104.99651526198,39.7256961640901],[-104.996378262333,39.7256941645404],[-104.996140262712,39.7256931652973],[-104.995793261891,39.7256911652712],[-104.995429261757,39.7256891660723],[-104.99519326255,39.7256881671881],[-104.994955261986,39.7256861675893],[-104.994602262541,39.7256831682655],[-104.994244261536,39.7256801688984],[-104.994008261416,39.7256781687779],[-104.993771261462,39.7256771699423],[-104.993420262042,39.7256761706856],[-104.993060261634,39.7256741714714],[-104.992823261701,39.7256731716266],[-104.992689261723,39.7256731721174],[-104.992290261119,39.725671172596],[-104.992157262169,39.7256701725415],[-104.991903261762,39.7256691731146],[-104.991529261847,39.7256681742591],[-104.991143260959,39.7256661747915],[-104.990890261346,39.7256651757047],[-104.990768261699,39.725664175743],[-104.990469260687,39.7256601764102],[-104.990402260704,39.7256601762348],[-104.99028126095,39.7256581767405],[-104.990062261167,39.7256571772646],[-104.989408260974,39.7256531779424],[-104.989190261105,39.7256511787248],[-104.989127260756,39.7256511789768],[-104.988940260991,39.7256521789728],[-104.988878261418,39.7256521798361],[-104.988589260783,39.7256501799537],[-104.98837126094,39.7256481801191],[-104.987723260326,39.7256421817958],[-104.987435260837,39.7256391818801],[-104.987434260992,39.7258441824711],[-104.987431264008,39.7264621825306],[-104.987430264086,39.7266181833172],[-104.987430264233,39.7266441832734],[-104.98743026438,39.7266701832295],[-104.987424265743,39.7269451826928],[-104.987423265391,39.7269701830347],[-104.987415266874,39.7272771830462],[-104.987415267187,39.7273101830871],[-104.987415267438,39.7274151835394],[-104.987414267494,39.7274501832352],[-104.987412268131,39.7277791841339],[-104.987406272589,39.728765184148],[-104.987404273053,39.7290151844348],[-104.987404273703,39.7290961844013],[-104.987404273567,39.7291041842413],[-104.987404274311,39.7293661848658],[-104.987403276937,39.730182185678],[-104.987403277581,39.7303651857842],[-104.987403278953,39.730455185305],[-104.987403279039,39.7307721857947],[-104.987403283044,39.7317261863221],[-104.987403284535,39.732046186833],[-104.98714728378,39.7320451874402],[-104.986745283674,39.7320441874787],[-104.986382284165,39.732042188219],[-104.986127284294,39.7320411891745],[-104.985872283767,39.7320421899831],[-104.98549728327,39.7320431906561],[-104.985107283634,39.7320441911468],[-104.984854283652,39.7320451912983],[-104.984598284064,39.7320441917685],[-104.983835283138,39.7320431932568],[-104.983582282679,39.7320421938651]]]},"properties":{"OBJECTID":8,"DIST_NUM":7,"DIST_REP":"Flor Alvidrez","NOTES":null,"GLOBALID":"4391257e-d34b-4cb4-ba8d-34f81ff5a89b","URL_LINK":"https://www.denvergov.org/district7"}},{"type":"Feature","id":9,"geometry":{"type":"Polygon","coordinates":[[[-104.866236250526,39.8056987039228],[-104.86621325514,39.7984126694968],[-104.86609525511,39.7984126702957],[-104.86605125512,39.7984126703345],[-104.866035255015,39.7984126706715],[-104.866017254759,39.7984126701465],[-104.86598425506,39.7984126699317],[-104.8613322479,39.7983966807218],[-104.856614240606,39.7983806912135],[-104.850007231268,39.7983577049869],[-104.847193226715,39.7983487110608],[-104.842309220042,39.798309722114],[-104.838750215601,39.7982817296578],[-104.837644213573,39.7982737322282],[-104.835506210175,39.798256736729],[-104.835510211012,39.7981047357989],[-104.835510211151,39.7981037360598],[-104.835407210915,39.7981027360591],[-104.835408210129,39.7980557359092],[-104.835413211244,39.7976547341987],[-104.835413211322,39.7976297334922],[-104.835413211682,39.7976027333069],[-104.835424212267,39.7969217300215],[-104.835434212996,39.7962337272347],[-104.835445213442,39.7955507241083],[-104.835449215065,39.7948687206792],[-104.835450214528,39.7947867196247],[-104.835452214591,39.7947047197106],[-104.835464215475,39.7939707161001],[-104.835475216504,39.7932297129518],[-104.83548121716,39.7924857091705],[-104.835491218038,39.7918047052111],[-104.835495219152,39.7911627022112],[-104.835473219537,39.7911387022344],[-104.835584219583,39.7910587015769],[-104.835714220069,39.7910587018406],[-104.835887220282,39.791057701545],[-104.835950220575,39.7910577010579],[-104.835998220002,39.7910537007459],[-104.836045220023,39.7910497010841],[-104.836141220437,39.7910297007595],[-104.836185219952,39.791016699954],[-104.836228220052,39.7910036998034],[-104.836320220316,39.7909667000762],[-104.836360221018,39.7909446997008],[-104.836400220527,39.790922699305],[-104.836716221609,39.7907186974663],[-104.83697022155,39.7905536968308],[-104.837107222585,39.7904656954769],[-104.837515223118,39.7902016933756],[-104.837651223276,39.7901146927021],[-104.837788223862,39.7900256917062],[-104.838197224974,39.7897566896354],[-104.83833322468,39.7896686893242],[-104.838460225307,39.789589688225],[-104.838524225246,39.7895496878569],[-104.838658225409,39.7894856877798],[-104.838792225647,39.7894306870385],[-104.838862225422,39.7894106871134],[-104.839003226562,39.789370686456],[-104.838965226416,39.7892526863107],[-104.838951226104,39.7892256858099],[-104.838935226367,39.789193685275],[-104.838919226265,39.7891656855087],[-104.838895225834,39.7891206857233],[-104.838712226081,39.7888686848377],[-104.838071226354,39.7879826819641],[-104.837684227074,39.7874566798389],[-104.83761322722,39.7873616794886],[-104.837542227291,39.7872586793382],[-104.837463226463,39.7871196784676],[-104.837388226746,39.7869606781498],[-104.837328227072,39.7868286778211],[-104.837148227534,39.7864386759668],[-104.837089227607,39.7863106755863],[-104.837081227093,39.7862916759341],[-104.837056227918,39.7862306750813],[-104.837016228128,39.78615267517],[-104.836845227037,39.7861916758996],[-104.83666622733,39.7862146759435],[-104.836567227465,39.786216676106],[-104.836460227417,39.7862166766486],[-104.836297226451,39.7862006771814],[-104.836118226203,39.7861646770601],[-104.83602122596,39.7861336775572],[-104.835228225386,39.7858086770821],[-104.834442225278,39.7854816779393],[-104.833662224972,39.7851606779695],[-104.832866224753,39.784836677438],[-104.831306222874,39.7841926776725],[-104.830429222606,39.7838296777554],[-104.829583222152,39.7834816781788],[-104.829280221565,39.783349678476],[-104.829133222427,39.7832666781173],[-104.829004222376,39.7831786778347],[-104.828880222368,39.7830716774031],[-104.828748221977,39.7829626776672],[-104.828628221907,39.7828616775222],[-104.828331221524,39.7826096769217],[-104.828022221677,39.7823476762391],[-104.827373222532,39.7817966750051],[-104.826809222212,39.7813176739682],[-104.825989222602,39.7806276722931],[-104.825858221748,39.7805166717886],[-104.825770222231,39.7804276713443],[-104.825690222694,39.7803386716129],[-104.825597222569,39.7802296708591],[-104.825241222438,39.7795976685816],[-104.824881223969,39.7789526661035],[-104.824700222949,39.7788366660722],[-104.824647223306,39.7787426658602],[-104.824611223186,39.7786766660188],[-104.824348224024,39.7782016636624],[-104.82426122455,39.7780446632128],[-104.82419222392,39.7779226626291],[-104.824016224176,39.7776146618968],[-104.823986224332,39.7775626612376],[-104.823974224299,39.7775406618128],[-104.823918224096,39.7774436609522],[-104.824089224559,39.7773876606985],[-104.82459922614,39.7772176588559],[-104.824770225508,39.7771616576081],[-104.824645226681,39.776941657015],[-104.824598226259,39.7768586568315],[-104.824509226313,39.7767006560621],[-104.824128226992,39.7760286538146],[-104.824097226829,39.7759516536749],[-104.824090227248,39.7759346537799],[-104.824052227517,39.775825652986],[-104.82404722698,39.7758026525586],[-104.824024227573,39.7757136526985],[-104.824012227369,39.775620652139],[-104.824011227916,39.7755986519136],[-104.824007227852,39.7755256517421],[-104.824007227934,39.7754566510173],[-104.824007227232,39.7754436515683],[-104.824011228026,39.7753996513374],[-104.824013227726,39.7753646508714],[-104.824017227843,39.7753266509336],[-104.824023228352,39.7752666499776],[-104.824024228542,39.7752556503693],[-104.824054228518,39.7751586496601],[-104.824079228113,39.7750686491024],[-104.824119229117,39.7749786490941],[-104.824158228342,39.7749046483204],[-104.824169228402,39.7748856486719],[-104.824476229519,39.7743156447047],[-104.824643230271,39.7740066434192],[-104.824480229877,39.7739516434005],[-104.823995230307,39.7737866433354],[-104.823835230698,39.7737316434314],[-104.823884230024,39.7736396425004],[-104.824028231151,39.7733706413302],[-104.824076231388,39.7732806403784],[-104.824089231018,39.7732566408462],[-104.824126230988,39.7731866401727],[-104.824134230991,39.7731716403082],[-104.824355231626,39.7728006378285],[-104.826318234349,39.7727946338378],[-104.828163235746,39.7727896296617],[-104.828163235411,39.7726346287557],[-104.828163236368,39.7725786283392],[-104.828164236137,39.7725286285203],[-104.828164236292,39.7724806279003],[-104.828164235768,39.7724306277752],[-104.828164235983,39.7723776275018],[-104.828168238315,39.7711216214315],[-104.828170238818,39.7703586175564],[-104.828170239781,39.7702646175445],[-104.828171239696,39.769962616446],[-104.82817324064,39.7691596122735],[-104.828323241515,39.7691606114254],[-104.830436242557,39.769166607611],[-104.830536242905,39.7691666071102],[-104.832869244557,39.7691746022181],[-104.832869247836,39.7669935920574],[-104.832869248509,39.7666575907279],[-104.832869248929,39.7665705897831],[-104.832870249147,39.7663685887793],[-104.832972248635,39.766392588911],[-104.833591248821,39.7665415884103],[-104.835573250606,39.7669185858894],[-104.836638250922,39.7670475841364],[-104.837590251768,39.7671615828294],[-104.840716253827,39.7673955776748],[-104.842560255571,39.7675345747097],[-104.842922255273,39.7675615734153],[-104.844757257573,39.767698570908],[-104.847009258817,39.7678675668851],[-104.847422259607,39.7678985661228],[-104.8486092601,39.7679875638135],[-104.851719262682,39.7682205587042],[-104.856404266136,39.7685705500877],[-104.856402266138,39.7683275495837],[-104.856399266556,39.7678125468247],[-104.856398267368,39.7676625464703],[-104.856383269599,39.7653005346802],[-104.856377269739,39.7642475300055],[-104.856363272549,39.7620065194584],[-104.85634927376,39.7598545093297],[-104.856348273698,39.7596825085558],[-104.856339274997,39.7583625025066],[-104.85633827529,39.7581325015319],[-104.855482275498,39.7578115016587],[-104.854973274718,39.7579335033242],[-104.854828274948,39.7578545026666],[-104.854716274087,39.7579025037403],[-104.854314274424,39.7580765052831],[-104.853448274182,39.7576425049511],[-104.852971273522,39.7575025049751],[-104.852019273045,39.7573435065443],[-104.851258273116,39.7569935059123],[-104.850778273598,39.7567725057425],[-104.848219271832,39.7564355096145],[-104.84807727236,39.7557695070658],[-104.848013272843,39.755468505525],[-104.847739272935,39.7552645054624],[-104.846917271823,39.7552365070078],[-104.846880272324,39.7552345066432],[-104.846869271789,39.7552345068458],[-104.84686427278,39.7547255045813],[-104.846877272148,39.7547255046634],[-104.854040276899,39.7547314896664],[-104.856317278808,39.7547334851437],[-104.856378278956,39.7547334845838],[-104.858814280391,39.7547374801173],[-104.861302281412,39.7547414750496],[-104.863592283351,39.7547444703346],[-104.864572283585,39.7547464687851],[-104.865779284745,39.7547484656885],[-104.865925284758,39.7547484660372],[-104.865968284154,39.7547484653063],[-104.866866285107,39.7547484636386],[-104.867043285184,39.7547484636314],[-104.867189284884,39.7547474626567],[-104.867790285554,39.7547474617241],[-104.867808285102,39.7547474620345],[-104.868362286208,39.7547474606135],[-104.868709286042,39.7547474597173],[-104.868715286275,39.7547474603767],[-104.868717286355,39.7547474602963],[-104.86872428547,39.754747460008],[-104.869640286939,39.7547474580642],[-104.870571286605,39.7547474562457],[-104.87082528736,39.7547474552078],[-104.871522287794,39.7547464541396],[-104.871523287835,39.7547464540755],[-104.872441288002,39.7547464527141],[-104.872467287864,39.7547464526372],[-104.873368288467,39.7547464506803],[-104.874294288827,39.7547464486381],[-104.875192289929,39.7547454467414],[-104.87521929025,39.7547464466174],[-104.875326289793,39.7547464462336],[-104.876847291192,39.7547464434818],[-104.877889291886,39.754745441172],[-104.878589292418,39.7547454399847],[-104.878673292203,39.7547454394169],[-104.878735292287,39.7547454397541],[-104.87879729238,39.7547454391579],[-104.878807291599,39.7547454396937],[-104.878859292464,39.7547454394298],[-104.879104292697,39.7547454387748],[-104.879935292441,39.7547454369625],[-104.879935292303,39.7546574370942],[-104.879941289104,39.7474534127885],[-104.880135288646,39.7474544131588],[-104.884093290876,39.7474564049352],[-104.884288290985,39.7474564039405],[-104.884333291544,39.7474564042913],[-104.884657291384,39.7474564037661],[-104.884657290775,39.7473844033747],[-104.884656288114,39.7459134020405],[-104.884656287064,39.7457864024274],[-104.884655286777,39.745631402618],[-104.884655287502,39.7456014018397],[-104.884655286737,39.7453894022431],[-104.884653282861,39.743903400944],[-104.884653282784,39.743809400413],[-104.884653283113,39.7437954011211],[-104.884652279599,39.74253539971],[-104.884652280542,39.7425203997571],[-104.884651278828,39.7419893992],[-104.884651278075,39.7417773993211],[-104.884650276064,39.7406513987421],[-104.884650275815,39.7406133980405],[-104.884649275121,39.7402113983075],[-104.884649274648,39.7401583976276],[-104.884660270769,39.7387013967981],[-104.884669267817,39.737277395696],[-104.884680264806,39.7357213946271],[-104.884681264827,39.7356363941775],[-104.88468126389,39.7356263947758],[-104.884691260881,39.7342083931592],[-104.884691261067,39.7342003932783],[-104.884692260253,39.7340743936062],[-104.884704257617,39.7328483926082],[-104.884752258485,39.7328483923256],[-104.884791258318,39.7328483917954],[-104.885004257765,39.7328493918293],[-104.885041258143,39.7328493915735],[-104.885125257889,39.7328503917025],[-104.885273258228,39.732850391352],[-104.885719258673,39.7328523901365],[-104.885868258736,39.7328523897535],[-104.886103258012,39.7328533891387],[-104.886811258513,39.7328543879964],[-104.887047258092,39.7328543873462],[-104.887282259101,39.7328543873273],[-104.887990258965,39.7328543856317],[-104.888049259147,39.7328543853742],[-104.888107258435,39.7328543852859],[-104.888165258889,39.7328543851752],[-104.88822625852,39.7328543853186],[-104.888465259584,39.7328543848208],[-104.889182259169,39.7328523835776],[-104.889422258773,39.732852382717],[-104.889656258842,39.73285238267],[-104.890360259243,39.7328553812746],[-104.890595259681,39.7328563807007],[-104.890743259969,39.7328563806749],[-104.891188259398,39.7328563792435],[-104.891337259407,39.73285637914],[-104.892822260796,39.7328563761586],[-104.893369260192,39.7328563749068],[-104.894058260519,39.7328583733613],[-104.894377261259,39.7328593726775],[-104.89520026056,39.7328623711336],[-104.89598126134,39.732864370045],[-104.896513261577,39.7328663685652],[-104.896870261244,39.7328673677726],[-104.897277261938,39.7328693669081],[-104.897589261115,39.7328703666836],[-104.897741261427,39.7328703666261],[-104.897759261162,39.7328703659885],[-104.89874626222,39.7328733638482],[-104.898764261949,39.7328733639575],[-104.89898926166,39.732874363966],[-104.899667261948,39.7328753627929],[-104.899893261787,39.7328753619127],[-104.900109262025,39.7328753618554],[-104.900759262971,39.732876360244],[-104.900977262653,39.7328763597696],[-104.901166263293,39.7328763590154],[-104.9017392631,39.7328743579887],[-104.901931262896,39.7328743577451],[-104.901952262961,39.7328743582065],[-104.902018263513,39.7328743577041],[-104.902040263306,39.7328743578265],[-104.902218262728,39.7328763575357],[-104.902754262595,39.7328763558436],[-104.902933263267,39.7328773561913],[-104.90295426334,39.7328773555732],[-104.903038263739,39.7328803559443],[-104.903353263502,39.73289435523],[-104.903459262916,39.7328963545094],[-104.903458264317,39.7330753549673],[-104.903456265222,39.7336143554377],[-104.903455265249,39.7337973557777],[-104.903455266161,39.733870355289],[-104.903454265939,39.7340953553848],[-104.903454266108,39.7341223560765],[-104.903454266315,39.7341733554802],[-104.903454266713,39.7342753560863],[-104.90345426708,39.7342983559414],[-104.903454267208,39.7345903557049],[-104.903455267993,39.7346973565571],[-104.903455268588,39.7348813562518],[-104.90345826995,39.7354393564089],[-104.903458270019,39.7356283566431],[-104.90345827146,39.7359543570517],[-104.903458273899,39.7369413576546],[-104.903458275151,39.7372713578363],[-104.903459275116,39.7375563586444],[-104.903463277366,39.7384143589381],[-104.903465278494,39.7387023594697],[-104.903463279225,39.7389903595055],[-104.90345728064,39.7398563598404],[-104.903455281453,39.740147359925],[-104.903694281591,39.7401503600566],[-104.904412282599,39.7401573585863],[-104.904653282461,39.7401603578844],[-104.904880282506,39.740159357114],[-104.905568282541,39.7401563560127],[-104.905797283368,39.7401553554744],[-104.906025282582,39.7401563552523],[-104.906712282944,39.7401603533201],[-104.906941283163,39.7401613536678],[-104.90718328291,39.7401603528974],[-104.907913283725,39.7401573515227],[-104.908157284252,39.7401563507105],[-104.908395283454,39.7401553507443],[-104.90911628357,39.7401513491387],[-104.90935628381,39.7401493485142],[-104.909584284418,39.7401493479518],[-104.910271284293,39.7401503466861],[-104.910500284721,39.7401503457569],[-104.910728284143,39.7401503456739],[-104.911412284726,39.7401503445875],[-104.911641285131,39.7401503441397],[-104.911798284828,39.7401513433912],[-104.912272285746,39.7401543422719],[-104.912430285279,39.7401553420711],[-104.912504285422,39.7401553422711],[-104.912617285885,39.7401553416603],[-104.912728285312,39.7401563415182],[-104.912803285289,39.740156341116],[-104.91280629002,39.7419273428256],[-104.912812294721,39.7434933438142],[-104.912813295297,39.7436543444194],[-104.912815295348,39.7437493436885],[-104.912810299839,39.7455613452801],[-104.912810300393,39.7456663455537],[-104.912810300603,39.7457673459057],[-104.912813305374,39.7474323466998],[-104.912827305564,39.7478013470547],[-104.912847307589,39.7483593477002],[-104.912846308405,39.7484863473452],[-104.912850309008,39.7489143479149],[-104.912853309526,39.7492863482831],[-104.912852310762,39.7496443483272],[-104.912850312579,39.7507213515094],[-104.91284931198,39.7510823533116],[-104.912846312357,39.7514443547516],[-104.912844312094,39.7515763561214],[-104.912816312443,39.7519443573732],[-104.912792312331,39.752160358673],[-104.912781312264,39.7523303596957],[-104.91276931237,39.7524653599203],[-104.912767312943,39.7525303598966],[-104.912762312689,39.7526613609039],[-104.912756312331,39.7528943621545],[-104.912760312654,39.7531753635049],[-104.91276431307,39.7532583636992],[-104.912774312295,39.7534663644897],[-104.912805312844,39.7537893657291],[-104.91282731279,39.7540303667796],[-104.91283431303,39.7541833671582],[-104.91283131277,39.7543033681994],[-104.912830313372,39.7543513683547],[-104.912821313218,39.754719370347],[-104.9128013124,39.7549633708823],[-104.912793312944,39.7550893715684],[-104.912787313486,39.7551873721061],[-104.912780312963,39.7553863730406],[-104.912793313341,39.7557043746575],[-104.91280231275,39.7558283750525],[-104.912820313036,39.75607537608],[-104.912827312702,39.7562093765874],[-104.91283031296,39.756271376948],[-104.912834313027,39.7565843780373],[-104.91283231372,39.7568073797989],[-104.912829313355,39.7569443800691],[-104.912827313586,39.7570333802316],[-104.912815314,39.7572483818074],[-104.912801313851,39.7574763827364],[-104.912791313311,39.7576903836904],[-104.912790313734,39.7578463846299],[-104.912799313205,39.7579883849146],[-104.912802313793,39.7580263849503],[-104.91281031391,39.7581083853811],[-104.912848313492,39.7583873869628],[-104.912848314098,39.7587423879317],[-104.912847314147,39.7598153925542],[-104.91284731371,39.7601753947727],[-104.91284931427,39.7605373965133],[-104.912853314368,39.7616304014001],[-104.912853314463,39.7617834015484],[-104.912852314086,39.7618414017454],[-104.912852314094,39.7618584019611],[-104.91285031474,39.7619164025775],[-104.912850314266,39.7619244023585],[-104.912850314704,39.7619734026096],[-104.912851314585,39.7619974024434],[-104.912937314952,39.7619974026692],[-104.913091315305,39.7619984020973],[-104.913811315337,39.7620004010666],[-104.914053315371,39.7620003999611],[-104.914284316192,39.7620003994691],[-104.914980316711,39.7620003984649],[-104.915030316703,39.7620003983686],[-104.915213316798,39.7619993982325],[-104.915415317044,39.761999397351],[-104.915445316568,39.7619993977229],[-104.916143317304,39.7619993961727],[-104.916376317203,39.7619993951863],[-104.916618317331,39.7619983953652],[-104.917344317666,39.7619953938173],[-104.917424318337,39.761995393491],[-104.917587317895,39.761994393352],[-104.917801318599,39.7619943928108],[-104.91783131812,39.7619943925747],[-104.918567319447,39.7619933910104],[-104.918813318759,39.7619933908667],[-104.919044319481,39.7619933900399],[-104.919741319519,39.7619963884777],[-104.919825319567,39.7619963882213],[-104.919961319761,39.761997388113],[-104.919974320406,39.7619973882275],[-104.920096319922,39.7619973876769],[-104.920206320095,39.7619973873408],[-104.920902320477,39.7619953860519],[-104.92113532028,39.7619953855526],[-104.921366320964,39.7619953855727],[-104.921974321592,39.7619963840974],[-104.922060321833,39.7619973837092],[-104.922136321917,39.7619973839556],[-104.922292321875,39.7620083831359],[-104.922445321658,39.7620163834589],[-104.922525322322,39.7620163832684],[-104.923229322439,39.7620183812347],[-104.923464322554,39.7620183814227],[-104.923578322131,39.7620183804114],[-104.923920323121,39.7620193800754],[-104.924034322693,39.762019379523],[-104.924147323287,39.7620193793771],[-104.92448932319,39.7620183787894],[-104.924603323955,39.7620173788455],[-104.924845323894,39.7620163783223],[-104.925572323782,39.7620133768465],[-104.925652324429,39.7620133763319],[-104.925797324812,39.7620123760731],[-104.925816323958,39.7620123759822],[-104.92594432428,39.762012376125],[-104.926050325063,39.7620113753945],[-104.926756325359,39.7620093738404],[-104.926992325529,39.7620093736569],[-104.927112324726,39.7620083734631],[-104.927473325938,39.7620073729203],[-104.927594325269,39.7620073723431],[-104.927721325422,39.7620063722481],[-104.928102325881,39.7620053715348],[-104.928230326159,39.7620043712464],[-104.928454325775,39.7620033704377],[-104.929130326273,39.76200036955],[-104.929212327162,39.7620003691114],[-104.929356327295,39.7619993686253],[-104.929367326487,39.7619993688078],[-104.929554326783,39.7619993682181],[-104.929592327387,39.7619993686329],[-104.930306327365,39.7620003666799],[-104.930544327726,39.7620003663537],[-104.930805327773,39.7620003659822],[-104.931572328069,39.7620013640387],[-104.931781329059,39.7620013634748],[-104.931853328545,39.7620013633542],[-104.931921328638,39.762001363703],[-104.932043329295,39.7620023631314],[-104.93261332908,39.762003362019],[-104.932803329758,39.7620033617235],[-104.932875329238,39.7620033618784],[-104.933094329268,39.7620033612236],[-104.933167330138,39.7620043612656],[-104.933305330522,39.7620033603818],[-104.933722329985,39.7620033596146],[-104.933861330577,39.7620033599349],[-104.933967330105,39.7620033590212],[-104.934285331001,39.7620033584206],[-104.934392330658,39.7620033583281],[-104.934516331399,39.762002358106],[-104.934868331045,39.7620013573895],[-104.93489033059,39.7620013576296],[-104.93501533157,39.7620013569267],[-104.935132331325,39.7620003566777],[-104.935499331848,39.7619993558073],[-104.935528331191,39.7619993561719],[-104.935621331227,39.7619993562783],[-104.935793331583,39.761998355171],[-104.9360423322,39.7619983550233],[-104.936148331698,39.7619983548475],[-104.936288332402,39.7619983543907],[-104.936711332442,39.7619973540119],[-104.93685333211,39.7619963536961],[-104.936936333086,39.7619963535621],[-104.937191333202,39.7619953529159],[-104.93727633329,39.7619953521932],[-104.937437333232,39.7619943519366],[-104.937921333313,39.7619923507656],[-104.938083333367,39.7619913507985],[-104.938329333668,39.7619923501504],[-104.939067334585,39.7619953487241],[-104.939315334005,39.7619963483363],[-104.939527334814,39.7620003481923],[-104.939566334196,39.7619993476949],[-104.939680334247,39.7619963471655],[-104.940325335617,39.7619703456235],[-104.94039233494,39.7619673460898],[-104.940495335151,39.761961345478],[-104.940496335286,39.7619613457285],[-104.940578335111,39.7619563458436],[-104.940657335298,39.7619493456662],[-104.94065833544,39.7619493450147],[-104.940658335626,39.761950345662],[-104.940659336985,39.7637813536269],[-104.940659337642,39.764474356147],[-104.940659337828,39.7644753567935],[-104.940628338691,39.7656763621516],[-104.940628337716,39.7656773618915],[-104.94062533846,39.7657943618666],[-104.940626338055,39.765797362247],[-104.940630339428,39.7668463668912],[-104.940631339013,39.7669103669636],[-104.940630338853,39.7670023674749],[-104.940619339578,39.7680343722748],[-104.940618339698,39.7680973720809],[-104.940617340527,39.7682253732281],[-104.940608340241,39.7690983765608],[-104.940607341206,39.7691843776425],[-104.940607341275,39.7692643778052],[-104.94061734324,39.7727333928174],[-104.940617343742,39.7728033936563],[-104.940617344225,39.7728793938442],[-104.940583343785,39.7728803932493],[-104.940547343729,39.7728803933081],[-104.940485343045,39.7728803940812],[-104.94048534339,39.7728883938179],[-104.940485343735,39.7728963935546],[-104.940485343112,39.7729363940278],[-104.9404863439,39.7730193944561],[-104.94048534424,39.7730783942775],[-104.940477343934,39.7736523970362],[-104.940476344655,39.7737753974069],[-104.940476344642,39.7738433978331],[-104.940476343812,39.773851398462],[-104.940477344726,39.7739473982015],[-104.940479344572,39.7740113992552],[-104.9404813444,39.7740813987548],[-104.940501344905,39.7747924025163],[-104.940508345651,39.7750314035942],[-104.940510345288,39.7752544039447],[-104.940518345499,39.7759264073102],[-104.940520345791,39.7760724077552],[-104.940521345907,39.7761514082187],[-104.940521345972,39.7761764080355],[-104.940522345651,39.7761914079923],[-104.940522346691,39.7762524083768],[-104.940523346496,39.776280408562],[-104.940527346748,39.776607410221],[-104.940539346915,39.777596414671],[-104.940543347101,39.7779284157651],[-104.940542347819,39.77798341652],[-104.940539347805,39.7781554169457],[-104.940538347222,39.7781974174709],[-104.940538347925,39.7782134169121],[-104.940532347697,39.7785074190338],[-104.940517348461,39.7793924224699],[-104.940511348236,39.779687424199],[-104.940510348536,39.7797404236357],[-104.940508348439,39.7798984251459],[-104.9405073493,39.7799544246987],[-104.940506348541,39.7800204252354],[-104.940504348744,39.7800874252655],[-104.940497349251,39.7805064276137],[-104.940495349847,39.7806374280284],[-104.940494349975,39.7806464281314],[-104.940488349431,39.780792429024],[-104.94046234946,39.7813814316174],[-104.940441350426,39.7819044336837],[-104.94043735094,39.7819844342696],[-104.940437350026,39.7820354344265],[-104.940434350544,39.7823864363543],[-104.940421351809,39.7837714420252],[-104.940422351763,39.7838744422638],[-104.940420352555,39.7841134438813],[-104.940410352884,39.7855264501247],[-104.940403353458,39.7858894510344],[-104.940393353218,39.7864244535754],[-104.940389353421,39.7865854542971],[-104.940384353585,39.7868424555771],[-104.940379354265,39.7870774563303],[-104.940375353975,39.7872424577558],[-104.940372354812,39.7873734584867],[-104.940363354931,39.7877664597283],[-104.940361355242,39.7878484601044],[-104.940361354225,39.7879054603644],[-104.940359354996,39.7879774606764],[-104.940357355516,39.7882854617082],[-104.940347354724,39.7885274628311],[-104.940337355211,39.7887954642703],[-104.940324356045,39.7891054655373],[-104.940258356322,39.789438467254],[-104.9401743555,39.7899034699657],[-104.940056356455,39.790389471943],[-104.940049356155,39.7904214725102],[-104.939888355976,39.7909774754591],[-104.931661346146,39.7910174930358],[-104.931646346087,39.7910184933301],[-104.927069340254,39.7910405032927],[-104.927036339504,39.7910405030497],[-104.926950339771,39.7910405033937],[-104.926967338045,39.7869534848902],[-104.926981336407,39.7837774712498],[-104.926381334976,39.783780472591],[-104.925225334181,39.78378647465],[-104.925006333647,39.7837874751439],[-104.924685333852,39.7837894756142],[-104.923630332622,39.7837944783644],[-104.923444331698,39.7837954789634],[-104.923423331583,39.7837954788095],[-104.922274330867,39.7838014807727],[-104.920015328187,39.7838064855761],[-104.91771532501,39.7838114910767],[-104.91688332439,39.7838124931203],[-104.916748324058,39.7838134934206],[-104.916316324004,39.7838144942805],[-104.916269323823,39.7838144936596],[-104.916076323149,39.783814494114],[-104.915911323431,39.7838144944519],[-104.915857323423,39.7838154947096],[-104.915789323096,39.7838154950921],[-104.915671322398,39.7838154949997],[-104.91566032327,39.7838154953561],[-104.915309322341,39.7838164963691],[-104.915267322075,39.7838164958579],[-104.915071322359,39.7838164968845],[-104.91429032097,39.7838184986075],[-104.91422232064,39.783818498085],[-104.914054320701,39.7838184989084],[-104.913871320806,39.7838194993204],[-104.913324320045,39.7838205003242],[-104.912899319453,39.783821501006],[-104.912887319869,39.7838215015189],[-104.912874319838,39.7838215015456],[-104.912840319668,39.7838215013306],[-104.912502318841,39.7838215023206],[-104.912183318418,39.7838215026252],[-104.911939317987,39.783821503782],[-104.910760316563,39.7838225060583],[-104.910745316796,39.7838225057499],[-104.910715317256,39.7838225060281],[-104.910074316119,39.7838225071783],[-104.909486315543,39.7838225085589],[-104.909463315661,39.7838225084958],[-104.907158313042,39.7838235134287],[-104.907026312928,39.7838235143465],[-104.90674531203,39.7838235147465],[-104.906663312331,39.78382351498],[-104.905770311207,39.7838245165868],[-104.905752311242,39.7838245167134],[-104.905740311658,39.7838245164981],[-104.903511307983,39.7838245213021],[-104.903511308423,39.7839955218986],[-104.90351130794,39.7840555225129],[-104.903515309021,39.7852605283065],[-104.903515308441,39.7853415279258],[-104.903515308061,39.7853495285425],[-104.903519308525,39.7865395340478],[-104.903520308539,39.7868615352493],[-104.903521308196,39.7870915361133],[-104.903522308267,39.7873065372741],[-104.903522308648,39.7873295375736],[-104.903523308442,39.7878315393706],[-104.90352730857,39.7889095442453],[-104.903534308535,39.7911175546508],[-104.903541309082,39.7935355654911],[-104.903542308692,39.7939455678393],[-104.903553309591,39.7977625850539],[-104.903555309286,39.7983955875581],[-104.903542308878,39.7983955874669],[-104.903312309171,39.7983945881352],[-104.902901308726,39.7983945892433],[-104.902668307862,39.7983945893847],[-104.901518306729,39.7983935921354],[-104.90141930558,39.798393592473],[-104.901417306256,39.8002056008658],[-104.900412304381,39.8002056027225],[-104.899068302528,39.8002046062432],[-104.899070303047,39.7983925975865],[-104.897212299927,39.7983916012049],[-104.896906299784,39.7983916026814],[-104.894165294947,39.7983896079485],[-104.894122295723,39.7983896083112],[-104.889381289047,39.7983876187771],[-104.88474428148,39.7983846289441],[-104.884627281161,39.798384629215],[-104.88445028086,39.7983846292201],[-104.884445280578,39.799992637374],[-104.884442280584,39.8009256412094],[-104.8844402805,39.8014776438321],[-104.884436279736,39.8029206505132],[-104.884431278926,39.8044596580169],[-104.884427279545,39.8056686633462],[-104.884426279037,39.8060846650655],[-104.884423278809,39.8071126701218],[-104.884409276453,39.8116466910292],[-104.884405276751,39.812816696293],[-104.881931271848,39.8128207017749],[-104.880050268901,39.8128237066923],[-104.875333261316,39.812831717258],[-104.871442254726,39.8128387254951],[-104.868359248306,39.8128437323111],[-104.866261245409,39.8128477373252],[-104.866236250526,39.8056987039228]]]},"properties":{"OBJECTID":9,"DIST_NUM":8,"DIST_REP":"Shontel Lewis","NOTES":null,"GLOBALID":"7f794393-0b1c-4e9d-8fb9-002d0872d4ef","URL_LINK":"https://www.denvergov.org/district8"}},{"type":"Feature","id":10,"geometry":{"type":"MultiPolygon","coordinates":[[[[-104.668546784523,39.9069237409318],[-104.659175786911,39.9068187708763],[-104.649750788686,39.9067798008463],[-104.640369791258,39.9067398300563],[-104.640324791339,39.9067398308426],[-104.634727791578,39.9067038483141],[-104.630904792622,39.9066788602345],[-104.630904810558,39.8994268385138],[-104.621521812598,39.8993708695582],[-104.621484811845,39.8993698698434],[-104.619415812633,39.8993388766829],[-104.612071813606,39.8992289004103],[-104.607381814595,39.8991579156075],[-104.606877814771,39.8991499175992],[-104.606636815002,39.8991469188691],[-104.602658815619,39.8990859311726],[-104.600431816862,39.8990739393095],[-104.599537816232,39.899069941793],[-104.599712848202,39.8854819074639],[-104.599724850285,39.8846039050525],[-104.599724850427,39.8845669052195],[-104.599766857565,39.8813338970624],[-104.604588857451,39.8813708793568],[-104.604900857615,39.8813728780271],[-104.605110857236,39.8813748772655],[-104.605184870622,39.8756638627751],[-104.605190871391,39.8751828612162],[-104.605216876429,39.8731398561109],[-104.608357876111,39.8731638442409],[-104.608575875696,39.8731658430615],[-104.612070875543,39.8731928306765],[-104.619110875744,39.8732458040509],[-104.619130878968,39.8716967997473],[-104.619132878986,39.8715387986539],[-104.61914788183,39.8703307949741],[-104.619219895842,39.8647067795685],[-104.619332917355,39.8557917533857],[-104.619497947493,39.8429017162363],[-104.619499948819,39.842716715769],[-104.619517952225,39.8412867117879],[-104.619741986542,39.8268586694861],[-104.619742986208,39.8268246701819],[-104.619798997662,39.8223436572546],[-104.621520998102,39.8223566488276],[-104.625402997952,39.8223856304849],[-104.625521997966,39.8223866300266],[-104.640345000021,39.8224975614842],[-104.640340999869,39.8225895613865],[-104.645628000225,39.8226285371532],[-104.655359002003,39.8227004917356],[-104.655362001995,39.8224734905557],[-104.655459022301,39.8146134634902],[-104.655466023061,39.8140504616635],[-104.655477025827,39.8130934579327],[-104.659108026801,39.813119440159],[-104.665608027066,39.8131664096036],[-104.666156027867,39.8131704061843],[-104.66614602584,39.8140074092133],[-104.666088013588,39.8187814273609],[-104.666082012012,39.8192414288779],[-104.666071009195,39.8201424327496],[-104.666038002223,39.8228884423399],[-104.66855100307,39.822903431062],[-104.673406003783,39.8229344086979],[-104.673423003787,39.8229344081815],[-104.677947004225,39.8229623868448],[-104.677957004012,39.8229623872669],[-104.679978004734,39.8229743773736],[-104.680091004345,39.8229753772926],[-104.694827006476,39.8230653091759],[-104.696862006593,39.8230772998376],[-104.710690008149,39.8231592350693],[-104.712531008876,39.8231702270943],[-104.715430009251,39.8231872130558],[-104.715726009091,39.823189211779],[-104.718880009346,39.8232071976088],[-104.734147010638,39.8232951267973],[-104.734230010855,39.8232951259107],[-104.735397011395,39.8233021208516],[-104.745502012285,39.8233590743329],[-104.745518012409,39.8233590741224],[-104.745665012848,39.8233600730587],[-104.745826012517,39.8233610722605],[-104.748196012141,39.8233740616227],[-104.753082018927,39.8234010464137],[-104.753085018511,39.8234010465164],[-104.755525023423,39.823415041048],[-104.761780035462,39.8234490262485],[-104.76249303705,39.8234530251573],[-104.762515040517,39.8219330175988],[-104.762542045401,39.8201240082374],[-104.762600055533,39.8166069897478],[-104.76259505612,39.8165679893519],[-104.762596055179,39.8165359895499],[-104.7626040573,39.816017986591],[-104.762598056823,39.8159909866965],[-104.76263306296,39.8140359765371],[-104.762651066052,39.8128659708803],[-104.76265106618,39.812856970516],[-104.762653068275,39.8117319650828],[-104.762667085585,39.8055859336621],[-104.762671089952,39.8037629246122],[-104.762677097374,39.8010199103508],[-104.762679099906,39.8002379069682],[-104.762682102724,39.7991329008147],[-104.762682102291,39.799077900389],[-104.762683104505,39.7984358978253],[-104.762685104846,39.7983358970243],[-104.76268310464,39.798337897504],[-104.762627104448,39.7983378972597],[-104.753458091355,39.7983699172666],[-104.75329909061,39.7983709177716],[-104.753263090932,39.7983709182904],[-104.74381508472,39.7983369568609],[-104.743198084894,39.7983349597987],[-104.741363084179,39.7983299691612],[-104.734394082954,39.7983100047777],[-104.73437208217,39.7983100040601],[-104.734390086422,39.7968029970136],[-104.734402090264,39.7957649920808],[-104.734415092586,39.7946219861556],[-104.734416092918,39.7945189859849],[-104.734418093512,39.794357985193],[-104.734456103104,39.7910939687967],[-104.734457102798,39.7910539690301],[-104.734476108696,39.7891309593948],[-104.73451411969,39.7853579413121],[-104.734530124061,39.7837709334753],[-104.734531124715,39.7836129319903],[-104.734534126082,39.7829179286125],[-104.734535126995,39.7825819275383],[-104.734536128157,39.7823269263668],[-104.734538129643,39.7818639241311],[-104.734538129124,39.7818539238773],[-104.734539129287,39.7818039237226],[-104.73453913031,39.7817339228742],[-104.734539130344,39.7815959224701],[-104.734540130828,39.7814269217471],[-104.734541131612,39.7812459212522],[-104.734542131752,39.7809989197875],[-104.734553134109,39.7801879159422],[-104.734548135185,39.7798509144874],[-104.734548134899,39.7798319137249],[-104.734548134906,39.7798009140954],[-104.734548135882,39.7796409126665],[-104.734550136256,39.7793829121344],[-104.734550137274,39.779281911586],[-104.734550136425,39.7792389112717],[-104.734551137213,39.7790099097333],[-104.734563144436,39.7764968974336],[-104.734567147375,39.7755888936706],[-104.734569148522,39.7752468915159],[-104.734569148604,39.7751818910758],[-104.734578149831,39.7748368891721],[-104.734571149195,39.7748298894886],[-104.734571149909,39.7747548896656],[-104.73457415157,39.7741248862269],[-104.734596165125,39.7692698625137],[-104.734596166095,39.7692308619879],[-104.734596165222,39.7692188621647],[-104.734786165913,39.7692198613839],[-104.735766165865,39.7692238560119],[-104.739162167055,39.7692378364954],[-104.740378168025,39.7692428296035],[-104.744006168616,39.7692568098044],[-104.745440168884,39.7692608014036],[-104.749328170469,39.7692727801637],[-104.753253174393,39.7692847697603],[-104.753394174437,39.769284768807],[-104.753434174199,39.7692847693921],[-104.753474173972,39.7692847690631],[-104.76077718018,39.7692207529908],[-104.762816182488,39.7692037490236],[-104.764573184122,39.7691917449222],[-104.764573183642,39.7692417453735],[-104.764563181207,39.7701927505417],[-104.764552178757,39.7711837555815],[-104.764548177863,39.771549757503],[-104.76454817812,39.7715687573723],[-104.764896178063,39.7715657564601],[-104.771323183844,39.7715087426374],[-104.772166185619,39.7715017406527],[-104.772184184815,39.7715007413916],[-104.772183184313,39.7716707422487],[-104.772171179098,39.7738447530191],[-104.772171179086,39.7738637528575],[-104.772166177707,39.7746687565388],[-104.772165177167,39.7748487574358],[-104.772161174745,39.7756627620756],[-104.772160174165,39.7758617627286],[-104.772157172484,39.776411765376],[-104.781561182476,39.7764377458272],[-104.781577191287,39.7727977280206],[-104.783551192733,39.7728077238907],[-104.787532196758,39.7728167151802],[-104.789833198365,39.7728317104568],[-104.790573199799,39.7728267085896],[-104.790980200235,39.7728277076699],[-104.79103419993,39.7728327082947],[-104.791495200423,39.77282770711],[-104.792237201146,39.7728287053353],[-104.793099201709,39.7728287036951],[-104.795990205064,39.7728296980089],[-104.796015204495,39.7728296970888],[-104.799097207983,39.7728306906828],[-104.80040320852,39.7728306886657],[-104.80163021002,39.7728316860759],[-104.801637209816,39.7728316852671],[-104.803675212528,39.7728316816756],[-104.804568213517,39.7728316794398],[-104.808161216775,39.7728326718779],[-104.809795218219,39.7728336686215],[-104.809883218001,39.7728336684172],[-104.809898217874,39.7728336680785],[-104.810767219144,39.7728316668759],[-104.812292220695,39.7728286636779],[-104.819254227224,39.7728156486528],[-104.824174232017,39.772800638308],[-104.824355231626,39.7728006378285],[-104.826318234349,39.7727946338378],[-104.828163235746,39.7727896296617],[-104.828163235411,39.7726346287557],[-104.828163236368,39.7725786283392],[-104.828164236137,39.7725286285203],[-104.828164236292,39.7724806279003],[-104.828164235768,39.7724306277752],[-104.828164235983,39.7723776275018],[-104.828168238315,39.7711216214315],[-104.828170238818,39.7703586175564],[-104.828170239781,39.7702646175445],[-104.828171239696,39.769962616446],[-104.82817324064,39.7691596122735],[-104.828323241515,39.7691606114254],[-104.830436242557,39.769166607611],[-104.830536242905,39.7691666071102],[-104.832869244557,39.7691746022181],[-104.832869247836,39.7669935920574],[-104.832869248509,39.7666575907279],[-104.832869248929,39.7665705897831],[-104.832870249147,39.7663685887793],[-104.832972248635,39.766392588911],[-104.833591248821,39.7665415884103],[-104.835573250606,39.7669185858894],[-104.836638250922,39.7670475841364],[-104.837590251768,39.7671615828294],[-104.840716253827,39.7673955776748],[-104.842560255571,39.7675345747097],[-104.842922255273,39.7675615734153],[-104.844757257573,39.767698570908],[-104.847009258817,39.7678675668851],[-104.847422259607,39.7678985661228],[-104.8486092601,39.7679875638135],[-104.851719262682,39.7682205587042],[-104.856404266136,39.7685705500877],[-104.856402266138,39.7683275495837],[-104.856399266556,39.7678125468247],[-104.856398267368,39.7676625464703],[-104.856383269599,39.7653005346802],[-104.856377269739,39.7642475300055],[-104.856363272549,39.7620065194584],[-104.85634927376,39.7598545093297],[-104.856348273698,39.7596825085558],[-104.856339274997,39.7583625025066],[-104.85633827529,39.7581325015319],[-104.855482275498,39.7578115016587],[-104.854973274718,39.7579335033242],[-104.854828274948,39.7578545026666],[-104.854716274087,39.7579025037403],[-104.854314274424,39.7580765052831],[-104.853448274182,39.7576425049511],[-104.852971273522,39.7575025049751],[-104.852019273045,39.7573435065443],[-104.851258273116,39.7569935059123],[-104.850778273598,39.7567725057425],[-104.848219271832,39.7564355096145],[-104.84807727236,39.7557695070658],[-104.848013272843,39.755468505525],[-104.847739272935,39.7552645054624],[-104.846917271823,39.7552365070078],[-104.846880272324,39.7552345066432],[-104.846869271789,39.7552345068458],[-104.84686427278,39.7547255045813],[-104.846877272148,39.7547255046634],[-104.854040276899,39.7547314896664],[-104.856317278808,39.7547334851437],[-104.856378278956,39.7547334845838],[-104.858814280391,39.7547374801173],[-104.861302281412,39.7547414750496],[-104.863592283351,39.7547444703346],[-104.864572283585,39.7547464687851],[-104.865779284745,39.7547484656885],[-104.865925284758,39.7547484660372],[-104.865968284154,39.7547484653063],[-104.866866285107,39.7547484636386],[-104.867043285184,39.7547484636314],[-104.867189284884,39.7547474626567],[-104.867790285554,39.7547474617241],[-104.867808285102,39.7547474620345],[-104.868362286208,39.7547474606135],[-104.868709286042,39.7547474597173],[-104.868715286275,39.7547474603767],[-104.868717286355,39.7547474602963],[-104.86872428547,39.754747460008],[-104.869640286939,39.7547474580642],[-104.870571286605,39.7547474562457],[-104.87082528736,39.7547474552078],[-104.871522287794,39.7547464541396],[-104.871523287835,39.7547464540755],[-104.872441288002,39.7547464527141],[-104.872467287864,39.7547464526372],[-104.873368288467,39.7547464506803],[-104.874294288827,39.7547464486381],[-104.875192289929,39.7547454467414],[-104.87521929025,39.7547464466174],[-104.875326289793,39.7547464462336],[-104.876847291192,39.7547464434818],[-104.877889291886,39.754745441172],[-104.878589292418,39.7547454399847],[-104.878673292203,39.7547454394169],[-104.878735292287,39.7547454397541],[-104.87879729238,39.7547454391579],[-104.878807291599,39.7547454396937],[-104.878859292464,39.7547454394298],[-104.879104292697,39.7547454387748],[-104.879935292441,39.7547454369625],[-104.879935292303,39.7546574370942],[-104.879941289104,39.7474534127885],[-104.880135288646,39.7474544131588],[-104.884093290876,39.7474564049352],[-104.884288290985,39.7474564039405],[-104.884333291544,39.7474564042913],[-104.884657291384,39.7474564037661],[-104.884657290775,39.7473844033747],[-104.884656288114,39.7459134020405],[-104.884656287064,39.7457864024274],[-104.884655286777,39.745631402618],[-104.884655287502,39.7456014018397],[-104.884655286737,39.7453894022431],[-104.884653282861,39.743903400944],[-104.884653282784,39.743809400413],[-104.884653283113,39.7437954011211],[-104.884652279599,39.74253539971],[-104.884652280542,39.7425203997571],[-104.884651278828,39.7419893992],[-104.884651278075,39.7417773993211],[-104.884650276064,39.7406513987421],[-104.884650275815,39.7406133980405],[-104.884649275121,39.7402113983075],[-104.884649274648,39.7401583976276],[-104.884660270769,39.7387013967981],[-104.884669267817,39.737277395696],[-104.884680264806,39.7357213946271],[-104.884681264827,39.7356363941775],[-104.88468126389,39.7356263947758],[-104.884691260881,39.7342083931592],[-104.884691261067,39.7342003932783],[-104.884692260253,39.7340743936062],[-104.884704257617,39.7328483926082],[-104.884701257871,39.7327723924159],[-104.884701257914,39.7327453925755],[-104.88470725479,39.7315993918249],[-104.884708255034,39.7314753915608],[-104.884708254229,39.7313843907819],[-104.884709254711,39.7313253911947],[-104.884709254225,39.7312453913878],[-104.884709253854,39.7312363908335],[-104.884709254642,39.731227391186],[-104.884711253273,39.7309073906861],[-104.884713252905,39.7305683901845],[-104.884789252759,39.7304453900272],[-104.884795252254,39.7304373899812],[-104.884876251794,39.7303253898643],[-104.884916252646,39.7302763900094],[-104.884972251717,39.7302103895574],[-104.8850382523,39.7301403891676],[-104.885077251337,39.7301003890786],[-104.885182251563,39.7300043887712],[-104.885191251793,39.7299953893115],[-104.885314251314,39.7298963890822],[-104.885363250912,39.7298613886127],[-104.885444251693,39.7298033887338],[-104.885582250858,39.7297173878129],[-104.885938250692,39.7295093874115],[-104.886408249865,39.729233386054],[-104.886521249629,39.7291503862319],[-104.886378250167,39.7290533859603],[-104.88527424762,39.7283073873212],[-104.88503024749,39.7281423880557],[-104.884958247374,39.7280903879259],[-104.884925246849,39.7280673884012],[-104.884887246452,39.7280373887089],[-104.884824246359,39.7279863884748],[-104.884771246332,39.7279393882092],[-104.884728246243,39.727900388776],[-104.883360243481,39.7264773897367],[-104.882578240574,39.7256633910295],[-104.882508240476,39.7255913910495],[-104.882493241173,39.7255753908653],[-104.881997239071,39.7250583918695],[-104.881824240313,39.7251573917768],[-104.881731239991,39.7252073920287],[-104.881657239948,39.7252473926594],[-104.88158024059,39.7252843925977],[-104.881510240436,39.725318393063],[-104.881485239793,39.7253303929924],[-104.881442239735,39.7253483932361],[-104.881373240014,39.7253773928567],[-104.881307240252,39.7254063938023],[-104.881296240642,39.7254103935548],[-104.881224240403,39.7254363933293],[-104.881153240237,39.7254633935805],[-104.881123240864,39.725474393495],[-104.881067240874,39.7254923936677],[-104.880966240966,39.7255253939786],[-104.88093624052,39.7255343943127],[-104.880887240437,39.7255483943506],[-104.880813239957,39.7255683946743],[-104.880745240175,39.7255873943491],[-104.880546240495,39.7255873951146],[-104.880178241001,39.7255863954089],[-104.880176240586,39.7255863956781],[-104.880163240818,39.7255863956403],[-104.878613240024,39.7255833989394],[-104.878599240632,39.7255833988532],[-104.878598239842,39.7255833989712],[-104.875333239576,39.7255774055536],[-104.875333239714,39.7254984052902],[-104.875337234088,39.7232244039473],[-104.875342227659,39.7201354015182],[-104.875343227346,39.7199334009715],[-104.87534322638,39.7197124004427],[-104.87534322632,39.7196904010862],[-104.87534322655,39.7196554011697],[-104.875344226115,39.7194094009699],[-104.875344225884,39.7192284000586],[-104.875305225427,39.7192284010166],[-104.875227225694,39.7192284010989],[-104.875222225954,39.7191494011192],[-104.875209225316,39.7190704009749],[-104.875187224702,39.7189924005276],[-104.87515622456,39.7189164004413],[-104.87511622534,39.7188434004776],[-104.87506922453,39.7187724006645],[-104.875014224635,39.718705400631],[-104.874951224495,39.7186424012605],[-104.874881224826,39.7185834006528],[-104.874949224085,39.7185034005747],[-104.874880223603,39.7184544011358],[-104.874578224263,39.7183304010575],[-104.874471223196,39.7182574012831],[-104.874216223288,39.7182204019971],[-104.873964222991,39.7182054021787],[-104.873568223958,39.71820940344],[-104.873408223934,39.7182034038449],[-104.872897223796,39.7181884044253],[-104.872274223653,39.7181934057792],[-104.870739222851,39.7182054089249],[-104.870644223434,39.7182064093643],[-104.870666208721,39.7110564035786],[-104.870666207095,39.7107084026999],[-104.87066520738,39.7105974031052],[-104.870665206345,39.7102154027938],[-104.870665206649,39.710164402826],[-104.870665206494,39.7101024026846],[-104.870665205792,39.7100324025786],[-104.870665205477,39.7099894025647],[-104.870665205709,39.7099544025135],[-104.870665206231,39.7099364021547],[-104.869486206449,39.7102174046959],[-104.866437208273,39.7109434112784],[-104.866357208206,39.7109624118991],[-104.866304208048,39.7109754115995],[-104.865974208111,39.7110544128454],[-104.865974208579,39.7109764127839],[-104.865974208017,39.7107914121122],[-104.865974206899,39.7106324126513],[-104.865974206686,39.7104884124392],[-104.8659732055,39.7094834118745],[-104.86597320524,39.7093074117419],[-104.865972201077,39.7074444099669],[-104.865972201348,39.7074294097982],[-104.865971198425,39.7059884086319],[-104.865971197713,39.7057034088368],[-104.865970195015,39.7045934079504],[-104.86597019491,39.7043184075408],[-104.865969193539,39.7039054069964],[-104.867016192873,39.7035724048518],[-104.868080191836,39.703309402164],[-104.868239192533,39.7032704023851],[-104.868275191773,39.7032624021266],[-104.86834419184,39.7032414019221],[-104.868411191613,39.7032154019803],[-104.868475192437,39.7031864018915],[-104.868487192295,39.7031794012678],[-104.868535192014,39.7031524012371],[-104.86859219229,39.7031144015723],[-104.8686431922,39.703073400974],[-104.868690192011,39.7030274007349],[-104.868731190947,39.7029804009191],[-104.868767190831,39.7029294003868],[-104.868798191489,39.7028774002603],[-104.868822191337,39.7028224001642],[-104.869336188314,39.7015023987261],[-104.869390187814,39.701406398436],[-104.869430187433,39.7013463986509],[-104.869460188377,39.7013033981302],[-104.869541187506,39.7012063977358],[-104.869633187508,39.7011153972432],[-104.869735186749,39.7010303975643],[-104.869846186653,39.7009533973728],[-104.869966186877,39.7008833968689],[-104.870092186817,39.7008223966134],[-104.870225186594,39.700769395865],[-104.870364186502,39.7007263960001],[-104.870508186974,39.7006923954769],[-104.870654185942,39.7006683950982],[-104.870653185844,39.7005493951152],[-104.870653185829,39.7005363953608],[-104.870653186221,39.7003753949355],[-104.870652184624,39.6997853944592],[-104.870652184337,39.6997683947049],[-104.870652183785,39.6992643944099],[-104.870651182887,39.6988253937884],[-104.8706511829,39.6987443940904],[-104.870650181719,39.6984763934733],[-104.87065018108,39.6983643935615],[-104.868305181621,39.6983663984707],[-104.868205182193,39.6983663980929],[-104.868208184918,39.6997313993224],[-104.868208185106,39.6999903992525],[-104.868208185348,39.7001814001461],[-104.867150185442,39.7001804015048],[-104.867147183995,39.6992764006817],[-104.86596518461,39.6992794030829],[-104.865965184599,39.6992714030889],[-104.865965184339,39.6990874032217],[-104.865964182249,39.6985044024429],[-104.865964182064,39.6983724025034],[-104.865964181203,39.6979594019758],[-104.865963179175,39.6965604009189],[-104.866050178149,39.6965604006864],[-104.866087179262,39.6965604010941],[-104.867132178926,39.6965603993027],[-104.868305178592,39.6965593969692],[-104.86833617861,39.6965593968582],[-104.868914178273,39.6965593954096],[-104.868983178606,39.696559395493],[-104.869004178352,39.6965593955867],[-104.86914317805,39.696555394662],[-104.869391178351,39.6965593944808],[-104.86958317836,39.6965593944161],[-104.869664177378,39.6965593944725],[-104.870648178267,39.6965593920379],[-104.870666178048,39.6965593919923],[-104.872994177092,39.6965583872657],[-104.875310176973,39.6965573825991],[-104.875310176815,39.6965843828095],[-104.875314178962,39.6975353838228],[-104.875315178759,39.69765438385],[-104.875316180055,39.697927384181],[-104.875316179575,39.6979973836574],[-104.875316180296,39.6980893844663],[-104.875318180869,39.6984253848109],[-104.87531818101,39.6984393843448],[-104.877723179903,39.6984473800826],[-104.877732176092,39.6965603780644],[-104.882313175165,39.6965753691713],[-104.88231317585,39.6965633691874],[-104.884353174775,39.6965653650743],[-104.884649175157,39.6965653651276],[-104.891716173829,39.6965873508807],[-104.89172817367,39.6965873508024],[-104.891747173803,39.6965873509031],[-104.891926172852,39.6965883504665],[-104.892636173638,39.6965903488105],[-104.89322717291,39.6965923476886],[-104.893324173166,39.6965923473581],[-104.893361173059,39.6965923472843],[-104.893504172604,39.6965933469783],[-104.894044173041,39.6965943464523],[-104.894095173053,39.6965953460036],[-104.894093170614,39.6958903452874],[-104.894339171365,39.695891345026],[-104.894767170496,39.6958933441312],[-104.89477117276,39.6965973445115],[-104.894944173079,39.6965983446354],[-104.895077172846,39.6965983443341],[-104.895268172276,39.696603343788],[-104.895675172441,39.6966003435005],[-104.896386172027,39.6966033421222],[-104.89643117259,39.6966033416172],[-104.896607172891,39.6966043411814],[-104.896677172338,39.6966043409502],[-104.896824172684,39.6966043411473],[-104.896870171813,39.6965923411182],[-104.896911172555,39.696580340657],[-104.896950171923,39.6965643407351],[-104.896988171762,39.696546340633],[-104.897022172543,39.6965253405108],[-104.897030171859,39.6965203403306],[-104.897045171705,39.6965093404789],[-104.897056171836,39.6965023399249],[-104.89733217135,39.6962803397237],[-104.897376171145,39.6962643391664],[-104.89743117159,39.6962453397992],[-104.897901171367,39.6960733381396],[-104.899101168975,39.6953993350925],[-104.899158168357,39.6953673354738],[-104.89956716983,39.6958023351695],[-104.899642170078,39.695761334701],[-104.899696169245,39.6958193350866],[-104.89986917053,39.6960043347981],[-104.900183170826,39.6963413344077],[-104.900380171369,39.6965523336224],[-104.899749173234,39.6971563357414],[-104.899777172673,39.6971613352055],[-104.899890173144,39.6972023351308],[-104.90079317354,39.6975353342337],[-104.901140173928,39.6976613329375],[-104.901456174809,39.6977753322895],[-104.901834174905,39.6979133317418],[-104.901867174221,39.6979253320219],[-104.903208175322,39.6984113301016],[-104.903509176224,39.6985203290551],[-104.903509175363,39.698257328779],[-104.903508172739,39.6974983284975],[-104.903508172716,39.6974363282281],[-104.903508172214,39.6970343280156],[-104.903508170733,39.6966283277512],[-104.903464170488,39.6965803280577],[-104.902408168412,39.6954423287773],[-104.901343166121,39.6942943307737],[-104.900725163623,39.6936273307551],[-104.900284162489,39.6931513312272],[-104.90012516198,39.6929793319388],[-104.900104162534,39.6929573315676],[-104.90343416221,39.6929893249741],[-104.903510161948,39.6929903247878],[-104.90351016137,39.6929713254857],[-104.903510160448,39.6925843248434],[-104.903510160228,39.6924263245761],[-104.90351115897,39.6917963244345],[-104.90351615854,39.6917883245832],[-104.90351215342,39.6895543229896],[-104.903512152044,39.6894273227706],[-104.903512151981,39.6893723225489],[-104.903512152239,39.689354322101],[-104.903436152112,39.6893523224906],[-104.903162152725,39.6893513229473],[-104.902975152113,39.6893513238578],[-104.902391152655,39.6893533245655],[-104.901042153648,39.6893503274326],[-104.899193154159,39.6893413312479],[-104.899054153738,39.6893413306858],[-104.898811153453,39.689340331713],[-104.898822157711,39.6907253328716],[-104.898182157775,39.6907283342249],[-104.898676158196,39.6912643330948],[-104.898828159001,39.6914293327031],[-104.898829159655,39.691624333447],[-104.898839162777,39.6929583344973],[-104.895809164137,39.6929713402055],[-104.895585163515,39.6929723408292],[-104.894196163669,39.6929783433957],[-104.894083163966,39.6928953437706],[-104.894082163094,39.6927163429963],[-104.894082162961,39.6926993432301],[-104.894071155728,39.689371340419],[-104.894071155533,39.6893273403901],[-104.894069153837,39.6886463405896],[-104.894061148431,39.68643333908],[-104.894059147048,39.685695337803],[-104.893632146888,39.6856943389202],[-104.893412146307,39.685694339026],[-104.89339814672,39.6856943397582],[-104.893388146854,39.6856943395072],[-104.893355147073,39.6856933397056],[-104.891525147067,39.6856903434367],[-104.889329148562,39.6856863469823],[-104.889328147636,39.685588347414],[-104.889318143668,39.6838133455268],[-104.889312140906,39.6827093451279],[-104.889309139419,39.6820573444148],[-104.890621139446,39.6820583423185],[-104.893434137416,39.682062336742],[-104.894046137736,39.6820623355514],[-104.894057129903,39.6787333330284],[-104.894057128905,39.6784493326731],[-104.894716129062,39.67845133126],[-104.896185128058,39.6784533287163],[-104.896337128287,39.6784533283754],[-104.903445125156,39.6784763144745],[-104.903531124673,39.6784763139813],[-104.903529126245,39.6788783147809],[-104.903516133903,39.6820493173439],[-104.903515134091,39.6820793173005],[-104.903515134213,39.6820893168757],[-104.903515134464,39.6821403172289],[-104.9035141385,39.6838873179944],[-104.903514140475,39.6847163192046],[-104.903514140611,39.6847573190443],[-104.903564140449,39.6847883189661],[-104.903593140369,39.6848063188343],[-104.904787141805,39.6855363171217],[-104.905080143009,39.6857153169829],[-104.905163142569,39.6857153162845],[-104.905157138313,39.6838973152947],[-104.905014137465,39.6838973149948],[-104.904603138379,39.6838973159531],[-104.904603138525,39.68386431612],[-104.904603137906,39.6838373158432],[-104.904597133942,39.6820783148252],[-104.904591129106,39.6803193136195],[-104.904591128831,39.680309314038],[-104.904591128786,39.6802733139283],[-104.905286128279,39.6802733125328],[-104.906247128438,39.6802723106741],[-104.907229127982,39.6802713086624],[-104.907971126987,39.6802713067792],[-104.908095127055,39.6802713069389],[-104.908094126084,39.6798083066456],[-104.907978126471,39.6798093069146],[-104.907903126566,39.6798103063971],[-104.90756912636,39.6798123077041],[-104.906982126903,39.6798103084842],[-104.906982126375,39.6797313089157],[-104.906984124456,39.6787973074199],[-104.906762123619,39.6787163078426],[-104.906258123874,39.678533309013],[-104.906116124072,39.6784813094647],[-104.905786123936,39.6784783098764],[-104.90563812364,39.6784423101007],[-104.905495123668,39.6783963106173],[-104.905357124077,39.6783403105434],[-104.905226123656,39.6782753107792],[-104.905104123509,39.6782023113441],[-104.904990122702,39.6781203110238],[-104.904886123151,39.6780313114253],[-104.904838122904,39.6779863116821],[-104.903928121446,39.6771293124355],[-104.903669120739,39.6768863127332],[-104.903586120925,39.6768073126571],[-104.90353812001,39.6767623132528],[-104.903539119744,39.6766943126242],[-104.903539119476,39.6766053124572],[-104.903539120182,39.6765583129289],[-104.903544116347,39.6753723116218],[-104.903547115773,39.6748633119493],[-104.903546114386,39.6744803110037],[-104.903546113455,39.6741963113255],[-104.90354611312,39.6741213107044],[-104.903546113911,39.6740533112501],[-104.903545111185,39.673370310348],[-104.903545111704,39.6733653105482],[-104.903545110009,39.6728003102862],[-104.903545109705,39.6726803095949],[-104.903545109455,39.6725843099389],[-104.903544106779,39.6714003094476],[-104.903544105863,39.6712303088321],[-104.903544105802,39.6712063086812],[-104.903544106136,39.6711673091132],[-104.903544105801,39.6710543086233],[-104.903543103861,39.6703933085101],[-104.903543103557,39.6703493082196],[-104.903542101334,39.6694543076925],[-104.903542101401,39.6694403071461],[-104.903542101124,39.6694273072802],[-104.903542101827,39.6693803076348],[-104.903541096806,39.6676543058521],[-104.903541096923,39.6676263065429],[-104.903541097358,39.6676043059293],[-104.903527096732,39.6676043060424],[-104.903509097421,39.6676043065789],[-104.903488097068,39.6676043062949],[-104.903455097174,39.6676043063589],[-104.903408096653,39.6676043065125],[-104.902451098073,39.6676023079861],[-104.89955109908,39.6675983134285],[-104.898818099593,39.6675973149377],[-104.898486099886,39.6675963163487],[-104.896618101495,39.6675933195512],[-104.896140101538,39.6675923205057],[-104.894333103036,39.6675893242291],[-104.894299102004,39.6675893237699],[-104.894095102776,39.6675893244472],[-104.894021103259,39.667589324889],[-104.893944102264,39.6675263243768],[-104.893741102151,39.6673623246268],[-104.893726101979,39.6673493248389],[-104.893268101605,39.6669773256353],[-104.893233101647,39.6669493257772],[-104.892175100673,39.6660893266717],[-104.891382099378,39.6654443277023],[-104.89077209809,39.6649503286045],[-104.890216097411,39.6644983298033],[-104.890204098203,39.6645053290937],[-104.888352101504,39.6656753340769],[-104.888397102198,39.6656793340851],[-104.888847101,39.6657283330347],[-104.888888102013,39.6657323327752],[-104.888928101454,39.6657393329516],[-104.888967101667,39.6657493326764],[-104.889005102025,39.6657613330641],[-104.889041100902,39.6657763322962],[-104.889075101157,39.6657933324068],[-104.889108101025,39.6658133329652],[-104.889138101186,39.6658353328052],[-104.889155101228,39.6658483327757],[-104.889669102832,39.6662863320926],[-104.88973810207,39.6663503315301],[-104.889799102062,39.6664183317686],[-104.88985310275,39.6664903317058],[-104.889872102722,39.6665213317514],[-104.889891103346,39.6665533315805],[-104.890048103735,39.666836331251],[-104.890459104385,39.6675803313651],[-104.89000910566,39.6675793318897],[-104.887472107088,39.6675733367803],[-104.885164107987,39.6675673419294],[-104.885050108365,39.667494341438],[-104.885050107798,39.6674933416513],[-104.879517103448,39.6639343496888],[-104.879493103251,39.6639343499927],[-104.879314104042,39.6639343497521],[-104.877963104902,39.6639333525596],[-104.876212105509,39.6639333557965],[-104.876092105829,39.6640163559225],[-104.875982105716,39.6641063561711],[-104.875882106341,39.6642033565762],[-104.875794107116,39.6643063571862],[-104.875718106915,39.6644153571205],[-104.875654107663,39.6645293575271],[-104.87560410766,39.6646473575452],[-104.875567107347,39.6647673577155],[-104.875543108383,39.6648903578435],[-104.875534108663,39.6650143581717],[-104.875536108992,39.6651023580114],[-104.875533110606,39.6659203590805],[-104.875436113783,39.6675433599315],[-104.875378115713,39.66848736153],[-104.875381116164,39.6686523616654],[-104.875404116253,39.6688173608762],[-104.875437117234,39.6689573609654],[-104.876266120416,39.670911361337],[-104.876311121373,39.6710183616359],[-104.876369120884,39.6711213614843],[-104.876438121295,39.6712203610752],[-104.876518121468,39.6713153612839],[-104.876609121275,39.6714033609373],[-104.876708122278,39.6714853610085],[-104.87672512212,39.6714973611706],[-104.876742121251,39.6715103611094],[-104.877229122396,39.6718703599949],[-104.877459122782,39.6720683598109],[-104.875436123463,39.6720643637162],[-104.875432125201,39.6727853641839],[-104.875425127958,39.6738363649759],[-104.875420129761,39.6747653656816],[-104.875420130075,39.6747933658827],[-104.875295129569,39.6747923657426],[-104.8746971305,39.6747913671028],[-104.870620132033,39.674780375106],[-104.868101128544,39.6727113788214],[-104.866354126542,39.6712763810572],[-104.865966126638,39.670956381122],[-104.86594612017,39.6675173781171],[-104.865984112638,39.6638943755035],[-104.86602210514,39.6603603729009],[-104.866022105007,39.6603043730827],[-104.866022104936,39.6602723726714],[-104.864957105553,39.6602743747971],[-104.864659105604,39.6602753754789],[-104.86443210592,39.660275375869],[-104.864411106531,39.6602753758027],[-104.864236105662,39.660276375761],[-104.862859106782,39.6602793783453],[-104.862328107833,39.6602803798314],[-104.862317107042,39.6602803795943],[-104.861019108197,39.6602823823004],[-104.859700108786,39.6602853848585],[-104.858979109308,39.6602863862157],[-104.858877109543,39.6602863865162],[-104.858866109916,39.6602863859624],[-104.857372111175,39.6602893894475],[-104.857141110878,39.6602903896999],[-104.857079111348,39.660290390144],[-104.857062111387,39.6602903899254],[-104.856760111473,39.6602903903448],[-104.856711111462,39.6602913903696],[-104.856662111288,39.6602913905845],[-104.856498111969,39.6602913908133],[-104.856480112139,39.6602913913412],[-104.856414112161,39.6602923909369],[-104.856383111118,39.6602953907799],[-104.856351111212,39.6602973916613],[-104.856326111508,39.6602993912392],[-104.856315112028,39.6603003911366],[-104.856215111922,39.6603153915002],[-104.856195111969,39.6603203916804],[-104.856177111587,39.6603243913126],[-104.856156111613,39.6603283916242],[-104.856118112429,39.6603373914239],[-104.856066111419,39.6603523915932],[-104.856047111459,39.6603583916109],[-104.856036112265,39.6603613919614],[-104.856025111905,39.6603643923044],[-104.855934112095,39.6603983917854],[-104.855910112379,39.6604093921482],[-104.855878112025,39.6604243919493],[-104.855847112534,39.6604383920343],[-104.85576611294,39.6604843923114],[-104.855729112967,39.660442392942],[-104.855598112622,39.6602923928632],[-104.855026113046,39.6602933941662],[-104.854924112218,39.6602943935211],[-104.854477113121,39.6601543945833],[-104.854227112785,39.660075395336],[-104.853510112616,39.6598883960015],[-104.853064113082,39.659771396786],[-104.852007112994,39.6596013987906],[-104.851683112941,39.6594533996585],[-104.849246114455,39.6590774037461],[-104.848873115182,39.6591184045413],[-104.84867711503,39.6590874050262],[-104.848625114603,39.6590794049585],[-104.848627113132,39.6578364036891],[-104.84859011251,39.6578354041926],[-104.848553113101,39.6578354044809],[-104.848558111613,39.6571994036357],[-104.848559111094,39.6570624037043],[-104.848328111843,39.6570644043891],[-104.847731112519,39.6570674048439],[-104.847251112518,39.6570704063195],[-104.847923111002,39.6568104045762],[-104.848622110774,39.6565974027836],[-104.84874710997,39.6565684026291],[-104.849298109173,39.6564404018658],[-104.851386107355,39.6559913970394],[-104.852305105834,39.6557713953433],[-104.853195104808,39.6554913934863],[-104.854050103618,39.6551513915656],[-104.854864102434,39.6547553898864],[-104.855161102192,39.6545903890042],[-104.855976100668,39.654116387029],[-104.856887098426,39.6535863850561],[-104.857609097178,39.653166382889],[-104.858600095263,39.6525903803438],[-104.867161078409,39.6476123609066],[-104.867664077248,39.647323359052],[-104.868196076078,39.6470693577648],[-104.868755075538,39.6468523572111],[-104.869107074184,39.6467383563248],[-104.870062072222,39.6462783538232],[-104.871188071681,39.6462303516371],[-104.872922069421,39.6458553480269],[-104.873041069283,39.6458293479929],[-104.874067067593,39.6455483456402],[-104.875055065667,39.6451993436507],[-104.875570065202,39.6449843429172],[-104.875554066821,39.6458973436129],[-104.875505072671,39.6486193458538],[-104.875450078936,39.6516633478381],[-104.875708079456,39.6519543478774],[-104.875884080583,39.6521533473459],[-104.876159080571,39.6524633470387],[-104.876680081777,39.6530513468158],[-104.876767081546,39.6530513461507],[-104.876790081761,39.6530513465246],[-104.876984081521,39.6530523463017],[-104.877042081368,39.6530523457155],[-104.877262081331,39.6530523452533],[-104.877378081466,39.6530533453707],[-104.877405080711,39.6530533451935],[-104.877497080417,39.653053345256],[-104.87803408045,39.653054343796],[-104.880078078397,39.6530593402049],[-104.88009107872,39.6530593403257],[-104.880111076535,39.652105339743],[-104.880114076474,39.6519653391125],[-104.880138073274,39.6507913379579],[-104.880139073235,39.6507753384884],[-104.880175069886,39.6490333372968],[-104.880201067068,39.6477573362307],[-104.880236063284,39.6460693347275],[-104.880238062675,39.6459943347936],[-104.880240062459,39.6459013341095],[-104.880276058529,39.6441143330822],[-104.880279058359,39.6439473331795],[-104.880311055146,39.6424063318422],[-104.880319054169,39.6419983315917],[-104.880320053499,39.6419673315756],[-104.880322053325,39.6418233314218],[-104.880323052949,39.6418093314871],[-104.88032405337,39.6417313313015],[-104.880325052685,39.6417073307335],[-104.880326053059,39.6416503306999],[-104.880327053405,39.6416073304682],[-104.880329052482,39.6414923305942],[-104.880333051847,39.6413163304719],[-104.880855051341,39.6410573291317],[-104.882516047913,39.6402363259576],[-104.882788047572,39.6401013246987],[-104.883728045641,39.6396363233452],[-104.885085042726,39.6389653198049],[-104.885088041633,39.6388173201262],[-104.885092041278,39.6386343193917],[-104.885098040911,39.6380943189961],[-104.885119036049,39.636269317418],[-104.885174024968,39.6313473135222],[-104.885212016727,39.6279913114413],[-104.885221014744,39.6271303105998],[-104.885225014393,39.6268053099831],[-104.885250009105,39.6245833089032],[-104.885250009416,39.6245243081968],[-104.885252008998,39.62434930802],[-104.885254008658,39.6241683081424],[-104.885255008,39.6241293086242],[-104.885270008649,39.6241293078594],[-104.885281008422,39.6241293077739],[-104.885395008175,39.6241293079858],[-104.885408007804,39.6241293075428],[-104.885460007467,39.6241293075641],[-104.885545007613,39.6241293072413],[-104.885620007325,39.6241293076979],[-104.887918004866,39.6241243034845],[-104.888760004272,39.6241223015213],[-104.889017003307,39.6241223008978],[-104.889476003052,39.6241213005751],[-104.889656003065,39.6241203002766],[-104.889667002836,39.6241202997805],[-104.889704003002,39.6241203001562],[-104.889768002925,39.624120299365],[-104.889871002861,39.6241202993413],[-104.889873002709,39.6241202998201],[-104.891072000948,39.6241172976442],[-104.891120000883,39.6241172969453],[-104.891173001024,39.6241172969214],[-104.891291000414,39.6241172968283],[-104.891351000615,39.6241172969671],[-104.891510001038,39.6241172965106],[-104.891733000703,39.6241162959772],[-104.892219999368,39.6241152947986],[-104.892602998746,39.6241142943485],[-104.89270699916,39.6241142943092],[-104.89287199911,39.6241142942016],[-104.893142998648,39.6241132931599],[-104.8936049985,39.6241122922032],[-104.894277997147,39.6241112913167],[-104.894431996613,39.6241102910451],[-104.894477996673,39.624110291275],[-104.894520996384,39.6241102904341],[-104.894541996563,39.6241102905848],[-104.894580996563,39.6241102907245],[-104.894640996743,39.6241102909843],[-104.894689997168,39.6241102903796],[-104.894724996302,39.6241102905725],[-104.894841996285,39.6241052899804],[-104.89594199472,39.6241072882026],[-104.896015995016,39.6241072876916],[-104.896235994875,39.6241072873043],[-104.897054993295,39.6241052860136],[-104.897090994093,39.6241052861392],[-104.89810699221,39.6241032841122],[-104.898548992096,39.6241022828349],[-104.898639992078,39.6241012832416],[-104.898945991253,39.6241012820414],[-104.898966991421,39.6241012823019],[-104.898994991648,39.6241012823431],[-104.899186991613,39.6241002819968],[-104.899260990713,39.6241002821379],[-104.899327990928,39.6241002815734],[-104.899338990681,39.6241002819731],[-104.899370990609,39.6241002816593],[-104.899437990816,39.6241002819327],[-104.899551990805,39.6240992812204],[-104.900854989701,39.6240972790914],[-104.901038989045,39.6240962781473],[-104.901065988752,39.6240962788986],[-104.901578988348,39.6240952778108],[-104.901672988257,39.6240952774366],[-104.901739988451,39.6240952772979],[-104.901863987627,39.6240942766262],[-104.901889987997,39.6240942766034],[-104.902462987661,39.6240932762881],[-104.902500987128,39.6240932759149],[-104.902612986836,39.6240932753664],[-104.90268098753,39.6240932752752],[-104.904018985363,39.6240902729967],[-104.904038985019,39.6240902726788],[-104.904776984289,39.6240892711724],[-104.904780983982,39.6240892716225],[-104.904864984619,39.6240892711714],[-104.905514983184,39.6240892702292],[-104.905894983533,39.624089269612],[-104.906953982209,39.6240882678195],[-104.908539979786,39.6240872647145],[-104.908810979586,39.6240872642579],[-104.908874979386,39.6240872638652],[-104.909054979689,39.6240872633666],[-104.910842976742,39.6240862597622],[-104.911560975869,39.624085258545],[-104.911631976866,39.6240852583935],[-104.911692976293,39.6240852585518],[-104.911818976012,39.624085258089],[-104.911934976489,39.624085257876],[-104.913406974287,39.6240882552248],[-104.913405974386,39.6241562552997],[-104.913404974723,39.624205255641],[-104.913404974515,39.6242122551151],[-104.91338997803,39.6254572560734],[-104.913362983124,39.6275972584459],[-104.913334989917,39.6298882593045],[-104.913333989445,39.6299642594023],[-104.913316993936,39.6313502612823],[-104.91322801309,39.6386002662403],[-104.913227012899,39.6386502661341],[-104.913257013422,39.6386732661397],[-104.913559013391,39.6389072658735],[-104.913569014151,39.6389162661723],[-104.913582013381,39.6389262659143],[-104.91376701386,39.6390692657365],[-104.914241014068,39.6394382648523],[-104.91426201468,39.6394542653218],[-104.914280014668,39.6394682647582],[-104.914324014693,39.6395022653164],[-104.914375015256,39.6395422652686],[-104.914701014655,39.639795264113],[-104.91491101583,39.6399582644274],[-104.915073015932,39.6400842637288],[-104.915094015591,39.6401012638304],[-104.915116015997,39.6401182635052],[-104.915675016084,39.6405522634853],[-104.91586001693,39.6406952625952],[-104.915882016535,39.6407122630181],[-104.916504016829,39.6411952618792],[-104.917858018649,39.6422482600044],[-104.918219018718,39.6425282597308],[-104.918253019262,39.642555259364],[-104.918283019714,39.6425772600509],[-104.91899702035,39.6431322585785],[-104.919027019887,39.6431562586434],[-104.919058020225,39.643180258244],[-104.919766020732,39.6437302575414],[-104.919798021193,39.6437542573745],[-104.919843021311,39.6437902576049],[-104.920552022053,39.6443402569308],[-104.920580022406,39.644362256155],[-104.920629021642,39.6444002564554],[-104.920661022605,39.6444252567374],[-104.920855022313,39.6445752563572],[-104.920875022836,39.6445912560774],[-104.921146022666,39.6448022560972],[-104.921200022771,39.6448432558328],[-104.921495023654,39.6450732557339],[-104.922478024114,39.6458372538756],[-104.922496023931,39.6458502540191],[-104.922519024049,39.6458502535611],[-104.927391019677,39.6458382449006],[-104.928732018385,39.6458352421965],[-104.931852016361,39.6458272363631],[-104.931873015991,39.6458272361114],[-104.931870016237,39.6459912363417],[-104.931851018451,39.6468442371287],[-104.93182002258,39.6482262381564],[-104.931793026708,39.6494482388848],[-104.931789026713,39.6496092392209],[-104.931773029728,39.6503382394393],[-104.931773029081,39.6503462395277],[-104.931770029221,39.6504612400728],[-104.93176103081,39.6508972402356],[-104.93175303139,39.6512512401984],[-104.931751032495,39.6513322402163],[-104.93174903288,39.6514202405313],[-104.931713037054,39.6530472419095],[-104.931713037362,39.6530702414776],[-104.932830036874,39.6530682390534],[-104.933988035398,39.6530662370324],[-104.935138034585,39.6530642346929],[-104.936297033711,39.6530622327449],[-104.937441033047,39.653061231118],[-104.937559032768,39.6530602304708],[-104.938092032072,39.6530592295003],[-104.938599032128,39.653059228703],[-104.939645030885,39.6530572267374],[-104.939989030378,39.6530562255661],[-104.940138030671,39.6530562257186],[-104.940371029922,39.6530562248895],[-104.940523030445,39.6530552246445],[-104.940680029912,39.6530552243606],[-104.940697030353,39.6530552242048],[-104.94075803035,39.6530552244661],[-104.940899029323,39.6530562240938],[-104.945247026812,39.6530652159012],[-104.94557902614,39.6530662151489],[-104.946344025335,39.6530682138208],[-104.9491770232,39.6530742087052],[-104.949479023009,39.6530752076442],[-104.950078022383,39.653076206133],[-104.9539460198,39.6530841989993],[-104.954965018722,39.6530861973695],[-104.954399028182,39.6557912006049],[-104.953515029217,39.6558702015598],[-104.953531028912,39.65595920169],[-104.95354302889,39.6560342015702],[-104.953789030912,39.6567162016617],[-104.955793030119,39.6567171980532],[-104.95768502791,39.6567181947519],[-104.959454026502,39.6567191907202],[-104.959452027588,39.6570761911326],[-104.959445036459,39.6595561931273],[-104.959442038819,39.6603451940013],[-104.95944104121,39.6609901939995],[-104.959440041919,39.6610701943823],[-104.959440041352,39.6610841940123],[-104.959440042052,39.6612101943083],[-104.959440042646,39.6613511940105],[-104.959440042835,39.6614201941875],[-104.959439043108,39.6615271940369],[-104.959440043663,39.661592194284],[-104.963066040243,39.661580187388],[-104.963065040653,39.6615601872148],[-104.963054038604,39.6610851872099],[-104.96303803614,39.6603791870153],[-104.963187036367,39.6603741868926],[-104.963223036538,39.6603801860648],[-104.963706036427,39.6603851857806],[-104.964169035265,39.6603891844219],[-104.965161035646,39.6603981827432],[-104.966080034011,39.6604071806584],[-104.966080034247,39.6603991806137],[-104.966487034194,39.6604111805802],[-104.966554033783,39.660411180245],[-104.966617034518,39.6604121795192],[-104.966779033685,39.6604131793745],[-104.96699903432,39.660415178821],[-104.967912032734,39.6604241775343],[-104.968785033048,39.6604321759519],[-104.968828032635,39.6604321757332],[-104.968821038777,39.6620441769215],[-104.968814042407,39.6634281779896],[-104.968814043002,39.6634901778207],[-104.968814043027,39.6635531774271],[-104.968814043103,39.6635611774632],[-104.968814043463,39.6635991780844],[-104.968812045079,39.6640521780133],[-104.968808048342,39.6649701786078],[-104.96880405108,39.6658441796493],[-104.968804051155,39.665852179679],[-104.969964051033,39.6658551769474],[-104.969978050691,39.6658561768033],[-104.971139049895,39.6658581753098],[-104.971604049196,39.6658591739726],[-104.971719048999,39.6658601736462],[-104.972116049432,39.6658611726974],[-104.972190049058,39.6658611726407],[-104.972233049625,39.6658611729672],[-104.972282048626,39.6658611722863],[-104.972518049524,39.6658621721276],[-104.97255104844,39.6658621724902],[-104.973441048605,39.6658641703827],[-104.973464048202,39.6658641707302],[-104.973462049938,39.6664081707666],[-104.973461050609,39.6666161705473],[-104.973488051084,39.6666121707842],[-104.973487052195,39.6669321708903],[-104.973460052662,39.6669271708557],[-104.973457054819,39.6676771717417],[-104.973486054757,39.6676771719389],[-104.973569054746,39.6676771716882],[-104.974680053759,39.6676831696629],[-104.975679052954,39.6676891674139],[-104.97580305307,39.6676901671952],[-104.976976053201,39.6676961650422],[-104.977904052572,39.6677011632347],[-104.978186052607,39.6677031629933],[-104.978292051633,39.6677031624244],[-104.978883052016,39.6677011615488],[-104.979310051448,39.6677011604821],[-104.979581050892,39.6677001601738],[-104.979601051215,39.6677001595498],[-104.979621051532,39.667700159823],[-104.980527050106,39.6676981576593],[-104.980565050821,39.6676981580568],[-104.981310049902,39.6676971568422],[-104.981676049898,39.6676961556396],[-104.981732049846,39.6676961557638],[-104.982835048784,39.667698153965],[-104.982900049047,39.6676931537138],[-104.983712048572,39.6676921518773],[-104.98400504807,39.6676911515282],[-104.984041048865,39.6676911510302],[-104.984057048182,39.6676911510008],[-104.984203047765,39.6676911513338],[-104.984826048277,39.6676901499817],[-104.98519704789,39.6676891489196],[-104.985220048071,39.6676891487684],[-104.985263047394,39.6676891488214],[-104.985328047276,39.6676881490361],[-104.98535604724,39.6676881491322],[-104.985782047628,39.667688148104],[-104.986354047043,39.6676861472404],[-104.986381047055,39.6676861463257],[-104.987514046752,39.6676841443299],[-104.987572046587,39.667684144086],[-104.98759104577,39.6676841440432],[-104.988035045595,39.6676831432796],[-104.988067046541,39.6676831439431],[-104.988263045388,39.6676821428308],[-104.988813045257,39.6676811420874],[-104.988839045303,39.6676811416638],[-104.988870045125,39.6676811422587],[-104.989046044802,39.667680142047],[-104.989973044906,39.6676781394538],[-104.990864044123,39.6676761384536],[-104.991132044153,39.6676761379326],[-104.991216044258,39.667675137881],[-104.992299043148,39.667673135441],[-104.995583041359,39.6676651288354],[-104.995699040939,39.6676651284625],[-104.995946040789,39.6676641279725],[-104.99608504052,39.6676641276663],[-104.996224041411,39.6676641281014],[-104.996227041284,39.6676641274474],[-104.997005040112,39.6676621260768],[-105.000186039396,39.6676751200387],[-105.002514037533,39.6669451173068],[-105.002667038224,39.6668971170808],[-105.002711038313,39.6668821174465],[-105.002755037224,39.6668671168901],[-105.002981037185,39.6667761167166],[-105.003196037286,39.666670116211],[-105.003398037392,39.6665511164422],[-105.003586036439,39.6664181161742],[-105.003605036501,39.6664021162293],[-105.003624036478,39.6663871160571],[-105.003686037036,39.6663291161278],[-105.003741035838,39.6662681160988],[-105.003765035619,39.6662351158207],[-105.003789036469,39.6662031153181],[-105.003829035498,39.6661341158632],[-105.003862034996,39.666064115896],[-105.003874035686,39.666028115157],[-105.003886035192,39.6659921153121],[-105.003903034872,39.6659171155706],[-105.003906035045,39.6658801157937],[-105.003910035146,39.6658431157327],[-105.003910034816,39.6657681153935],[-105.004067032827,39.6654251151102],[-105.00444503026,39.6645991140857],[-105.004468030272,39.664550113907],[-105.004714027774,39.6640111136164],[-105.004798027275,39.6638281129498],[-105.00486902709,39.663674113136],[-105.004885026636,39.6636741129789],[-105.005052027156,39.6636751126395],[-105.00496301966,39.6617581115301],[-105.004935018696,39.6614981117388],[-105.00487901801,39.6612421119762],[-105.004793016957,39.6609911116573],[-105.004680015343,39.6607461114271],[-105.004634015173,39.6606681114155],[-105.004560015249,39.6605421111968],[-105.004779014656,39.6605441113605],[-105.006389016118,39.6605521096876],[-105.009575018793,39.6605661059196],[-105.010616019766,39.6605701053676],[-105.010891020491,39.6605711050498],[-105.009694024978,39.6621241071737],[-105.008175031806,39.6640951100217],[-105.008140031647,39.6640951103815],[-105.0081040316,39.6640941103726],[-105.00805903158,39.6641521099482],[-105.007936032238,39.664329110398],[-105.007655033746,39.6647331107375],[-105.007317035076,39.665340111576],[-105.007143036914,39.6657261117982],[-105.0065770414,39.667152113559],[-105.006360044351,39.6677021139766],[-105.006360044972,39.6681111140122],[-105.006358058382,39.6714351164312],[-105.006357064694,39.6731811174563],[-105.006357071688,39.6749701181704],[-105.006356079394,39.6767381192564],[-105.006565079589,39.6767391191446],[-105.008272080712,39.6767501172835],[-105.008652080293,39.6767521167887],[-105.008696080527,39.6767521169336],[-105.008697088535,39.6786201184293],[-105.011020090181,39.6786391153847],[-105.013362091444,39.6786591133275],[-105.015705093838,39.6786791101672],[-105.015691086084,39.6768131095769],[-105.015690083076,39.6758941087399],[-105.015689079303,39.6750161081837],[-105.015692073261,39.6734091074644],[-105.015692073671,39.6734011074807],[-105.015698068667,39.672114106993],[-105.015699067828,39.6717971063498],[-105.01569906707,39.6717891063568],[-105.015700065353,39.6713891064445],[-105.015701064196,39.6709951060228],[-105.015702064603,39.6709871065493],[-105.015704063254,39.6706651056262],[-105.015713061507,39.6702291061175],[-105.015713061361,39.6701661059369],[-105.015713060602,39.6701581059394],[-105.015713060498,39.6701201055149],[-105.015713060149,39.6699321056368],[-105.015713057972,39.6693561050288],[-105.01571405584,39.6688301052618],[-105.015714055805,39.668805104592],[-105.015714054926,39.6687221043814],[-105.015714055087,39.6685641048605],[-105.015714054638,39.6685471050863],[-105.015714054084,39.6684921048663],[-105.015714054792,39.6684381044252],[-105.015714053744,39.6684271050975],[-105.01571405367,39.6682911042073],[-105.015714051204,39.667749104627],[-105.015715050892,39.6676971042347],[-105.015724048673,39.6670891042213],[-105.015727048029,39.6669491039147],[-105.015727049098,39.6669481041439],[-105.015739045219,39.6661431029122],[-105.015746043262,39.6656751034628],[-105.01575104289,39.6653451025959],[-105.015752042398,39.6653041023957],[-105.015752042571,39.6652571030258],[-105.015768038372,39.6642271024218],[-105.01577403693,39.6638161020087],[-105.015775036551,39.6637401015095],[-105.015776035583,39.6637311022339],[-105.015796030549,39.6624011007751],[-105.015796030491,39.662364100927],[-105.015797030503,39.662329101149],[-105.01580002986,39.6621321007208],[-105.015803029291,39.6619361009572],[-105.015825023873,39.6605071001273],[-105.01690102407,39.6605060991252],[-105.017762025504,39.6605050980464],[-105.017933025856,39.660504098095],[-105.018007025455,39.6605040980403],[-105.01819402591,39.6605040973476],[-105.018519025861,39.6605040970074],[-105.018870026497,39.6605030970452],[-105.019389027001,39.6605030965581],[-105.020402027827,39.6605010952296],[-105.02157602828,39.6605000945957],[-105.022798029511,39.6604980927101],[-105.02280202892,39.6604980927352],[-105.022822020975,39.6582440919321],[-105.02283401471,39.6568040909369],[-105.023019014753,39.6567970904492],[-105.024097016483,39.6568010893604],[-105.025175016872,39.6568040885076],[-105.025349016757,39.6568030881192],[-105.025350016764,39.6568290881912],[-105.025351017233,39.6568570887218],[-105.025839017998,39.6568580875623],[-105.025861017101,39.6568580880444],[-105.028043019066,39.6568640854492],[-105.029802021056,39.6568680842156],[-105.029869020801,39.6568690836091],[-105.030911022008,39.6568710827094],[-105.032038022881,39.6568740820621],[-105.032058022388,39.6568740815289],[-105.032657023488,39.6568760812082],[-105.032552022365,39.6568100809206],[-105.032456021952,39.6567370809697],[-105.032367022154,39.6566590810809],[-105.032284022177,39.6565730815563],[-105.032213021284,39.6564840817573],[-105.032154021415,39.6563980812815],[-105.032134021029,39.6563630814937],[-105.032135020882,39.656310081031],[-105.032135020515,39.6562380817051],[-105.032138019471,39.6559000813042],[-105.032140018668,39.6557500811147],[-105.032153012694,39.6542810801057],[-105.032153012528,39.6542380806166],[-105.032153012668,39.654203080258],[-105.032154012117,39.654156080228],[-105.032160009784,39.6534840798232],[-105.032161008989,39.6533230797623],[-105.03216200875,39.6532770794985],[-105.032171008818,39.6532770801982],[-105.032182008391,39.6532770798495],[-105.03219800904,39.6532770795911],[-105.03224600865,39.6532770796943],[-105.032253009225,39.6532770796352],[-105.032255008724,39.6532770794869],[-105.032267009209,39.6532770795111],[-105.032345009446,39.6532770800768],[-105.033511010535,39.6532770781741],[-105.033553010482,39.6532770782478],[-105.033794010596,39.6532770779746],[-105.03413901024,39.6532770778836],[-105.034150010972,39.6532770782559],[-105.034184010598,39.6532770779161],[-105.034615010787,39.6532770777024],[-105.034616009606,39.6531080775975],[-105.034616009984,39.6529970769203],[-105.03462300345,39.6514480764551],[-105.034623003958,39.6514270765849],[-105.034625002297,39.6510240760709],[-105.034630997137,39.6495910757285],[-105.034630996691,39.6495290758501],[-105.034633991797,39.6484050752517],[-105.034634991749,39.6482970749948],[-105.034634991506,39.6481620748964],[-105.034634991137,39.6481450750224],[-105.034634990477,39.6481240751241],[-105.034635990331,39.6479070744477],[-105.034636988276,39.6473490746406],[-105.034644986105,39.6469220746617],[-105.034647985727,39.6468950744393],[-105.034645985794,39.6467910739815],[-105.034646982317,39.6459800734534],[-105.03464998232,39.6459190734533],[-105.034640982597,39.6458790735811],[-105.03435998252,39.6458790737194],[-105.034360981331,39.645631074244],[-105.034388980605,39.6456020735342],[-105.034416980651,39.6455720739398],[-105.034433974365,39.6439920727137],[-105.03443597374,39.6437990731649],[-105.032760973224,39.6437880744857],[-105.032750972425,39.6437880743506],[-105.032772969679,39.6431600742791],[-105.032784969021,39.6428480736832],[-105.031340967968,39.6428340755667],[-105.030539967414,39.642826076478],[-105.030344966662,39.6428240758925],[-105.029979966835,39.6428200764827],[-105.02998396406,39.6422610761127],[-105.029978964555,39.6422480760513],[-105.030050964055,39.6422510760516],[-105.030267964819,39.6422610759743],[-105.0303409651,39.6422640761947],[-105.029978963956,39.6422460764833],[-105.029958964826,39.642245075964],[-105.029880964875,39.642244076686],[-105.029904956542,39.6400870755512],[-105.030006956086,39.6400870755636],[-105.030036950843,39.6386280741172],[-105.033627953833,39.6386230711403],[-105.034275954283,39.63862307076],[-105.034700954315,39.6386220704394],[-105.034700954576,39.6385940701891],[-105.034700954647,39.6385910699373],[-105.034700954559,39.6385780700454],[-105.034700953672,39.6385660699341],[-105.034710950375,39.6374950697552],[-105.034715947596,39.6369360696308],[-105.034715947146,39.6368710692337],[-105.034716947056,39.6367350691885],[-105.034716946597,39.6367210695026],[-105.03471794653,39.6366010687044],[-105.034718946428,39.6365670691833],[-105.034718945862,39.6365240685404],[-105.034722944386,39.6361110688673],[-105.034722944587,39.6360510691796],[-105.034725942774,39.6356900686997],[-105.034728941775,39.6353600687167],[-105.034728942048,39.6353480685971],[-105.034729941015,39.6353370686142],[-105.034739936593,39.6341380677349],[-105.034746937042,39.6340760673347],[-105.034746936377,39.6340710675048],[-105.034745936238,39.6340660673199],[-105.034740937136,39.6340390677313],[-105.034748935656,39.6336580676818],[-105.034744935404,39.6335910671156],[-105.034749934584,39.633561067227],[-105.034745934033,39.6334900675154],[-105.034745934089,39.6334010676889],[-105.034752933841,39.6332450676109],[-105.034755933707,39.6331790675197],[-105.034747933546,39.6331700674925],[-105.030058929124,39.6331600714094],[-105.030057928211,39.6329760716695],[-105.030057929127,39.6329440713169],[-105.030023928613,39.632912071865],[-105.029961928257,39.6328530715481],[-105.02994092815,39.6328340717601],[-105.029872928246,39.632769071192],[-105.02985292794,39.6327510715713],[-105.029827927426,39.632727071235],[-105.029801927468,39.6327030713968],[-105.029778927341,39.6326760715907],[-105.029771927328,39.6326670716205],[-105.029753927422,39.6326420715781],[-105.029738927367,39.6326220716618],[-105.029725926811,39.6326000711677],[-105.029711926793,39.6325740711297],[-105.029705926825,39.6325630719832],[-105.029697926769,39.6325440719453],[-105.029691926522,39.6325320712093],[-105.02968892697,39.6325240717215],[-105.029671926238,39.6324740711037],[-105.029670926468,39.6324650717283],[-105.029666926575,39.6324460714882],[-105.02966192576,39.6324220719131],[-105.029656925766,39.6323690713362],[-105.029640926385,39.6323690712346],[-105.02962392609,39.6323680718409],[-105.029483925682,39.6323630716594],[-105.029463925873,39.6323620719392],[-105.029123926003,39.6323500723924],[-105.029066924968,39.6323470715458],[-105.029034925952,39.6323420722477],[-105.029010925454,39.6323390721526],[-105.02899492523,39.6323360717003],[-105.028967925814,39.6323310717106],[-105.028956925456,39.6323290721697],[-105.028946925434,39.6323260723489],[-105.028926925676,39.6323210724918],[-105.028903924679,39.6323140718332],[-105.028851925135,39.6322970723123],[-105.028802924895,39.6322750723555],[-105.027912922696,39.6319160727833],[-105.027681922472,39.6318230730258],[-105.027608922511,39.6317930732624],[-105.027579921506,39.6317810727032],[-105.027382921994,39.6317020727702],[-105.027346921849,39.63168707346],[-105.027324921036,39.6316770735507],[-105.027254921133,39.6316480728111],[-105.027210920852,39.6316330736929],[-105.027085921139,39.6315890735827],[-105.026911920548,39.6315430737164],[-105.026732919933,39.6315080736203],[-105.026550919755,39.6314860737011],[-105.026389920434,39.6314770743225],[-105.026365919669,39.6314760741576],[-105.026181919674,39.6314780739944],[-105.026041919893,39.6314770742553],[-105.026028920195,39.631477074053],[-105.025866919015,39.6314770743007],[-105.025760919974,39.6314760745288],[-105.025400918696,39.6314740749871],[-105.025400918466,39.6314480751272],[-105.025400918944,39.6313900748886],[-105.025406915647,39.6306500739861],[-105.02540691588,39.6306410741027],[-105.025409914873,39.6303890741322],[-105.025413912329,39.6298130741582],[-105.025414912446,39.629771073622],[-105.025415911851,39.6295560738462],[-105.025416911261,39.6294910736903],[-105.025418910761,39.6292090732596],[-105.025420909552,39.6289890731386],[-105.025420909548,39.6289790734617],[-105.025424907563,39.6285810732617],[-105.025424907789,39.6285270730181],[-105.025658908388,39.6285250727279],[-105.0258159081,39.6285250733237],[-105.026250907987,39.6285060723339],[-105.026367908414,39.6285010722745],[-105.026915908576,39.6284410718792],[-105.027453908796,39.6283440716929],[-105.027980908883,39.6282100705362],[-105.028488907942,39.6280420700337],[-105.028876907878,39.6279020702141],[-105.029128908086,39.62783906979],[-105.029312907877,39.6277930693094],[-105.029671908405,39.627795069148],[-105.029766908373,39.6277950693394],[-105.030108908859,39.6277970691504],[-105.031095909858,39.6278030681788],[-105.031491910312,39.6278610676308],[-105.031610910439,39.6278780674572],[-105.032150911019,39.6279820668992],[-105.032384911157,39.6280270666479],[-105.032936912133,39.6281230659927],[-105.033491913046,39.6281930657649],[-105.03479391422,39.628198064774],[-105.034794913805,39.6281000643577],[-105.034796912352,39.6278070643207],[-105.034828912518,39.6278070649326],[-105.035682913525,39.6278060640563],[-105.035783913295,39.6278060632794],[-105.035825913908,39.6278080639797],[-105.035908913058,39.6278110633907],[-105.035956913478,39.6278160636891],[-105.036031913641,39.6278240636801],[-105.036082913784,39.6278330632137],[-105.036092914244,39.6278350635483],[-105.036102913159,39.6278360631878],[-105.036152913928,39.6278450632482],[-105.036244914192,39.6278680630825],[-105.036271914336,39.6278750636916],[-105.036296913773,39.6278830633906],[-105.0363869142,39.6279120629501],[-105.036482914931,39.6279510632708],[-105.036496914538,39.6279570631861],[-105.036529914599,39.6279730629748],[-105.036565914786,39.6279910633548],[-105.036576915077,39.6279970631381],[-105.036601914997,39.6280090628231],[-105.036699915643,39.6280680629942],[-105.036709914629,39.6280750631067],[-105.036771915119,39.628113062619],[-105.036796915131,39.6281280625244],[-105.036804915334,39.628132062592],[-105.037100914128,39.6277870623934],[-105.037227913913,39.6276440626317],[-105.037257913632,39.6276110626211],[-105.037308913608,39.6275530623603],[-105.037375913644,39.6274650621086],[-105.037467912754,39.6273760622795],[-105.037673912377,39.6271510616989],[-105.037690911922,39.6271330612672],[-105.037707912207,39.627114061949],[-105.037975912051,39.6268660610778],[-105.037981911637,39.6268600616287],[-105.038007911475,39.6268370615796],[-105.038175911826,39.6269460612693],[-105.03833691265,39.6270500612904],[-105.038918914205,39.627429060544],[-105.038945914039,39.6274460611131],[-105.038995914636,39.6274790611635],[-105.039479916757,39.6277930605861],[-105.039560916702,39.6278430602913],[-105.039645916789,39.627888060466],[-105.039735917566,39.6279280605181],[-105.039794917439,39.6279490602026],[-105.039910917209,39.6279960604925],[-105.039930917822,39.6280040605553],[-105.039997917467,39.6280300597759],[-105.040026917862,39.6280420599822],[-105.040080917636,39.6279500604058],[-105.040111916932,39.6279070603127],[-105.040144917133,39.6278610596749],[-105.040206916636,39.6277880593826],[-105.040257916575,39.6277430595901],[-105.040634918113,39.6279950593478],[-105.040910917408,39.6277490593158],[-105.041329918167,39.6280120591813],[-105.041517917632,39.6278410584399],[-105.041709918142,39.6276670583265],[-105.042291920067,39.6280470585037],[-105.042774917678,39.6275790574278],[-105.04289591898,39.6276400577438],[-105.043023918803,39.627704057496],[-105.043285919016,39.6278130569301],[-105.04355991966,39.6279030569083],[-105.043695919999,39.6279380571549],[-105.043840920125,39.6279740568474],[-105.043906920659,39.6279860565411],[-105.043966920889,39.6279970565375],[-105.044130921314,39.6280260563572],[-105.044141921418,39.6280280562815],[-105.044152921523,39.6280300562048],[-105.044143925509,39.6292720570959],[-105.044129932998,39.631099057842],[-105.044128932576,39.6311670583077],[-105.044126934087,39.6314570577653],[-105.044282934269,39.6314580574862],[-105.045762935899,39.6314660569077],[-105.045816935836,39.6314660567106],[-105.045825935439,39.6314660563736],[-105.04583693508,39.6314660565617],[-105.053305941531,39.631506049704],[-105.053304941586,39.631581049603],[-105.053303942326,39.6316460498502],[-105.053300943851,39.6319490498806],[-105.053300944077,39.6319660498293],[-105.053280951434,39.6340190505146],[-105.053275953128,39.6345300509507],[-105.053272954241,39.6348790515612],[-105.053272955377,39.6349030508854],[-105.053264958256,39.6356820511805],[-105.053234969352,39.6387720527686],[-105.053341970389,39.6387720524497],[-105.058806974804,39.6387610482157],[-105.058772974305,39.6388880478298],[-105.058749975272,39.6389700480988],[-105.05895597498,39.6388870478615],[-105.059155974881,39.6388060477353],[-105.059284975155,39.6387620476481],[-105.059418974048,39.6387260473084],[-105.059556975102,39.6386990472498],[-105.059696974187,39.6386820469363],[-105.059799974883,39.6386760468676],[-105.059402974682,39.6386760468327],[-105.05905797455,39.6386770476421],[-105.05914297243,39.6382470475862],[-105.059839958881,39.6346920449354],[-105.059617958334,39.6344380452738],[-105.057060944895,39.6315000465596],[-105.053433933486,39.6292990485929],[-105.053433932908,39.6292520487462],[-105.053446928417,39.6278970483834],[-105.053448927609,39.6277060481461],[-105.055779922168,39.625999045302],[-105.055808915982,39.6242520449204],[-105.055100914715,39.624253045105],[-105.053483914097,39.6242550461699],[-105.053510903355,39.6214250451941],[-105.05351690062,39.6208680452373],[-105.054329900874,39.6208230445063],[-105.05534890279,39.6210550434743],[-105.056272903992,39.6211050429109],[-105.057243903464,39.6209140416419],[-105.057320903203,39.6206850416079],[-105.057385902752,39.6204930416125],[-105.056488900138,39.6199190419563],[-105.056807898551,39.6196410418441],[-105.056878898787,39.6195790417672],[-105.057119897864,39.619369041117],[-105.057086897426,39.6193840414268],[-105.058159891622,39.6173760397897],[-105.058159890448,39.617341039944],[-105.058097879531,39.614410038252],[-105.058259879966,39.614409038051],[-105.058334880122,39.6144090381688],[-105.058347880132,39.6144090384124],[-105.05919388097,39.6144070373227],[-105.060504881418,39.6144040364063],[-105.060846882356,39.6144030358849],[-105.063486884327,39.614397034109],[-105.064185884316,39.6143950334268],[-105.068517887429,39.6143850297684],[-105.069919889043,39.6143810285582],[-105.072389890447,39.6143740266489],[-105.078681896054,39.6143570215271],[-105.082410899317,39.6143510179647],[-105.084294900792,39.614344016428],[-105.084294900601,39.6143460169065],[-105.088260903783,39.6143350133144],[-105.088847904653,39.6143350132176],[-105.089821904915,39.6143350121168],[-105.090240905283,39.6143300119794],[-105.091152905429,39.6143280109347],[-105.091152905398,39.6143200108221],[-105.091277905715,39.6143270111385],[-105.091295906311,39.6143280114145],[-105.091400906504,39.6143330108823],[-105.097009910594,39.6143120065464],[-105.09701091186,39.6145090061595],[-105.097010912386,39.6146350065354],[-105.097010911836,39.6146420059537],[-105.097010911631,39.6146530063284],[-105.097011912639,39.6148470065531],[-105.097019918978,39.6165100068717],[-105.097026924852,39.6179820074308],[-105.097029926997,39.6184310069015],[-105.096363925931,39.6184330076254],[-105.094223924043,39.6184390092019],[-105.091364922528,39.6184480121016],[-105.091242921975,39.6184480118571],[-105.09111892175,39.6184480126317],[-105.090098921111,39.6184510130541],[-105.087835918752,39.618458015491],[-105.087443918933,39.6184590154437],[-105.087190918657,39.6184590155895],[-105.086973918138,39.6184600154658],[-105.086709917878,39.6184610162169],[-105.085605917833,39.6184640171142],[-105.084710917244,39.618466017365],[-105.084695916833,39.6184660174728],[-105.084290916117,39.6184670176821],[-105.08260991552,39.6184720190971],[-105.08246091529,39.6184720191728],[-105.079186912418,39.6184810223805],[-105.077432910578,39.6184860241291],[-105.076784910616,39.6184880245402],[-105.07595490935,39.6184900247159],[-105.075302908753,39.618492025928],[-105.07517290935,39.6184920260091],[-105.074940909165,39.6184930259681],[-105.074795909332,39.6184930262934],[-105.074752909124,39.6184920257649],[-105.074756909392,39.6184930265244],[-105.074527908112,39.6184940266165],[-105.07362090831,39.6184960268094],[-105.072953907086,39.6184980280857],[-105.072842907165,39.6184990277958],[-105.069246904504,39.6185080309189],[-105.069234904157,39.6185080310467],[-105.068143903569,39.6185110316945],[-105.067012902442,39.6185140323943],[-105.06696390296,39.6185140328093],[-105.066216901541,39.6185160332443],[-105.065692901467,39.618517034219],[-105.06567390169,39.6185170342241],[-105.065223900665,39.6185190344699],[-105.065073900951,39.6185190340117],[-105.06507490079,39.6185840347958],[-105.065081904134,39.6192650348243],[-105.065085905356,39.619590034955],[-105.065087906497,39.6197860351269],[-105.065090906729,39.6200460353466],[-105.065566909025,39.6205100348552],[-105.065661909398,39.6206010345159],[-105.068567915643,39.6215760325586],[-105.073645926911,39.6232790285628],[-105.075417930567,39.6239580272615],[-105.07611593159,39.6242260272738],[-105.074516931307,39.6242280279158],[-105.075177932464,39.6245550282681],[-105.076272934974,39.625096026697],[-105.080231955842,39.6294620254139],[-105.080588959541,39.630387025431],[-105.080902962644,39.6312010252625],[-105.080951963485,39.6313280248724],[-105.081006962928,39.631326025109],[-105.081564963675,39.6313020248147],[-105.081564964152,39.6313160244908],[-105.08156396416,39.6313290244228],[-105.081669963583,39.6313290245033],[-105.083544964909,39.6313280225894],[-105.083711965904,39.6313280226765],[-105.083732960807,39.6302300219062],[-105.083529961228,39.6302300221344],[-105.083289960922,39.6302310229663],[-105.081690960119,39.6302310239907],[-105.08169195951,39.6301510241048],[-105.081692959617,39.6301190237654],[-105.081692958857,39.630107023651],[-105.08169495855,39.6300380240483],[-105.081699957406,39.6297390235054],[-105.08171395489,39.6290430234661],[-105.081718953581,39.6287530235865],[-105.081725952239,39.6283910237841],[-105.081729951617,39.6282250233188],[-105.081729951628,39.6282070235904],[-105.081730951304,39.6281690236192],[-105.081733951662,39.6280000229325],[-105.081734951064,39.6279730232931],[-105.081734951343,39.6279440232287],[-105.081735951399,39.6279120228653],[-105.081735950899,39.6278800234429],[-105.081737949977,39.6278060230606],[-105.081739950109,39.6276880231363],[-105.081740949528,39.6276250231296],[-105.081741949305,39.6276130229646],[-105.081741950101,39.627580022858],[-105.081741949198,39.6275690234187],[-105.081746948299,39.6273190229065],[-105.083812950615,39.6273190211991],[-105.083807951736,39.6275820216792],[-105.083788954291,39.6285280218222],[-105.083854955076,39.6285280214458],[-105.08549595672,39.6285280204096],[-105.085579955908,39.6285280204167],[-105.085618947913,39.6264660189382],[-105.085625946908,39.6261080196435],[-105.086928947809,39.6260630181967],[-105.087390948274,39.6260470176207],[-105.087387949311,39.6264640174635],[-105.087383952153,39.6270910181069],[-105.087660952172,39.6270910179094],[-105.089838953959,39.6270850154697],[-105.090005954132,39.6270850156496],[-105.090167953955,39.6270840154771],[-105.090168954493,39.6270840153647],[-105.091163955209,39.6270820149611],[-105.091172950347,39.6258980145661],[-105.09117395038,39.6257840146258],[-105.091178947875,39.625146014138],[-105.091185943753,39.624202014029],[-105.091255944773,39.6242030133077],[-105.091285944536,39.6242030141046],[-105.091495944081,39.6242030131683],[-105.09170094464,39.6242040131824],[-105.093010945813,39.6242070124637],[-105.094460946703,39.6242100112515],[-105.094484946982,39.6242100112364],[-105.095314947229,39.6242120105432],[-105.0958279483,39.6242130101488],[-105.097143949046,39.6242160083011],[-105.097440948789,39.6242170084162],[-105.097655949628,39.624217008202],[-105.097698950031,39.6242170077525],[-105.098300950013,39.6242190074639],[-105.098519950505,39.6242190076358],[-105.098699950368,39.6242200072671],[-105.099251951036,39.6242210071461],[-105.099436950941,39.624221006707],[-105.099737951529,39.6242220065502],[-105.100244951975,39.6242230060522],[-105.100644951677,39.624224005352],[-105.100804951968,39.6242240051382],[-105.100943952159,39.6242230056431],[-105.101169952624,39.6242230048378],[-105.101847952514,39.6242210047409],[-105.102692953759,39.6242190036197],[-105.107536957057,39.6242079996087],[-105.107536957335,39.6242189999447],[-105.107516968572,39.6270910001372],[-105.107666968799,39.6270910003801],[-105.107747968987,39.6270899999635],[-105.108488969676,39.6270889995344],[-105.109926970033,39.6270849984217],[-105.109966970555,39.6270849979264],[-105.109956975893,39.6285779981945],[-105.109947981271,39.6298989987701],[-105.109943983839,39.6305519985269],[-105.10993798729,39.6314489987423],[-105.109929992328,39.6326789996039],[-105.109919997991,39.6342649992712],[-105.109914000877,39.6350720000604],[-105.109889000914,39.6350719999206],[-105.109875001124,39.6350719993722],[-105.100774993755,39.6350890081736],[-105.100619994107,39.6350890083156],[-105.100533994123,39.6350900084648],[-105.100257993542,39.6350890085143],[-105.099136992294,39.6350890100112],[-105.09857499173,39.6350880099489],[-105.098521992139,39.6350880099007],[-105.097997991973,39.6350880106042],[-105.091115986044,39.6350830167343],[-105.091115986611,39.6352480167887],[-105.091112989348,39.6359480175603],[-105.091102000263,39.6387030179365],[-105.08910399823,39.6387050197894],[-105.088968998764,39.6387050195855],[-105.08737999655,39.6387060217849],[-105.086219995561,39.6387070224668],[-105.084412994437,39.6387090243562],[-105.083865993803,39.6387090248884],[-105.083734993615,39.6387090247283],[-105.083601994348,39.6387090245434],[-105.083335993473,39.6387090255151],[-105.083220993951,39.6387100254585],[-105.081757992436,39.6387110265064],[-105.081714992448,39.6387110265583],[-105.081694992345,39.6387110265137],[-105.081691992562,39.6387110266427],[-105.081666992433,39.638711026807],[-105.081619991957,39.6387110269922],[-105.081616992174,39.6387110271192],[-105.081576991969,39.6387110269935],[-105.08152799242,39.6387110263281],[-105.081420992796,39.6387110270995],[-105.081417991967,39.6385890268803],[-105.081430990275,39.6380630269484],[-105.081441987474,39.6376030260989],[-105.081443987717,39.6375160261007],[-105.081452986491,39.6371370264935],[-105.081459985463,39.63685002667],[-105.081461984294,39.6366950261617],[-105.081462984051,39.636641026186],[-105.081467982824,39.63639702603],[-105.08146998332,39.6362380263758],[-105.081292982677,39.6361690259616],[-105.081279982833,39.636164025759],[-105.080856981877,39.6361420265037],[-105.080595982073,39.6361600270507],[-105.080305981845,39.6362060272182],[-105.079966983633,39.6366330278994],[-105.079481982523,39.6367270280599],[-105.07920198313,39.6367130284394],[-105.079045982564,39.6367060286983],[-105.079029982743,39.6367030287725],[-105.078249980915,39.6365550289575],[-105.078134980649,39.636534029602],[-105.077723981012,39.6364540297619],[-105.07767398055,39.6364450294492],[-105.077656980174,39.6364420293423],[-105.077622980213,39.6364380295888],[-105.077605980819,39.6364360292602],[-105.077588980068,39.6364350296071],[-105.077562980453,39.6364330293402],[-105.077245980447,39.6363980298924],[-105.077058979721,39.6364030304435],[-105.076648979639,39.6364130306521],[-105.076435979388,39.6364380303517],[-105.075923979219,39.6364970315132],[-105.07581197912,39.6365100315058],[-105.075246979162,39.6364970314778],[-105.074900978536,39.6366080322895],[-105.074798978737,39.6366730318582],[-105.074762979021,39.6366470324328],[-105.074171978802,39.6367680327668],[-105.07403797821,39.6367080329773],[-105.073897977687,39.6366560329511],[-105.073751977873,39.6366140331352],[-105.073600978227,39.6365820335319],[-105.073447976976,39.6365610330806],[-105.073292977783,39.636550033806],[-105.073264977811,39.636549033212],[-105.073254979152,39.6368790340577],[-105.073204984823,39.6386480342689],[-105.073982986368,39.6386460334805],[-105.076908988916,39.6386390313451],[-105.076907988331,39.6387380313302],[-105.076901989712,39.6391080315356],[-105.076892990288,39.6392720308206],[-105.076866991481,39.639436031029],[-105.076821992346,39.6395970310042],[-105.076758992505,39.6397540318426],[-105.076741993043,39.6397890314023],[-105.076724992599,39.6398230311745],[-105.076661993445,39.6399400317026],[-105.076087996647,39.6410000322766],[-105.076035996827,39.6411100322142],[-105.075995997883,39.6412240331208],[-105.075969998503,39.641339032971],[-105.075956998961,39.6414560324499],[-105.075955998944,39.6414800325827],[-105.075954999137,39.6415030329355],[-105.075947999519,39.6416850325894],[-105.075940999283,39.6417930331614],[-105.075923000316,39.6419000329847],[-105.075892001058,39.6420060329366],[-105.075850001272,39.6421080327781],[-105.075796000894,39.642208032952],[-105.075788001384,39.6422210336429],[-105.075780001876,39.6422340334324],[-105.074549008051,39.644135034896],[-105.074463007843,39.6442520354882],[-105.074364008111,39.6443620355053],[-105.074253008205,39.6444660356135],[-105.074131008439,39.6445610355626],[-105.073999009359,39.6446480360239],[-105.07385700889,39.6447260362764],[-105.073746009856,39.6447780356528],[-105.072579010599,39.6452880373627],[-105.072546010113,39.6453050369728],[-105.07251301103,39.6453210376999],[-105.072449011049,39.645357037408],[-105.072391010984,39.6453980379962],[-105.072337010672,39.6454430378187],[-105.072289010805,39.6454910380783],[-105.07224601176,39.6455420378459],[-105.072208011205,39.6455960380187],[-105.072178011827,39.645652038045],[-105.072153011231,39.6457100378077],[-105.072135012196,39.6457700382971],[-105.072124011786,39.6458300381457],[-105.072119012437,39.6458910380055],[-105.072120013066,39.6459920382727],[-105.072045013025,39.6459920380733],[-105.072017012529,39.6459920378766],[-105.064151005985,39.6460000459877],[-105.063539005712,39.6460010458421],[-105.063236005265,39.6460010468263],[-105.063195019849,39.6496280481329],[-105.062610019709,39.6496280483671],[-105.062606019506,39.6496460484072],[-105.062605019344,39.6496790481847],[-105.062358019794,39.6496790491225],[-105.061776019045,39.6496800489496],[-105.057087014587,39.6496860540664],[-105.057069021488,39.6512320546217],[-105.055630019822,39.6512270554939],[-105.055631019196,39.6511650558996],[-105.053550018193,39.6511580577636],[-105.05371201863,39.6513570579488],[-105.053744018387,39.6513670574555],[-105.05417502013,39.6514990571847],[-105.054254019955,39.6515020571526],[-105.054360019665,39.6515110572459],[-105.054464020471,39.651528056899],[-105.054566020586,39.6515520572327],[-105.054665020838,39.6515820573894],[-105.054760020498,39.6516200567444],[-105.054850021397,39.651663056695],[-105.054935020706,39.6517120570197],[-105.054992021912,39.6517520568435],[-105.05501302132,39.6517670564721],[-105.05508702176,39.6518270567317],[-105.055152021572,39.6518910571139],[-105.055210022029,39.6519600568795],[-105.05706202436,39.6519730548219],[-105.05706202395,39.6520900549694],[-105.057060027186,39.6528490553878],[-105.0572280269,39.652849055259],[-105.05788002741,39.652849054571],[-105.058031028481,39.6528480544172],[-105.058060027978,39.6528480544872],[-105.058047024049,39.6519140536482],[-105.058041022403,39.651460053465],[-105.058203022781,39.6514600537122],[-105.058217022386,39.6514600531988],[-105.058224021605,39.6512520535901],[-105.060802023941,39.6512380504686],[-105.061981025443,39.6512320494302],[-105.061980025686,39.6513850495684],[-105.061980026346,39.6514910494533],[-105.06213602569,39.6514920496113],[-105.062585026296,39.6514960490686],[-105.062590025086,39.6510790494694],[-105.062599022237,39.6502840485332],[-105.062613021601,39.6502840483968],[-105.063884023205,39.650292047846],[-105.063896019988,39.6496270470033],[-105.063926020169,39.6496270475429],[-105.070816025307,39.6496170409312],[-105.070821026901,39.6500100404248],[-105.069906027138,39.6500020413474],[-105.069691027855,39.6504680416216],[-105.069153030636,39.6511680423688],[-105.06911703154,39.6513070425062],[-105.068188033096,39.6522000440525],[-105.068040033166,39.6522000441856],[-105.068040034649,39.6524140442806],[-105.068040034784,39.6524960440336],[-105.067870035043,39.6524970448325],[-105.067514033949,39.6524990444524],[-105.067515034549,39.6526330444115],[-105.067517036445,39.6529830449554],[-105.067518036405,39.6531750454716],[-105.067519036675,39.6532470448106],[-105.067254037353,39.653247045689],[-105.067255037148,39.6533300452772],[-105.067255037599,39.6534880451743],[-105.067261043582,39.6550630461767],[-105.067267049995,39.656589046504],[-105.067268051332,39.6568790464429],[-105.068559051655,39.656877045526],[-105.069025052099,39.6568770448143],[-105.069341052786,39.6568760441671],[-105.070077053812,39.6568750440822],[-105.070144053115,39.6568750441552],[-105.070156053027,39.6568750439089],[-105.070157054236,39.6571190441659],[-105.070157054707,39.6573030443036],[-105.070157054795,39.6573580436667],[-105.070158056037,39.6574400442314],[-105.070158055156,39.6574430435546],[-105.070123057499,39.6578680443786],[-105.070113057091,39.6579900443399],[-105.070059062098,39.6590760448541],[-105.070058062206,39.6590880448005],[-105.071490064685,39.6594750433312],[-105.071931064796,39.6595940427722],[-105.071971065798,39.6596050427616],[-105.071971065063,39.6596510432008],[-105.071972066595,39.6599520429471],[-105.071973066972,39.6599500434382],[-105.071973066862,39.6600240429648],[-105.076546068395,39.6593520384747],[-105.076672068507,39.6593340379653],[-105.076672068643,39.6594370381556],[-105.07667407072,39.6599090379525],[-105.076827070627,39.6599860383179],[-105.077131071183,39.6601370382308],[-105.077365071687,39.6602540374283],[-105.078265075025,39.6607030370206],[-105.078633076247,39.6611730364435],[-105.078823077668,39.6614160364656],[-105.078916078402,39.6615350365083],[-105.079216080456,39.66199303622],[-105.079648080532,39.6619930363704],[-105.079677080283,39.6619930355971],[-105.081354081681,39.6619900343908],[-105.081378082071,39.6619900343058],[-105.08137808285,39.6620790339507],[-105.081380085652,39.6628920341152],[-105.081384093395,39.6650030350677],[-105.081384094104,39.66501503504],[-105.081384095936,39.6655530349932],[-105.081388104073,39.6677320355775],[-105.081388104643,39.6677450362101],[-105.08138910525,39.6679040358414],[-105.081391106111,39.6683540363963],[-105.081392107136,39.6685790361993],[-105.081396111566,39.6695460369908],[-105.081396110929,39.6695680364483],[-105.08139711199,39.6696290368357],[-105.08139911318,39.6701550367976],[-105.081358113151,39.6701420369846],[-105.081189113675,39.6700870366777],[-105.080988112988,39.6700210371734],[-105.080969112953,39.6700150374748],[-105.080948112812,39.6700100376193],[-105.080845112267,39.6699840375402],[-105.080764112916,39.6699640370009],[-105.080525111417,39.6699050373691],[-105.080069111518,39.6698250380782],[-105.079902110936,39.6698030381857],[-105.079438110367,39.6697650387508],[-105.079266109898,39.669759038915],[-105.079266110547,39.6697410385398],[-105.079266108286,39.6693460389754],[-105.078864108806,39.669353038982],[-105.078851108952,39.6693540390155],[-105.078818108248,39.6693560392137],[-105.078769107931,39.6693580397157],[-105.07857310869,39.6693610390689],[-105.078379108372,39.6693500394646],[-105.078338107938,39.6693450394593],[-105.078215107651,39.6693310400328],[-105.076706105235,39.6690830417259],[-105.076710107041,39.6694200411395],[-105.076023106216,39.6693180421642],[-105.07590910825,39.6699940426721],[-105.075288107726,39.6700440427507],[-105.074935109302,39.6704700436884],[-105.074491108887,39.6702180443239],[-105.072982105697,39.6697750456524],[-105.072812105435,39.6697880455931],[-105.07271210542,39.6697950453272],[-105.072681105338,39.6697300456949],[-105.072526103586,39.6694090455652],[-105.072201103158,39.6693690460138],[-105.072000103026,39.6693440460311],[-105.071998102353,39.669065045798],[-105.071994099358,39.6682880457211],[-105.071991097455,39.6677800453613],[-105.071509096549,39.6677800466089],[-105.068500093658,39.6677810495045],[-105.067385093639,39.6677820509968],[-105.067301092863,39.6677820507573],[-105.066705092435,39.6677820512562],[-105.066558092232,39.667782051528],[-105.066480092341,39.6677820512122],[-105.066247092609,39.667782051843],[-105.066170092671,39.6677820514085],[-105.066151092382,39.6677820515381],[-105.06609709254,39.6677820521777],[-105.066079092205,39.6677820523839],[-105.065885091839,39.667782052142],[-105.065304091837,39.6677820531972],[-105.065111091418,39.6677820526736],[-105.064897090793,39.6677820533646],[-105.064257090772,39.6677830539884],[-105.064044090092,39.6677830541311],[-105.064027090875,39.6677830541333],[-105.063976090892,39.6677830541161],[-105.06395909051,39.6677830541041],[-105.063759090393,39.6677830542178],[-105.063273089448,39.6677830545865],[-105.06318808986,39.6677830549026],[-105.063161089939,39.6677830545449],[-105.062962089765,39.6677830552172],[-105.062612089538,39.6677830558269],[-105.062564089416,39.667783055551],[-105.062534089629,39.6677830555949],[-105.061250087995,39.6677830572809],[-105.060860087984,39.6677840571599],[-105.060844087549,39.6677840577309],[-105.060823088513,39.6677840576383],[-105.060680088079,39.6677840573966],[-105.060252087887,39.6677840575716],[-105.060110087396,39.6677840585759],[-105.059894086808,39.6677840579866],[-105.0590330866,39.6677840593194],[-105.058185085763,39.667784059972],[-105.05804308526,39.6677840602807],[-105.057974086084,39.6677840602396],[-105.057765085146,39.6677840604425],[-105.057140085239,39.6677850616364],[-105.056938085137,39.6677850615245],[-105.056927084474,39.6677850614925],[-105.056725084366,39.6677850619153],[-105.056663084867,39.6677850613799],[-105.05610408472,39.6677850621048],[-105.055902083435,39.6677850629102],[-105.055691083731,39.6677850626826],[-105.055072082792,39.6677850631734],[-105.055052083703,39.6677850631327],[-105.054874083645,39.6677850638501],[-105.054864082935,39.6677850638089],[-105.054676083334,39.6677850641889],[-105.054106082466,39.6677850641756],[-105.053916082946,39.6677850647607],[-105.053784081957,39.6677850645454],[-105.053388082476,39.6677850648244],[-105.053256082107,39.6677860655927],[-105.053257084899,39.6686050651739],[-105.053258087173,39.6690770660659],[-105.05326009465,39.6710640665771],[-105.053261095503,39.671430066959],[-105.053261098155,39.6718840668045],[-105.053261098178,39.6718970674357],[-105.053262098277,39.6719360668242],[-105.053262097766,39.6719500672246],[-105.053262099401,39.6722580670555],[-105.053233098867,39.6722580676296],[-105.053233103375,39.6732820674373],[-105.053233107061,39.6743010680251],[-105.053233107022,39.6744380681143],[-105.053233110452,39.6750380681858],[-105.053251110328,39.6750380681365],[-105.053272110374,39.6750380686766],[-105.057258112584,39.6750250641152],[-105.057269113216,39.6750250641118],[-105.062082116393,39.6750110588991],[-105.062608116877,39.6750090585367],[-105.062621133127,39.6789720603097],[-105.062622133764,39.6792950603762],[-105.062250132192,39.6789740607181],[-105.062088131607,39.6788340599663],[-105.061397128873,39.6782380610685],[-105.060988127225,39.6780170609304],[-105.060326126191,39.6779290617705],[-105.059331126895,39.6783080633166],[-105.057783127326,39.6786820648445],[-105.05778412973,39.6790900652273],[-105.05781014175,39.6822700660276],[-105.057783140908,39.6822700662535],[-105.05727514061,39.6822730668417],[-105.057265141332,39.682273067018],[-105.057200141375,39.6822730672245],[-105.053235138238,39.6822960713586],[-105.05323514225,39.683397072191],[-105.053235142966,39.683500071652],[-105.053235145972,39.684379072399],[-105.053235151024,39.6855650724128],[-105.053235152116,39.6860020730842],[-105.053235158404,39.687553073486],[-105.053234165978,39.6895510742295],[-105.05323416581,39.6895600748181],[-105.05323416626,39.6897200741815],[-105.053234168643,39.6903480752684],[-105.053234168577,39.6903590744841],[-105.053234168763,39.6903630744453],[-105.053233171849,39.6909370752902],[-105.053233173091,39.6913650754537],[-105.053233172556,39.6913660752163],[-105.053233177518,39.6924760758254],[-105.053233180468,39.6931790757153],[-105.053232187397,39.6949910768914],[-105.053231192477,39.6964130775571],[-105.053228194012,39.6967710776053],[-105.053231193783,39.696780077859],[-105.053231193547,39.6968000776153],[-105.053231193475,39.6968110777065],[-105.053231193937,39.6968210780371],[-105.05323119387,39.6968320772276],[-105.053231193879,39.6968950775868],[-105.053232196199,39.6973260781384],[-105.053232196225,39.6974520779326],[-105.053233198055,39.6978470779473],[-105.053237203278,39.6990790783716],[-105.053237203838,39.6992540790283],[-105.053238204976,39.6996330789981],[-105.053239205504,39.6999110786785],[-105.053240207816,39.700440078804],[-105.053241209249,39.7006120793907],[-105.053245214878,39.7022590802205],[-105.053245214807,39.7022700802904],[-105.053246216143,39.7025640803865],[-105.053246216846,39.7027040801997],[-105.05324621713,39.7028600797756],[-105.053247218967,39.7031270799754],[-105.053247219227,39.7032700799407],[-105.053249221559,39.7039870804743],[-105.05324922191,39.7040820811039],[-105.053250223235,39.7043000812361],[-105.053250223416,39.7045410810339],[-105.053251226198,39.7050520810104],[-105.053252227113,39.7054230812188],[-105.053253229067,39.7058160814945],[-105.053253228819,39.705923081875],[-105.053255233118,39.7068910816255],[-105.053256233139,39.7070550819372],[-105.053257235875,39.7075510823696],[-105.05325723611,39.7077180826248],[-105.053257237192,39.7079030821333],[-105.053258237363,39.7081320820104],[-105.053258238906,39.7084640829285],[-105.053259239639,39.7085180826964],[-105.053259240083,39.7086520827595],[-105.053259240391,39.7088080829047],[-105.053259240818,39.708842082798],[-105.053260243221,39.709417082724],[-105.053261242898,39.7096100830769],[-105.053261244069,39.7097470832654],[-105.053262245903,39.710160083495],[-105.053262245562,39.7103020833406],[-105.053263246077,39.7104130836796],[-105.053252249286,39.7112130840404],[-105.053250249639,39.7113450840681],[-105.053256252471,39.7119050835939],[-105.053268257032,39.7131820846599],[-105.053269258314,39.7133330841652],[-105.053272264462,39.714976085483],[-105.053272264584,39.7149910854291],[-105.053273264707,39.7150050849131],[-105.05327526937,39.7161930854274],[-105.05327627089,39.7166330862058],[-105.053276271014,39.7166480861428],[-105.053276270225,39.7166560859859],[-105.053279274852,39.7177280864661],[-105.053279275321,39.7177380867219],[-105.053279276313,39.7180190863729],[-105.053280276661,39.718235086801],[-105.053280277193,39.7184320871708],[-105.053280277672,39.7186030866941],[-105.053280278266,39.7186280868731],[-105.053280278346,39.718704087157],[-105.053279279839,39.719072086795],[-105.053275284357,39.7200570874346],[-105.053274284796,39.7204160872994],[-105.05327328607,39.7205450878264],[-105.053272286736,39.7209340874556],[-105.053271288096,39.7210650874668],[-105.053271287235,39.7210840881934],[-105.053271288166,39.7211410876838],[-105.053270289862,39.7214780883249],[-105.05326729226,39.7222090887502],[-105.053265294353,39.7227200884961],[-105.053264295434,39.7231320884503],[-105.053260299169,39.7240850892434],[-105.053258301685,39.7247320892355],[-105.053257303456,39.7250730893495],[-105.053255304532,39.7254160896296],[-105.053255305254,39.725656089647],[-105.053255304997,39.7256630897137],[-105.053254306132,39.7257290902892],[-105.053254306251,39.7257440901769],[-105.053254305578,39.7257670898812],[-105.053254305462,39.7258020902175],[-105.053254306143,39.7258290898362],[-105.053254306005,39.7258510897896],[-105.053254306777,39.7258800898134],[-105.053254306542,39.7259000902614],[-105.053254306641,39.7259520899874],[-105.053253306961,39.7261130904278],[-105.053253306892,39.7261240904035],[-105.053253307996,39.7261850896996],[-105.053253307061,39.7262150903661],[-105.053253307843,39.7263940901275],[-105.053253309229,39.7265610901535],[-105.053252311288,39.7272340905081],[-105.053251311932,39.7273400910207],[-105.053251312403,39.727350090341],[-105.05325131407,39.7277730906699],[-105.053250316765,39.7285230913957],[-105.05325031616,39.7285350911109],[-105.053249316927,39.7286690909133],[-105.053249318092,39.7289690910284],[-105.053248320405,39.7294740912102],[-105.053248320611,39.7295410916362],[-105.053247322098,39.7298910916123],[-105.05324632577,39.7310390924159],[-105.053245327672,39.7312860927064],[-105.053242334082,39.7331080932],[-105.053404334099,39.7331080930398],[-105.053719334853,39.733107092393],[-105.053729334378,39.7331070924917],[-105.053935334227,39.7331060921025],[-105.054113334933,39.7331050915305],[-105.054170335253,39.733105092263],[-105.054340335345,39.7331050914047],[-105.054398334741,39.733104091558],[-105.054419334674,39.733104091827],[-105.054422336948,39.7336410920477],[-105.054674337445,39.7336400916217],[-105.05467533735,39.7337210913141],[-105.054977338519,39.7337200912279],[-105.055013338054,39.7337200913782],[-105.055009335641,39.7331020905996],[-105.055021335767,39.7331020909494],[-105.055082336128,39.7331020910563],[-105.055424336221,39.7331010897624],[-105.055539335908,39.7331000903514],[-105.055596336224,39.7331000903931],[-105.055594337097,39.7334680897057],[-105.055589341349,39.7345100904816],[-105.05558834228,39.7347080910392],[-105.055587342444,39.7347360910402],[-105.055586343443,39.7349130905516],[-105.055572343012,39.7349140905603],[-105.053233340857,39.7349210935763],[-105.053232341449,39.7349660937957],[-105.053231341494,39.7351250942086],[-105.053231342094,39.7351630936749],[-105.053231342574,39.7351860942053],[-105.053231342511,39.7352600936331],[-105.05323134236,39.7352820944114],[-105.053230343431,39.7353500942532],[-105.053229343974,39.7355450937062],[-105.053229344066,39.7356100944858],[-105.053228344564,39.7358420945267],[-105.053227345275,39.7359780943695],[-105.053224347418,39.7365380943419],[-105.053223347662,39.736740094649],[-105.053223347976,39.7367720947014],[-105.053221349173,39.7371160950688],[-105.053220350656,39.7373830951744],[-105.053214355177,39.7384890952596],[-105.053210357691,39.7392980955738],[-105.053206361235,39.7399920959164],[-105.053204362136,39.7403080957558],[-105.053204362192,39.7403600961086],[-105.053204362879,39.7404130962098],[-105.0532043628,39.7405000958084],[-105.053204363259,39.7405100959811],[-105.053205363673,39.7407130961299],[-105.053206364916,39.7410860964424],[-105.053208368188,39.7419370964082],[-105.053208369548,39.742182097313],[-105.053208369396,39.7422040971348],[-105.053209371631,39.7426990968962],[-105.053209371367,39.7427820974365],[-105.053211373466,39.7433400974882],[-105.053211373828,39.7434870970553],[-105.053211374842,39.7435850973657],[-105.053212376151,39.7438820977],[-105.053212376096,39.7439820974833],[-105.053215381198,39.7451880981732],[-105.053215381152,39.7452250986519],[-105.053216382338,39.7456700979982],[-105.05322038946,39.7474110992264],[-105.053220390258,39.7476050991656],[-105.053220390815,39.7476170988013],[-105.053220390008,39.7476880995556],[-105.053221391827,39.7481580993065],[-105.053224396932,39.7494581001534],[-105.053224398862,39.7498151004722],[-105.053226401894,39.7508911038398],[-105.053227402729,39.7512501054453],[-105.053228403573,39.7516091070032],[-105.053230406797,39.7526871118416],[-105.053230407658,39.7530331127622],[-105.05323040714,39.7530471127548],[-105.053231408469,39.7534661148144],[-105.053232409382,39.7539011171818],[-105.053232410332,39.7539341167757],[-105.053232410467,39.7540881175611],[-105.053232410766,39.7541701180117],[-105.053234411423,39.7542841186918],[-105.0532444122,39.7548481208577],[-105.053235414346,39.7555541239457],[-105.053235415235,39.7557871249166],[-105.053237418052,39.7569271300228],[-105.053237417536,39.7569411299951],[-105.053238418335,39.7572461312844],[-105.053240421523,39.7581661352572],[-105.05324042246,39.7584751360763],[-105.053241423024,39.7588371376886],[-105.053242426021,39.7599291420905],[-105.053242427137,39.7602921439556],[-105.053243427641,39.7606521458429],[-105.053244431023,39.7617261496993],[-105.053244431427,39.7620861512003],[-105.053244432796,39.7622661519371],[-105.053244433491,39.7628081544394],[-105.053244434415,39.7629911552422],[-105.053244435243,39.7631721565551],[-105.053244435798,39.7634601577847],[-105.053244435681,39.7637211588419],[-105.053244437237,39.7639051593227],[-105.053243436738,39.7640861603758],[-105.053243437436,39.7643521609657],[-105.05324343878,39.7646321623662],[-105.053243439166,39.7648161627796],[-105.053243439178,39.7649921634751],[-105.053243441833,39.7657021672781],[-105.053242442651,39.7661631685482],[-105.053242443627,39.7666111706458],[-105.053242444182,39.766623171097],[-105.053242443674,39.7667001715737],[-105.053242444371,39.7667401709703],[-105.053242445254,39.7670731725918],[-105.053242445294,39.7670991729599],[-105.053242445581,39.7672811737287],[-105.053242446459,39.7673251738662],[-105.053242445963,39.7673521739668],[-105.053242446325,39.7674101740207],[-105.053242445953,39.7675151743127],[-105.053242447598,39.7678771763113],[-105.053241450253,39.7689691811291],[-105.053241450803,39.7693201822249],[-105.053241450913,39.7693351827714],[-105.053241451429,39.7694341827726],[-105.053241452895,39.7697421843536],[-105.053241453069,39.7697961845098],[-105.05324145243,39.7698451841806],[-105.053241452656,39.7698751843669],[-105.053241453909,39.7701031854099],[-105.053241455785,39.7711361897963],[-105.053242460009,39.7725781963924],[-105.053242460363,39.7728621976629],[-105.053242461119,39.7729411974332],[-105.053242462223,39.7733041993247],[-105.053242464652,39.7743992040038],[-105.053242465311,39.7747652057967],[-105.053242466421,39.7751282065374],[-105.053243468456,39.7757052090036],[-105.053243469622,39.7762202114551],[-105.053243471247,39.7765692130276],[-105.053243470823,39.7765852132644],[-105.053243471745,39.776944214821],[-105.053243472923,39.7774092168649],[-105.053243473462,39.7775212166971],[-105.053243474453,39.7779822188063],[-105.053243474068,39.7780242192955],[-105.053243475713,39.778386220758],[-105.053243480986,39.7802082286013],[-105.053243481547,39.7803962295633],[-105.053243483925,39.7816912352494],[-105.053243484713,39.7817332347832],[-105.053244484699,39.7818622354594],[-105.053244484947,39.7819052356205],[-105.053244485304,39.7820762365242],[-105.053244485394,39.7821912371514],[-105.053244487305,39.7827222394396],[-105.053244487007,39.7828162393798],[-105.053244489594,39.7834372425399],[-105.053244489811,39.7835172426226],[-105.053244489048,39.7836012425229],[-105.053239489649,39.7836742435291],[-105.053244489663,39.7837652434008],[-105.053244490072,39.7837992441537],[-105.053244489653,39.783815243446],[-105.054443491629,39.7838192425438],[-105.055589493061,39.7838242407925],[-105.056750494703,39.7838282395911],[-105.05789449589,39.7838322378667],[-105.057913496125,39.7838322380527],[-105.058864497643,39.7838352364338],[-105.059820498623,39.7838392356467],[-105.060347499812,39.7838412342804],[-105.060576499151,39.7838422341082],[-105.060631500142,39.7838422340027],[-105.060709499636,39.783842234113],[-105.060723499994,39.7838422341059],[-105.060766500342,39.7838422341997],[-105.061711501235,39.7838462328657],[-105.061763500898,39.7838462327682],[-105.061795501049,39.7838462329753],[-105.061848501154,39.7838462329609],[-105.062162501937,39.7838472325418],[-105.062176502296,39.7838472323619],[-105.06242550234,39.7838482318085],[-105.06265950275,39.7838492317593],[-105.062659502811,39.7839012321389],[-105.062659502959,39.7840602324616],[-105.062659502619,39.7841132325656],[-105.062658504465,39.7844552337943],[-105.06265650743,39.7856682389736],[-105.062656508008,39.7858232402733],[-105.062655508923,39.7861732418118],[-105.062655508718,39.786188241353],[-105.062655509178,39.7864362426565],[-105.062654510991,39.787001245299],[-105.062654512198,39.7871952458568],[-105.06265351305,39.7878002482871],[-105.062652514266,39.7881812501537],[-105.062652515032,39.7883502511064],[-105.064905518521,39.7883592474998],[-105.064904519295,39.7889412504572],[-105.064903521312,39.7894002525307],[-105.064903520954,39.7894232525765],[-105.06490252128,39.7896192531925],[-105.064902521371,39.7896882533279],[-105.064902522281,39.7898022538246],[-105.064902521705,39.7898132535301],[-105.064901524195,39.790321256515],[-105.064549522749,39.7903212568603],[-105.064314523162,39.7903212567789],[-105.06431252448,39.791081260224],[-105.064243525361,39.7910812598089],[-105.064203524546,39.7910812603932],[-105.064162524359,39.7910812599672],[-105.063875524581,39.7910802604666],[-105.063383523464,39.7910802611524],[-105.063306523476,39.7910802611458],[-105.062883523038,39.7910792618858],[-105.062872522875,39.7910792615832],[-105.062851523088,39.7910792619874],[-105.062646523299,39.7910792618687],[-105.062646522678,39.7909562620667],[-105.062647522197,39.7909182617244],[-105.062647521651,39.7905112600242],[-105.062367520614,39.7905082599598],[-105.061797520221,39.7905022611579],[-105.061718520536,39.790646262088],[-105.06167652064,39.7907232622206],[-105.061613520666,39.7908372623457],[-105.061530520533,39.7909892631742],[-105.061487521173,39.7910682634677],[-105.06148252167,39.7910772640138],[-105.060678519946,39.7910762649848],[-105.060418519746,39.7910752650134],[-105.059696518403,39.7910742663272],[-105.059339518522,39.7910742666491],[-105.05879251695,39.7910732677659],[-105.058767517314,39.7910732677668],[-105.058550516785,39.7910732677901],[-105.056630513866,39.7910702706029],[-105.056162513389,39.7910692705071],[-105.055627513189,39.79106927126],[-105.05527251252,39.7910682715718],[-105.055083512074,39.7910682718742],[-105.053350509613,39.7910652745976],[-105.053246510036,39.7910652745839],[-105.053223509152,39.791065274686],[-105.052474508933,39.7910692756331],[-105.051793507163,39.7910712763019],[-105.051740508008,39.7910722769468],[-105.05164250702,39.7910722767344],[-105.048500502989,39.7910862812321],[-105.047930501929,39.7910882815972],[-105.047915501901,39.791088281655],[-105.046550500257,39.7910942835911],[-105.04647949996,39.7910942839757],[-105.045229498992,39.7911002856234],[-105.045216498891,39.7911002849548],[-105.045174498096,39.7911002857622],[-105.045144498036,39.7911002851737],[-105.044843498526,39.7911012855439],[-105.044837497577,39.7911012857667],[-105.044038496819,39.7911052865715],[-105.043941496283,39.7911052874269],[-105.043846496174,39.7911062875736],[-105.043638496787,39.7911062877796],[-105.043618496847,39.7911072874565],[-105.043537495723,39.7911072878383],[-105.043322495324,39.7911082879976],[-105.04273549498,39.7911102882604],[-105.042723495417,39.7911102884998],[-105.042159494065,39.7911132893626],[-105.041893493717,39.7911142894667],[-105.041578493387,39.7911152900719],[-105.0415674932,39.7911152904811],[-105.040989492235,39.7911182906841],[-105.040419491628,39.7911202916243],[-105.040408491441,39.7911202919253],[-105.039829490966,39.7911232924414],[-105.039256489774,39.7911252931397],[-105.038680489642,39.7911282943419],[-105.038093488844,39.7911302948824],[-105.037697487552,39.7911322958284],[-105.037578487739,39.7911322960427],[-105.037553488053,39.7911322960432],[-105.037516487632,39.7911322957426],[-105.037411487722,39.7911332955581],[-105.037090487376,39.7911342966158],[-105.036941486693,39.7911352968669],[-105.036860486681,39.7911352962631],[-105.036726487204,39.7911362966965],[-105.03658148714,39.7911362971906],[-105.03649548594,39.7911372970987],[-105.036367485847,39.791137297591],[-105.036184486362,39.7911382972217],[-105.03579648581,39.7911402980687],[-105.035772485499,39.791140298028],[-105.035208484182,39.7911422991979],[-105.034646484279,39.7911452999005],[-105.034619484292,39.7911442997507],[-105.034506484225,39.791144299856],[-105.034512484933,39.7916133017797],[-105.034516485839,39.7918863029727],[-105.034518485781,39.7920503032979],[-105.029959480009,39.7920333096054],[-105.029951477713,39.7911273052103],[-105.025262470682,39.7911083117035],[-105.025240470294,39.7911083121748],[-105.025240470974,39.7911163118146],[-105.025262477589,39.7939593233716],[-105.025189476733,39.793995323711],[-105.02514847748,39.7940123240085],[-105.025112476965,39.7940263245489],[-105.02503247656,39.7940523244998],[-105.024949476694,39.7940733244632],[-105.024864476354,39.7940873245031],[-105.024778476823,39.7940973251389],[-105.02469247688,39.7941003249099],[-105.024605476176,39.79409732491],[-105.024518476709,39.7940893253083],[-105.024434476556,39.7940753249734],[-105.024350476292,39.7940553253069],[-105.024270475969,39.7940293253549],[-105.024192476021,39.7939993255098],[-105.024120476052,39.7939633253683],[-105.024051475903,39.7939233248821],[-105.023986475735,39.7938773250393],[-105.023927475039,39.7938283250089],[-105.02388447478,39.7937863246909],[-105.023865474492,39.7937603251822],[-105.023846474224,39.7937343247695],[-105.023830475075,39.7937163244094],[-105.023822474543,39.7937083248538],[-105.023802474347,39.7936853249799],[-105.023754473995,39.7936393243923],[-105.023700474535,39.7935973245544],[-105.023640473437,39.7935583239179],[-105.023618474456,39.7935463246494],[-105.023577474021,39.7935243241739],[-105.023542473466,39.7935073240855],[-105.02351147354,39.7934933240482],[-105.023442473764,39.7934683245302],[-105.023370473113,39.7934473243499],[-105.023295472942,39.7934313241367],[-105.023219473234,39.7934203238764],[-105.023183472718,39.7934173239392],[-105.023122472613,39.7934073246322],[-105.023060473148,39.7934033241217],[-105.023039472423,39.7934023240013],[-105.023019472476,39.7934023240566],[-105.022998473113,39.7934023245637],[-105.022936472705,39.7934053247872],[-105.022874472111,39.7934133245215],[-105.022814472277,39.7934253249407],[-105.022755472425,39.7934403249653],[-105.022698472345,39.7934603254045],[-105.022683472956,39.7934663251286],[-105.022643472816,39.7934833250055],[-105.022615472251,39.7934983254193],[-105.022592472844,39.793510325299],[-105.022564472646,39.7935273251595],[-105.022543472435,39.7935413253867],[-105.022536472816,39.793546325373],[-105.022505471985,39.7935693258362],[-105.022444471849,39.7936083263941],[-105.022413472732,39.7936283258525],[-105.02239247246,39.7936423260522],[-105.022289471886,39.7937233267209],[-105.022268472505,39.7937423264456],[-105.022246472707,39.7937623272405],[-105.02219547281,39.7938103270658],[-105.022110472901,39.7939033279991],[-105.022037472596,39.7940013284785],[-105.021975472504,39.7941043289724],[-105.021926473294,39.7942093294273],[-105.021847472895,39.7944833305754],[-105.02182047364,39.7945503306441],[-105.021052472113,39.7943573306976],[-105.021509470611,39.7932903262564],[-105.020794469126,39.7931413261352],[-105.020703468294,39.7931223266165],[-105.020629468641,39.7931073266993],[-105.020557468423,39.7930103255745],[-105.020544464377,39.7910903175675],[-105.020465464102,39.7910893177012],[-105.0203894633,39.7910893180193],[-105.020359464364,39.7910893183266],[-105.020343463768,39.7910893180023],[-105.019896463575,39.7910873190279],[-105.01988546338,39.7910873192131],[-105.019839462682,39.7910873189943],[-105.019742463212,39.7910873188351],[-105.019466462212,39.7910853192731],[-105.01931246243,39.791081319601],[-105.019255462119,39.7910853200078],[-105.019062462418,39.7910843193955],[-105.018738462115,39.7910833199617],[-105.018156460209,39.791080321261],[-105.018133460446,39.7910803208186],[-105.017577460104,39.7910783218036],[-105.017430459952,39.791077322316],[-105.017390460206,39.7910773223146],[-105.017111458913,39.79107632268],[-105.016992459056,39.7910763228064],[-105.016974458527,39.791076322828],[-105.016419458658,39.7910733236197],[-105.01584845715,39.791071324189],[-105.015833457102,39.7910713237628],[-105.01524045647,39.7910703252326],[-105.01444045552,39.791068326274],[-105.014417455755,39.7910683260064],[-105.013533454227,39.7910653269092],[-105.013514454319,39.7910653267768],[-105.013253453653,39.7910653272458],[-105.012953453723,39.7910643282339],[-105.012437453287,39.7910633287056],[-105.012371453057,39.791058328775],[-105.011780451388,39.7910613290261],[-105.011596452034,39.7910603291731],[-105.011308451731,39.7910603295341],[-105.011203451332,39.7910593299372],[-105.011139451264,39.7910593299648],[-105.011122451279,39.7910593305434],[-105.011084450291,39.7910593303932],[-105.010682450495,39.7910583307842],[-105.010190449218,39.7910573310628],[-105.009884449526,39.7910563317005],[-105.009785448942,39.7910563321234],[-105.006415444449,39.7910473367422],[-105.006373444768,39.7910473363246],[-105.00590244334,39.7910463373617],[-105.005629443102,39.7910453375028],[-105.005126442865,39.791043338267],[-105.004838442524,39.7910433381155],[-105.001696438008,39.791027342142],[-105.001051436268,39.7910323432047],[-105.00077943662,39.7910313435466],[-105.000688435735,39.7910313441153],[-104.999966435707,39.7910293451581],[-104.998125433007,39.7910233490626],[-104.998064432232,39.7910233493626],[-104.998015432203,39.7910233494504],[-104.997927432965,39.791023348972],[-104.997897432852,39.7910233489561],[-104.997868432116,39.7910233495913],[-104.997853432218,39.7910223498463],[-104.997831432992,39.7910223497051],[-104.997824432656,39.791022349575],[-104.997808432049,39.7910223497912],[-104.99780143288,39.7910223496647],[-104.996984430981,39.7910203514533],[-104.996927431235,39.7910203511422],[-104.994973428893,39.7910243552843],[-104.993236426356,39.791027359738],[-104.993229428359,39.7920443633914],[-104.990735425309,39.7920433693889],[-104.990659424505,39.7920433694383],[-104.990280423829,39.7915193681836],[-104.990270422665,39.7910853657743],[-104.990268422945,39.7910323659408],[-104.989088421061,39.7910343684454],[-104.988854420659,39.7910353686622],[-104.98866242026,39.7910353691283],[-104.988659420943,39.7910353696146],[-104.988658420393,39.7910353697732],[-104.988656420466,39.791035369195],[-104.988655419915,39.7910353693536],[-104.988654420532,39.7910353695174],[-104.988653419982,39.791035369676],[-104.988652420599,39.7910353698398],[-104.988612420807,39.7910353699704],[-104.988441420267,39.7910353703019],[-104.98842141979,39.7910353698802],[-104.987576419604,39.7910373719283],[-104.9875484194,39.7910373716737],[-104.987538418571,39.7910373722856],[-104.986388417634,39.7910393747125],[-104.986382418739,39.7918693780169],[-104.986358419277,39.7918693778175],[-104.985827418374,39.7918673793896],[-104.985795417923,39.7918673792668],[-104.9857904172,39.7916713785177],[-104.985203417211,39.7916683797832],[-104.985203416827,39.791628379707],[-104.985204416545,39.7910413766978],[-104.985185415437,39.7910413773934],[-104.984772415746,39.7910423776093],[-104.984574415132,39.7910433782143],[-104.984233414471,39.7910433793895],[-104.984127414578,39.7910433789238],[-104.983869413643,39.7910443802791],[-104.983759413882,39.7910443799642],[-104.982850412956,39.7910403816534],[-104.982856412839,39.7910463820764],[-104.982829413168,39.7910463823917],[-104.978556407355,39.7910543913053],[-104.978274407455,39.7910543923873],[-104.978170406265,39.7910543927127],[-104.978169407439,39.7917863958029],[-104.978168407585,39.7918853954664],[-104.97771640773,39.7918833970817],[-104.977708406546,39.7910543935574],[-104.977105405559,39.7910533946103],[-104.975974403981,39.7910513969855],[-104.97597140468,39.7913083977333],[-104.975960405166,39.792307402776],[-104.97595940599,39.7924354027503],[-104.973665403132,39.7924194079512],[-104.973069401674,39.7924154087693],[-104.973064402882,39.7931754123846],[-104.973059403844,39.7940924168585],[-104.97324540472,39.7940944162234],[-104.974673406658,39.7941034130955],[-104.974674406164,39.7942174130489],[-104.974681408122,39.7955944189309],[-104.974681408373,39.7956034192114],[-104.974681408376,39.795691419839],[-104.972212405259,39.7956834249341],[-104.97116640327,39.7956794269642],[-104.971167404084,39.7961344297145],[-104.971658404589,39.7961424283229],[-104.971657405187,39.7964484297096],[-104.971654406228,39.7972584330511],[-104.97165040833,39.7982924378302],[-104.971650408454,39.7983184380151],[-104.971020407544,39.7983134394539],[-104.968738403264,39.7982984437269],[-104.968715403969,39.7982974438228],[-104.968633404027,39.7982974440552],[-104.968638400757,39.7956644327083],[-104.968636400691,39.7956644326907],[-104.968636400117,39.7955784323885],[-104.96863840018,39.7955784324061],[-104.968642397895,39.7938404252651],[-104.96864339705,39.7931974219666],[-104.968380396456,39.7931904230469],[-104.968354397274,39.793255423364],[-104.96754139547,39.7932594247882],[-104.967541395291,39.7932144242302],[-104.967684395441,39.7928134224167],[-104.967789395072,39.7926234218565],[-104.967822395032,39.7924434210071],[-104.96793239445,39.7918454177886],[-104.968279395152,39.7918484171345],[-104.968310394486,39.7918494172296],[-104.968456394796,39.7916944161447],[-104.9686183947,39.7915504147791],[-104.968771395004,39.7914344146428],[-104.968771395218,39.7913914144249],[-104.968773394502,39.7911124133138],[-104.968773394476,39.7910414124615],[-104.968754394522,39.7910414123123],[-104.960539383452,39.7910274307991],[-104.960439383221,39.7910274310915],[-104.960191382692,39.7910264314287],[-104.959348383124,39.7916594357652],[-104.959176382637,39.7917904369406],[-104.956328381661,39.7939614523792],[-104.95542938098,39.7946474572688],[-104.954590378992,39.7946464594198],[-104.949897372686,39.7946404693991],[-104.949707373322,39.7946394700523],[-104.948637371317,39.7946364720181],[-104.947643369648,39.7946334739941],[-104.946727368354,39.7946304764932],[-104.945120366427,39.794625479936],[-104.944025364592,39.7946224825198],[-104.942866363622,39.794618484966],[-104.942621362887,39.7946184848033],[-104.94170236222,39.794615487159],[-104.940552359742,39.7946114896754],[-104.940476359409,39.7946114897774],[-104.940482358742,39.7927944814053],[-104.940483358675,39.7923394800909],[-104.940484357912,39.7922024789032],[-104.940484358205,39.792185478917],[-104.940484357924,39.7920664789997],[-104.940484357759,39.7919294775525],[-104.94048735787,39.7911294744405],[-104.94048735758,39.7910784744551],[-104.940487357794,39.790974474115],[-104.940088356386,39.790976474832],[-104.939986356338,39.790977475002],[-104.939888355976,39.7909774754591],[-104.931661346146,39.7910174930358],[-104.931646346087,39.7910184933301],[-104.927069340254,39.7910405032927],[-104.927036339504,39.7910405030497],[-104.926950339771,39.7910405033937],[-104.926967338045,39.7869534848902],[-104.926981336407,39.7837774712498],[-104.926381334976,39.783780472591],[-104.925225334181,39.78378647465],[-104.925006333647,39.7837874751439],[-104.924685333852,39.7837894756142],[-104.923630332622,39.7837944783644],[-104.923444331698,39.7837954789634],[-104.923423331583,39.7837954788095],[-104.922274330867,39.7838014807727],[-104.920015328187,39.7838064855761],[-104.91771532501,39.7838114910767],[-104.91688332439,39.7838124931203],[-104.916748324058,39.7838134934206],[-104.916316324004,39.7838144942805],[-104.916269323823,39.7838144936596],[-104.916076323149,39.783814494114],[-104.915911323431,39.7838144944519],[-104.915857323423,39.7838154947096],[-104.915789323096,39.7838154950921],[-104.915671322398,39.7838154949997],[-104.91566032327,39.7838154953561],[-104.915309322341,39.7838164963691],[-104.915267322075,39.7838164958579],[-104.915071322359,39.7838164968845],[-104.91429032097,39.7838184986075],[-104.91422232064,39.783818498085],[-104.914054320701,39.7838184989084],[-104.913871320806,39.7838194993204],[-104.913324320045,39.7838205003242],[-104.912899319453,39.783821501006],[-104.912887319869,39.7838215015189],[-104.912874319838,39.7838215015456],[-104.912840319668,39.7838215013306],[-104.912502318841,39.7838215023206],[-104.912183318418,39.7838215026252],[-104.911939317987,39.783821503782],[-104.910760316563,39.7838225060583],[-104.910745316796,39.7838225057499],[-104.910715317256,39.7838225060281],[-104.910074316119,39.7838225071783],[-104.909486315543,39.7838225085589],[-104.909463315661,39.7838225084958],[-104.907158313042,39.7838235134287],[-104.907026312928,39.7838235143465],[-104.90674531203,39.7838235147465],[-104.906663312331,39.78382351498],[-104.905770311207,39.7838245165868],[-104.905752311242,39.7838245167134],[-104.905740311658,39.7838245164981],[-104.903511307983,39.7838245213021],[-104.903511308423,39.7839955218986],[-104.90351130794,39.7840555225129],[-104.903515309021,39.7852605283065],[-104.903515308441,39.7853415279258],[-104.903515308061,39.7853495285425],[-104.903519308525,39.7865395340478],[-104.903520308539,39.7868615352493],[-104.903521308196,39.7870915361133],[-104.903522308267,39.7873065372741],[-104.903522308648,39.7873295375736],[-104.903523308442,39.7878315393706],[-104.90352730857,39.7889095442453],[-104.903534308535,39.7911175546508],[-104.903541309082,39.7935355654911],[-104.903542308692,39.7939455678393],[-104.903553309591,39.7977625850539],[-104.903555309286,39.7983955875581],[-104.903542308878,39.7983955874669],[-104.903312309171,39.7983945881352],[-104.902901308726,39.7983945892433],[-104.902668307862,39.7983945893847],[-104.901518306729,39.7983935921354],[-104.90141930558,39.798393592473],[-104.901417306256,39.8002056008658],[-104.900412304381,39.8002056027225],[-104.899068302528,39.8002046062432],[-104.899070303047,39.7983925975865],[-104.897212299927,39.7983916012049],[-104.896906299784,39.7983916026814],[-104.894165294947,39.7983896079485],[-104.894122295723,39.7983896083112],[-104.889381289047,39.7983876187771],[-104.88474428148,39.7983846289441],[-104.884627281161,39.798384629215],[-104.88445028086,39.7983846292201],[-104.884445280578,39.799992637374],[-104.884442280584,39.8009256412094],[-104.8844402805,39.8014776438321],[-104.884436279736,39.8029206505132],[-104.884431278926,39.8044596580169],[-104.884427279545,39.8056686633462],[-104.884426279037,39.8060846650655],[-104.884423278809,39.8071126701218],[-104.884409276453,39.8116466910292],[-104.884405276751,39.812816696293],[-104.881931271848,39.8128207017749],[-104.880050268901,39.8128237066923],[-104.875333261316,39.812831717258],[-104.871442254726,39.8128387254951],[-104.868359248306,39.8128437323111],[-104.866261245409,39.8128477373252],[-104.866236250526,39.8056987039228],[-104.86621325514,39.7984126694968],[-104.86609525511,39.7984126702957],[-104.86605125512,39.7984126703345],[-104.866035255015,39.7984126706715],[-104.866017254759,39.7984126701465],[-104.86598425506,39.7984126699317],[-104.8613322479,39.7983966807218],[-104.856614240606,39.7983806912135],[-104.850007231268,39.7983577049869],[-104.847193226715,39.7983487110608],[-104.842309220042,39.798309722114],[-104.838750215601,39.7982817296578],[-104.837644213573,39.7982737322282],[-104.835506210175,39.798256736729],[-104.830737204045,39.7982177473007],[-104.828094199371,39.7981967529387],[-104.828064199328,39.7981967529072],[-104.828054199705,39.7981967525969],[-104.827186198159,39.7982027545466],[-104.823634193425,39.7982247627819],[-104.820038188523,39.7982477707835],[-104.819168187265,39.798253772354],[-104.815969181586,39.798271779371],[-104.812550176634,39.7982917876497],[-104.809718173105,39.7983077937123],[-104.809690173135,39.798307793518],[-104.809632172514,39.798308793733],[-104.809594172888,39.798308793442],[-104.809510172968,39.7983087936514],[-104.807667169755,39.7983087980541],[-104.807561170341,39.7983087981425],[-104.807395169473,39.7983087983504],[-104.806265167692,39.7983078010039],[-104.806067167659,39.7983078017867],[-104.80603916768,39.7983078016252],[-104.804689165689,39.7983078046369],[-104.804527165117,39.798307804605],[-104.80026915954,39.7983078143879],[-104.799959158264,39.7983078149058],[-104.795512151716,39.7983068245428],[-104.790896145172,39.7983058350211],[-104.790820145797,39.798305834945],[-104.790893130175,39.8055858713376],[-104.790894129782,39.8056398714588],[-104.790894129393,39.8056568715512],[-104.790965115608,39.8126859065946],[-104.790966114336,39.8128629067438],[-104.790894098705,39.8201069427812],[-104.790846095791,39.8216089507383],[-104.790667083578,39.8272179795161],[-104.790666083128,39.827264978922],[-104.790745068091,39.8345420157443],[-104.790825053035,39.8418190509386],[-104.781388031081,39.8417980734815],[-104.776731020891,39.8417870843928],[-104.77644301964,39.8417870853612],[-104.776089019506,39.8417860857931],[-104.771967010031,39.8417760960028],[-104.771951009251,39.8417760953238],[-104.76713299836,39.841790106995],[-104.762503988144,39.8418031177902],[-104.762314987007,39.8418031183158],[-104.762313986675,39.841876119287],[-104.762293982194,39.8436971284507],[-104.762275977858,39.8454141366235],[-104.762139977435,39.8454131375169],[-104.760706973416,39.8454041407755],[-104.759282970054,39.8453941438216],[-104.757531967015,39.8453831481166],[-104.757147965415,39.8453811489066],[-104.757114965571,39.8453801492205],[-104.757019965303,39.8453801492854],[-104.75700396484,39.8453801492861],[-104.756993965427,39.8453801492909],[-104.756917965071,39.845379149542],[-104.75646296402,39.8453761501147],[-104.753089955984,39.8453541585788],[-104.752761954966,39.8453521595267],[-104.752726954687,39.8453521591662],[-104.752397954673,39.8453501599719],[-104.747009948878,39.8453141781602],[-104.746866948625,39.8453131788481],[-104.746722948202,39.8453121792742],[-104.742277948178,39.8452831980829],[-104.735768948203,39.8452402263798],[-104.734189948638,39.8452292326231],[-104.732717947753,39.8452192386111],[-104.732134948001,39.8452152415881],[-104.731851948463,39.8452132424592],[-104.731837948344,39.8452132430746],[-104.730937947865,39.8452072464476],[-104.730894937422,39.8489902645407],[-104.730810916732,39.8564773011254],[-104.73079191174,39.858081308932],[-104.730729895984,39.8635953351684],[-104.730646874877,39.8708673700216],[-104.730482833886,39.8854394404719],[-104.73043482138,39.8896574606885],[-104.730434822219,39.8896704614588],[-104.730365804411,39.8957124897332],[-104.730364804152,39.8958094901925],[-104.730360803664,39.8961544918666],[-104.729784803317,39.8961504939193],[-104.729632803313,39.8961494948768],[-104.714978806401,39.8960505435437],[-104.714947806457,39.8960505443489],[-104.714753805688,39.8960485449501],[-104.713617806567,39.896041548818],[-104.703276807765,39.8959695832272],[-104.703231797338,39.8998675995733],[-104.703177784493,39.9045056198562],[-104.703154779797,39.9064666285273],[-104.703148777991,39.9069496306443],[-104.701229777968,39.9069366371889],[-104.696800779318,39.906905650378],[-104.692616780618,39.9068756637691],[-104.692099780515,39.906872665259],[-104.692013760449,39.9141096957639],[-104.692012760553,39.9141906957142],[-104.69201276127,39.9142116958467],[-104.690400760697,39.914198700691],[-104.687435761851,39.9141737098178],[-104.684844762739,39.9141527180036],[-104.680254763248,39.9141137312479],[-104.679536764362,39.9141077339148],[-104.67953776347,39.9140277336693],[-104.67963978274,39.9070407058868],[-104.678092782864,39.9070297109065],[-104.67802278329,39.9070287115848],[-104.668692785013,39.9069257408406],[-104.668546784523,39.9069237409318]]],[[[-104.940697167246,39.697956255889],[-104.940697167034,39.6977302558156],[-104.940028166757,39.697733257212],[-104.940026167706,39.6979282576331],[-104.938689168071,39.6979332594162],[-104.938563167913,39.6979342602763],[-104.938564163348,39.696661259416],[-104.938635164186,39.6966612588057],[-104.939553163452,39.6966592568721],[-104.939554163359,39.6965702569164],[-104.939676163224,39.6965702573318],[-104.939735163004,39.6965702565195],[-104.940190163216,39.6965712560765],[-104.940555162632,39.6965722553793],[-104.940612162826,39.6965722554227],[-104.940670163204,39.6965712550218],[-104.940698163116,39.6965712548918],[-104.940698162922,39.6965702551213],[-104.940697159628,39.695406254369],[-104.9406961572,39.6947632532865],[-104.940633156986,39.694760254248],[-104.940554157247,39.6947642540111],[-104.940555159164,39.6954052546575],[-104.940491159764,39.6954052546064],[-104.939615159718,39.695403255892],[-104.939511160102,39.6954032565334],[-104.939510159278,39.6951072558448],[-104.939510158217,39.6947612560619],[-104.937852157729,39.6947652589422],[-104.937353157741,39.6947662599788],[-104.936260158594,39.6947682623751],[-104.936260158321,39.6947842623055],[-104.93626916346,39.6965842638842],[-104.936350164455,39.6965842630532],[-104.936424163874,39.6965832630687],[-104.936420167553,39.6978432644565],[-104.936408167536,39.6978432645919],[-104.935906167746,39.6978442650312],[-104.935912164355,39.6966002641268],[-104.935912163667,39.6965852639717],[-104.935131164725,39.6965872660416],[-104.934080164484,39.6965912676414],[-104.934033164468,39.6965912684268],[-104.933994163942,39.6965912680653],[-104.933126165027,39.6965932694832],[-104.932911164557,39.6965972704676],[-104.932839164714,39.6965992704502],[-104.932775164966,39.6965942700547],[-104.93258116507,39.6965952706401],[-104.93239716539,39.6965962714367],[-104.931746165513,39.6965982722486],[-104.931735164913,39.696598272232],[-104.931715164451,39.6965982728574],[-104.931645165192,39.6965982723288],[-104.930969165189,39.6965992743371],[-104.929855165194,39.6966022758131],[-104.928213165168,39.6966062791218],[-104.928213165584,39.696636279443],[-104.92821116932,39.6977972804065],[-104.928209171421,39.6984252811273],[-104.928796171084,39.6984202796869],[-104.928780176514,39.7002282805619],[-104.928795175886,39.7002282804591],[-104.929314175837,39.7002282799706],[-104.929982175896,39.7002242789482],[-104.930186176152,39.7002232779161],[-104.930341175421,39.700222277869],[-104.930363175427,39.7002222781506],[-104.930428176146,39.7002212779646],[-104.930462175416,39.7002212777961],[-104.930481175315,39.7002212779376],[-104.930790175742,39.7002192765343],[-104.931720175857,39.7002142754085],[-104.931720175864,39.7002872747528],[-104.931720175571,39.7003192754626],[-104.932832175492,39.700305273255],[-104.932883176196,39.7003052733155],[-104.932883178748,39.7013222740238],[-104.934053178251,39.7013132712076],[-104.934053180076,39.7020402720718],[-104.934045185951,39.703760272899],[-104.933978185732,39.7037612735817],[-104.933292185285,39.7037722748468],[-104.932857185487,39.7036162750131],[-104.932868182913,39.7029382747336],[-104.932883181285,39.7020492740468],[-104.932869180812,39.7020492740858],[-104.931712180478,39.7020582766552],[-104.931712181778,39.7021882762584],[-104.931707184773,39.7032042776607],[-104.931707184751,39.7033502770926],[-104.931706185797,39.703685277331],[-104.931705185905,39.7038592780103],[-104.930476186078,39.7038592802994],[-104.93017318638,39.7038592807684],[-104.929317186836,39.7038592824815],[-104.929315187048,39.7038592826854],[-104.926992187069,39.7038592869236],[-104.926992187519,39.7040652868567],[-104.926990188886,39.7047302875186],[-104.926989190405,39.7051512883868],[-104.926986194379,39.7065612887881],[-104.926986195039,39.7067012894943],[-104.92828319482,39.7066912861413],[-104.92828719482,39.7067872868056],[-104.929118195064,39.7067882852308],[-104.929120194177,39.706412284425],[-104.929537193467,39.7064142834076],[-104.929542197651,39.7074932847127],[-104.929546199471,39.7085122857649],[-104.92946520056,39.7084982852603],[-104.926982198546,39.7080542903471],[-104.926983198867,39.7081142902152],[-104.927031198972,39.7081222898092],[-104.927482198978,39.7082052896164],[-104.928982200473,39.7084792866966],[-104.929291200556,39.7085352854037],[-104.929482200424,39.7085702851319],[-104.929494200039,39.7085732858913],[-104.929533200478,39.7085802851747],[-104.929547199991,39.7085822850541],[-104.92982219994,39.7086382849814],[-104.929861200481,39.7086462848226],[-104.93024420012,39.7087242841787],[-104.930802201413,39.7088632827904],[-104.93095920118,39.70890928322],[-104.931683201428,39.7091282818795],[-104.931682202147,39.7091482813733],[-104.9316792041,39.7099422825401],[-104.93167420778,39.7110962829425],[-104.933810207325,39.7110922785729],[-104.934421207581,39.7110902778269],[-104.934766207926,39.7110902771587],[-104.936132207733,39.7110872745102],[-104.93627720758,39.7110862735346],[-104.938191206866,39.711082270209],[-104.940345206913,39.7110782655711],[-104.940686206887,39.7110772647684],[-104.940686207299,39.7109942654052],[-104.940687202127,39.7092972639859],[-104.940688199423,39.7083312631077],[-104.940689195375,39.7073462627368],[-104.940689192405,39.7063392615129],[-104.940690192075,39.7060672614093],[-104.940690191538,39.7059002617095],[-104.940690191236,39.7057952610249],[-104.940690189858,39.7052832608134],[-104.940690188709,39.7049062605356],[-104.940690188289,39.7048432608224],[-104.940690187691,39.7047002608551],[-104.940691185432,39.703816260008],[-104.940691185045,39.703814260472],[-104.940693180028,39.7020562592184],[-104.940694174648,39.7002322574919],[-104.940694174515,39.7002072578789],[-104.940694174563,39.7001892575457],[-104.940694174213,39.7001752571845],[-104.940695172759,39.6998432568615],[-104.940696169084,39.6983812565692],[-104.940697167246,39.697956255889]]],[[[-104.929311181446,39.7020382810658],[-104.929311181346,39.7018772814106],[-104.929313178805,39.7012882805731],[-104.929313179528,39.7012732804429],[-104.929277178868,39.701273280477],[-104.928299179381,39.701275282816],[-104.928312179465,39.7012882826589],[-104.928496179665,39.701469282138],[-104.928643179954,39.7016142819261],[-104.929024181189,39.7019292814298],[-104.929182181822,39.7020442814166],[-104.929311181446,39.7020382810658]]],[[[-104.902671143135,39.6857133217882],[-104.901150141235,39.6848103238713],[-104.899374139423,39.6837543264426],[-104.898783139153,39.6834033275845],[-104.898786144821,39.6855883290725],[-104.898786145201,39.6857053290352],[-104.902671143135,39.6857133217882]]],[[[-104.910920130598,39.682076302563],[-104.910920124985,39.6798933007867],[-104.910854125329,39.6798933015339],[-104.91069012518,39.679893301042],[-104.908293126345,39.6798853058755],[-104.908274126093,39.6798853057227],[-104.908221126139,39.6798843066914],[-104.908203126026,39.6798843061572],[-104.908203126539,39.6798953064171],[-104.908202126426,39.6799683067744],[-104.908202126402,39.6800673063839],[-104.90820112691,39.6802713064331],[-104.908201127641,39.6803073065371],[-104.908201131469,39.6820603079644],[-104.908201132063,39.682075308225],[-104.909614131463,39.6820763052884],[-104.909733131544,39.6820763047174],[-104.910757131339,39.6820763027014],[-104.910920130598,39.682076302563]]],[[[-105.022982029168,39.6604980929324],[-105.02294602962,39.6604970929599],[-105.022831029306,39.6604980924818],[-105.022932029554,39.660498092657],[-105.022982029168,39.6604980929324]]],[[[-105.064910035743,39.6533340474003],[-105.064909035225,39.6532510477794],[-105.064771034811,39.6532520481753],[-105.063970034318,39.6532530484681],[-105.063972034639,39.6533360482077],[-105.063975035365,39.6534690486214],[-105.06397503581,39.6534800488741],[-105.063983035823,39.6537790488393],[-105.064911037143,39.6537770478314],[-105.064910036521,39.6534800472905],[-105.064910035743,39.6533340474003]]],[[[-105.063560028545,39.6518600488615],[-105.063400028303,39.6518590483433],[-105.06328402848,39.6518590487749],[-105.062587027526,39.6518560495],[-105.062563028247,39.651856049342],[-105.062563027668,39.6518950496804],[-105.062557031644,39.6528600496425],[-105.062557031555,39.6528920497261],[-105.063539032181,39.6528950487004],[-105.063553032838,39.652896049133],[-105.063560028545,39.6518600488615]]],[[[-105.081486978622,39.6351380255787],[-105.081486978123,39.6350110252803],[-105.081487978541,39.6350040258628],[-105.081475977717,39.6350040254481],[-105.080873977303,39.6350020263187],[-105.080869980664,39.6356880267292],[-105.081435980634,39.6356900255141],[-105.081482980253,39.6356900254065],[-105.081483980874,39.6356380258809],[-105.081484979738,39.6354510260105],[-105.081486978622,39.6351380255787]]],[[[-104.925781109444,39.6765842696285],[-104.925774107016,39.6758292689886],[-104.925749107418,39.6758292693719],[-104.925724106682,39.6758282690656],[-104.925724106997,39.6757592690775],[-104.925724106281,39.6757382692334],[-104.925725106263,39.6755252691645],[-104.925725105647,39.6752822690473],[-104.92758210471,39.6752742654758],[-104.927577103952,39.674954265315],[-104.927575103202,39.6748282655152],[-104.927624102776,39.6748282654082],[-104.927805103628,39.6748282647373],[-104.928627102626,39.6748272629452],[-104.928689102988,39.6748262627536],[-104.929257102371,39.6748262619564],[-104.930067101658,39.6748252602913],[-104.929075097822,39.6734002609005],[-104.928774097716,39.672966261131],[-104.928570096439,39.6726742620042],[-104.927950094328,39.6717842624714],[-104.926298088098,39.6694092639945],[-104.926292088296,39.6694012634927],[-104.925722088314,39.6694062649976],[-104.925469088425,39.6694082649568],[-104.92543408885,39.6694112652657],[-104.925399089297,39.6694132657842],[-104.925318089297,39.6694132652287],[-104.925278088758,39.6694112655597],[-104.925260089041,39.6694102660441],[-104.925238089413,39.6694082661029],[-104.925217088611,39.6694062656372],[-104.925158088528,39.6693982662154],[-104.925080088991,39.6693822656711],[-104.925004088444,39.669361266044],[-104.924930089241,39.6693352664486],[-104.924940088672,39.6693122663788],[-104.925086087248,39.6689782657834],[-104.925048088227,39.668934266134],[-104.924959087681,39.6688292654683],[-104.924906087403,39.668627265803],[-104.924712086591,39.6684302658662],[-104.922919085566,39.6678852686616],[-104.922669085547,39.6678442696042],[-104.922664085909,39.6676622696059],[-104.922639085193,39.6675812690342],[-104.92222708544,39.6675812703703],[-104.922206085123,39.6675812698276],[-104.92190208553,39.6675832707871],[-104.92140308574,39.6675832718748],[-104.921311085934,39.6675832720488],[-104.921279086052,39.6675832721319],[-104.921352086412,39.667669272217],[-104.921432086775,39.6677542717988],[-104.921048087872,39.6679722726173],[-104.920702088494,39.6681692740021],[-104.920572087747,39.6680362739766],[-104.920915087396,39.6678342727945],[-104.921008086542,39.6677792727808],[-104.920800086787,39.667581273189],[-104.920773086767,39.6675552728368],[-104.920723086155,39.667508272714],[-104.920308085051,39.6671132731836],[-104.920346085628,39.6670892730778],[-104.920583085078,39.666940272585],[-104.92222108422,39.6669482695264],[-104.922223082123,39.6665512697889],[-104.9222240828,39.6664592695991],[-104.922225081819,39.6661942693729],[-104.922229080219,39.6656242684978],[-104.922229079693,39.6656152686585],[-104.92223507743,39.6645762680597],[-104.92224007432,39.6637612674661],[-104.922189074611,39.6637432674829],[-104.922153074307,39.6637302671718],[-104.922161074556,39.6637162672155],[-104.922167075063,39.6637012675533],[-104.922172074501,39.6636862674731],[-104.922175074199,39.6636702676873],[-104.922177075089,39.6636552672772],[-104.922176075098,39.6636402674269],[-104.922173074205,39.6636242678656],[-104.922170074415,39.6636092671911],[-104.922164074913,39.6635942670819],[-104.922157074342,39.6635792674551],[-104.922148073897,39.6635652676863],[-104.922138074651,39.6635522672923],[-104.922119074534,39.6635312676199],[-104.921802073787,39.6631732682006],[-104.921620072776,39.6629682675969],[-104.921605073394,39.662951267738],[-104.921582072659,39.6629182680077],[-104.921562072873,39.6628842679461],[-104.921547072732,39.6628482677005],[-104.9215410725,39.6628302682028],[-104.921535072359,39.6628112680217],[-104.921528072625,39.6627742677322],[-104.921524072569,39.6627372677936],[-104.92152607194,39.6626992678749],[-104.92153107214,39.6626612683129],[-104.921540071821,39.6626242675],[-104.921554072013,39.6625882676596],[-104.921572071665,39.6625532674665],[-104.921594071932,39.6625192678252],[-104.921619071679,39.6624872680936],[-104.92164807204,39.6624562680089],[-104.921772070598,39.6623392675889],[-104.921866071263,39.662250267431],[-104.921507069153,39.6614432667906],[-104.921073066723,39.660467267043],[-104.921016066298,39.6603392670705],[-104.920678065766,39.6603392678864],[-104.920474067013,39.6603392683052],[-104.919834066589,39.6603392697196],[-104.919556066768,39.6603392698327],[-104.919537067151,39.6603392705765],[-104.919386067792,39.660339270535],[-104.919339067526,39.6603392707308],[-104.918896068002,39.6603392709581],[-104.918875067506,39.6603392716099],[-104.918885066682,39.659922270682],[-104.918614066157,39.659923271424],[-104.91860806711,39.6599132718321],[-104.918247065024,39.6593482720803],[-104.917893065406,39.6591502725356],[-104.917812065561,39.6593152725774],[-104.917781065826,39.6593062731817],[-104.917255065497,39.6591542734019],[-104.916757065039,39.659011274052],[-104.916828065399,39.6588682743941],[-104.916863064462,39.6587962744203],[-104.916659065184,39.6587362748209],[-104.916392064686,39.6586562753009],[-104.915898064796,39.6585092758738],[-104.915932064445,39.6584322758774],[-104.916174064067,39.6581732748184],[-104.916253063469,39.6580892745761],[-104.91616806266,39.6578632748077],[-104.916073062142,39.6576062751792],[-104.916036062353,39.6575082745537],[-104.916030061706,39.6574972750262],[-104.916000062435,39.6575052746635],[-104.915972062102,39.6575102749637],[-104.915942062456,39.657513274759],[-104.915913061614,39.6575152752219],[-104.915884062423,39.6575142754303],[-104.915512062121,39.6575122756156],[-104.915511061072,39.6572402759733],[-104.915511061782,39.6571382753816],[-104.915511060952,39.6571292755103],[-104.915639061294,39.6571362754975],[-104.915896060705,39.6571502746124],[-104.916024060207,39.6569292745378],[-104.916572058234,39.656120272309],[-104.915874058583,39.6560502735898],[-104.915863058654,39.6560492740763],[-104.915857058287,39.6561022743134],[-104.915842058823,39.656175274167],[-104.915819058929,39.6562462743112],[-104.915787058458,39.6563172747448],[-104.915779059458,39.6563352743532],[-104.915771058447,39.6563512743803],[-104.915631059365,39.6563032750096],[-104.915250058641,39.656174275748],[-104.913555059752,39.6561802784772],[-104.913089060224,39.656182279298],[-104.913088061128,39.6564102794566],[-104.913087061748,39.6565412796911],[-104.913080065175,39.6579712807888],[-104.913076067924,39.658753281724],[-104.913072069446,39.6595582819895],[-104.913068072125,39.6603512828276],[-104.913065073579,39.6611492828537],[-104.91306107548,39.661945283507],[-104.913057078249,39.6627422846314],[-104.913055078988,39.6631322846996],[-104.915039078219,39.663141280795],[-104.915587077824,39.6632532794219],[-104.915939078012,39.6634722791742],[-104.915950085617,39.6661532810672],[-104.916389085724,39.6661552804751],[-104.916378088981,39.6675862818558],[-104.916377088953,39.6675942814472],[-104.916439088894,39.6675862811659],[-104.916567088466,39.6675862815483],[-104.916591088683,39.6675862808743],[-104.916633089342,39.6675862812602],[-104.916782089254,39.667586280245],[-104.916792088856,39.6675862803193],[-104.916831088472,39.6675862801563],[-104.917144088988,39.6675852799785],[-104.91754408822,39.667585279328],[-104.917551094866,39.6699952805971],[-104.917553097513,39.6708722816488],[-104.917555099132,39.6714272821226],[-104.917557101603,39.6721962822068],[-104.917557102243,39.6724622830604],[-104.917558102482,39.6725622830947],[-104.917559102656,39.6729842832933],[-104.917595103576,39.6730042834098],[-104.919218104843,39.6738812804866],[-104.919234104609,39.673890280982],[-104.919298104643,39.6739182802102],[-104.919329104961,39.6739292804899],[-104.919365105317,39.6739422806963],[-104.919434104369,39.6739612804087],[-104.919470105429,39.6739682801105],[-104.919505105275,39.6739752802617],[-104.919578104417,39.6739852800132],[-104.919652105339,39.6739902794648],[-104.919689104898,39.6739902801714],[-104.919726104465,39.6739902799659],[-104.919818104947,39.6739862791762],[-104.919920105294,39.6739882794955],[-104.920020104731,39.6739982788949],[-104.920120104749,39.674014278687],[-104.920217105224,39.6740362784867],[-104.920311104809,39.6740662787532],[-104.920401104944,39.674101278836],[-104.920487104383,39.6741422785169],[-104.920569105369,39.674190278495],[-104.920644104547,39.674242278151],[-104.921050105524,39.674563277081],[-104.921048106159,39.6747002774439],[-104.921047106853,39.6748372773212],[-104.922251106155,39.6748352752607],[-104.922251106461,39.6748802752028],[-104.922251106092,39.6749182757907],[-104.92225310652,39.6752592758163],[-104.922254107763,39.6755222755768],[-104.922254107679,39.6755562761439],[-104.922327108589,39.6756032758845],[-104.922361107594,39.6756202761467],[-104.92238210847,39.6756302753357],[-104.922403108246,39.675639275638],[-104.922438107565,39.6756532760534],[-104.922487107821,39.67566927544],[-104.922541108603,39.6756832754932],[-104.922660108284,39.6757002752323],[-104.922722108102,39.6757032754923],[-104.922775107507,39.6757022747484],[-104.922816108456,39.6756992749633],[-104.922864107784,39.6756932750587],[-104.922909108173,39.6756852743675],[-104.922952107347,39.6756752750883],[-104.922991107446,39.6756642744013],[-104.923059108017,39.6756422743544],[-104.92309210769,39.6756302741313],[-104.923142107852,39.6756112742059],[-104.923188107635,39.6755932742253],[-104.923231107286,39.6755732743625],[-104.923300107277,39.6755392736349],[-104.92332810777,39.6755252735844],[-104.923353106864,39.6755112741171],[-104.923425107384,39.6754692735956],[-104.923429109428,39.6764052746247],[-104.923430110236,39.6765642739357],[-104.923514110603,39.6765642742518],[-104.924453110175,39.6765632726451],[-104.92446310989,39.6765632720612],[-104.924464108815,39.6762082720598],[-104.924501108608,39.6762022716794],[-104.924759108252,39.6761542714417],[-104.924755108677,39.6762982712227],[-104.924754108943,39.6763542719029],[-104.925283108227,39.6763542705412],[-104.925283109226,39.6764022706872],[-104.925286109767,39.6766442711937],[-104.925286109519,39.676653270993],[-104.925287109446,39.676743271182],[-104.925301109574,39.6767422704897],[-104.925744109926,39.6767382699278],[-104.925746109593,39.6766522699973],[-104.925746109762,39.6766442699757],[-104.925746108701,39.6765842698008],[-104.925764109118,39.6765842694563],[-104.925781109444,39.6765842696285]]],[[[-104.930428080475,39.6675712544794],[-104.930428083249,39.6684762547252],[-104.929426083413,39.6684792567146],[-104.929256083492,39.6684792573722],[-104.929255086235,39.6693812577156],[-104.929255086519,39.6693912582183],[-104.928474086521,39.6693932596569],[-104.928074087782,39.6693932606239],[-104.928079086668,39.6691142598455],[-104.928081086015,39.6689672595627],[-104.927201086865,39.6689662614591],[-104.9272330862,39.6690112615761],[-104.928018089613,39.6701052610672],[-104.928487090976,39.6707592606814],[-104.929651095215,39.6723832591811],[-104.930780094091,39.6723892573533],[-104.930777095515,39.6728112575287],[-104.931617095704,39.672809255676],[-104.931618095602,39.6730122560842],[-104.931620096641,39.6733632564435],[-104.931641096349,39.6733632561938],[-104.933885095816,39.6733482517778],[-104.933878089608,39.6711932502106],[-104.933031090147,39.6711942517031],[-104.933031089041,39.6710962517344],[-104.933030088889,39.6707982514862],[-104.933028088028,39.6705762512212],[-104.93290008789,39.6705772514527],[-104.931714088177,39.6705782540078],[-104.931714088543,39.6706022541177],[-104.931717090383,39.6711962545791],[-104.931610090415,39.6711962542712],[-104.931608089149,39.6705782540288],[-104.931608089189,39.670560254398],[-104.931606088363,39.6702852540498],[-104.931606087977,39.6702042538978],[-104.931602084582,39.6693822535716],[-104.931594079284,39.6675702521956],[-104.930428080475,39.6675712544794]]],[[[-104.903915991408,39.6263162751289],[-104.903908985946,39.6241872734549],[-104.902903987073,39.6241822749084],[-104.902795987259,39.6243052756146],[-104.902808987102,39.6243482753291],[-104.902897988073,39.6246482759286],[-104.903284991246,39.6259552760945],[-104.903511991497,39.6263512755302],[-104.90378699309,39.6268292752899],[-104.903916992659,39.6268302754511],[-104.903916992207,39.6267192755568],[-104.903915991408,39.6263162751289]]],[[[-104.931720175441,39.7001712754341],[-104.93172617191,39.6988372745475],[-104.931728170767,39.6984242740208],[-104.932296170024,39.6984272731386],[-104.932763170398,39.698422271516],[-104.932789170264,39.6984222717249],[-104.932867169787,39.6984212716462],[-104.932890169623,39.698421271776],[-104.932971170262,39.6984192710194],[-104.93389516971,39.6984042694125],[-104.934039169621,39.698401269667],[-104.934071169535,39.6984012696457],[-104.934071170524,39.6984472689512],[-104.93406717113,39.6988172697421],[-104.934061172253,39.6993452703181],[-104.934059173208,39.6996992699032],[-104.934056175661,39.7001692702463],[-104.932882174845,39.7001632724873],[-104.931720175441,39.7001712754341]]]]},"properties":{"OBJECTID":10,"DIST_NUM":null,"DIST_REP":"Sarah Parady","NOTES":"At-Large","GLOBALID":"ca4f1470-c522-41e5-9114-fd34a08e2601","URL_LINK":"https://www.denvergov.org/district13"}},{"type":"Feature","id":11,"geometry":{"type":"Polygon","coordinates":[[[-104.668546784523,39.9069237409318],[-104.659175786911,39.9068187708763],[-104.649750788686,39.9067798008463],[-104.640369791258,39.9067398300563],[-104.640324791339,39.9067398308426],[-104.634727791578,39.9067038483141],[-104.630904792622,39.9066788602345],[-104.630904810558,39.8994268385138],[-104.621521812598,39.8993708695582],[-104.621484811845,39.8993698698434],[-104.619415812633,39.8993388766829],[-104.612071813606,39.8992289004103],[-104.607381814595,39.8991579156075],[-104.606877814771,39.8991499175992],[-104.606636815002,39.8991469188691],[-104.602658815619,39.8990859311726],[-104.600431816862,39.8990739393095],[-104.599537816232,39.899069941793],[-104.599712848202,39.8854819074639],[-104.599724850285,39.8846039050525],[-104.599724850427,39.8845669052195],[-104.599766857565,39.8813338970624],[-104.604588857451,39.8813708793568],[-104.604900857615,39.8813728780271],[-104.605110857236,39.8813748772655],[-104.605184870622,39.8756638627751],[-104.605190871391,39.8751828612162],[-104.605216876429,39.8731398561109],[-104.608357876111,39.8731638442409],[-104.608575875696,39.8731658430615],[-104.612070875543,39.8731928306765],[-104.619110875744,39.8732458040509],[-104.619130878968,39.8716967997473],[-104.619132878986,39.8715387986539],[-104.61914788183,39.8703307949741],[-104.619219895842,39.8647067795685],[-104.619332917355,39.8557917533857],[-104.619497947493,39.8429017162363],[-104.619499948819,39.842716715769],[-104.619517952225,39.8412867117879],[-104.619741986542,39.8268586694861],[-104.619742986208,39.8268246701819],[-104.619798997662,39.8223436572546],[-104.621520998102,39.8223566488276],[-104.625402997952,39.8223856304849],[-104.625521997966,39.8223866300266],[-104.640345000021,39.8224975614842],[-104.640340999869,39.8225895613865],[-104.645628000225,39.8226285371532],[-104.655359002003,39.8227004917356],[-104.655362001995,39.8224734905557],[-104.655459022301,39.8146134634902],[-104.655466023061,39.8140504616635],[-104.655477025827,39.8130934579327],[-104.659108026801,39.813119440159],[-104.665608027066,39.8131664096036],[-104.666156027867,39.8131704061843],[-104.66614602584,39.8140074092133],[-104.666088013588,39.8187814273609],[-104.666082012012,39.8192414288779],[-104.666071009195,39.8201424327496],[-104.666038002223,39.8228884423399],[-104.66855100307,39.822903431062],[-104.673406003783,39.8229344086979],[-104.673423003787,39.8229344081815],[-104.677947004225,39.8229623868448],[-104.677957004012,39.8229623872669],[-104.679978004734,39.8229743773736],[-104.680091004345,39.8229753772926],[-104.694827006476,39.8230653091759],[-104.696862006593,39.8230772998376],[-104.710690008149,39.8231592350693],[-104.712531008876,39.8231702270943],[-104.715430009251,39.8231872130558],[-104.715726009091,39.823189211779],[-104.718880009346,39.8232071976088],[-104.734147010638,39.8232951267973],[-104.734230010855,39.8232951259107],[-104.735397011395,39.8233021208516],[-104.745502012285,39.8233590743329],[-104.745518012409,39.8233590741224],[-104.745665012848,39.8233600730587],[-104.745826012517,39.8233610722605],[-104.748196012141,39.8233740616227],[-104.753082018927,39.8234010464137],[-104.753085018511,39.8234010465164],[-104.755525023423,39.823415041048],[-104.761780035462,39.8234490262485],[-104.76249303705,39.8234530251573],[-104.762515040517,39.8219330175988],[-104.762542045401,39.8201240082374],[-104.762600055533,39.8166069897478],[-104.76259505612,39.8165679893519],[-104.762596055179,39.8165359895499],[-104.7626040573,39.816017986591],[-104.762598056823,39.8159909866965],[-104.76263306296,39.8140359765371],[-104.762651066052,39.8128659708803],[-104.76265106618,39.812856970516],[-104.762653068275,39.8117319650828],[-104.762667085585,39.8055859336621],[-104.762671089952,39.8037629246122],[-104.762677097374,39.8010199103508],[-104.762679099906,39.8002379069682],[-104.762682102724,39.7991329008147],[-104.762682102291,39.799077900389],[-104.762683104505,39.7984358978253],[-104.762685104846,39.7983358970243],[-104.76268310464,39.798337897504],[-104.762627104448,39.7983378972597],[-104.753458091355,39.7983699172666],[-104.75329909061,39.7983709177716],[-104.753263090932,39.7983709182904],[-104.74381508472,39.7983369568609],[-104.743198084894,39.7983349597987],[-104.741363084179,39.7983299691612],[-104.734394082954,39.7983100047777],[-104.73437208217,39.7983100040601],[-104.734390086422,39.7968029970136],[-104.734402090264,39.7957649920808],[-104.734415092586,39.7946219861556],[-104.734416092918,39.7945189859849],[-104.734418093512,39.794357985193],[-104.734456103104,39.7910939687967],[-104.734457102798,39.7910539690301],[-104.734476108696,39.7891309593948],[-104.73451411969,39.7853579413121],[-104.734530124061,39.7837709334753],[-104.734531124715,39.7836129319903],[-104.734534126082,39.7829179286125],[-104.734535126995,39.7825819275383],[-104.734536128157,39.7823269263668],[-104.734538129643,39.7818639241311],[-104.734538129124,39.7818539238773],[-104.734539129287,39.7818039237226],[-104.73453913031,39.7817339228742],[-104.734539130344,39.7815959224701],[-104.734540130828,39.7814269217471],[-104.734541131612,39.7812459212522],[-104.734542131752,39.7809989197875],[-104.734553134109,39.7801879159422],[-104.734548135185,39.7798509144874],[-104.734548134899,39.7798319137249],[-104.734548134906,39.7798009140954],[-104.734548135882,39.7796409126665],[-104.734550136256,39.7793829121344],[-104.734550137274,39.779281911586],[-104.734550136425,39.7792389112717],[-104.734551137213,39.7790099097333],[-104.734563144436,39.7764968974336],[-104.734567147375,39.7755888936706],[-104.734569148522,39.7752468915159],[-104.734569148604,39.7751818910758],[-104.734578149831,39.7748368891721],[-104.734571149195,39.7748298894886],[-104.734571149909,39.7747548896656],[-104.73457415157,39.7741248862269],[-104.734596165125,39.7692698625137],[-104.734596166095,39.7692308619879],[-104.734596165222,39.7692188621647],[-104.734786165913,39.7692198613839],[-104.735766165865,39.7692238560119],[-104.739162167055,39.7692378364954],[-104.740378168025,39.7692428296035],[-104.744006168616,39.7692568098044],[-104.745440168884,39.7692608014036],[-104.749328170469,39.7692727801637],[-104.753253174393,39.7692847697603],[-104.753394174437,39.769284768807],[-104.753434174199,39.7692847693921],[-104.753474173972,39.7692847690631],[-104.76077718018,39.7692207529908],[-104.762816182488,39.7692037490236],[-104.764573184122,39.7691917449222],[-104.764573183642,39.7692417453735],[-104.764563181207,39.7701927505417],[-104.764552178757,39.7711837555815],[-104.764548177863,39.771549757503],[-104.76454817812,39.7715687573723],[-104.764896178063,39.7715657564601],[-104.771323183844,39.7715087426374],[-104.772166185619,39.7715017406527],[-104.772184184815,39.7715007413916],[-104.772183184313,39.7716707422487],[-104.772171179098,39.7738447530191],[-104.772171179086,39.7738637528575],[-104.772166177707,39.7746687565388],[-104.772165177167,39.7748487574358],[-104.772161174745,39.7756627620756],[-104.772160174165,39.7758617627286],[-104.772157172484,39.776411765376],[-104.781561182476,39.7764377458272],[-104.781577191287,39.7727977280206],[-104.783551192733,39.7728077238907],[-104.787532196758,39.7728167151802],[-104.789833198365,39.7728317104568],[-104.790573199799,39.7728267085896],[-104.790980200235,39.7728277076699],[-104.79103419993,39.7728327082947],[-104.791495200423,39.77282770711],[-104.792237201146,39.7728287053353],[-104.793099201709,39.7728287036951],[-104.795990205064,39.7728296980089],[-104.796015204495,39.7728296970888],[-104.799097207983,39.7728306906828],[-104.80040320852,39.7728306886657],[-104.80163021002,39.7728316860759],[-104.801637209816,39.7728316852671],[-104.803675212528,39.7728316816756],[-104.804568213517,39.7728316794398],[-104.808161216775,39.7728326718779],[-104.809795218219,39.7728336686215],[-104.809883218001,39.7728336684172],[-104.809898217874,39.7728336680785],[-104.810767219144,39.7728316668759],[-104.812292220695,39.7728286636779],[-104.819254227224,39.7728156486528],[-104.824174232017,39.772800638308],[-104.824355231626,39.7728006378285],[-104.824134230991,39.7731716403082],[-104.824126230988,39.7731866401727],[-104.824089231018,39.7732566408462],[-104.824076231388,39.7732806403784],[-104.824028231151,39.7733706413302],[-104.823884230024,39.7736396425004],[-104.823835230698,39.7737316434314],[-104.823995230307,39.7737866433354],[-104.824480229877,39.7739516434005],[-104.824643230271,39.7740066434192],[-104.824476229519,39.7743156447047],[-104.824169228402,39.7748856486719],[-104.824158228342,39.7749046483204],[-104.824119229117,39.7749786490941],[-104.824079228113,39.7750686491024],[-104.824054228518,39.7751586496601],[-104.824024228542,39.7752556503693],[-104.824023228352,39.7752666499776],[-104.824017227843,39.7753266509336],[-104.824013227726,39.7753646508714],[-104.824011228026,39.7753996513374],[-104.824007227232,39.7754436515683],[-104.824007227934,39.7754566510173],[-104.824007227852,39.7755256517421],[-104.824011227916,39.7755986519136],[-104.824012227369,39.775620652139],[-104.824024227573,39.7757136526985],[-104.82404722698,39.7758026525586],[-104.824052227517,39.775825652986],[-104.824090227248,39.7759346537799],[-104.824097226829,39.7759516536749],[-104.824128226992,39.7760286538146],[-104.824509226313,39.7767006560621],[-104.824598226259,39.7768586568315],[-104.824645226681,39.776941657015],[-104.824770225508,39.7771616576081],[-104.82459922614,39.7772176588559],[-104.824089224559,39.7773876606985],[-104.823918224096,39.7774436609522],[-104.823974224299,39.7775406618128],[-104.823986224332,39.7775626612376],[-104.824016224176,39.7776146618968],[-104.82419222392,39.7779226626291],[-104.82426122455,39.7780446632128],[-104.824348224024,39.7782016636624],[-104.824611223186,39.7786766660188],[-104.824647223306,39.7787426658602],[-104.824700222949,39.7788366660722],[-104.824881223969,39.7789526661035],[-104.825241222438,39.7795976685816],[-104.825597222569,39.7802296708591],[-104.825690222694,39.7803386716129],[-104.825770222231,39.7804276713443],[-104.825858221748,39.7805166717886],[-104.825989222602,39.7806276722931],[-104.826809222212,39.7813176739682],[-104.827373222532,39.7817966750051],[-104.828022221677,39.7823476762391],[-104.828331221524,39.7826096769217],[-104.828628221907,39.7828616775222],[-104.828748221977,39.7829626776672],[-104.828880222368,39.7830716774031],[-104.829004222376,39.7831786778347],[-104.829133222427,39.7832666781173],[-104.829280221565,39.783349678476],[-104.829583222152,39.7834816781788],[-104.830429222606,39.7838296777554],[-104.831306222874,39.7841926776725],[-104.832866224753,39.784836677438],[-104.833662224972,39.7851606779695],[-104.834442225278,39.7854816779393],[-104.835228225386,39.7858086770821],[-104.83602122596,39.7861336775572],[-104.836118226203,39.7861646770601],[-104.836297226451,39.7862006771814],[-104.836460227417,39.7862166766486],[-104.836567227465,39.786216676106],[-104.83666622733,39.7862146759435],[-104.836845227037,39.7861916758996],[-104.837016228128,39.78615267517],[-104.837056227918,39.7862306750813],[-104.837081227093,39.7862916759341],[-104.837089227607,39.7863106755863],[-104.837148227534,39.7864386759668],[-104.837328227072,39.7868286778211],[-104.837388226746,39.7869606781498],[-104.837463226463,39.7871196784676],[-104.837542227291,39.7872586793382],[-104.83761322722,39.7873616794886],[-104.837684227074,39.7874566798389],[-104.838071226354,39.7879826819641],[-104.838712226081,39.7888686848377],[-104.838895225834,39.7891206857233],[-104.838919226265,39.7891656855087],[-104.838935226367,39.789193685275],[-104.838951226104,39.7892256858099],[-104.838965226416,39.7892526863107],[-104.839003226562,39.789370686456],[-104.838862225422,39.7894106871134],[-104.838792225647,39.7894306870385],[-104.838658225409,39.7894856877798],[-104.838524225246,39.7895496878569],[-104.838460225307,39.789589688225],[-104.83833322468,39.7896686893242],[-104.838197224974,39.7897566896354],[-104.837788223862,39.7900256917062],[-104.837651223276,39.7901146927021],[-104.837515223118,39.7902016933756],[-104.837107222585,39.7904656954769],[-104.83697022155,39.7905536968308],[-104.836716221609,39.7907186974663],[-104.836400220527,39.790922699305],[-104.836360221018,39.7909446997008],[-104.836320220316,39.7909667000762],[-104.836228220052,39.7910036998034],[-104.836185219952,39.791016699954],[-104.836141220437,39.7910297007595],[-104.836045220023,39.7910497010841],[-104.835998220002,39.7910537007459],[-104.835950220575,39.7910577010579],[-104.835887220282,39.791057701545],[-104.835714220069,39.7910587018406],[-104.835584219583,39.7910587015769],[-104.835473219537,39.7911387022344],[-104.835495219152,39.7911627022112],[-104.835491218038,39.7918047052111],[-104.83548121716,39.7924857091705],[-104.835475216504,39.7932297129518],[-104.835464215475,39.7939707161001],[-104.835452214591,39.7947047197106],[-104.835450214528,39.7947867196247],[-104.835449215065,39.7948687206792],[-104.835445213442,39.7955507241083],[-104.835434212996,39.7962337272347],[-104.835424212267,39.7969217300215],[-104.835413211682,39.7976027333069],[-104.835413211322,39.7976297334922],[-104.835413211244,39.7976547341987],[-104.835408210129,39.7980557359092],[-104.835407210915,39.7981027360591],[-104.835510211151,39.7981037360598],[-104.835510211012,39.7981047357989],[-104.835506210175,39.798256736729],[-104.830737204045,39.7982177473007],[-104.828094199371,39.7981967529387],[-104.828064199328,39.7981967529072],[-104.828054199705,39.7981967525969],[-104.827186198159,39.7982027545466],[-104.823634193425,39.7982247627819],[-104.820038188523,39.7982477707835],[-104.819168187265,39.798253772354],[-104.815969181586,39.798271779371],[-104.812550176634,39.7982917876497],[-104.809718173105,39.7983077937123],[-104.809690173135,39.798307793518],[-104.809632172514,39.798308793733],[-104.809594172888,39.798308793442],[-104.809510172968,39.7983087936514],[-104.807667169755,39.7983087980541],[-104.807561170341,39.7983087981425],[-104.807395169473,39.7983087983504],[-104.806265167692,39.7983078010039],[-104.806067167659,39.7983078017867],[-104.80603916768,39.7983078016252],[-104.804689165689,39.7983078046369],[-104.804527165117,39.798307804605],[-104.80026915954,39.7983078143879],[-104.799959158264,39.7983078149058],[-104.795512151716,39.7983068245428],[-104.790896145172,39.7983058350211],[-104.790820145797,39.798305834945],[-104.790893130175,39.8055858713376],[-104.790894129782,39.8056398714588],[-104.790894129393,39.8056568715512],[-104.790965115608,39.8126859065946],[-104.790966114336,39.8128629067438],[-104.790894098705,39.8201069427812],[-104.790846095791,39.8216089507383],[-104.790667083578,39.8272179795161],[-104.790666083128,39.827264978922],[-104.790745068091,39.8345420157443],[-104.790825053035,39.8418190509386],[-104.781388031081,39.8417980734815],[-104.776731020891,39.8417870843928],[-104.77644301964,39.8417870853612],[-104.776089019506,39.8417860857931],[-104.771967010031,39.8417760960028],[-104.771951009251,39.8417760953238],[-104.76713299836,39.841790106995],[-104.762503988144,39.8418031177902],[-104.762314987007,39.8418031183158],[-104.762313986675,39.841876119287],[-104.762293982194,39.8436971284507],[-104.762275977858,39.8454141366235],[-104.762139977435,39.8454131375169],[-104.760706973416,39.8454041407755],[-104.759282970054,39.8453941438216],[-104.757531967015,39.8453831481166],[-104.757147965415,39.8453811489066],[-104.757114965571,39.8453801492205],[-104.757019965303,39.8453801492854],[-104.75700396484,39.8453801492861],[-104.756993965427,39.8453801492909],[-104.756917965071,39.845379149542],[-104.75646296402,39.8453761501147],[-104.753089955984,39.8453541585788],[-104.752761954966,39.8453521595267],[-104.752726954687,39.8453521591662],[-104.752397954673,39.8453501599719],[-104.747009948878,39.8453141781602],[-104.746866948625,39.8453131788481],[-104.746722948202,39.8453121792742],[-104.742277948178,39.8452831980829],[-104.735768948203,39.8452402263798],[-104.734189948638,39.8452292326231],[-104.732717947753,39.8452192386111],[-104.732134948001,39.8452152415881],[-104.731851948463,39.8452132424592],[-104.731837948344,39.8452132430746],[-104.730937947865,39.8452072464476],[-104.730894937422,39.8489902645407],[-104.730810916732,39.8564773011254],[-104.73079191174,39.858081308932],[-104.730729895984,39.8635953351684],[-104.730646874877,39.8708673700216],[-104.730482833886,39.8854394404719],[-104.73043482138,39.8896574606885],[-104.730434822219,39.8896704614588],[-104.730365804411,39.8957124897332],[-104.730364804152,39.8958094901925],[-104.730360803664,39.8961544918666],[-104.729784803317,39.8961504939193],[-104.729632803313,39.8961494948768],[-104.714978806401,39.8960505435437],[-104.714947806457,39.8960505443489],[-104.714753805688,39.8960485449501],[-104.713617806567,39.896041548818],[-104.703276807765,39.8959695832272],[-104.703231797338,39.8998675995733],[-104.703177784493,39.9045056198562],[-104.703154779797,39.9064666285273],[-104.703148777991,39.9069496306443],[-104.701229777968,39.9069366371889],[-104.696800779318,39.906905650378],[-104.692616780618,39.9068756637691],[-104.692099780515,39.906872665259],[-104.692013760449,39.9141096957639],[-104.692012760553,39.9141906957142],[-104.69201276127,39.9142116958467],[-104.690400760697,39.914198700691],[-104.687435761851,39.9141737098178],[-104.684844762739,39.9141527180036],[-104.680254763248,39.9141137312479],[-104.679536764362,39.9141077339148],[-104.67953776347,39.9140277336693],[-104.67963978274,39.9070407058868],[-104.678092782864,39.9070297109065],[-104.67802278329,39.9070287115848],[-104.668692785013,39.9069257408406],[-104.668546784523,39.9069237409318]]]},"properties":{"OBJECTID":11,"DIST_NUM":11,"DIST_REP":"Stacie Gilmore","NOTES":null,"GLOBALID":"2fa561c3-6217-4422-ad80-6ba36694f0a8","URL_LINK":"https://www.denvergov.org/district11"}},{"type":"Feature","id":12,"geometry":{"type":"Polygon","coordinates":[[[-104.934106110475,39.6785942547846],[-104.933977110635,39.6784482554884],[-104.933887110887,39.6784482553873],[-104.933829110206,39.6784492559788],[-104.933776110188,39.6784512560836],[-104.933756110337,39.6784522559099],[-104.933699111122,39.6784552554095],[-104.933685110693,39.678455255523],[-104.933423111506,39.6784592559749],[-104.933285111097,39.6784612569126],[-104.933030111242,39.6784622575728],[-104.932981111485,39.6784622572423],[-104.931616112059,39.6784642595518],[-104.931458111561,39.6784652600513],[-104.930984112207,39.6784652609563],[-104.930886112667,39.6784652612715],[-104.930827111756,39.6784652611679],[-104.92970011241,39.6784672637404],[-104.926322113856,39.6784702696825],[-104.925438115047,39.6784712714285],[-104.925196114266,39.6784652724488],[-104.924936114735,39.6784662725418],[-104.924158115077,39.6784702744357],[-104.923899115557,39.6784722751093],[-104.923804115093,39.6784732749875],[-104.923518115939,39.6784752757967],[-104.923424115577,39.6784762757683],[-104.923192115779,39.6784752764613],[-104.922497116458,39.6784732777809],[-104.922266115553,39.6784732777276],[-104.92200811642,39.6784702784641],[-104.921237116891,39.6784642796568],[-104.920980116766,39.6784612803528],[-104.920542116566,39.6784612813454],[-104.919228117392,39.6784582842144],[-104.918792117514,39.6784572842878],[-104.915962119445,39.6784642901487],[-104.912894120019,39.6784632960481],[-104.912812119873,39.6784632963442],[-104.912789120711,39.6784632967618],[-104.912737120538,39.6784632964261],[-104.908201122126,39.6784573048234],[-104.90660612366,39.6784583082312],[-104.906578122747,39.6784583083087],[-104.906414123579,39.6784543090316],[-104.906294123427,39.6784473090182],[-104.906253123078,39.6784443088862],[-104.906116124072,39.6784813094647],[-104.905786123936,39.6784783098764],[-104.90563812364,39.6784423101007],[-104.905495123668,39.6783963106173],[-104.905357124077,39.6783403105434],[-104.905226123656,39.6782753107792],[-104.905104123509,39.6782023113441],[-104.904990122702,39.6781203110238],[-104.904886123151,39.6780313114253],[-104.904838122904,39.6779863116821],[-104.903928121446,39.6771293124355],[-104.903669120739,39.6768863127332],[-104.903586120925,39.6768073126571],[-104.90353812001,39.6767623132528],[-104.903539119744,39.6766943126242],[-104.903539119476,39.6766053124572],[-104.903539120182,39.6765583129289],[-104.903544116347,39.6753723116218],[-104.903547115773,39.6748633119493],[-104.903546114386,39.6744803110037],[-104.903546113455,39.6741963113255],[-104.90354611312,39.6741213107044],[-104.903546113911,39.6740533112501],[-104.903545111185,39.673370310348],[-104.903545111704,39.6733653105482],[-104.903545110009,39.6728003102862],[-104.903545109705,39.6726803095949],[-104.903545109455,39.6725843099389],[-104.903544106779,39.6714003094476],[-104.903544105863,39.6712303088321],[-104.903544105802,39.6712063086812],[-104.903544106136,39.6711673091132],[-104.903544105801,39.6710543086233],[-104.903543103861,39.6703933085101],[-104.903543103557,39.6703493082196],[-104.903542101334,39.6694543076925],[-104.903542101401,39.6694403071461],[-104.903542101124,39.6694273072802],[-104.903542101827,39.6693803076348],[-104.903541096806,39.6676543058521],[-104.903541096923,39.6676263065429],[-104.903541097358,39.6676043059293],[-104.903527096732,39.6676043060424],[-104.903509097421,39.6676043065789],[-104.903488097068,39.6676043062949],[-104.903455097174,39.6676043063589],[-104.903408096653,39.6676043065125],[-104.902451098073,39.6676023079861],[-104.89955109908,39.6675983134285],[-104.898818099593,39.6675973149377],[-104.898486099886,39.6675963163487],[-104.896618101495,39.6675933195512],[-104.896140101538,39.6675923205057],[-104.894333103036,39.6675893242291],[-104.894299102004,39.6675893237699],[-104.894095102776,39.6675893244472],[-104.894021103259,39.667589324889],[-104.893944102264,39.6675263243768],[-104.893741102151,39.6673623246268],[-104.893726101979,39.6673493248389],[-104.893268101605,39.6669773256353],[-104.893233101647,39.6669493257772],[-104.892175100673,39.6660893266717],[-104.891382099378,39.6654443277023],[-104.89077209809,39.6649503286045],[-104.890216097411,39.6644983298033],[-104.890204098203,39.6645053290937],[-104.888352101504,39.6656753340769],[-104.888397102198,39.6656793340851],[-104.888847101,39.6657283330347],[-104.888888102013,39.6657323327752],[-104.888928101454,39.6657393329516],[-104.888967101667,39.6657493326764],[-104.889005102025,39.6657613330641],[-104.889041100902,39.6657763322962],[-104.889075101157,39.6657933324068],[-104.889108101025,39.6658133329652],[-104.889138101186,39.6658353328052],[-104.889155101228,39.6658483327757],[-104.889669102832,39.6662863320926],[-104.88973810207,39.6663503315301],[-104.889799102062,39.6664183317686],[-104.88985310275,39.6664903317058],[-104.889872102722,39.6665213317514],[-104.889891103346,39.6665533315805],[-104.890048103735,39.666836331251],[-104.890459104385,39.6675803313651],[-104.89000910566,39.6675793318897],[-104.887472107088,39.6675733367803],[-104.885164107987,39.6675673419294],[-104.885050108365,39.667494341438],[-104.885050107798,39.6674933416513],[-104.879517103448,39.6639343496888],[-104.879493103251,39.6639343499927],[-104.879314104042,39.6639343497521],[-104.877963104902,39.6639333525596],[-104.876212105509,39.6639333557965],[-104.876092105829,39.6640163559225],[-104.875982105716,39.6641063561711],[-104.875882106341,39.6642033565762],[-104.875794107116,39.6643063571862],[-104.875718106915,39.6644153571205],[-104.875654107663,39.6645293575271],[-104.87560410766,39.6646473575452],[-104.875567107347,39.6647673577155],[-104.875543108383,39.6648903578435],[-104.875534108663,39.6650143581717],[-104.875536108992,39.6651023580114],[-104.875533110606,39.6659203590805],[-104.875436113783,39.6675433599315],[-104.875378115713,39.66848736153],[-104.875381116164,39.6686523616654],[-104.875404116253,39.6688173608762],[-104.875437117234,39.6689573609654],[-104.876266120416,39.670911361337],[-104.876311121373,39.6710183616359],[-104.876369120884,39.6711213614843],[-104.876438121295,39.6712203610752],[-104.876518121468,39.6713153612839],[-104.876609121275,39.6714033609373],[-104.876708122278,39.6714853610085],[-104.87672512212,39.6714973611706],[-104.876742121251,39.6715103611094],[-104.877229122396,39.6718703599949],[-104.877459122782,39.6720683598109],[-104.875436123463,39.6720643637162],[-104.875432125201,39.6727853641839],[-104.875425127958,39.6738363649759],[-104.875420129761,39.6747653656816],[-104.875420130075,39.6747933658827],[-104.875295129569,39.6747923657426],[-104.8746971305,39.6747913671028],[-104.870620132033,39.674780375106],[-104.868101128544,39.6727113788214],[-104.866354126542,39.6712763810572],[-104.865966126638,39.670956381122],[-104.86594612017,39.6675173781171],[-104.865984112638,39.6638943755035],[-104.86602210514,39.6603603729009],[-104.866022105007,39.6603043730827],[-104.866022104936,39.6602723726714],[-104.864957105553,39.6602743747971],[-104.864659105604,39.6602753754789],[-104.86443210592,39.660275375869],[-104.864411106531,39.6602753758027],[-104.864236105662,39.660276375761],[-104.862859106782,39.6602793783453],[-104.862328107833,39.6602803798314],[-104.862317107042,39.6602803795943],[-104.861019108197,39.6602823823004],[-104.859700108786,39.6602853848585],[-104.858979109308,39.6602863862157],[-104.858877109543,39.6602863865162],[-104.858866109916,39.6602863859624],[-104.857372111175,39.6602893894475],[-104.857141110878,39.6602903896999],[-104.857079111348,39.660290390144],[-104.857062111387,39.6602903899254],[-104.856760111473,39.6602903903448],[-104.856711111462,39.6602913903696],[-104.856662111288,39.6602913905845],[-104.856498111969,39.6602913908133],[-104.856480112139,39.6602913913412],[-104.856414112161,39.6602923909369],[-104.856383111118,39.6602953907799],[-104.856351111212,39.6602973916613],[-104.856326111508,39.6602993912392],[-104.856315112028,39.6603003911366],[-104.856215111922,39.6603153915002],[-104.856195111969,39.6603203916804],[-104.856177111587,39.6603243913126],[-104.856156111613,39.6603283916242],[-104.856118112429,39.6603373914239],[-104.856066111419,39.6603523915932],[-104.856047111459,39.6603583916109],[-104.856036112265,39.6603613919614],[-104.856025111905,39.6603643923044],[-104.855934112095,39.6603983917854],[-104.855910112379,39.6604093921482],[-104.855878112025,39.6604243919493],[-104.855847112534,39.6604383920343],[-104.85576611294,39.6604843923114],[-104.855729112967,39.660442392942],[-104.855598112622,39.6602923928632],[-104.855026113046,39.6602933941662],[-104.854924112218,39.6602943935211],[-104.854477113121,39.6601543945833],[-104.854227112785,39.660075395336],[-104.853510112616,39.6598883960015],[-104.853064113082,39.659771396786],[-104.852007112994,39.6596013987906],[-104.851683112941,39.6594533996585],[-104.849246114455,39.6590774037461],[-104.848873115182,39.6591184045413],[-104.84867711503,39.6590874050262],[-104.848625114603,39.6590794049585],[-104.848627113132,39.6578364036891],[-104.84859011251,39.6578354041926],[-104.848553113101,39.6578354044809],[-104.848558111613,39.6571994036357],[-104.848559111094,39.6570624037043],[-104.848328111843,39.6570644043891],[-104.847731112519,39.6570674048439],[-104.847251112518,39.6570704063195],[-104.847923111002,39.6568104045762],[-104.848622110774,39.6565974027836],[-104.84874710997,39.6565684026291],[-104.849298109173,39.6564404018658],[-104.851386107355,39.6559913970394],[-104.852305105834,39.6557713953433],[-104.853195104808,39.6554913934863],[-104.854050103618,39.6551513915656],[-104.854864102434,39.6547553898864],[-104.855161102192,39.6545903890042],[-104.855976100668,39.654116387029],[-104.856887098426,39.6535863850561],[-104.857609097178,39.653166382889],[-104.858600095263,39.6525903803438],[-104.867161078409,39.6476123609066],[-104.867664077248,39.647323359052],[-104.868196076078,39.6470693577648],[-104.868755075538,39.6468523572111],[-104.869107074184,39.6467383563248],[-104.870062072222,39.6462783538232],[-104.871188071681,39.6462303516371],[-104.872922069421,39.6458553480269],[-104.873041069283,39.6458293479929],[-104.874067067593,39.6455483456402],[-104.875055065667,39.6451993436507],[-104.875570065202,39.6449843429172],[-104.875554066821,39.6458973436129],[-104.875505072671,39.6486193458538],[-104.875450078936,39.6516633478381],[-104.875708079456,39.6519543478774],[-104.875884080583,39.6521533473459],[-104.876159080571,39.6524633470387],[-104.876680081777,39.6530513468158],[-104.876767081546,39.6530513461507],[-104.876790081761,39.6530513465246],[-104.876984081521,39.6530523463017],[-104.877042081368,39.6530523457155],[-104.877262081331,39.6530523452533],[-104.877378081466,39.6530533453707],[-104.877405080711,39.6530533451935],[-104.877497080417,39.653053345256],[-104.87803408045,39.653054343796],[-104.880078078397,39.6530593402049],[-104.88009107872,39.6530593403257],[-104.880111076535,39.652105339743],[-104.880114076474,39.6519653391125],[-104.880138073274,39.6507913379579],[-104.880139073235,39.6507753384884],[-104.880175069886,39.6490333372968],[-104.880201067068,39.6477573362307],[-104.880236063284,39.6460693347275],[-104.880238062675,39.6459943347936],[-104.880240062459,39.6459013341095],[-104.880276058529,39.6441143330822],[-104.880279058359,39.6439473331795],[-104.880311055146,39.6424063318422],[-104.880319054169,39.6419983315917],[-104.880320053499,39.6419673315756],[-104.880322053325,39.6418233314218],[-104.880323052949,39.6418093314871],[-104.88032405337,39.6417313313015],[-104.880325052685,39.6417073307335],[-104.880326053059,39.6416503306999],[-104.880327053405,39.6416073304682],[-104.880329052482,39.6414923305942],[-104.880333051847,39.6413163304719],[-104.880855051341,39.6410573291317],[-104.882516047913,39.6402363259576],[-104.882788047572,39.6401013246987],[-104.883728045641,39.6396363233452],[-104.885085042726,39.6389653198049],[-104.885088041633,39.6388173201262],[-104.885092041278,39.6386343193917],[-104.885098040911,39.6380943189961],[-104.885119036049,39.636269317418],[-104.885174024968,39.6313473135222],[-104.885212016727,39.6279913114413],[-104.885221014744,39.6271303105998],[-104.885225014393,39.6268053099831],[-104.885250009105,39.6245833089032],[-104.885250009416,39.6245243081968],[-104.885252008998,39.62434930802],[-104.885254008658,39.6241683081424],[-104.885255008,39.6241293086242],[-104.885270008649,39.6241293078594],[-104.885281008422,39.6241293077739],[-104.885395008175,39.6241293079858],[-104.885408007804,39.6241293075428],[-104.885460007467,39.6241293075641],[-104.885545007613,39.6241293072413],[-104.885620007325,39.6241293076979],[-104.887918004866,39.6241243034845],[-104.888760004272,39.6241223015213],[-104.889017003307,39.6241223008978],[-104.889476003052,39.6241213005751],[-104.889656003065,39.6241203002766],[-104.889667002836,39.6241202997805],[-104.889704003002,39.6241203001562],[-104.889768002925,39.624120299365],[-104.889871002861,39.6241202993413],[-104.889873002709,39.6241202998201],[-104.891072000948,39.6241172976442],[-104.891120000883,39.6241172969453],[-104.891173001024,39.6241172969214],[-104.891291000414,39.6241172968283],[-104.891351000615,39.6241172969671],[-104.891510001038,39.6241172965106],[-104.891733000703,39.6241162959772],[-104.892219999368,39.6241152947986],[-104.892602998746,39.6241142943485],[-104.89270699916,39.6241142943092],[-104.89287199911,39.6241142942016],[-104.893142998648,39.6241132931599],[-104.8936049985,39.6241122922032],[-104.894277997147,39.6241112913167],[-104.894431996613,39.6241102910451],[-104.894477996673,39.624110291275],[-104.894520996384,39.6241102904341],[-104.894541996563,39.6241102905848],[-104.894580996563,39.6241102907245],[-104.894640996743,39.6241102909843],[-104.894689997168,39.6241102903796],[-104.894724996302,39.6241102905725],[-104.894841996285,39.6241052899804],[-104.89594199472,39.6241072882026],[-104.896015995016,39.6241072876916],[-104.896235994875,39.6241072873043],[-104.897054993295,39.6241052860136],[-104.897090994093,39.6241052861392],[-104.89810699221,39.6241032841122],[-104.898548992096,39.6241022828349],[-104.898639992078,39.6241012832416],[-104.898945991253,39.6241012820414],[-104.898966991421,39.6241012823019],[-104.898994991648,39.6241012823431],[-104.899186991613,39.6241002819968],[-104.899260990713,39.6241002821379],[-104.899327990928,39.6241002815734],[-104.899338990681,39.6241002819731],[-104.899370990609,39.6241002816593],[-104.899437990816,39.6241002819327],[-104.899551990805,39.6240992812204],[-104.900854989701,39.6240972790914],[-104.901038989045,39.6240962781473],[-104.901065988752,39.6240962788986],[-104.901578988348,39.6240952778108],[-104.901672988257,39.6240952774366],[-104.901739988451,39.6240952772979],[-104.901863987627,39.6240942766262],[-104.901889987997,39.6240942766034],[-104.902462987661,39.6240932762881],[-104.902500987128,39.6240932759149],[-104.902612986836,39.6240932753664],[-104.90268098753,39.6240932752752],[-104.904018985363,39.6240902729967],[-104.904038985019,39.6240902726788],[-104.904776984289,39.6240892711724],[-104.904780983982,39.6240892716225],[-104.904864984619,39.6240892711714],[-104.905514983184,39.6240892702292],[-104.905894983533,39.624089269612],[-104.906953982209,39.6240882678195],[-104.908539979786,39.6240872647145],[-104.908810979586,39.6240872642579],[-104.908874979386,39.6240872638652],[-104.909054979689,39.6240872633666],[-104.910842976742,39.6240862597622],[-104.911560975869,39.624085258545],[-104.911631976866,39.6240852583935],[-104.911692976293,39.6240852585518],[-104.911818976012,39.624085258089],[-104.911934976489,39.624085257876],[-104.913406974287,39.6240882552248],[-104.913405974386,39.6241562552997],[-104.913404974723,39.624205255641],[-104.913404974515,39.6242122551151],[-104.91338997803,39.6254572560734],[-104.913362983124,39.6275972584459],[-104.913334989917,39.6298882593045],[-104.913333989445,39.6299642594023],[-104.913316993936,39.6313502612823],[-104.91322801309,39.6386002662403],[-104.913227012899,39.6386502661341],[-104.913257013422,39.6386732661397],[-104.913559013391,39.6389072658735],[-104.913569014151,39.6389162661723],[-104.913582013381,39.6389262659143],[-104.91376701386,39.6390692657365],[-104.914241014068,39.6394382648523],[-104.91426201468,39.6394542653218],[-104.914280014668,39.6394682647582],[-104.914324014693,39.6395022653164],[-104.914375015256,39.6395422652686],[-104.914701014655,39.639795264113],[-104.91491101583,39.6399582644274],[-104.915073015932,39.6400842637288],[-104.915094015591,39.6401012638304],[-104.915116015997,39.6401182635052],[-104.915675016084,39.6405522634853],[-104.91586001693,39.6406952625952],[-104.915882016535,39.6407122630181],[-104.916504016829,39.6411952618792],[-104.917858018649,39.6422482600044],[-104.918219018718,39.6425282597308],[-104.918253019262,39.642555259364],[-104.918283019714,39.6425772600509],[-104.91899702035,39.6431322585785],[-104.919027019887,39.6431562586434],[-104.919058020225,39.643180258244],[-104.919766020732,39.6437302575414],[-104.919798021193,39.6437542573745],[-104.919843021311,39.6437902576049],[-104.920552022053,39.6443402569308],[-104.920580022406,39.644362256155],[-104.920629021642,39.6444002564554],[-104.920661022605,39.6444252567374],[-104.920855022313,39.6445752563572],[-104.920875022836,39.6445912560774],[-104.921146022666,39.6448022560972],[-104.921200022771,39.6448432558328],[-104.921495023654,39.6450732557339],[-104.922478024114,39.6458372538756],[-104.922496023931,39.6458502540191],[-104.922519024049,39.6458502535611],[-104.927391019677,39.6458382449006],[-104.928732018385,39.6458352421965],[-104.931852016361,39.6458272363631],[-104.931873015991,39.6458272361114],[-104.931870016237,39.6459912363417],[-104.931851018451,39.6468442371287],[-104.93182002258,39.6482262381564],[-104.931793026708,39.6494482388848],[-104.931789026713,39.6496092392209],[-104.931773029728,39.6503382394393],[-104.931773029081,39.6503462395277],[-104.931770029221,39.6504612400728],[-104.93176103081,39.6508972402356],[-104.93175303139,39.6512512401984],[-104.931751032495,39.6513322402163],[-104.93174903288,39.6514202405313],[-104.931713037054,39.6530472419095],[-104.931713037362,39.6530702414776],[-104.932830036874,39.6530682390534],[-104.933988035398,39.6530662370324],[-104.935138034585,39.6530642346929],[-104.936297033711,39.6530622327449],[-104.937441033047,39.653061231118],[-104.937559032768,39.6530602304708],[-104.938092032072,39.6530592295003],[-104.938599032128,39.653059228703],[-104.939645030885,39.6530572267374],[-104.939989030378,39.6530562255661],[-104.940138030671,39.6530562257186],[-104.940371029922,39.6530562248895],[-104.940523030445,39.6530552246445],[-104.940680029912,39.6530552243606],[-104.940697030353,39.6530552242048],[-104.94075803035,39.6530552244661],[-104.940899029323,39.6530562240938],[-104.945247026812,39.6530652159012],[-104.94557902614,39.6530662151489],[-104.946344025335,39.6530682138208],[-104.9491770232,39.6530742087052],[-104.949479023009,39.6530752076442],[-104.950078022383,39.653076206133],[-104.9539460198,39.6530841989993],[-104.954965018722,39.6530861973695],[-104.954399028182,39.6557912006049],[-104.953515029217,39.6558702015598],[-104.953531028912,39.65595920169],[-104.95354302889,39.6560342015702],[-104.953789030912,39.6567162016617],[-104.955793030119,39.6567171980532],[-104.95768502791,39.6567181947519],[-104.959454026502,39.6567191907202],[-104.959452027588,39.6570761911326],[-104.959445036459,39.6595561931273],[-104.959442038819,39.6603451940013],[-104.95944104121,39.6609901939995],[-104.959440041919,39.6610701943823],[-104.959440041352,39.6610841940123],[-104.959440042052,39.6612101943083],[-104.959440042646,39.6613511940105],[-104.959440042835,39.6614201941875],[-104.959439043108,39.6615271940369],[-104.959440043663,39.661592194284],[-104.959441042752,39.6616031946637],[-104.959444043474,39.6618341946944],[-104.959445044177,39.6619121947834],[-104.959445045323,39.6621381947025],[-104.959443047316,39.6628201950791],[-104.959442048061,39.6630501957522],[-104.9594400484,39.6632231953392],[-104.959439049576,39.6633931956755],[-104.959436050027,39.663749196294],[-104.959434051,39.6639261958622],[-104.959427052222,39.6643441967859],[-104.959406056989,39.6656041969756],[-104.959399057838,39.6660271974519],[-104.959395058396,39.6663381976931],[-104.959383062099,39.6672811987143],[-104.95937906318,39.6675961988382],[-104.959095063139,39.6675951994755],[-104.958244063716,39.6675912012031],[-104.957961063654,39.6675902010072],[-104.95767706436,39.667588202046],[-104.95682506432,39.667585203974],[-104.956542065021,39.6675832041892],[-104.956258065432,39.6675832049583],[-104.95573806497,39.6675822053366],[-104.95540606584,39.6675812062894],[-104.95512306503,39.6675812071422],[-104.954859065745,39.6675812071679],[-104.954070066561,39.6675812086077],[-104.953837066317,39.6675822095729],[-104.953807066047,39.6675812091081],[-104.95370406653,39.6675802098645],[-104.953397066761,39.6675772100784],[-104.953295067213,39.6675762106228],[-104.953121066429,39.6675762109629],[-104.952600066721,39.6675772112831],[-104.952427067049,39.6675772116551],[-104.952415067551,39.6675772125014],[-104.952382067787,39.6675772118901],[-104.952371067086,39.6675772119809],[-104.952187067522,39.6675762123142],[-104.951635068031,39.6675742131626],[-104.951452067263,39.6675732143026],[-104.951348067958,39.667569214396],[-104.951036067444,39.6675562143324],[-104.950933068137,39.6675522151257],[-104.950914068611,39.6675512148669],[-104.950857068036,39.6675492147427],[-104.950839068461,39.6675482155405],[-104.950824067603,39.6675472150334],[-104.950783067846,39.6675462155485],[-104.950743067868,39.6675342150445],[-104.950625067579,39.6674972158111],[-104.950485067633,39.6674122160882],[-104.950405067512,39.6673622160986],[-104.950362067711,39.6673392155757],[-104.95025806774,39.6672822155928],[-104.950236068136,39.6672732164701],[-104.950194067702,39.6672552158519],[-104.950109066936,39.6672192161971],[-104.95006606791,39.667205216283],[-104.949995067639,39.6671832168052],[-104.949817067653,39.6671242164672],[-104.949676067015,39.6670862169192],[-104.94964406688,39.6670772168],[-104.949546067253,39.6670522173948],[-104.949381067357,39.6670192174888],[-104.949316067686,39.6670062175998],[-104.949212067816,39.6669862175238],[-104.949191067621,39.6669822181805],[-104.949178067655,39.666980218052],[-104.949143067551,39.6669742183879],[-104.949073067134,39.6669652183655],[-104.949038066818,39.6669622180072],[-104.949003067359,39.666958217863],[-104.948914066843,39.6669532187705],[-104.948830067875,39.6669502183024],[-104.94868406796,39.6669452192636],[-104.948509067829,39.6669422195525],[-104.94829706798,39.6669532193795],[-104.948069068086,39.6669812201122],[-104.947931068118,39.6669972206447],[-104.947789067715,39.6670192207146],[-104.947618068057,39.6670632209008],[-104.947407069215,39.667116221772],[-104.947175069436,39.6671922220078],[-104.947111068781,39.6672162219408],[-104.946945069532,39.6672782226848],[-104.946849070094,39.6673102223725],[-104.946558070484,39.6674072228263],[-104.946461070724,39.6674392237924],[-104.946337071012,39.6674802234233],[-104.946183071364,39.667530223712],[-104.946065070449,39.6675602240222],[-104.946026071459,39.6675622244389],[-104.945986071614,39.6675652244085],[-104.94595307067,39.6675652246888],[-104.945822070883,39.6675672246057],[-104.94573007125,39.6675672249772],[-104.945454070925,39.6675662258733],[-104.945363071258,39.6675662252707],[-104.945258071,39.6675662260785],[-104.944947072153,39.6675652263401],[-104.944844071564,39.6675642265332],[-104.944748072096,39.6675642270609],[-104.944463071484,39.6675652277099],[-104.944368072217,39.6675662279304],[-104.944259071883,39.6675652280731],[-104.943932072538,39.6675642283625],[-104.943823072445,39.6675642287823],[-104.943618072648,39.6675632289253],[-104.943003072326,39.6675612305871],[-104.942799072499,39.6675602304373],[-104.942593072972,39.6675602310389],[-104.942310073171,39.6675602316726],[-104.941978073086,39.6675602323035],[-104.941773073507,39.6675602326123],[-104.941554073348,39.6675602327024],[-104.941265073976,39.6675612336218],[-104.94089807416,39.6675612341666],[-104.940680074133,39.6675622344632],[-104.940680075277,39.6677142352155],[-104.940680076381,39.6681762351901],[-104.94068007694,39.668331235246],[-104.940683078868,39.6690412360982],[-104.940685081054,39.6696062361376],[-104.940689083029,39.6704132370908],[-104.940692084811,39.6711762374007],[-104.940694086836,39.6715452372301],[-104.940696087574,39.6718892380462],[-104.940698088679,39.6721742375002],[-104.940698088262,39.6721842379821],[-104.94070509054,39.6730332386544],[-104.940708091355,39.6733222382594],[-104.940707091911,39.673483239153],[-104.940707092807,39.6735182385826],[-104.940703093951,39.6741142392243],[-104.940702095173,39.6743152392804],[-104.940705095493,39.6744132398469],[-104.940715095594,39.6747142393156],[-104.940718096718,39.6748162398815],[-104.940721097519,39.6751712399096],[-104.940729100788,39.6762402403881],[-104.940731102383,39.6765992408976],[-104.940735103402,39.6769602414194],[-104.940745106867,39.6780512422162],[-104.940748106826,39.6783762422536],[-104.940748107534,39.678416242304],[-104.940748107923,39.6784182418578],[-104.940904112765,39.6800942431289],[-104.940850116173,39.6811172436699],[-104.940785116235,39.6814462441923],[-104.940710117166,39.6817002445892],[-104.940687118334,39.6817802450679],[-104.940687117361,39.681781244838],[-104.940690120538,39.682628244812],[-104.940687120754,39.6829422452925],[-104.940687121284,39.6829632450612],[-104.940552121531,39.682931245887],[-104.940420121274,39.6828992455208],[-104.940241121481,39.6828572459821],[-104.939468120505,39.6826232476218],[-104.939065121137,39.6824802484218],[-104.938765120261,39.682361248651],[-104.938237120048,39.6821342496901],[-104.937776119664,39.6818962505585],[-104.937165118856,39.6815302512247],[-104.936896117676,39.6813552517741],[-104.936659117506,39.6812022523699],[-104.936205116955,39.6808562524981],[-104.935925116416,39.6806122531324],[-104.935579115079,39.6802862536624],[-104.935227114877,39.679908253975],[-104.934583112488,39.6791432544888],[-104.93422311163,39.6787272549389],[-104.934106110475,39.6785942547846]],[[-104.925781109444,39.6765842696285],[-104.925774107016,39.6758292689886],[-104.925749107418,39.6758292693719],[-104.925724106682,39.6758282690656],[-104.925724106997,39.6757592690775],[-104.925724106281,39.6757382692334],[-104.925725106263,39.6755252691645],[-104.925725105647,39.6752822690473],[-104.92758210471,39.6752742654758],[-104.927577103952,39.674954265315],[-104.927575103202,39.6748282655152],[-104.927624102776,39.6748282654082],[-104.927805103628,39.6748282647373],[-104.928627102626,39.6748272629452],[-104.928689102988,39.6748262627536],[-104.929257102371,39.6748262619564],[-104.930067101658,39.6748252602913],[-104.929075097822,39.6734002609005],[-104.928774097716,39.672966261131],[-104.928570096439,39.6726742620042],[-104.927950094328,39.6717842624714],[-104.926298088098,39.6694092639945],[-104.926292088296,39.6694012634927],[-104.925722088314,39.6694062649976],[-104.925469088425,39.6694082649568],[-104.92543408885,39.6694112652657],[-104.925399089297,39.6694132657842],[-104.925318089297,39.6694132652287],[-104.925278088758,39.6694112655597],[-104.925260089041,39.6694102660441],[-104.925238089413,39.6694082661029],[-104.925217088611,39.6694062656372],[-104.925158088528,39.6693982662154],[-104.925080088991,39.6693822656711],[-104.925004088444,39.669361266044],[-104.924930089241,39.6693352664486],[-104.924940088672,39.6693122663788],[-104.925086087248,39.6689782657834],[-104.925048088227,39.668934266134],[-104.924959087681,39.6688292654683],[-104.924906087403,39.668627265803],[-104.924712086591,39.6684302658662],[-104.922919085566,39.6678852686616],[-104.922669085547,39.6678442696042],[-104.922664085909,39.6676622696059],[-104.922639085193,39.6675812690342],[-104.92222708544,39.6675812703703],[-104.922206085123,39.6675812698276],[-104.92190208553,39.6675832707871],[-104.92140308574,39.6675832718748],[-104.921311085934,39.6675832720488],[-104.921279086052,39.6675832721319],[-104.921352086412,39.667669272217],[-104.921432086775,39.6677542717988],[-104.921048087872,39.6679722726173],[-104.920702088494,39.6681692740021],[-104.920572087747,39.6680362739766],[-104.920915087396,39.6678342727945],[-104.921008086542,39.6677792727808],[-104.920800086787,39.667581273189],[-104.920773086767,39.6675552728368],[-104.920723086155,39.667508272714],[-104.920308085051,39.6671132731836],[-104.920346085628,39.6670892730778],[-104.920583085078,39.666940272585],[-104.92222108422,39.6669482695264],[-104.922223082123,39.6665512697889],[-104.9222240828,39.6664592695991],[-104.922225081819,39.6661942693729],[-104.922229080219,39.6656242684978],[-104.922229079693,39.6656152686585],[-104.92223507743,39.6645762680597],[-104.92224007432,39.6637612674661],[-104.922189074611,39.6637432674829],[-104.922153074307,39.6637302671718],[-104.922161074556,39.6637162672155],[-104.922167075063,39.6637012675533],[-104.922172074501,39.6636862674731],[-104.922175074199,39.6636702676873],[-104.922177075089,39.6636552672772],[-104.922176075098,39.6636402674269],[-104.922173074205,39.6636242678656],[-104.922170074415,39.6636092671911],[-104.922164074913,39.6635942670819],[-104.922157074342,39.6635792674551],[-104.922148073897,39.6635652676863],[-104.922138074651,39.6635522672923],[-104.922119074534,39.6635312676199],[-104.921802073787,39.6631732682006],[-104.921620072776,39.6629682675969],[-104.921605073394,39.662951267738],[-104.921582072659,39.6629182680077],[-104.921562072873,39.6628842679461],[-104.921547072732,39.6628482677005],[-104.9215410725,39.6628302682028],[-104.921535072359,39.6628112680217],[-104.921528072625,39.6627742677322],[-104.921524072569,39.6627372677936],[-104.92152607194,39.6626992678749],[-104.92153107214,39.6626612683129],[-104.921540071821,39.6626242675],[-104.921554072013,39.6625882676596],[-104.921572071665,39.6625532674665],[-104.921594071932,39.6625192678252],[-104.921619071679,39.6624872680936],[-104.92164807204,39.6624562680089],[-104.921772070598,39.6623392675889],[-104.921866071263,39.662250267431],[-104.921507069153,39.6614432667906],[-104.921073066723,39.660467267043],[-104.921016066298,39.6603392670705],[-104.920678065766,39.6603392678864],[-104.920474067013,39.6603392683052],[-104.919834066589,39.6603392697196],[-104.919556066768,39.6603392698327],[-104.919537067151,39.6603392705765],[-104.919386067792,39.660339270535],[-104.919339067526,39.6603392707308],[-104.918896068002,39.6603392709581],[-104.918875067506,39.6603392716099],[-104.918885066682,39.659922270682],[-104.918614066157,39.659923271424],[-104.91860806711,39.6599132718321],[-104.918247065024,39.6593482720803],[-104.917893065406,39.6591502725356],[-104.917812065561,39.6593152725774],[-104.917781065826,39.6593062731817],[-104.917255065497,39.6591542734019],[-104.916757065039,39.659011274052],[-104.916828065399,39.6588682743941],[-104.916863064462,39.6587962744203],[-104.916659065184,39.6587362748209],[-104.916392064686,39.6586562753009],[-104.915898064796,39.6585092758738],[-104.915932064445,39.6584322758774],[-104.916174064067,39.6581732748184],[-104.916253063469,39.6580892745761],[-104.91616806266,39.6578632748077],[-104.916073062142,39.6576062751792],[-104.916036062353,39.6575082745537],[-104.916030061706,39.6574972750262],[-104.916000062435,39.6575052746635],[-104.915972062102,39.6575102749637],[-104.915942062456,39.657513274759],[-104.915913061614,39.6575152752219],[-104.915884062423,39.6575142754303],[-104.915512062121,39.6575122756156],[-104.915511061072,39.6572402759733],[-104.915511061782,39.6571382753816],[-104.915511060952,39.6571292755103],[-104.915639061294,39.6571362754975],[-104.915896060705,39.6571502746124],[-104.916024060207,39.6569292745378],[-104.916572058234,39.656120272309],[-104.915874058583,39.6560502735898],[-104.915863058654,39.6560492740763],[-104.915857058287,39.6561022743134],[-104.915842058823,39.656175274167],[-104.915819058929,39.6562462743112],[-104.915787058458,39.6563172747448],[-104.915779059458,39.6563352743532],[-104.915771058447,39.6563512743803],[-104.915631059365,39.6563032750096],[-104.915250058641,39.656174275748],[-104.913555059752,39.6561802784772],[-104.913089060224,39.656182279298],[-104.913088061128,39.6564102794566],[-104.913087061748,39.6565412796911],[-104.913080065175,39.6579712807888],[-104.913076067924,39.658753281724],[-104.913072069446,39.6595582819895],[-104.913068072125,39.6603512828276],[-104.913065073579,39.6611492828537],[-104.91306107548,39.661945283507],[-104.913057078249,39.6627422846314],[-104.913055078988,39.6631322846996],[-104.915039078219,39.663141280795],[-104.915587077824,39.6632532794219],[-104.915939078012,39.6634722791742],[-104.915950085617,39.6661532810672],[-104.916389085724,39.6661552804751],[-104.916378088981,39.6675862818558],[-104.916377088953,39.6675942814472],[-104.916439088894,39.6675862811659],[-104.916567088466,39.6675862815483],[-104.916591088683,39.6675862808743],[-104.916633089342,39.6675862812602],[-104.916782089254,39.667586280245],[-104.916792088856,39.6675862803193],[-104.916831088472,39.6675862801563],[-104.917144088988,39.6675852799785],[-104.91754408822,39.667585279328],[-104.917551094866,39.6699952805971],[-104.917553097513,39.6708722816488],[-104.917555099132,39.6714272821226],[-104.917557101603,39.6721962822068],[-104.917557102243,39.6724622830604],[-104.917558102482,39.6725622830947],[-104.917559102656,39.6729842832933],[-104.917595103576,39.6730042834098],[-104.919218104843,39.6738812804866],[-104.919234104609,39.673890280982],[-104.919298104643,39.6739182802102],[-104.919329104961,39.6739292804899],[-104.919365105317,39.6739422806963],[-104.919434104369,39.6739612804087],[-104.919470105429,39.6739682801105],[-104.919505105275,39.6739752802617],[-104.919578104417,39.6739852800132],[-104.919652105339,39.6739902794648],[-104.919689104898,39.6739902801714],[-104.919726104465,39.6739902799659],[-104.919818104947,39.6739862791762],[-104.919920105294,39.6739882794955],[-104.920020104731,39.6739982788949],[-104.920120104749,39.674014278687],[-104.920217105224,39.6740362784867],[-104.920311104809,39.6740662787532],[-104.920401104944,39.674101278836],[-104.920487104383,39.6741422785169],[-104.920569105369,39.674190278495],[-104.920644104547,39.674242278151],[-104.921050105524,39.674563277081],[-104.921048106159,39.6747002774439],[-104.921047106853,39.6748372773212],[-104.922251106155,39.6748352752607],[-104.922251106461,39.6748802752028],[-104.922251106092,39.6749182757907],[-104.92225310652,39.6752592758163],[-104.922254107763,39.6755222755768],[-104.922254107679,39.6755562761439],[-104.922327108589,39.6756032758845],[-104.922361107594,39.6756202761467],[-104.92238210847,39.6756302753357],[-104.922403108246,39.675639275638],[-104.922438107565,39.6756532760534],[-104.922487107821,39.67566927544],[-104.922541108603,39.6756832754932],[-104.922660108284,39.6757002752323],[-104.922722108102,39.6757032754923],[-104.922775107507,39.6757022747484],[-104.922816108456,39.6756992749633],[-104.922864107784,39.6756932750587],[-104.922909108173,39.6756852743675],[-104.922952107347,39.6756752750883],[-104.922991107446,39.6756642744013],[-104.923059108017,39.6756422743544],[-104.92309210769,39.6756302741313],[-104.923142107852,39.6756112742059],[-104.923188107635,39.6755932742253],[-104.923231107286,39.6755732743625],[-104.923300107277,39.6755392736349],[-104.92332810777,39.6755252735844],[-104.923353106864,39.6755112741171],[-104.923425107384,39.6754692735956],[-104.923429109428,39.6764052746247],[-104.923430110236,39.6765642739357],[-104.923514110603,39.6765642742518],[-104.924453110175,39.6765632726451],[-104.92446310989,39.6765632720612],[-104.924464108815,39.6762082720598],[-104.924501108608,39.6762022716794],[-104.924759108252,39.6761542714417],[-104.924755108677,39.6762982712227],[-104.924754108943,39.6763542719029],[-104.925283108227,39.6763542705412],[-104.925283109226,39.6764022706872],[-104.925286109767,39.6766442711937],[-104.925286109519,39.676653270993],[-104.925287109446,39.676743271182],[-104.925301109574,39.6767422704897],[-104.925744109926,39.6767382699278],[-104.925746109593,39.6766522699973],[-104.925746109762,39.6766442699757],[-104.925746108701,39.6765842698008],[-104.925764109118,39.6765842694563],[-104.925781109444,39.6765842696285]],[[-104.930428080475,39.6675712544794],[-104.930428083249,39.6684762547252],[-104.929426083413,39.6684792567146],[-104.929256083492,39.6684792573722],[-104.929255086235,39.6693812577156],[-104.929255086519,39.6693912582183],[-104.928474086521,39.6693932596569],[-104.928074087782,39.6693932606239],[-104.928079086668,39.6691142598455],[-104.928081086015,39.6689672595627],[-104.927201086865,39.6689662614591],[-104.9272330862,39.6690112615761],[-104.928018089613,39.6701052610672],[-104.928487090976,39.6707592606814],[-104.929651095215,39.6723832591811],[-104.930780094091,39.6723892573533],[-104.930777095515,39.6728112575287],[-104.931617095704,39.672809255676],[-104.931618095602,39.6730122560842],[-104.931620096641,39.6733632564435],[-104.931641096349,39.6733632561938],[-104.933885095816,39.6733482517778],[-104.933878089608,39.6711932502106],[-104.933031090147,39.6711942517031],[-104.933031089041,39.6710962517344],[-104.933030088889,39.6707982514862],[-104.933028088028,39.6705762512212],[-104.93290008789,39.6705772514527],[-104.931714088177,39.6705782540078],[-104.931714088543,39.6706022541177],[-104.931717090383,39.6711962545791],[-104.931610090415,39.6711962542712],[-104.931608089149,39.6705782540288],[-104.931608089189,39.670560254398],[-104.931606088363,39.6702852540498],[-104.931606087977,39.6702042538978],[-104.931602084582,39.6693822535716],[-104.931594079284,39.6675702521956],[-104.930428080475,39.6675712544794]],[[-104.903915991408,39.6263162751289],[-104.903908985946,39.6241872734549],[-104.902903987073,39.6241822749084],[-104.902795987259,39.6243052756146],[-104.902808987102,39.6243482753291],[-104.902897988073,39.6246482759286],[-104.903284991246,39.6259552760945],[-104.903511991497,39.6263512755302],[-104.90378699309,39.6268292752899],[-104.903916992659,39.6268302754511],[-104.903916992207,39.6267192755568],[-104.903915991408,39.6263162751289]]]},"properties":{"OBJECTID":12,"DIST_NUM":4,"DIST_REP":"Diana Romero Campbell","NOTES":null,"GLOBALID":"0117730c-d7b3-4298-9d29-125c09435a75","URL_LINK":"https://www.denvergov.org/district4"}},{"type":"Feature","id":13,"geometry":{"type":"Polygon","coordinates":[[[-104.903455281453,39.740147359925],[-104.90345728064,39.7398563598404],[-104.903463279225,39.7389903595055],[-104.903465278494,39.7387023594697],[-104.903463277366,39.7384143589381],[-104.903459275116,39.7375563586444],[-104.903458275151,39.7372713578363],[-104.903458273899,39.7369413576546],[-104.90345827146,39.7359543570517],[-104.903458270019,39.7356283566431],[-104.90345826995,39.7354393564089],[-104.903455268588,39.7348813562518],[-104.903455267993,39.7346973565571],[-104.903454267208,39.7345903557049],[-104.90345426708,39.7342983559414],[-104.903454266713,39.7342753560863],[-104.903454266315,39.7341733554802],[-104.903454266108,39.7341223560765],[-104.903454265939,39.7340953553848],[-104.903455266161,39.733870355289],[-104.903455265249,39.7337973557777],[-104.903456265222,39.7336143554377],[-104.903458264317,39.7330753549673],[-104.903459262916,39.7328963545094],[-104.903353263502,39.73289435523],[-104.903038263739,39.7328803559443],[-104.90295426334,39.7328773555732],[-104.902933263267,39.7328773561913],[-104.902754262595,39.7328763558436],[-104.902218262728,39.7328763575357],[-104.902040263306,39.7328743578265],[-104.902018263513,39.7328743577041],[-104.901952262961,39.7328743582065],[-104.901931262896,39.7328743577451],[-104.9017392631,39.7328743579887],[-104.901166263293,39.7328763590154],[-104.900977262653,39.7328763597696],[-104.900759262971,39.732876360244],[-104.900109262025,39.7328753618554],[-104.899893261787,39.7328753619127],[-104.899667261948,39.7328753627929],[-104.89898926166,39.732874363966],[-104.898764261949,39.7328733639575],[-104.89874626222,39.7328733638482],[-104.897759261162,39.7328703659885],[-104.897741261427,39.7328703666261],[-104.897589261115,39.7328703666836],[-104.897277261938,39.7328693669081],[-104.896870261244,39.7328673677726],[-104.896513261577,39.7328663685652],[-104.89598126134,39.732864370045],[-104.89520026056,39.7328623711336],[-104.894377261259,39.7328593726775],[-104.894058260519,39.7328583733613],[-104.893369260192,39.7328563749068],[-104.892822260796,39.7328563761586],[-104.891337259407,39.73285637914],[-104.891188259398,39.7328563792435],[-104.890743259969,39.7328563806749],[-104.890595259681,39.7328563807007],[-104.890360259243,39.7328553812746],[-104.889656258842,39.73285238267],[-104.889422258773,39.732852382717],[-104.889182259169,39.7328523835776],[-104.888465259584,39.7328543848208],[-104.88822625852,39.7328543853186],[-104.888165258889,39.7328543851752],[-104.888107258435,39.7328543852859],[-104.888049259147,39.7328543853742],[-104.887990258965,39.7328543856317],[-104.887282259101,39.7328543873273],[-104.887047258092,39.7328543873462],[-104.886811258513,39.7328543879964],[-104.886103258012,39.7328533891387],[-104.885868258736,39.7328523897535],[-104.885719258673,39.7328523901365],[-104.885273258228,39.732850391352],[-104.885125257889,39.7328503917025],[-104.885041258143,39.7328493915735],[-104.885004257765,39.7328493918293],[-104.884791258318,39.7328483917954],[-104.884752258485,39.7328483923256],[-104.884704257617,39.7328483926082],[-104.884701257871,39.7327723924159],[-104.884701257914,39.7327453925755],[-104.88470725479,39.7315993918249],[-104.884708255034,39.7314753915608],[-104.884708254229,39.7313843907819],[-104.884709254711,39.7313253911947],[-104.884709254225,39.7312453913878],[-104.884709253854,39.7312363908335],[-104.884709254642,39.731227391186],[-104.884711253273,39.7309073906861],[-104.884713252905,39.7305683901845],[-104.884789252759,39.7304453900272],[-104.884795252254,39.7304373899812],[-104.884876251794,39.7303253898643],[-104.884916252646,39.7302763900094],[-104.884972251717,39.7302103895574],[-104.8850382523,39.7301403891676],[-104.885077251337,39.7301003890786],[-104.885182251563,39.7300043887712],[-104.885191251793,39.7299953893115],[-104.885314251314,39.7298963890822],[-104.885363250912,39.7298613886127],[-104.885444251693,39.7298033887338],[-104.885582250858,39.7297173878129],[-104.885938250692,39.7295093874115],[-104.886408249865,39.729233386054],[-104.886521249629,39.7291503862319],[-104.886378250167,39.7290533859603],[-104.88527424762,39.7283073873212],[-104.88503024749,39.7281423880557],[-104.884958247374,39.7280903879259],[-104.884925246849,39.7280673884012],[-104.884887246452,39.7280373887089],[-104.884824246359,39.7279863884748],[-104.884771246332,39.7279393882092],[-104.884728246243,39.727900388776],[-104.883360243481,39.7264773897367],[-104.882578240574,39.7256633910295],[-104.882508240476,39.7255913910495],[-104.882493241173,39.7255753908653],[-104.881997239071,39.7250583918695],[-104.881824240313,39.7251573917768],[-104.881731239991,39.7252073920287],[-104.881657239948,39.7252473926594],[-104.88158024059,39.7252843925977],[-104.881510240436,39.725318393063],[-104.881485239793,39.7253303929924],[-104.881442239735,39.7253483932361],[-104.881373240014,39.7253773928567],[-104.881307240252,39.7254063938023],[-104.881296240642,39.7254103935548],[-104.881224240403,39.7254363933293],[-104.881153240237,39.7254633935805],[-104.881123240864,39.725474393495],[-104.881067240874,39.7254923936677],[-104.880966240966,39.7255253939786],[-104.88093624052,39.7255343943127],[-104.880887240437,39.7255483943506],[-104.880813239957,39.7255683946743],[-104.880745240175,39.7255873943491],[-104.880546240495,39.7255873951146],[-104.880178241001,39.7255863954089],[-104.880176240586,39.7255863956781],[-104.880163240818,39.7255863956403],[-104.878613240024,39.7255833989394],[-104.878599240632,39.7255833988532],[-104.878598239842,39.7255833989712],[-104.875333239576,39.7255774055536],[-104.875333239714,39.7254984052902],[-104.875337234088,39.7232244039473],[-104.875342227659,39.7201354015182],[-104.875343227346,39.7199334009715],[-104.87534322638,39.7197124004427],[-104.87534322632,39.7196904010862],[-104.87534322655,39.7196554011697],[-104.875344226115,39.7194094009699],[-104.875344225884,39.7192284000586],[-104.875305225427,39.7192284010166],[-104.875227225694,39.7192284010989],[-104.875222225954,39.7191494011192],[-104.875209225316,39.7190704009749],[-104.875187224702,39.7189924005276],[-104.87515622456,39.7189164004413],[-104.87511622534,39.7188434004776],[-104.87506922453,39.7187724006645],[-104.875014224635,39.718705400631],[-104.874951224495,39.7186424012605],[-104.874881224826,39.7185834006528],[-104.874949224085,39.7185034005747],[-104.874880223603,39.7184544011358],[-104.874578224263,39.7183304010575],[-104.874471223196,39.7182574012831],[-104.874216223288,39.7182204019971],[-104.873964222991,39.7182054021787],[-104.873568223958,39.71820940344],[-104.873408223934,39.7182034038449],[-104.872897223796,39.7181884044253],[-104.872274223653,39.7181934057792],[-104.870739222851,39.7182054089249],[-104.870644223434,39.7182064093643],[-104.870666208721,39.7110564035786],[-104.870666207095,39.7107084026999],[-104.87066520738,39.7105974031052],[-104.870665206345,39.7102154027938],[-104.870665206649,39.710164402826],[-104.870665206494,39.7101024026846],[-104.870665205792,39.7100324025786],[-104.870665205477,39.7099894025647],[-104.870665205709,39.7099544025135],[-104.870665206231,39.7099364021547],[-104.869486206449,39.7102174046959],[-104.866437208273,39.7109434112784],[-104.866357208206,39.7109624118991],[-104.866304208048,39.7109754115995],[-104.865974208111,39.7110544128454],[-104.865974208579,39.7109764127839],[-104.865974208017,39.7107914121122],[-104.865974206899,39.7106324126513],[-104.865974206686,39.7104884124392],[-104.8659732055,39.7094834118745],[-104.86597320524,39.7093074117419],[-104.865972201077,39.7074444099669],[-104.865972201348,39.7074294097982],[-104.865971198425,39.7059884086319],[-104.865971197713,39.7057034088368],[-104.865970195015,39.7045934079504],[-104.86597019491,39.7043184075408],[-104.865969193539,39.7039054069964],[-104.867016192873,39.7035724048518],[-104.868080191836,39.703309402164],[-104.868239192533,39.7032704023851],[-104.868275191773,39.7032624021266],[-104.86834419184,39.7032414019221],[-104.868411191613,39.7032154019803],[-104.868475192437,39.7031864018915],[-104.868487192295,39.7031794012678],[-104.868535192014,39.7031524012371],[-104.86859219229,39.7031144015723],[-104.8686431922,39.703073400974],[-104.868690192011,39.7030274007349],[-104.868731190947,39.7029804009191],[-104.868767190831,39.7029294003868],[-104.868798191489,39.7028774002603],[-104.868822191337,39.7028224001642],[-104.869336188314,39.7015023987261],[-104.869390187814,39.701406398436],[-104.869430187433,39.7013463986509],[-104.869460188377,39.7013033981302],[-104.869541187506,39.7012063977358],[-104.869633187508,39.7011153972432],[-104.869735186749,39.7010303975643],[-104.869846186653,39.7009533973728],[-104.869966186877,39.7008833968689],[-104.870092186817,39.7008223966134],[-104.870225186594,39.700769395865],[-104.870364186502,39.7007263960001],[-104.870508186974,39.7006923954769],[-104.870654185942,39.7006683950982],[-104.870653185844,39.7005493951152],[-104.870653185829,39.7005363953608],[-104.870653186221,39.7003753949355],[-104.870652184624,39.6997853944592],[-104.870652184337,39.6997683947049],[-104.870652183785,39.6992643944099],[-104.870651182887,39.6988253937884],[-104.8706511829,39.6987443940904],[-104.870650181719,39.6984763934733],[-104.87065018108,39.6983643935615],[-104.868305181621,39.6983663984707],[-104.868205182193,39.6983663980929],[-104.868208184918,39.6997313993224],[-104.868208185106,39.6999903992525],[-104.868208185348,39.7001814001461],[-104.867150185442,39.7001804015048],[-104.867147183995,39.6992764006817],[-104.86596518461,39.6992794030829],[-104.865965184599,39.6992714030889],[-104.865965184339,39.6990874032217],[-104.865964182249,39.6985044024429],[-104.865964182064,39.6983724025034],[-104.865964181203,39.6979594019758],[-104.865963179175,39.6965604009189],[-104.866050178149,39.6965604006864],[-104.866087179262,39.6965604010941],[-104.867132178926,39.6965603993027],[-104.868305178592,39.6965593969692],[-104.86833617861,39.6965593968582],[-104.868914178273,39.6965593954096],[-104.868983178606,39.696559395493],[-104.869004178352,39.6965593955867],[-104.86914317805,39.696555394662],[-104.869391178351,39.6965593944808],[-104.86958317836,39.6965593944161],[-104.869664177378,39.6965593944725],[-104.870648178267,39.6965593920379],[-104.870666178048,39.6965593919923],[-104.872994177092,39.6965583872657],[-104.875310176973,39.6965573825991],[-104.875310176815,39.6965843828095],[-104.875314178962,39.6975353838228],[-104.875315178759,39.69765438385],[-104.875316180055,39.697927384181],[-104.875316179575,39.6979973836574],[-104.875316180296,39.6980893844663],[-104.875318180869,39.6984253848109],[-104.87531818101,39.6984393843448],[-104.877723179903,39.6984473800826],[-104.877732176092,39.6965603780644],[-104.882313175165,39.6965753691713],[-104.88231317585,39.6965633691874],[-104.884353174775,39.6965653650743],[-104.884649175157,39.6965653651276],[-104.891716173829,39.6965873508807],[-104.89172817367,39.6965873508024],[-104.891747173803,39.6965873509031],[-104.891926172852,39.6965883504665],[-104.892636173638,39.6965903488105],[-104.89322717291,39.6965923476886],[-104.893324173166,39.6965923473581],[-104.893361173059,39.6965923472843],[-104.893504172604,39.6965933469783],[-104.894044173041,39.6965943464523],[-104.894095173053,39.6965953460036],[-104.894093170614,39.6958903452874],[-104.894339171365,39.695891345026],[-104.894767170496,39.6958933441312],[-104.89477117276,39.6965973445115],[-104.894944173079,39.6965983446354],[-104.895077172846,39.6965983443341],[-104.895268172276,39.696603343788],[-104.895675172441,39.6966003435005],[-104.896386172027,39.6966033421222],[-104.89643117259,39.6966033416172],[-104.896607172891,39.6966043411814],[-104.896677172338,39.6966043409502],[-104.896824172684,39.6966043411473],[-104.896870171813,39.6965923411182],[-104.896911172555,39.696580340657],[-104.896950171923,39.6965643407351],[-104.896988171762,39.696546340633],[-104.897022172543,39.6965253405108],[-104.897030171859,39.6965203403306],[-104.897045171705,39.6965093404789],[-104.897056171836,39.6965023399249],[-104.89733217135,39.6962803397237],[-104.897376171145,39.6962643391664],[-104.89743117159,39.6962453397992],[-104.897901171367,39.6960733381396],[-104.899101168975,39.6953993350925],[-104.899158168357,39.6953673354738],[-104.89956716983,39.6958023351695],[-104.899642170078,39.695761334701],[-104.899696169245,39.6958193350866],[-104.89986917053,39.6960043347981],[-104.900183170826,39.6963413344077],[-104.900380171369,39.6965523336224],[-104.899749173234,39.6971563357414],[-104.899777172673,39.6971613352055],[-104.899890173144,39.6972023351308],[-104.90079317354,39.6975353342337],[-104.901140173928,39.6976613329375],[-104.901456174809,39.6977753322895],[-104.901834174905,39.6979133317418],[-104.901867174221,39.6979253320219],[-104.903208175322,39.6984113301016],[-104.903509176224,39.6985203290551],[-104.903509175363,39.698257328779],[-104.903508172739,39.6974983284975],[-104.903508172716,39.6974363282281],[-104.903508172214,39.6970343280156],[-104.903508170733,39.6966283277512],[-104.903464170488,39.6965803280577],[-104.902408168412,39.6954423287773],[-104.90253816839,39.6955283284885],[-104.902595168539,39.6955663284159],[-104.902708168413,39.6956163290159],[-104.902717169097,39.6956203287874],[-104.902759169105,39.6956303281654],[-104.902873169034,39.6956583287791],[-104.903047168426,39.6956733278903],[-104.903319168511,39.6956673271279],[-104.903456168888,39.6956643275323],[-104.903508168198,39.6956633267272],[-104.903556168047,39.6956633270034],[-104.903758168733,39.6956633263811],[-104.904508168499,39.6956653252922],[-104.904759167898,39.6956663249465],[-104.904810167667,39.6956663245838],[-104.904823167699,39.6956663246294],[-104.904870168351,39.6956663247163],[-104.905502168643,39.6956683235225],[-104.90553316818,39.6956683235133],[-104.905650168466,39.6956683231538],[-104.905695168094,39.6956693224773],[-104.905912167742,39.6956713223454],[-104.906024167608,39.6956783217793],[-104.906158167773,39.6956953218466],[-104.906284168437,39.6957363218445],[-104.906403167878,39.695777321493],[-104.906491168099,39.6958293214886],[-104.906610168618,39.6958993215309],[-104.906714168557,39.6959693214298],[-104.906854168831,39.6960843205361],[-104.907002169308,39.6962023203977],[-104.907239169022,39.6963913201899],[-104.9073871697,39.6964843198451],[-104.907480169498,39.6965253197617],[-104.90755716977,39.6965603196303],[-104.907721169528,39.6966013194463],[-104.907928169694,39.6966323189474],[-104.908211170101,39.6966263190052],[-104.908231169434,39.6966263187688],[-104.909146169419,39.6966263170751],[-104.910510169842,39.6966253137506],[-104.911155168843,39.6966253126198],[-104.911954169498,39.6966253116447],[-104.912189169081,39.6966243104442],[-104.912266168753,39.6966243107046],[-104.912332168971,39.6966243108902],[-104.912785169476,39.6966243094397],[-104.912890169132,39.6966243094964],[-104.91294216857,39.6966253094651],[-104.912943168845,39.6966773097832],[-104.912894173325,39.6983513108842],[-104.91288917386,39.6984473107676],[-104.912891174222,39.6985293109726],[-104.912890175061,39.6990423108816],[-104.912887178888,39.7001353116644],[-104.912886178875,39.7002473124661],[-104.912888179228,39.7003353121404],[-104.912893183286,39.7019803135182],[-104.912894183774,39.7020543131735],[-104.912894183422,39.70214731336],[-104.912897185046,39.7027623135607],[-104.912894186223,39.7029323143174],[-104.912902185837,39.7030323140656],[-104.91293518756,39.7037343149307],[-104.912940188147,39.7038633145935],[-104.912976187849,39.7038633141449],[-104.913169187876,39.7038633144619],[-104.91432518823,39.7038633123647],[-104.914711188262,39.7038633109569],[-104.915734189884,39.704392309602],[-104.918808193049,39.7059853050203],[-104.919834194563,39.7065163032724],[-104.920291196001,39.706746301891],[-104.920492195967,39.7068473015838],[-104.92062819566,39.7069073019333],[-104.920753195723,39.706954301415],[-104.920862196307,39.7069953017385],[-104.920990196453,39.7070363009217],[-104.921131196802,39.7070743006974],[-104.921304196466,39.707113300798],[-104.921505196835,39.7071543000964],[-104.9217391967,39.7072022993441],[-104.921754197335,39.7072052994396],[-104.922259197463,39.7073042991908],[-104.92249919703,39.7073492982666],[-104.923116197933,39.7074642973529],[-104.92322319738,39.7074832970872],[-104.923466197571,39.7075252969852],[-104.923703197559,39.7075602965327],[-104.924050198162,39.7076122953345],[-104.924415197359,39.7076592949898],[-104.92447319751,39.7076672950311],[-104.924649197791,39.7076952948257],[-104.924779198529,39.7077152937346],[-104.924880197964,39.7077332943691],[-104.924977197729,39.7077492938429],[-104.925130197859,39.7077762932857],[-104.925562198598,39.707854292555],[-104.925693197988,39.7078782925923],[-104.925790198112,39.7078952920619],[-104.925920198283,39.7079192923711],[-104.926028198518,39.7079392914928],[-104.926489199215,39.7080232905532],[-104.926744199081,39.7080702905564],[-104.926983198867,39.7081142902152],[-104.927031198972,39.7081222898092],[-104.927482198978,39.7082052896164],[-104.928982200473,39.7084792866966],[-104.929291200556,39.7085352854037],[-104.929482200424,39.7085702851319],[-104.929494200039,39.7085732858913],[-104.929533200478,39.7085802851747],[-104.929547199991,39.7085822850541],[-104.92982219994,39.7086382849814],[-104.929861200481,39.7086462848226],[-104.93024420012,39.7087242841787],[-104.930802201413,39.7088632827904],[-104.93095920118,39.70890928322],[-104.931683201428,39.7091282818795],[-104.931682202147,39.7091482813733],[-104.9316792041,39.7099422825401],[-104.93167420778,39.7110962829425],[-104.933810207325,39.7110922785729],[-104.934421207581,39.7110902778269],[-104.934766207926,39.7110902771587],[-104.936132207733,39.7110872745102],[-104.93627720758,39.7110862735346],[-104.938191206866,39.711082270209],[-104.940345206913,39.7110782655711],[-104.940686206887,39.7110772647684],[-104.940687207462,39.711223264855],[-104.940656207883,39.7114232657661],[-104.940706207895,39.7114232657431],[-104.940822208703,39.7114272651014],[-104.941349208192,39.7114442640447],[-104.942185208519,39.7114712622575],[-104.942560208528,39.7114992617972],[-104.942801208959,39.7114972611965],[-104.943164208114,39.7114942606092],[-104.943526208042,39.7114922602436],[-104.943768208989,39.7114902596933],[-104.94400920889,39.7114912586096],[-104.944383208334,39.7114922584778],[-104.944732208096,39.7114922573688],[-104.944974208578,39.7114932572299],[-104.945215208485,39.7114942563773],[-104.94557920883,39.7114942559547],[-104.94594120827,39.711495254652],[-104.946183208759,39.7114962547277],[-104.94623220822,39.71149625485],[-104.946246208238,39.7114962541101],[-104.946487209106,39.7115092541273],[-104.946554208345,39.7113812537473],[-104.946589207799,39.7113772536408],[-104.946886207901,39.7113472535454],[-104.947546208201,39.7115002523246],[-104.948010208523,39.7116102511996],[-104.948048208954,39.7116192508628],[-104.948118208756,39.7116532506406],[-104.948202208727,39.7116952511163],[-104.948229209202,39.7117062508842],[-104.948255209099,39.7117172504557],[-104.948365208816,39.711734250779],[-104.948457209164,39.7117572498472],[-104.948483208941,39.7117792503707],[-104.948509209907,39.7118012499929],[-104.948540209757,39.7118482500239],[-104.948552209466,39.7118662497874],[-104.948600209519,39.7119382497348],[-104.948621209901,39.7119562502521],[-104.9486422103,39.7119742498649],[-104.948724209849,39.7120202495446],[-104.9488012101,39.7120702500124],[-104.948827210043,39.7120882496014],[-104.94885421059,39.7121062493696],[-104.948868210918,39.7121182499841],[-104.948903210299,39.712147249491],[-104.948997210754,39.712262249252],[-104.949040211669,39.7123142492335],[-104.949052211656,39.7123362497986],[-104.949064211658,39.7123582494615],[-104.949096211482,39.7124162496136],[-104.949130212276,39.7125032495623],[-104.949139211781,39.7125292495291],[-104.949143212093,39.7125412492112],[-104.949148212459,39.7125552495004],[-104.949152211524,39.7125632492221],[-104.949203212251,39.7126542494486],[-104.949228211855,39.712683249762],[-104.949252212904,39.7127112492338],[-104.94931621248,39.7127692496282],[-104.949351212594,39.7127952488057],[-104.949386213037,39.7128222495384],[-104.949467212825,39.7128662489763],[-104.949590213598,39.7129322487457],[-104.94961821325,39.7129512491661],[-104.949647213528,39.7129702488573],[-104.949737212886,39.7130312483572],[-104.949787214124,39.7130642483668],[-104.949834213585,39.7130972487255],[-104.949897213534,39.7131412483339],[-104.949925214143,39.7131482479237],[-104.949953213585,39.7131552484021],[-104.94997121383,39.7131582480992],[-104.950017214051,39.7131662478324],[-104.950027214043,39.7131762480858],[-104.950034214224,39.7131852480598],[-104.950033213766,39.7132072480771],[-104.950030213601,39.7132482477527],[-104.950046214432,39.7132782479041],[-104.950062214111,39.7133082480476],[-104.950122214513,39.7133582482971],[-104.950165214966,39.7133792479797],[-104.950206215063,39.7133992475405],[-104.950326214838,39.7134522481844],[-104.950403214636,39.7135032473258],[-104.950428215403,39.713519247757],[-104.950453215349,39.713536247942],[-104.950496215005,39.7135612474498],[-104.950509215131,39.7135692477387],[-104.950632215609,39.7136242471973],[-104.950647215493,39.7136312471399],[-104.950661215934,39.7136382469165],[-104.950717215231,39.7136762472256],[-104.950747215229,39.7137012471813],[-104.9507762158,39.7137262469659],[-104.950879215708,39.7138112465332],[-104.950928216252,39.7138822467679],[-104.951015216787,39.7139592463791],[-104.951087216859,39.7140342466521],[-104.951118216643,39.7140662468107],[-104.951135217332,39.7140852468729],[-104.951173217246,39.7141252462567],[-104.951194217146,39.7141482469067],[-104.951279217538,39.7142232464621],[-104.951297217903,39.7142392464708],[-104.951346217096,39.7142872465674],[-104.951430218095,39.714368246227],[-104.951475217823,39.7144042457761],[-104.951501218014,39.7144252458418],[-104.951517217703,39.714439245968],[-104.951535218178,39.714455245939],[-104.951591218727,39.7144902456333],[-104.951609217842,39.7145022456358],[-104.951684218591,39.714540245784],[-104.951708218585,39.714547246109],[-104.951732218592,39.7145542455285],[-104.95186021879,39.7145852456553],[-104.951897218933,39.7145892450857],[-104.951934218261,39.7145942451637],[-104.951985218361,39.7146062448466],[-104.952033218922,39.7146182449452],[-104.952075218419,39.7146312447544],[-104.952095219111,39.7146372455227],[-104.952117218742,39.7146432447899],[-104.952220218613,39.7146772444516],[-104.952421218725,39.7147412445964],[-104.952449218608,39.7147502439993],[-104.952462218905,39.7147542441177],[-104.952502218826,39.7147682441353],[-104.952544219046,39.7147892445796],[-104.952594219154,39.714815244121],[-104.952658219008,39.714848244072],[-104.952680218872,39.7148642444596],[-104.952703219382,39.7148802440946],[-104.952734219049,39.7148992442004],[-104.95281321957,39.7149492440627],[-104.952872219324,39.7149772434404],[-104.952904219782,39.7149932434645],[-104.953063220611,39.715067243825],[-104.953157220219,39.7151162431751],[-104.953197220369,39.7151362433284],[-104.953272219897,39.7151762428676],[-104.953352220303,39.7152192432681],[-104.953503220937,39.7152912423479],[-104.953631220538,39.7153522423953],[-104.953664220849,39.7153652421627],[-104.953697221166,39.7153782428215],[-104.953779220791,39.7154052425084],[-104.953812221591,39.7154132425254],[-104.953846221497,39.7154202420056],[-104.953912220876,39.7154272423227],[-104.953945221345,39.715431242352],[-104.953990221313,39.7154382415146],[-104.954033221166,39.715445242185],[-104.954070221496,39.7154482420674],[-104.954107221828,39.7154512419383],[-104.954246221711,39.7154622412122],[-104.954293221824,39.7154722416188],[-104.954296221804,39.7154732408872],[-104.954365221235,39.7154872414919],[-104.954506221724,39.7155262412706],[-104.95463022159,39.7155732403166],[-104.95472222198,39.715596240725],[-104.954757222312,39.7156022403129],[-104.954793222124,39.7156082400194],[-104.95480922191,39.7156112405059],[-104.954952222522,39.7156342402168],[-104.955089222523,39.7156622395873],[-104.955266222329,39.7156922398224],[-104.955281221913,39.7156962398779],[-104.95530522226,39.7157022397024],[-104.955344222203,39.7157122395694],[-104.955439222528,39.715729239422],[-104.955467221933,39.7157322395268],[-104.955496221991,39.7157352388526],[-104.955562222498,39.7157352390131],[-104.955599221827,39.7157352391233],[-104.955726222367,39.7157362384335],[-104.95577022281,39.715742238831],[-104.955790222915,39.715745238777],[-104.955807221849,39.715747238584],[-104.955836222739,39.715752238254],[-104.955906222985,39.7157652383152],[-104.95593422208,39.7157702378307],[-104.955948222586,39.7157722381597],[-104.955991222839,39.7157792381135],[-104.956100223035,39.7157932380407],[-104.956284222883,39.7158162374483],[-104.956325222658,39.715822237278],[-104.956337223064,39.7158242373234],[-104.95636622244,39.7158282370935],[-104.956482222387,39.7158472372002],[-104.95661322326,39.7158702370832],[-104.956650223082,39.7158712366264],[-104.956687223319,39.7158732368223],[-104.956771223069,39.7158712370508],[-104.956794222343,39.7158702363177],[-104.957073222881,39.7158702363977],[-104.957211222608,39.7158712362327],[-104.957409222346,39.7158662357988],[-104.957496222582,39.7158582354685],[-104.957551223267,39.7158532354121],[-104.957661223315,39.7158402350303],[-104.957798222374,39.7158252342784],[-104.957836222976,39.7158212347503],[-104.95790222283,39.7158142343624],[-104.957954222247,39.7158082340352],[-104.958114222577,39.7157892335765],[-104.9582812227,39.7157782335066],[-104.95830222296,39.7157772331804],[-104.95835222235,39.7157742335601],[-104.958479222403,39.7157582330478],[-104.958656222018,39.7157372331267],[-104.958701222187,39.7157302329215],[-104.958723222892,39.7157262324351],[-104.958808222759,39.7157132321299],[-104.958871222361,39.715705232045],[-104.95890422195,39.7157012325841],[-104.958938222185,39.7156972323124],[-104.958972222416,39.715693232031],[-104.959107222391,39.7156792320323],[-104.959126222036,39.7156772316051],[-104.95922722175,39.7156672317947],[-104.959309222515,39.7156582316982],[-104.959330222266,39.7156562314249],[-104.959399222568,39.7156492313796],[-104.959444222817,39.7156452310763],[-104.959460222844,39.7156432312219],[-104.959488222411,39.7156412315619],[-104.959580222784,39.7156302308657],[-104.959690222294,39.7156252302817],[-104.95971722187,39.7156322310334],[-104.959743221983,39.7156392307914],[-104.959831221818,39.7156402302801],[-104.959915222352,39.7156332303616],[-104.959927222598,39.7156322298544],[-104.959959222618,39.7156282300121],[-104.959991222634,39.7156242301609],[-104.960051222657,39.7156142296617],[-104.960071221716,39.7156072303586],[-104.960094222707,39.7156002295188],[-104.960144222336,39.7155882294834],[-104.960171221676,39.7155822296272],[-104.960207222349,39.7155742292159],[-104.960335221572,39.7155642289557],[-104.960473221989,39.7155482290238],[-104.96056722245,39.7155402288093],[-104.960618221737,39.7155362285472],[-104.960668221537,39.7155322290845],[-104.96074222155,39.7155282288438],[-104.960848221473,39.7155202284722],[-104.960894222399,39.7155142281749],[-104.960941222309,39.7155072281726],[-104.960992222234,39.7155022279899],[-104.961050221486,39.7154962276682],[-104.96115922139,39.7154892279135],[-104.961205221874,39.7154872274394],[-104.961255221413,39.7154852272492],[-104.961361222372,39.7154772273212],[-104.961409221194,39.7154692274413],[-104.961457221171,39.7154612275472],[-104.961588222248,39.715435227272],[-104.961708221607,39.7154012261507],[-104.961751221003,39.7153892267245],[-104.961794222052,39.7153782261509],[-104.961901221037,39.7153512258279],[-104.962007221161,39.71531622635],[-104.962082221745,39.7152892254214],[-104.962113221362,39.7152792254527],[-104.96212322157,39.7152762259607],[-104.962145221605,39.7152692255476],[-104.962216221193,39.7152502250471],[-104.962291221115,39.7152292252534],[-104.962472221369,39.7151862251182],[-104.962634220913,39.7151592241588],[-104.962745220604,39.7151322242323],[-104.962765220273,39.7151272239976],[-104.962788220675,39.7151222239536],[-104.962865220237,39.7151032243435],[-104.962910220885,39.7150942239101],[-104.962957221112,39.7150842238204],[-104.963024220084,39.7150652234822],[-104.963042220701,39.7150532238502],[-104.963060220152,39.7150412233095],[-104.963120220064,39.7150032234199],[-104.963199220046,39.7149352236893],[-104.963319219414,39.714843223045],[-104.963348219626,39.7148262225029],[-104.963376219705,39.7148102225568],[-104.96346621959,39.7147792225736],[-104.963586219355,39.7147522223742],[-104.963709219746,39.7147252222228],[-104.963777219796,39.7146902217277],[-104.963802219401,39.714677221698],[-104.96382721964,39.714663221904],[-104.963891218904,39.7146362219154],[-104.9639372191,39.714628221804],[-104.96398021857,39.7146202215112],[-104.964044218493,39.7146102209927],[-104.964056218844,39.7146032214958],[-104.96406921866,39.7145962211472],[-104.964093218829,39.714581221482],[-104.964121219279,39.7145642215984],[-104.964157219126,39.7145432212731],[-104.964193218313,39.7145232206955],[-104.964243218737,39.7144912209883],[-104.964282218272,39.7144662208294],[-104.964385218244,39.7144062205102],[-104.964516217887,39.7143372200135],[-104.96460121798,39.7142992196854],[-104.964632217424,39.7142882201911],[-104.96466221741,39.7142772197427],[-104.96474321807,39.7142452194954],[-104.964839217826,39.7142182195909],[-104.964873217176,39.7142102194562],[-104.964906218231,39.714202219274],[-104.965002217146,39.7141782194186],[-104.965108217542,39.7141542190304],[-104.965142217997,39.7141462188232],[-104.965176217278,39.7141382186008],[-104.965250217331,39.7141332184706],[-104.965282217275,39.7141352184545],[-104.965314217765,39.7141382181939],[-104.965381217726,39.7141582180334],[-104.965416217442,39.7141692186618],[-104.965452217797,39.7141802184229],[-104.965508217529,39.7141972184522],[-104.965525218065,39.7142002184267],[-104.965543217439,39.7142042181953],[-104.965596217423,39.7142122184066],[-104.965636217724,39.7142142177124],[-104.96565021764,39.7142152180243],[-104.965684218259,39.714218217742],[-104.965763218176,39.7142242175635],[-104.965791217401,39.7142272179144],[-104.965819218346,39.7142312180282],[-104.96583421773,39.7142322174529],[-104.96587521805,39.7142352173775],[-104.965960217794,39.7142552175555],[-104.966056218129,39.7142912169568],[-104.966151217706,39.7143352170353],[-104.966209218588,39.7143662170688],[-104.966243218312,39.7143842166464],[-104.966270218345,39.7144022168785],[-104.966309218731,39.7144262169802],[-104.966323218443,39.7144372166278],[-104.966366218223,39.7144702164967],[-104.966422218471,39.7145082164854],[-104.966451219243,39.7145272165048],[-104.966549218943,39.7145962166952],[-104.966675219068,39.7146862162545],[-104.966789219426,39.7147522156438],[-104.966883219339,39.7148022163611],[-104.967014220304,39.7148682160181],[-104.967162220823,39.714959215411],[-104.967292220246,39.7150492152939],[-104.967398220762,39.71511621544],[-104.967567221073,39.7152062150579],[-104.967757221998,39.7153602149041],[-104.967901222449,39.7154762144889],[-104.967936222588,39.7155022143781],[-104.967972222809,39.7155292140374],[-104.968038222965,39.7155952139424],[-104.968085222732,39.7156372137888],[-104.968119222958,39.7156662137869],[-104.968181222553,39.7157232138818],[-104.968197222933,39.7157382141822],[-104.968270223367,39.7158202138514],[-104.968344224019,39.7158972137843],[-104.96840022367,39.7159682139146],[-104.968459224205,39.7160372136435],[-104.968475223588,39.7160602137872],[-104.968491224737,39.7160842136974],[-104.968612225252,39.7162112138942],[-104.968620224679,39.7162192129899],[-104.968634225132,39.7162342131997],[-104.968714225346,39.7163202135136],[-104.968720224641,39.7163262130537],[-104.968733225059,39.7163402134771],[-104.968766225348,39.7163812130959],[-104.968793225772,39.7164152134055],[-104.968817225909,39.7164382136011],[-104.968842225555,39.7164612129007],[-104.968905225902,39.7165162130859],[-104.968990225598,39.7165712125704],[-104.96904022596,39.7165932132351],[-104.969078226008,39.7166102131535],[-104.969111225807,39.7166342131353],[-104.969145226285,39.71665821312],[-104.969215226473,39.7167182129017],[-104.969240226943,39.7167422127782],[-104.969278226278,39.7167792123411],[-104.969356227048,39.7168582120564],[-104.969429227517,39.7169322119778],[-104.969539227649,39.7170422124603],[-104.96962922792,39.7171352123017],[-104.96967522797,39.71718321184],[-104.969721228683,39.7172322120232],[-104.969772228027,39.7172772122595],[-104.969791228256,39.7172952116237],[-104.969865229257,39.7173502113166],[-104.969902228276,39.7173752117376],[-104.969939229051,39.7173992114936],[-104.970020229565,39.7174492113999],[-104.970090229343,39.717502211413],[-104.97011322877,39.717516211684],[-104.97013622938,39.7175302110551],[-104.970245228914,39.7175742113591],[-104.970290229254,39.7175922106375],[-104.970334230108,39.7176102108021],[-104.970420229185,39.7176402107105],[-104.970486229273,39.7176632104805],[-104.970525229684,39.7176782104],[-104.970588229608,39.7177022107794],[-104.970635230556,39.7177112102788],[-104.970667229538,39.7177182102853],[-104.97068323047,39.7177212104118],[-104.97069323026,39.7177232098933],[-104.97075123067,39.7177382105637],[-104.970773230036,39.7177472101058],[-104.970796230696,39.7177572103056],[-104.970895230104,39.7178012100464],[-104.970983230799,39.7178552100804],[-104.971110231037,39.7178942097609],[-104.97120923059,39.7179192092912],[-104.97132623096,39.7179632094201],[-104.971370231408,39.7179742090698],[-104.971414230705,39.7179852086978],[-104.97155123083,39.7180052087563],[-104.971683230796,39.7180412084767],[-104.971774231606,39.7180632083522],[-104.97181323093,39.718070207955],[-104.971852230892,39.7180782082082],[-104.972107231009,39.7181352078642],[-104.972364231964,39.7181962077726],[-104.972538231763,39.7182372072619],[-104.972704232681,39.7182772069054],[-104.972733232422,39.7182842064127],[-104.972763231675,39.7182912067898],[-104.97287323246,39.7183192066612],[-104.972954232761,39.7183372058999],[-104.973021232113,39.7183522061313],[-104.973069232287,39.7183632059464],[-104.973137232514,39.7183802056105],[-104.973184232555,39.7183902056428],[-104.973248232297,39.7184052058209],[-104.973252232751,39.7184622055316],[-104.973266232888,39.7186452062169],[-104.97327123384,39.7187072055969],[-104.973252233713,39.7187642058898],[-104.973252234395,39.7189982063593],[-104.973258235294,39.7192582067041],[-104.973252236362,39.7193782068061],[-104.973250235769,39.719413206537],[-104.973249236162,39.7194362064326],[-104.973184236693,39.7196592066406],[-104.973100237571,39.7198092068311],[-104.973075237365,39.7198482070524],[-104.972995238014,39.7199692068419],[-104.972931238569,39.7201072075141],[-104.972928238984,39.7201272072698],[-104.972911238849,39.7202332073375],[-104.972911239451,39.7204742078014],[-104.972911244119,39.7215832086764],[-104.972911245375,39.7219542091462],[-104.972912245773,39.7223102086616],[-104.972915250127,39.723381209823],[-104.972916251616,39.7237012097732],[-104.972916250831,39.723741209988],[-104.972916251625,39.7237872096565],[-104.972916252875,39.724106209824],[-104.972915256427,39.7252092107142],[-104.972915257564,39.7255782111814],[-104.972919259303,39.7259182113514],[-104.972934262763,39.726942212357],[-104.972939263933,39.727285212501],[-104.972938265384,39.7276432126925],[-104.972936268302,39.7287192133698],[-104.972935270504,39.7290802135461],[-104.972703269692,39.7290802142871],[-104.972010269215,39.7290812152838],[-104.97177926922,39.7290812159921],[-104.971547269658,39.7290832157724],[-104.970852269895,39.7290882180061],[-104.970622269604,39.7290902177488],[-104.970389269608,39.729089218682],[-104.969693268693,39.7290882200341],[-104.96946226921,39.7290872200422],[-104.969317269674,39.7290872208992],[-104.968887269406,39.7290872215437],[-104.968742268704,39.7290872216868],[-104.96865526851,39.7290872224084],[-104.968394269109,39.7290872223912],[-104.968307268915,39.7290872228554],[-104.968073268678,39.7290872234446],[-104.96773026857,39.7290872240727],[-104.967374268121,39.729087224293],[-104.967142268941,39.7290882246402],[-104.966889268571,39.7290892257444],[-104.966564268221,39.7290912265859],[-104.966132267849,39.7290942271771],[-104.965881267936,39.7290952270851],[-104.965669267861,39.7290962279511],[-104.965352267714,39.7290972286967],[-104.965033267676,39.7290972296459],[-104.964823268076,39.7290982299776],[-104.964667268008,39.7290992297626],[-104.964241267786,39.729102230897],[-104.964205268093,39.7291022308841],[-104.964114268546,39.7291032314075],[-104.964051268501,39.7291032308565],[-104.963973268129,39.7291042310405],[-104.963741267623,39.7291052318813],[-104.963664268079,39.7291062319187],[-104.96343226821,39.7291062323967],[-104.963088267586,39.7291072326994],[-104.962737268101,39.7291082333616],[-104.96250626788,39.7291082338766],[-104.962274267984,39.7291082347731],[-104.961932267807,39.7291092354348],[-104.961581267102,39.7291102362456],[-104.961351267693,39.7291102363708],[-104.961118266944,39.7291102367105],[-104.960770267063,39.729110237381],[-104.960423266842,39.7291102380039],[-104.96019226658,39.7291102384789],[-104.960190265423,39.7287512382821],[-104.960184261845,39.727676237824],[-104.96018126137,39.7273202375301],[-104.960178261385,39.7272782375615],[-104.960181261293,39.7272182379661],[-104.960166260442,39.7271552375642],[-104.960163260018,39.7271172375207],[-104.960163260339,39.7270632371138],[-104.960164259284,39.7268132374913],[-104.960169256068,39.7259082365725],[-104.960171254925,39.7256092361831],[-104.96002625596,39.7256102370261],[-104.959593254781,39.7256132377426],[-104.959451255111,39.7256152379017],[-104.959337255488,39.7256152382565],[-104.958997255142,39.7256162385996],[-104.95888425558,39.7256172392695],[-104.958678255639,39.7256162393609],[-104.958228254824,39.7256162404226],[-104.958062255216,39.725616240551],[-104.957857255332,39.7256162408675],[-104.957695255353,39.7256162417961],[-104.957650255039,39.7256162415126],[-104.957282254386,39.7256162422598],[-104.957212255443,39.7256162426736],[-104.957051255082,39.7256162428239],[-104.956981254974,39.7256162430949],[-104.95677425509,39.72561724376],[-104.956705254605,39.7256172430783],[-104.956531255276,39.7256162439756],[-104.956449255079,39.7256162443378],[-104.956128254713,39.7256152444941],[-104.956011255044,39.7256152448701],[-104.955838254583,39.7256152455164],[-104.955778254155,39.7256152453885],[-104.95559925441,39.7256142460943],[-104.955540254363,39.7256132462124],[-104.955357254227,39.7256132458085],[-104.955226254064,39.7256132463385],[-104.954961254887,39.7256132465779],[-104.954810254185,39.7256132476553],[-104.954628254826,39.7256132471525],[-104.954579254082,39.7256142476237],[-104.954434253811,39.7256152478738],[-104.954386253847,39.7256162484022],[-104.954192254385,39.7256162483144],[-104.95403325439,39.7256162491117],[-104.953812254725,39.7256162491902],[-104.953611254421,39.7256162498682],[-104.953418254569,39.7256162495439],[-104.953177253613,39.7256142505585],[-104.952824253771,39.7256132514829],[-104.952658253751,39.7256122514315],[-104.95245425423,39.7256112517325],[-104.952214254446,39.7256102524901],[-104.951971253832,39.7256102529489],[-104.951613253923,39.725610253727],[-104.951497253851,39.7256102533727],[-104.951243253919,39.7256102541861],[-104.951002254032,39.7256112545288],[-104.950759253393,39.7256112551863],[-104.950395253407,39.7256112557703],[-104.950334253337,39.7256112563021],[-104.950294253432,39.7256112558517],[-104.950035253048,39.7256112568123],[-104.950013253274,39.7256112566463],[-104.949795253587,39.7256112568986],[-104.949736253919,39.7256112574688],[-104.949564253868,39.7256102574125],[-104.949507253435,39.7256102582148],[-104.949322252829,39.7256102579773],[-104.949194253808,39.7256102586328],[-104.948955252787,39.725610258978],[-104.948767253314,39.7256102591332],[-104.948582252694,39.7256102595334],[-104.948545253362,39.7256082595244],[-104.948437253109,39.7256062599073],[-104.948401253704,39.7256052597962],[-104.948196253719,39.7256052603911],[-104.947584252898,39.7256062612641],[-104.947381253303,39.7256062617256],[-104.947138252625,39.7256062621092],[-104.946778253381,39.7256062630976],[-104.946765252503,39.7256062632084],[-104.946751253175,39.725606263126],[-104.94641225292,39.7256062635678],[-104.946171252628,39.7256062641613],[-104.945956253187,39.7256072648778],[-104.94565025226,39.7256082651674],[-104.94531225301,39.7256092660144],[-104.945098252901,39.725609266513],[-104.944877253124,39.7256092669198],[-104.944553252683,39.7256082672722],[-104.944217252142,39.7256072685872],[-104.943997252907,39.7256062687059],[-104.943780252768,39.7256062688411],[-104.943456252327,39.725605269775],[-104.943153252058,39.7256042701407],[-104.943132251889,39.7256042707172],[-104.942916252307,39.725603270633],[-104.942841251715,39.7256032712369],[-104.942616252278,39.7256032718724],[-104.942542252477,39.7256032716232],[-104.942403251987,39.7256042719648],[-104.942389252652,39.7256042722641],[-104.94217625214,39.7256042721853],[-104.94198625219,39.7256042727351],[-104.941942251451,39.7256042729857],[-104.941849251881,39.7256042731432],[-104.941745251834,39.7256042732686],[-104.941437252094,39.7256022736534],[-104.94133525245,39.725602273907],[-104.941206251422,39.7256022746237],[-104.941060252009,39.725601274843],[-104.940819251649,39.725601275281],[-104.940756252319,39.7256012748543],[-104.940691251407,39.7256012756864],[-104.940615251192,39.725601275523],[-104.940615256086,39.726887276333],[-104.940604256792,39.7273782766664],[-104.940608262615,39.7292282780713],[-104.940608262808,39.7292292778301],[-104.940608266701,39.7304862785685],[-104.940608268682,39.7310292792138],[-104.940608268874,39.7310302789719],[-104.940602271988,39.7320782804636],[-104.940603271874,39.7322322801939],[-104.940606273689,39.7326932804869],[-104.940608273504,39.7328482801895],[-104.94060927431,39.7329702804664],[-104.940609273976,39.73300528095],[-104.940612276013,39.733479280648],[-104.940615276166,39.7336372807279],[-104.94061427699,39.7338482812892],[-104.940614279461,39.7344792814138],[-104.940615279957,39.734691282166],[-104.940615278983,39.7346922819172],[-104.940612279631,39.7347712816983],[-104.940606280184,39.7349132824547],[-104.940603280933,39.7350112820932],[-104.940602280278,39.7350922818717],[-104.940600281832,39.7354102820489],[-104.940594284432,39.7363662827602],[-104.940593285874,39.7366852836953],[-104.940589286802,39.7370042838385],[-104.940583289115,39.7379602839907],[-104.940580291081,39.7382802839951],[-104.940582292213,39.7386502846438],[-104.940590295194,39.7397592852315],[-104.940593296437,39.7401302856835],[-104.940593296629,39.7401312854384],[-104.940428296315,39.7401322860693],[-104.939723295634,39.7401352875398],[-104.939489295779,39.7401372877076],[-104.939380295855,39.7401362883947],[-104.93905329611,39.7401332889494],[-104.938944296038,39.7401312885772],[-104.938832295812,39.7401322892709],[-104.938496294798,39.7401332903021],[-104.938385295399,39.7401332901879],[-104.938155294796,39.740135290578],[-104.937466294605,39.7401382918752],[-104.937237294935,39.7401402925542],[-104.937019295258,39.7401392930128],[-104.936365294307,39.7401392939206],[-104.936148294455,39.7401382948525],[-104.936021294302,39.7401382950964],[-104.935643294604,39.7401392956411],[-104.935518294098,39.7401392959256],[-104.93541429462,39.7401392959647],[-104.935105294493,39.7401392964139],[-104.935003293498,39.7401392966769],[-104.934761294478,39.7401382975088],[-104.934041293195,39.7401382989995],[-104.933801293929,39.7401382991235],[-104.933579293871,39.7401382998345],[-104.932912292691,39.7401383009356],[-104.932691293616,39.7401383011925],[-104.932570293483,39.7401373016649],[-104.932207293243,39.7401363027454],[-104.932087292944,39.740135303042],[-104.931976292326,39.7401353031811],[-104.931644292684,39.7401363039632],[-104.931535292943,39.7401373040984],[-104.931413293058,39.7401373037097],[-104.931054292109,39.7401363052462],[-104.930934293041,39.7401363050281],[-104.930823292414,39.7401363049803],[-104.930489291859,39.7401363056804],[-104.930380292046,39.7401363058914],[-104.930263292451,39.7401363059985],[-104.929915291964,39.7401363075377],[-104.929800292056,39.7401373076201],[-104.929683292452,39.7401373080511],[-104.929336291785,39.7401373082204],[-104.929221291829,39.7401373088827],[-104.929108291537,39.7401373083259],[-104.928770291628,39.7401373090621],[-104.928659292144,39.7401373096808],[-104.928539291906,39.7401383094714],[-104.928185291254,39.7401393107359],[-104.928067291821,39.7401403107612],[-104.927958290814,39.7401403114251],[-104.92763429078,39.7401403121062],[-104.927526290771,39.7401403118349],[-104.927400291536,39.7401413119021],[-104.927025290952,39.7401433126231],[-104.926901291354,39.7401443128859],[-104.926675290675,39.7401463139229],[-104.926000290409,39.7401503151516],[-104.925776290501,39.740152315215],[-104.925542290032,39.740151316304],[-104.924842290647,39.7401483175575],[-104.924609290022,39.7401473180754],[-104.924373289837,39.7401483182803],[-104.923666290205,39.7401513200571],[-104.923431289863,39.7401513199121],[-104.923208289833,39.7401503207214],[-104.922543289216,39.7401453218157],[-104.922321289034,39.7401443222477],[-104.922189289609,39.7401443226507],[-104.921793289075,39.7401433232049],[-104.921662288387,39.7401423236657],[-104.921555289322,39.7401423237343],[-104.921238289181,39.7401413243461],[-104.921133288599,39.7401413248534],[-104.921018288578,39.7401413247042],[-104.920675287964,39.7401433257313],[-104.92056128883,39.7401443262156],[-104.920438289012,39.740144325737],[-104.92007128802,39.740144327074],[-104.91994928802,39.740144327409],[-104.919850288624,39.7401453272871],[-104.919555287951,39.7401463277574],[-104.919457288371,39.7401473277333],[-104.919320287441,39.7401473281639],[-104.918909288141,39.7401473294164],[-104.918773288201,39.7401473296498],[-104.918690287313,39.7401473294588],[-104.918441287092,39.7401463305925],[-104.918359287197,39.7401463306116],[-104.918198288053,39.7401463309037],[-104.917715287114,39.7401463313416],[-104.917556287476,39.7401473322989],[-104.917494287634,39.7401473325337],[-104.917314287083,39.7401473321249],[-104.917255286722,39.7401473326756],[-104.917067287539,39.740147332808],[-104.916508286621,39.7401483343187],[-104.916323286909,39.7401483346254],[-104.916068286388,39.7401483349564],[-104.915308286266,39.7401483367694],[-104.915056286377,39.7401483372073],[-104.914833286174,39.7401483372112],[-104.91416928547,39.7401503383751],[-104.913949285893,39.7401503390328],[-104.913719285503,39.7401513396463],[-104.913032285892,39.7401553409083],[-104.912803285289,39.740156341116],[-104.912728285312,39.7401563415182],[-104.912617285885,39.7401553416603],[-104.912504285422,39.7401553422711],[-104.912430285279,39.7401553420711],[-104.912272285746,39.7401543422719],[-104.911798284828,39.7401513433912],[-104.911641285131,39.7401503441397],[-104.911412284726,39.7401503445875],[-104.910728284143,39.7401503456739],[-104.910500284721,39.7401503457569],[-104.910271284293,39.7401503466861],[-104.909584284418,39.7401493479518],[-104.90935628381,39.7401493485142],[-104.90911628357,39.7401513491387],[-104.908395283454,39.7401553507443],[-104.908157284252,39.7401563507105],[-104.907913283725,39.7401573515227],[-104.90718328291,39.7401603528974],[-104.906941283163,39.7401613536678],[-104.906712282944,39.7401603533201],[-104.906025282582,39.7401563552523],[-104.905797283368,39.7401553554744],[-104.905568282541,39.7401563560127],[-104.904880282506,39.740159357114],[-104.904653282461,39.7401603578844],[-104.904412282599,39.7401573585863],[-104.903694281591,39.7401503600566],[-104.903455281453,39.740147359925]]]},"properties":{"OBJECTID":13,"DIST_NUM":5,"DIST_REP":"Amanda Sawyer","NOTES":null,"GLOBALID":"d5a5bc87-126f-48f6-b4c7-337cf932e87c","URL_LINK":"https://www.denvergov.org/district5"}}]}