{"type":"FeatureCollection","crs":{"type":"name","properties":{"name":"EPSG:4326"}},"features":[{"type":"Feature","id":21,"geometry":{"type":"Polygon","coordinates":[[[-105.001394754123,39.6821678306563],[-105.001347642952,39.6820475232545],[-105.001194559951,39.6817150328184],[-105.001139211558,39.681629005928],[-105.001040564854,39.6815112250167],[-105.000940886317,39.6814136863524],[-105.000826914866,39.6813274113513],[-105.000450826143,39.6811284933888],[-105.000070982677,39.6809580418094],[-104.999837900759,39.6808842995535],[-104.999583532877,39.6808060050921],[-104.999435548955,39.6807566448362],[-104.999354905275,39.6807305641046],[-104.999254800636,39.6806930759945],[-104.999159212937,39.680645312096],[-104.999062886657,39.6805762687534],[-104.998923426559,39.6804528214616],[-104.998728438811,39.6802690834135],[-104.998640353575,39.6801657574605],[-104.998563794449,39.6800652268161],[-104.998450564828,39.6798760031424],[-104.998351669604,39.6796696813608],[-104.998176973896,39.6792571369756],[-104.998086523056,39.6789880526651],[-104.99802850881,39.6787788165725],[-104.998000424497,39.6786071141297],[-104.997930509443,39.6780749087696],[-104.997897801862,39.6779289229998],[-104.99786172698,39.6777571863436],[-104.997826896522,39.6775353519611],[-104.997802958674,39.6772809642842],[-104.997786339619,39.6765001904819],[-104.997790854587,39.6763656889585],[-104.997788448434,39.6762054195602],[-104.997771370881,39.6759853776016],[-104.997753885887,39.6758222993406],[-104.997714342173,39.6756388791622],[-104.997685850995,39.6755244833392],[-104.997667916957,39.6754242023984],[-104.997668980191,39.6752756162952],[-104.99768004796,39.6752183540511],[-104.997669901008,39.6751469322735],[-104.997626783234,39.6749665861386],[-104.997612844194,39.6749035516468],[-104.997547633776,39.6746086684945],[-104.997501025536,39.6744197273185],[-104.997442952933,39.6742194135376],[-104.997418076698,39.674096453902],[-104.997414976229,39.6740332972716],[-104.997415568293,39.6739505968854],[-104.997412426056,39.6738932756905],[-104.997397880721,39.6738160003338],[-104.997347412626,39.6736699391486],[-104.99731415544,39.6736011638087],[-104.997314585451,39.673541110752],[-104.997349562512,39.6733696774617],[-104.99737630184,39.6732325255035],[-104.997380571701,39.6731323393664],[-104.997392975906,39.6730122834896],[-104.99740463677,39.672872321715],[-104.997413191185,39.6727937733261],[-104.997428487931,39.6726421594463],[-104.99744411639,39.6725681015463],[-104.997466861945,39.6724923591385],[-104.997508635926,39.6723638505261],[-104.997564906749,39.6721952534508],[-104.997632968177,39.6719923892398],[-104.997780141664,39.6716556851208],[-104.997881265114,39.6714244801053],[-104.997949080646,39.6712559312088],[-104.997997957724,39.67112745271],[-104.998058858187,39.6709321081591],[-104.998104550486,39.670752140204],[-104.998131215038,39.6706249394555],[-104.998150990702,39.6704675106754],[-104.998158666893,39.6703875848575],[-104.998177775257,39.6703234943797],[-104.998226418271,39.670227615526],[-104.998301752504,39.6701249872456],[-104.998361182071,39.6700109665634],[-104.998470293897,39.6697797941164],[-104.998508247413,39.6696883306841],[-104.998541963915,39.6695683663737],[-104.998569362052,39.6694627880757],[-104.998629180276,39.6692942045736],[-104.998685923645,39.6691829175722],[-104.998753142179,39.6690974126715],[-104.998891045401,39.6689380842754],[-104.999028786382,39.6688014048911],[-104.999152021682,39.6687061866509],[-104.999281476671,39.6686106507065],[-104.999434107684,39.6685028602274],[-104.99960543141,39.6683889721297],[-104.999772129658,39.6683011447325],[-104.999987771871,39.668199112315],[-105.0001953184,39.6681114571623],[-105.000185998,39.6676742227666],[-105.00266657669,39.6668958037102],[-105.002754708579,39.6668656347506],[-105.002980918305,39.6667749651205],[-105.003195689843,39.6666691482924],[-105.003398126539,39.6665495523045],[-105.003586447523,39.6664165119637],[-105.00362396314,39.6663857854148],[-105.003685647157,39.6663280507559],[-105.003741141553,39.666266515102],[-105.003788667857,39.6662015141202],[-105.003829111685,39.6661333947247],[-105.003861581342,39.6660628394918],[-105.003886069669,39.6659905347303],[-105.003902576694,39.6659164795446],[-105.003910208204,39.665842044631],[-105.003909851183,39.6657668896674],[-105.004467671827,39.6645488874443],[-105.004714383988,39.6640101783895],[-105.004868615589,39.6636728080899],[-105.005052431844,39.663673582253],[-105.004962935823,39.6617566142128],[-105.004935460666,39.6614974074511],[-105.004878658772,39.6612411647272],[-105.004793409804,39.6609896064401],[-105.004679698354,39.6607447923659],[-105.004560366988,39.6605414776854],[-105.006388659978,39.6605508850402],[-105.010890603604,39.6605703926623],[-105.00817533196,39.6640936863708],[-105.008104291873,39.6640933891007],[-105.008059490297,39.6641505104241],[-105.007654909597,39.6647322014117],[-105.007316747652,39.6653392195798],[-105.00714265045,39.6657245528689],[-105.006359706144,39.6677006543253],[-105.006356555614,39.6749692504342],[-105.006355674301,39.6767365512454],[-105.008695949691,39.6767511589473],[-105.008697090506,39.6786186710205],[-105.015704677588,39.678677944755],[-105.0157096282,39.6749992291299],[-105.015714377513,39.6677447141672],[-105.015824686118,39.6605060584271],[-105.022801560857,39.6604971766244],[-105.022834246389,39.6568027498328],[-105.02517532375,39.6568029935943],[-105.025349364512,39.6568019789594],[-105.025352018525,39.65688410569],[-105.03266112066,39.6568778187391],[-105.032555709174,39.6568111458011],[-105.032456438156,39.6567370502003],[-105.032358609163,39.6566502991004],[-105.03227909707,39.6565663643457],[-105.032220316166,39.6564936510148],[-105.032176875258,39.6564318998958],[-105.032134288299,39.6563621431268],[-105.032161645965,39.6532760908853],[-105.034615256136,39.6532759239746],[-105.034631217622,39.6495275608423],[-105.034641195919,39.6458780016877],[-105.034359765332,39.645877916355],[-105.034361408024,39.6456301545147],[-105.034416840985,39.6455713492205],[-105.034435701674,39.6437975832225],[-105.032750781876,39.6437871206475],[-105.032784556941,39.6428469713834],[-105.02998031095,39.6428193158627],[-105.029984054212,39.6422599650032],[-105.029881077978,39.6422595530564],[-105.029904503496,39.6400860109058],[-105.030007476544,39.6400864228323],[-105.030036771372,39.6386270393886],[-105.034700817656,39.638620893576],[-105.034748467434,39.633169483246],[-105.030059150286,39.6331593994653],[-105.030057938404,39.632942510427],[-105.029802135302,39.6327019544499],[-105.029772193329,39.6326664881256],[-105.02973876873,39.6326207118583],[-105.029711573509,39.6325729023979],[-105.029688826664,39.6325233948882],[-105.029672301094,39.6324725395989],[-105.029661997984,39.6324206797073],[-105.029657020464,39.6323684979642],[-105.02912457711,39.6323488635493],[-105.029122804208,39.6323485132739],[-105.029066902594,39.632345543855],[-105.02901102976,39.6323384564864],[-105.02895695515,39.6323279446021],[-105.028903795773,39.6323133183243],[-105.028852432334,39.6322956106954],[-105.028802867146,39.6322744776565],[-105.027382974631,39.6317008282027],[-105.02725463398,39.6316467773375],[-105.02708637965,39.6315884467338],[-105.026911831572,39.6315421023944],[-105.026732766002,39.6315074073766],[-105.026550958054,39.631484711984],[-105.026366401846,39.6314747025207],[-105.026181761196,39.6314770465475],[-105.025400685762,39.6314732075644],[-105.025401256112,39.6313887900385],[-105.02542503629,39.6285258107424],[-105.025659368658,39.628524011749],[-105.025815583674,39.6285239560352],[-105.026367815959,39.6285004459087],[-105.026915859703,39.6284398539231],[-105.027454385274,39.6283425018713],[-105.027980724633,39.6282094086751],[-105.028488658457,39.6280412349754],[-105.02887746789,39.6279010654666],[-105.029313110912,39.627791624484],[-105.031096168462,39.6278018433453],[-105.031611342787,39.6278773369042],[-105.032385199524,39.6280262670651],[-105.03293663171,39.6281221461543],[-105.03349179107,39.6281916133372],[-105.034793824966,39.6281971195766],[-105.034797305422,39.6278055761039],[-105.03578428367,39.6278053621897],[-105.035908512599,39.6278099710499],[-105.036031799605,39.6278228121446],[-105.036153256086,39.6278442251382],[-105.036271994476,39.6278738633626],[-105.036387132962,39.627911037005],[-105.03649689422,39.6279560822337],[-105.036602170351,39.6280083162418],[-105.036700303261,39.628067042218],[-105.03671002328,39.6280736007836],[-105.036796653353,39.6281271337619],[-105.037385921407,39.6274654203691],[-105.037707761662,39.6271132209948],[-105.038007807144,39.6268357461336],[-105.039480208271,39.6277917683107],[-105.039560646375,39.6278421864448],[-105.039645556051,39.6278874744923],[-105.039735832745,39.6279266064414],[-105.039795158916,39.6279481154041],[-105.040027093741,39.6280409933307],[-105.040080953162,39.6279485482545],[-105.04014454964,39.6278602593076],[-105.040207156178,39.6277874091076],[-105.040258045947,39.6277416234654],[-105.040635387743,39.627993956915],[-105.040911255444,39.6277479518641],[-105.04133024592,39.628010741823],[-105.041709715534,39.6276656200046],[-105.042292145426,39.6280457218291],[-105.042775365063,39.6275781458501],[-105.043023956079,39.6277033406767],[-105.043285971627,39.6278117727238],[-105.043559643091,39.6279020605506],[-105.043841429126,39.6279731617178],[-105.044131324971,39.628025419321],[-105.044153493605,39.6280285938721],[-105.044126816873,39.6314557341708],[-105.053411829917,39.6315058091479],[-105.05334166534,39.6387714757396],[-105.058807344697,39.6387602110485],[-105.058750105607,39.6389693289252],[-105.05915592857,39.6388054449901],[-105.059284926963,39.6387606306587],[-105.059419196487,39.6387247583332],[-105.059556957338,39.6386981644925],[-105.0596973209,39.6386811889631],[-105.059800335071,39.638674711571],[-105.059058207825,39.6386757037652],[-105.05983950294,39.6346910038127],[-105.057060855769,39.6314990329281],[-105.053433852187,39.6292982781786],[-105.053449303683,39.6277053389167],[-105.055780199133,39.6259979790094],[-105.05580899376,39.6242513489662],[-105.053483665562,39.6242542003598],[-105.053516730973,39.6208668835767],[-105.054329946544,39.6208222709694],[-105.055349078438,39.6210543415852],[-105.056272633529,39.6211041618954],[-105.057243858213,39.6209129056757],[-105.057385846089,39.6204916831277],[-105.056488679933,39.619917948563],[-105.057120475032,39.6193678264329],[-105.057086652865,39.6193834847662],[-105.058160417604,39.6173753662347],[-105.058098047975,39.6144088085129],[-105.097009656651,39.6143114094049],[-105.097029540083,39.618430442631],[-105.065074072736,39.6185179988305],[-105.065090739399,39.6200452213859],[-105.065661764941,39.6206004755417],[-105.073646114997,39.6232779754162],[-105.076115666463,39.6242247977509],[-105.074517224832,39.6242272561711],[-105.076272836328,39.6250946158322],[-105.080231770015,39.6294605701088],[-105.080952006609,39.6313272396107],[-105.081564616025,39.6313009400273],[-105.081564452495,39.6313283929657],[-105.081670079851,39.6313280827789],[-105.083712476037,39.6313274444295],[-105.083733184791,39.6302293750921],[-105.081690818488,39.6302303569638],[-105.081747210488,39.6273184167634],[-105.08381256817,39.6273175156633],[-105.083789423588,39.6285274515361],[-105.08557966656,39.6285269169311],[-105.085625896449,39.6261067008299],[-105.087390689034,39.6260463375769],[-105.087383670211,39.6270902362037],[-105.091163831802,39.6270808039817],[-105.091185913902,39.6242013392952],[-105.100644983613,39.6242228948885],[-105.107536666051,39.6242073429218],[-105.107517011968,39.6270899041229],[-105.10996669818,39.6270843359039],[-105.109938031365,39.6314479837944],[-105.109914363168,39.6350707402782],[-105.100534386324,39.6350886398275],[-105.091116376167,39.6350816364113],[-105.091102400165,39.6387023627155],[-105.081527577811,39.6387098332204],[-105.081421052835,39.6387101401202],[-105.081418160184,39.6385883627602],[-105.081430883331,39.6380622060262],[-105.081441996819,39.6376024352704],[-105.081453275548,39.6371358277851],[-105.081460197357,39.6368494608819],[-105.081463195449,39.6366395659965],[-105.081470404866,39.636236879479],[-105.081280303159,39.6361630532389],[-105.080857298768,39.6361410449654],[-105.08059639668,39.6361594592854],[-105.080305657055,39.6362048200146],[-105.079966549498,39.6366319896366],[-105.079481985639,39.6367259238074],[-105.07904640611,39.6367049439662],[-105.078249924802,39.6365542856749],[-105.078135410968,39.6365327890755],[-105.077724009457,39.6364527859911],[-105.077673837973,39.636443942687],[-105.07765688011,39.6364414282127],[-105.077622811132,39.6364370886454],[-105.07760570583,39.6364352653748],[-105.077588561877,39.6364336707418],[-105.077563119844,39.6364317400323],[-105.077246321256,39.6363971475274],[-105.077059444702,39.636401840485],[-105.076649201691,39.6364121388539],[-105.07643632332,39.6364366318964],[-105.07592371057,39.6364956065295],[-105.075811627242,39.6365084999381],[-105.075246603159,39.6364956385297],[-105.074900998797,39.6366066092494],[-105.074799315291,39.6366718954862],[-105.074763335602,39.6366464365562],[-105.074172295438,39.6367674934915],[-105.074037737555,39.6367066080907],[-105.07389779659,39.6366549685621],[-105.073751583006,39.6366132579973],[-105.073600870902,39.6365814828119],[-105.073448323189,39.6365596526563],[-105.073293044727,39.6365487937787],[-105.073264645987,39.6365476611341],[-105.073204843449,39.6386469520096],[-105.076909284041,39.638638386603],[-105.076902024009,39.6391067859856],[-105.07689304463,39.639271132114],[-105.076867202023,39.6394347302703],[-105.07682184888,39.6395955128017],[-105.076758759938,39.6397528006436],[-105.076724607655,39.6398223407496],[-105.076088114572,39.6409988311639],[-105.076035960254,39.6411091430882],[-105.075996215141,39.6412225882761],[-105.075969771148,39.6413384836223],[-105.07595663662,39.6414554573944],[-105.075954577343,39.6415024639704],[-105.075948155016,39.6416839766258],[-105.075941290392,39.6417917065756],[-105.075922887409,39.6418990517116],[-105.075892066573,39.6420046370834],[-105.075849721784,39.6421074346033],[-105.075795852992,39.6422074451598],[-105.07577971844,39.6422331245006],[-105.07454932454,39.6441339479934],[-105.074463389264,39.644251000161],[-105.074364175727,39.6443614839819],[-105.074253465896,39.6444647195443],[-105.074131260671,39.6445603636522],[-105.0739993418,39.6446473941277],[-105.073856824547,39.6447251195937],[-105.073745538044,39.6447768774396],[-105.072579437436,39.6452873940126],[-105.072512656518,39.645319752009],[-105.072449401538,39.6453562408067],[-105.072391445938,39.6453972100323],[-105.072337020447,39.6454416237518],[-105.072288786283,39.6454898348238],[-105.072245859853,39.6455411546049],[-105.072208245357,39.6455948949795],[-105.072177718339,39.6456510633176],[-105.072153395221,39.6457089700725],[-105.072135274853,39.6457686152435],[-105.072124253625,39.645828972595],[-105.07211944587,39.6458896957363],[-105.072119439598,39.6458907252159],[-105.072119716883,39.645990932033],[-105.072016729594,39.6459912433277],[-105.06323636174,39.646000116825],[-105.06319516307,39.6496265643095],[-105.062606517427,39.6496274633866],[-105.062605317561,39.649677561336],[-105.057087320464,39.6496850338237],[-105.057068691816,39.6512309347084],[-105.05563038384,39.6512255058629],[-105.055630770355,39.6511644235672],[-105.053549673654,39.6511565360709],[-105.053711771305,39.6513561896343],[-105.054175225175,39.6514979600078],[-105.054254228051,39.6515006627559],[-105.054359821541,39.6515103296288],[-105.054464485002,39.6515271975899],[-105.054565547771,39.6515509160537],[-105.054664796061,39.6515814899967],[-105.054759562705,39.6516185670518],[-105.054849852213,39.6516618067817],[-105.054934776786,39.6517112004299],[-105.055013449424,39.651766061017],[-105.055086762478,39.6518260496671],[-105.055152054409,39.6518904717826],[-105.055210220094,39.6519593235578],[-105.057062238782,39.6519724962948],[-105.057060270782,39.6528475665471],[-105.057879785282,39.6528479070682],[-105.058060029782,39.652847212339],[-105.058041244241,39.6514586852338],[-105.058217038485,39.6514593462091],[-105.058223675924,39.6512510678244],[-105.06198123956,39.6512311594351],[-105.061979623549,39.6514902454276],[-105.062585121796,39.651494559665],[-105.062598883837,39.6502828852129],[-105.063883555891,39.6502907482015],[-105.063895676265,39.6496257343068],[-105.070816470808,39.6496162103106],[-105.070821170035,39.650009497825],[-105.069905849625,39.6500013471581],[-105.069690800501,39.6504669248209],[-105.069152907015,39.6511667313963],[-105.069116540644,39.6513055815715],[-105.068187667681,39.6521992122642],[-105.068040283974,39.6521986706388],[-105.068040235934,39.6524951665902],[-105.067513703645,39.6524983776195],[-105.067518867133,39.6532458156318],[-105.067254273187,39.6532462143106],[-105.067260839727,39.6550622798317],[-105.067268294519,39.6568783474953],[-105.070155883478,39.656874187625],[-105.070157734438,39.6574421353782],[-105.070112651337,39.6579893213965],[-105.070057983844,39.6590865691704],[-105.071971051226,39.6596041834429],[-105.071972936843,39.6600231967362],[-105.076671819614,39.6593326049595],[-105.076673675758,39.6599084447718],[-105.078265483992,39.6607020774442],[-105.0789158248,39.6615341853419],[-105.079215885249,39.6619923572966],[-105.081378182932,39.6619887538744],[-105.081388347216,39.6677313266959],[-105.081398767891,39.6701541105552],[-105.080968872701,39.6700142836381],[-105.08052459365,39.6699039159587],[-105.080069478452,39.6698237063615],[-105.079901757144,39.6698021731556],[-105.07943750766,39.6697644808662],[-105.079266141836,39.669758377019],[-105.079265955669,39.6693448621221],[-105.078863606889,39.6693520004845],[-105.078768548283,39.6693574936908],[-105.078573154097,39.6693598818392],[-105.078378727174,39.6693488897118],[-105.078215433437,39.6693297730238],[-105.076706281489,39.6690824172785],[-105.076709580246,39.6694190745987],[-105.076022810422,39.6693174241216],[-105.07590949302,39.669993051495],[-105.075288409081,39.6700429702117],[-105.074935030941,39.6704689337497],[-105.074490727314,39.6702171584608],[-105.072981869876,39.6697741522075],[-105.072711767334,39.6697941037731],[-105.072525842495,39.6694077097861],[-105.071999596865,39.6693433380435],[-105.07199136974,39.6677791600686],[-105.06850035225,39.6677801236382],[-105.067384927522,39.6677808281417],[-105.067301448645,39.6677808640497],[-105.065336598002,39.6677813798878],[-105.062612417524,39.6677820410626],[-105.053233462454,39.667784516894],[-105.053233471812,39.6700031606009],[-105.053233485398,39.6730773518241],[-105.053233493727,39.6750366339363],[-105.062608251321,39.6750080583665],[-105.06262240446,39.6792938949869],[-105.061397053532,39.6782365007879],[-105.060988081183,39.6780160357704],[-105.060326030901,39.6779284570493],[-105.059330647229,39.6783066726507],[-105.057782811607,39.6786807432417],[-105.057783791868,39.6790891128254],[-105.057809948144,39.6822689718601],[-105.053235265509,39.6822945730914],[-105.053220741683,39.6822922715767],[-105.052110954267,39.6822837006132],[-105.051065638366,39.6822779593565],[-105.050025252736,39.6822712369138],[-105.04897572055,39.6822657122315],[-105.047996243403,39.6822575707126],[-105.047067738067,39.6822550972146],[-105.046145191113,39.6822483953233],[-105.045224197838,39.6822424613933],[-105.044264007293,39.6822381327751],[-105.043252411319,39.6822326968358],[-105.042260687569,39.6822303820068],[-105.041259506626,39.6822264574109],[-105.040269156653,39.6822210327615],[-105.039202388675,39.6822177717945],[-105.038276097203,39.6822144368252],[-105.03717643091,39.6822119316704],[-105.036255850603,39.6822080088088],[-105.035333118422,39.6822048006959],[-105.034373459105,39.6822116817813],[-105.034050883784,39.6822136202161],[-105.033513202249,39.682216849953],[-105.03322601745,39.6822185734642],[-105.032086704342,39.6822239920504],[-105.030953591765,39.6822321300148],[-105.030934496932,39.6822322555917],[-105.029788922247,39.6822397786879],[-105.028321378739,39.6822502930002],[-105.027371274504,39.6822558961015],[-105.026213640576,39.6822619154952],[-105.025037984382,39.6822707527218],[-105.023745856416,39.6822730961345],[-105.022701561887,39.6822801272514],[-105.021537538942,39.6822869897752],[-105.020366548531,39.6822960442707],[-105.019192616355,39.6823017452113],[-105.018029935522,39.6823123172787],[-105.017838710687,39.6823135201637],[-105.016864406662,39.6823196443659],[-105.01569272729,39.6823391353606],[-105.014736517763,39.6823366427854],[-105.014137517944,39.6823298303554],[-105.013818630652,39.6823262018697],[-105.013371993626,39.6823209476975],[-105.012888319205,39.6823155131675],[-105.011041509559,39.6822951015394],[-105.009986101207,39.6822861122845],[-105.00891636637,39.6822716729703],[-105.008689827748,39.6822677380373],[-105.00679023687,39.6822489251033],[-105.006363987327,39.6822418653901],[-105.006186706884,39.6822332164464],[-105.005241764977,39.6822163396055],[-105.004078816263,39.6822035472857],[-105.002649788261,39.682182396445],[-105.00242416455,39.6821790549708],[-105.001827775252,39.6821777184254],[-105.001651463987,39.6821736927131],[-105.001394754123,39.6821678306563]]]},"properties":{"OBJECTID":21,"CN_NUMBER":5,"CN_NAME":"Southwest","GLOBALID":"34592e81-6988-4d62-b9c2-38ed4d103e66"}},{"type":"Feature","id":24,"geometry":{"type":"Polygon","coordinates":[[[-104.940653345253,39.7437534255861],[-104.940650831388,39.743399958748],[-104.940653900152,39.7425691850163],[-104.940656233338,39.7419422446177],[-104.940656861699,39.7417521377643],[-104.940657991764,39.7413873646526],[-104.940663578576,39.7401293696362],[-104.941316084196,39.7401317821837],[-104.941870798011,39.7401340713795],[-104.943050294601,39.7401419557346],[-104.944160279311,39.740142506167],[-104.944509251483,39.7401448403765],[-104.944791047667,39.7401468566169],[-104.945366198118,39.7401505983924],[-104.945616004165,39.7401507460782],[-104.945945823253,39.7401505836802],[-104.94616542361,39.7401481858636],[-104.946539663633,39.7401516624495],[-104.947273062741,39.7401544233101],[-104.947682880198,39.7401556612571],[-104.947824224954,39.7401563245987],[-104.948261600216,39.7401576898411],[-104.948369180665,39.740156135259],[-104.948846540297,39.740160087871],[-104.948930102617,39.7401604792294],[-104.949421703375,39.7401620940893],[-104.949470605472,39.7401612934114],[-104.950059982357,39.7401647356423],[-104.9506511641,39.7401647517614],[-104.950701816064,39.7401673903264],[-104.95123964137,39.7401695565178],[-104.951822817139,39.7401702157318],[-104.952399742232,39.7401742745527],[-104.952988247633,39.7401756391095],[-104.953566957274,39.740179014186],[-104.953598959883,39.7401791627912],[-104.954165218781,39.7401831634277],[-104.9541936789,39.7401815796467],[-104.954743060921,39.7401837834281],[-104.955175375036,39.7401833837278],[-104.955682707763,39.7401864179017],[-104.956270308406,39.7401898208089],[-104.956851686697,39.7401928489027],[-104.95742772978,39.7401961926826],[-104.957892589026,39.7402072572821],[-104.957991303584,39.7402025646339],[-104.958110472207,39.7401969366218],[-104.958443225983,39.740162093715],[-104.95879737423,39.740119455626],[-104.959139241837,39.740055484209],[-104.959282528444,39.7400348668951],[-104.959469425405,39.7400079297312],[-104.959781604996,39.7399891160768],[-104.960402124723,39.7399888747398],[-104.96101375104,39.7399889334547],[-104.961632469136,39.7399917658024],[-104.962237850554,39.739994533949],[-104.962851258644,39.7399942471967],[-104.963466439696,39.7399943075883],[-104.964124272163,39.7399973051712],[-104.964766102244,39.7400002262905],[-104.965381263583,39.7400030227483],[-104.965990202253,39.7400057877511],[-104.966605358471,39.7400092641024],[-104.967232068623,39.7400131327074],[-104.967848145164,39.7400124897307],[-104.968461560029,39.740011143388],[-104.969688252149,39.7400266305726],[-104.970140754896,39.7400259237206],[-104.970311443067,39.7400256627022],[-104.970787947733,39.7400250614008],[-104.971290219309,39.7400262897355],[-104.971876947319,39.7400272086872],[-104.972136531538,39.74002734396],[-104.972755205395,39.7400359513105],[-104.972991654631,39.7400390694582],[-104.973412216673,39.7400299711788],[-104.973392021217,39.7416540500534],[-104.973388729925,39.7426841967712],[-104.973387156868,39.7432490290675],[-104.973383173272,39.7437795338013],[-104.973980769709,39.7442320869693],[-104.974777280229,39.7448354847307],[-104.976141771195,39.745908486009],[-104.976486674345,39.7461797018653],[-104.976993305253,39.7465559967341],[-104.977544156263,39.7469643992757],[-104.978177634905,39.7475008190584],[-104.978206051485,39.747505406997],[-104.978264680668,39.7475140666233],[-104.978364134929,39.7475287561631],[-104.9787215366,39.7475303397883],[-104.979885313324,39.747535488891],[-104.981074832223,39.7475462305064],[-104.981687393228,39.7475489299528],[-104.982310622957,39.747551673142],[-104.98294809788,39.7475517303626],[-104.983123861263,39.7475517503856],[-104.983590018088,39.7475518036364],[-104.983936710911,39.7475588149411],[-104.984217665438,39.7475583308362],[-104.984760331972,39.7475479904196],[-104.9848516517,39.7475491728774],[-104.984938786054,39.7475457678269],[-104.985091068418,39.7475482715811],[-104.985218625856,39.7475558251493],[-104.985376370819,39.747565840633],[-104.985479753208,39.7475769773621],[-104.985574129218,39.7475968679131],[-104.985675993803,39.7475276523022],[-104.986105428151,39.7475267830324],[-104.987201831557,39.7475234757108],[-104.987307427865,39.7474214165636],[-104.987400280354,39.7473584649214],[-104.987396865207,39.7469740981718],[-104.987400795394,39.7466796857833],[-104.987407910731,39.7461927761861],[-104.987407764644,39.7459324626085],[-104.987407504172,39.7454673576079],[-104.98740727733,39.7450630977624],[-104.987419618531,39.744834265717],[-104.987376176384,39.7433581536368],[-104.987386672858,39.7430595642061],[-104.987416582485,39.7422087505672],[-104.987411416013,39.7419535603],[-104.987406130785,39.7416925952577],[-104.987397073191,39.741472247756],[-104.987383820796,39.7408527896554],[-104.987388831208,39.7401071100123],[-104.987510913063,39.7401063619061],[-104.987768566262,39.7401300159797],[-104.987846263546,39.7401491314738],[-104.987919092567,39.7401682266316],[-104.987967545129,39.7401947264175],[-104.988102215038,39.7402736207401],[-104.988122549247,39.7402855350764],[-104.988282339858,39.7403876336034],[-104.988403211226,39.740489559106],[-104.988532017706,39.7405640888742],[-104.98853400898,39.7405652386861],[-104.988754836961,39.7406356764682],[-104.988939662669,39.7406402369384],[-104.989105301501,39.7406071547193],[-104.98930518539,39.7405479319561],[-104.989427402831,39.7404658396754],[-104.989554591804,39.7403687455521],[-104.989677159206,39.7402378333689],[-104.989818775583,39.7401633328419],[-104.989940691306,39.7401225518362],[-104.990076975836,39.7401118768311],[-104.990423450029,39.7401168507399],[-104.991655141997,39.7401252007492],[-104.992504307727,39.74012987843],[-104.992919582217,39.7401320901971],[-104.993534072833,39.7401353598485],[-104.994360104888,39.7401397462324],[-104.995269909196,39.7401476205213],[-104.996441867494,39.7401575078781],[-104.99651258043,39.7401583670769],[-104.996936720472,39.7401638387274],[-104.998126303801,39.7401791076478],[-104.998253965559,39.7401808247346],[-104.998566933548,39.7401937180575],[-104.998911719827,39.740207918724],[-104.999066122852,39.7402143314374],[-104.999969994614,39.7402084844774],[-105.000049587509,39.7402079688256],[-105.000116936957,39.7402075326081],[-105.000145847825,39.7402068799382],[-105.001569573277,39.7401746790754],[-105.001724965134,39.7401711643401],[-105.002821607303,39.7401588467409],[-105.003546923721,39.7401506983229],[-105.004125825565,39.7401493834255],[-105.004417590046,39.7401656349279],[-105.004777405393,39.7401896828485],[-105.005234368476,39.7402097419764],[-105.005886947408,39.7402383847108],[-105.006433308832,39.7402623631934],[-105.009346658212,39.7403350118762],[-105.010866674812,39.7403728870056],[-105.013628706485,39.7404290567561],[-105.014577891869,39.7404483443451],[-105.015183451697,39.7404630179436],[-105.015424606286,39.7404688604905],[-105.015424834914,39.7404688659353],[-105.015425511463,39.7404688822315],[-105.017385185903,39.7405155359867],[-105.017367879962,39.7405631341176],[-105.017329309288,39.7406692140962],[-105.017219991077,39.7409233890646],[-105.017061722116,39.7413146258174],[-105.016593525818,39.7425593951226],[-105.016491828026,39.742867818436],[-105.016439260521,39.7430134449674],[-105.016412176419,39.743073386104],[-105.016337402448,39.7432161751681],[-105.016261337703,39.7433899312436],[-105.016070035591,39.7438269252877],[-105.015950316831,39.7440409067225],[-105.015844938893,39.7442377882913],[-105.01584020211,39.7442506169115],[-105.0157996399,39.7443604528842],[-105.015750508617,39.7445232501055],[-105.015730830975,39.7446690106777],[-105.015699507439,39.7449564478658],[-105.015678449123,39.7453022638674],[-105.015630216176,39.7458497430605],[-105.015621630861,39.7460628087549],[-105.015619656525,39.7463486507922],[-105.015618322125,39.7465418423237],[-105.015609275447,39.7466931379281],[-105.015593073857,39.7469792644946],[-105.015575975974,39.7472664159079],[-105.015556348539,39.747545775066],[-105.015543436913,39.7477295437557],[-105.015475254089,39.7484615600667],[-105.015443920698,39.7487500262227],[-105.015374266403,39.7491800579801],[-105.015309204067,39.7494601484869],[-105.015267474914,39.7495800812094],[-105.01519252323,39.7497472334813],[-105.015158303787,39.7498098900493],[-105.015139405191,39.749842755161],[-105.015083828557,39.7499080689632],[-105.014956766302,39.7500249046834],[-105.014781535991,39.7501641908731],[-105.014684997616,39.7502382576487],[-105.014602805624,39.7502952257204],[-105.014398479779,39.7503987022168],[-105.013588127182,39.7508356257093],[-105.013498898191,39.7508812397781],[-105.013439161798,39.7509050137384],[-105.013375834449,39.7509335779029],[-105.01330186044,39.7509590087027],[-105.013111945781,39.7510354323408],[-105.012963838831,39.7511089420885],[-105.012773584829,39.7512340927994],[-105.01252790737,39.751401908126],[-105.012233681008,39.7516463895287],[-105.012054583935,39.7518288923104],[-105.011677977224,39.7521560744108],[-105.011607139529,39.7522415694014],[-105.011536270581,39.7523315261423],[-105.011487839823,39.7523913773745],[-105.011394754518,39.752479525132],[-105.011319590114,39.7525478441969],[-105.011185462456,39.7526560675491],[-105.01082419338,39.7529503676129],[-105.010652602251,39.7530755924132],[-105.010523000803,39.753172167427],[-105.010269197577,39.7533557293311],[-105.010169157001,39.7534208557353],[-105.010020131222,39.7534974454226],[-105.009920147772,39.7535543361178],[-105.009763608874,39.7536882020718],[-105.009489391681,39.7539270018403],[-105.009397712361,39.7540068415573],[-105.009356491423,39.7540523094092],[-105.009330425407,39.7540923508395],[-105.009271141745,39.7541778916493],[-105.00915461168,39.7543119235799],[-105.0090696241,39.7543856906991],[-105.00900616325,39.7544327814336],[-105.008719325604,39.7546343902719],[-105.008629929906,39.7547026481814],[-105.008578157278,39.7547312570844],[-105.008540752896,39.7547396797907],[-105.008436662319,39.7547478239905],[-105.008344130659,39.7547560163836],[-105.008270251862,39.7547670318786],[-105.008217839303,39.7547827025208],[-105.00818649255,39.7547920754139],[-105.007583782596,39.7554034613147],[-105.007154439261,39.7558906624672],[-105.007023516438,39.7560472793128],[-105.006837120765,39.7562523916388],[-105.006747400122,39.7563662863828],[-105.006645936462,39.7565062125331],[-105.00659751072,39.7565643459344],[-105.006507808609,39.7566754953216],[-105.006440797119,39.7567521711779],[-105.006328523159,39.7568806375193],[-105.00617518352,39.7570632391494],[-105.006115944249,39.7571415731302],[-105.006033433857,39.7572414281943],[-105.005943771084,39.7573467445592],[-105.005869243509,39.7574493782513],[-105.005838586892,39.7575093016967],[-105.00582739188,39.757583719359],[-105.005811692869,39.7576663538307],[-105.005796061536,39.7577393811397],[-105.005755382951,39.7578335779877],[-105.005698539188,39.757950355169],[-105.005653574071,39.758021885739],[-105.005612308379,39.75807318568],[-105.005496716962,39.758198295762],[-105.005157239143,39.7585472303393],[-105.005074926773,39.7586186036586],[-105.004866532029,39.7587893056179],[-105.004728708062,39.7589143204977],[-105.004538012064,39.7590967636024],[-105.004422235145,39.759247607536],[-105.004294713647,39.7594244816634],[-105.004249758277,39.7594942968349],[-105.004186805087,39.7595942329081],[-105.004114901356,39.7597023669549],[-105.004025230133,39.7598080240056],[-105.00391793828,39.7598902721918],[-105.003816910702,39.7599670562077],[-105.003716759969,39.7600455605076],[-105.003586347746,39.7601277109039],[-105.003430066429,39.7602214192884],[-105.003168867624,39.7604060404061],[-105.003019847799,39.7605113704983],[-105.002967977421,39.7605526732145],[-105.002882186295,39.7606123630137],[-105.002837562111,39.7606351659151],[-105.002785865476,39.7606521052932],[-105.002648703522,39.7606827529106],[-105.002518713677,39.7607051949656],[-105.002462569624,39.7607221154052],[-105.002269990435,39.7607926774381],[-105.002136158276,39.7608552519339],[-105.001976521226,39.7609201200839],[-105.001857018604,39.7609683423881],[-105.001726906045,39.761007940789],[-105.001620036514,39.7610301365661],[-105.001482084115,39.7610467101326],[-105.001353104475,39.7610519974415],[-105.001208160198,39.7610513833286],[-105.001030171656,39.761070531944],[-105.000848483134,39.7611099107327],[-105.000462570391,39.7612311230261],[-105.000023906463,39.7613922600109],[-104.999811633818,39.7614802352644],[-104.999596615731,39.7615791794151],[-104.999451157205,39.7616502802985],[-104.999332459976,39.7617098275703],[-104.999198483729,39.7617919588303],[-104.999042212452,39.7618829161765],[-104.998971696563,39.7619196767594],[-104.998826300352,39.7619821982649],[-104.998752288616,39.7620103649639],[-104.998707514386,39.7620236437907],[-104.998666737484,39.7620357372327],[-104.998558955256,39.7620610147381],[-104.998440543781,39.7620804132246],[-104.998314126609,39.7621001206267],[-104.998246598922,39.7621195862644],[-104.998128776216,39.7621535489559],[-104.997909591352,39.7622126672093],[-104.997813287636,39.7622493170981],[-104.997705197476,39.7623174868451],[-104.997608768109,39.7623716369189],[-104.997485704318,39.7624194964285],[-104.997341358655,39.7624590292197],[-104.997270095924,39.7624758826211],[-104.997136605575,39.7624897249217],[-104.997046580727,39.7624920648227],[-104.996955158688,39.7624944401147],[-104.996777164026,39.762513925438],[-104.996599048539,39.7625502245552],[-104.996387760862,39.7626237853453],[-104.996209440235,39.7626885657345],[-104.995990015276,39.7627806213357],[-104.995670676323,39.7629165154454],[-104.995506518143,39.762990276566],[-104.995420799179,39.7630386371185],[-104.995324339878,39.7630965607914],[-104.995175092009,39.7631988672076],[-104.994672546805,39.7635827607492],[-104.994187431029,39.7640154549544],[-104.994053112531,39.7641435606682],[-104.993930476719,39.7642545587246],[-104.993799920013,39.7643541984903],[-104.993628291708,39.7644763096358],[-104.993382337215,39.7646698208564],[-104.993199768207,39.7648289449646],[-104.99308792639,39.7649228317748],[-104.992957429284,39.7650138919872],[-104.992816281658,39.7651018177755],[-104.992529558655,39.7652752476718],[-104.992392101254,39.7653446594183],[-104.9921431214,39.765463689564],[-104.991971799479,39.7655429052906],[-104.991786287224,39.7656165690344],[-104.991652563395,39.7656616311714],[-104.991377151455,39.765746231009],[-104.990976253302,39.7658433266163],[-104.990850636791,39.7658740104157],[-104.990727767803,39.7658937250276],[-104.990620090301,39.765903210617],[-104.98961880648,39.7660131440647],[-104.989414970248,39.7660379967047],[-104.989103218181,39.7661052749823],[-104.988851024453,39.7661759003522],[-104.988717360233,39.7662123805577],[-104.987633656185,39.7665156709456],[-104.987540155761,39.7665418372469],[-104.986552696893,39.7668264713],[-104.985442003599,39.7671788461848],[-104.985330597405,39.7672113019842],[-104.984804515599,39.7674474065643],[-104.984605173823,39.76753687003],[-104.984438115793,39.7676390856955],[-104.984355794372,39.7677073559919],[-104.984207008579,39.767864211989],[-104.984105655009,39.7679807834653],[-104.984022994434,39.7680950356055],[-104.983887808319,39.7683373961892],[-104.98375270465,39.7685684337739],[-104.983539236617,39.7689336429442],[-104.983411434939,39.7691389755714],[-104.983319727324,39.7692756068798],[-104.983262162056,39.7693613715072],[-104.98316067826,39.7694950992527],[-104.982835803998,39.7698913889618],[-104.982416713874,39.7703998180487],[-104.982222035271,39.7706278456654],[-104.981714179741,39.7712319657001],[-104.981583171436,39.7713885533411],[-104.981253771721,39.7717930542429],[-104.981096649682,39.7719927645289],[-104.980483542934,39.7727549511927],[-104.980378427819,39.7728972401322],[-104.980176322891,39.773165380412],[-104.980108864849,39.7732666560207],[-104.979951759157,39.7734632763861],[-104.979846662276,39.7736028187732],[-104.979772153063,39.7736954841826],[-104.979678765262,39.7738151761427],[-104.979604245411,39.7739092140077],[-104.979428459616,39.7741057501677],[-104.979241173248,39.7742936572477],[-104.979166769587,39.7743719093748],[-104.97906641257,39.774471667092],[-104.97893907626,39.7746111102244],[-104.978852948995,39.7747109298302],[-104.978725505814,39.7748647855964],[-104.97860966773,39.7750128581035],[-104.978523445052,39.7751253737122],[-104.978414635459,39.7753058875834],[-104.978302399921,39.7751878778133],[-104.978046077929,39.7749708981972],[-104.977180303924,39.7743027105623],[-104.976300343043,39.7736310207746],[-104.975859926217,39.7732948282257],[-104.975425709617,39.7729627794402],[-104.974985275477,39.7726300158591],[-104.974550148308,39.7723017343562],[-104.973680130327,39.7716153139085],[-104.972810022175,39.7709432979455],[-104.972366834046,39.7706252665982],[-104.971915694706,39.770301020183],[-104.96972399641,39.7719832668822],[-104.968476249694,39.7729113630523],[-104.965937174002,39.7728864892397],[-104.964705243326,39.7728994255174],[-104.959400845013,39.7728940612682],[-104.958261365752,39.7729128441801],[-104.957170045099,39.7729146795166],[-104.954153193932,39.7729110261713],[-104.953610686513,39.7729067929319],[-104.953053059749,39.7729024887529],[-104.952504246429,39.7729085157475],[-104.951944760485,39.7729144923024],[-104.950844653405,39.7729025019286],[-104.950290541296,39.7729036915282],[-104.9498244828,39.7729046028387],[-104.949276615168,39.7729034138667],[-104.94918767487,39.7729033400339],[-104.948640693935,39.7729024954054],[-104.94754056172,39.7728939073815],[-104.946978450662,39.7728943566464],[-104.946401216331,39.7728950752684],[-104.942933507732,39.7728821494824],[-104.941688378714,39.7728762512317],[-104.940992850527,39.7728774117496],[-104.940617243707,39.7728776559777],[-104.940607071088,39.769182539894],[-104.940618395591,39.7680960717793],[-104.9406305338,39.7669086005258],[-104.940625753744,39.7657964344818],[-104.940570072453,39.7656710460124],[-104.94057001159,39.7653566116722],[-104.940569839742,39.7644752926629],[-104.940571935659,39.7637666824625],[-104.940576320752,39.7624983974965],[-104.940578188431,39.7619582014313],[-104.94057833092,39.7618797914126],[-104.940578335259,39.7618776388273],[-104.94057847451,39.7618009508755],[-104.940584831766,39.7603239255029],[-104.940585468555,39.7601759561467],[-104.940593358041,39.7582954932676],[-104.940600529861,39.7565049309136],[-104.940602158092,39.7559661816869],[-104.940606242035,39.7550084494988],[-104.940608095503,39.754664956442],[-104.940608274502,39.7544196045803],[-104.940614647255,39.7528404206677],[-104.940615362043,39.7526387755419],[-104.940621034066,39.7510368100709],[-104.940628219225,39.7492445352714],[-104.940634998719,39.747391168953],[-104.94063975608,39.7461259601527],[-104.940644641366,39.7449561556454],[-104.940653345253,39.7437534255861]]]},"properties":{"OBJECTID":24,"CN_NUMBER":2,"CN_NAME":"Central","GLOBALID":"551ab3fd-e844-44ec-810f-f58a17c79fbb"}},{"type":"Feature","id":25,"geometry":{"type":"Polygon","coordinates":[[[-104.998206650975,39.7680465386587],[-104.99820510832,39.7691530069668],[-104.998203286478,39.7692973039257],[-104.998204326968,39.7693867427005],[-104.998197992394,39.7704986840857],[-104.99820963096,39.7717303144668],[-104.998210483102,39.7729780265042],[-104.998191798053,39.7742215359432],[-104.998192509891,39.7754888059292],[-104.998194711555,39.7765481301436],[-104.9982023629,39.7783370224048],[-104.998175518733,39.7825648302344],[-104.998121811619,39.7910221798852],[-104.996984387995,39.7910188579776],[-104.993236293013,39.7910257794085],[-104.993228940919,39.7920425068379],[-104.990658742886,39.7920420551311],[-104.990280003114,39.7915181405659],[-104.990268421228,39.7910311572489],[-104.987547872665,39.791035821962],[-104.986387768267,39.7910379731566],[-104.986381682388,39.7918683741732],[-104.985794532771,39.7918658118578],[-104.985789745591,39.7916695085188],[-104.985202597662,39.7916669432519],[-104.985207200272,39.79104036842],[-104.97817006051,39.7910533184949],[-104.978168325351,39.7918837387893],[-104.977715508313,39.7918817313761],[-104.977708342528,39.7910526441923],[-104.975973565019,39.7910500845935],[-104.975958766304,39.7924342938941],[-104.973069311566,39.7924141942771],[-104.973064486317,39.7931742536095],[-104.973059368884,39.7940914764141],[-104.974673162772,39.7941024609118],[-104.974680674162,39.7955928016773],[-104.974680838446,39.7956895709472],[-104.971165725237,39.7956782998977],[-104.971166739902,39.7961333234256],[-104.971657796149,39.7961413610152],[-104.971650292976,39.7983165641293],[-104.968738351842,39.7982966016499],[-104.968633367301,39.7982961280285],[-104.968638204734,39.7956634915362],[-104.968642679996,39.7931959065238],[-104.968380278231,39.7931892318413],[-104.968353990591,39.7932536265136],[-104.967540804126,39.7932575019083],[-104.967541140449,39.7932132369093],[-104.967683862684,39.7928123941571],[-104.967789400877,39.792621734947],[-104.967932315906,39.7918437683252],[-104.968310387745,39.7918475357204],[-104.968455682191,39.791693086256],[-104.968617801763,39.7915490079745],[-104.968770807493,39.7914333699288],[-104.968771039883,39.7913896205082],[-104.968772901294,39.7910397836442],[-104.968754160599,39.7910397738567],[-104.960190655794,39.7910254625884],[-104.959347734619,39.7916581430419],[-104.9554287497,39.7946457566059],[-104.949896734522,39.7946389190841],[-104.940476072576,39.7946099789073],[-104.940487314627,39.7909733003473],[-104.940088427925,39.7909752655831],[-104.940162304909,39.790763102904],[-104.940249378,39.7904614410416],[-104.940325412218,39.7902168772446],[-104.940380214972,39.7899803751855],[-104.940391116372,39.789929423382],[-104.940435181469,39.7897234648482],[-104.940495420927,39.7894686195162],[-104.940529677279,39.7891544609398],[-104.940547848054,39.7888667585205],[-104.940549542446,39.7886544974675],[-104.94055133458,39.7884299905484],[-104.940568521976,39.7879330071174],[-104.940562449405,39.7872449553632],[-104.940518986653,39.7837744359466],[-104.940556792674,39.7822698848948],[-104.940596156472,39.7814987242849],[-104.940611305816,39.7813573431727],[-104.940637244106,39.7810681699846],[-104.940642041659,39.7805809489567],[-104.940668488981,39.780029866307],[-104.940676222925,39.7797316817881],[-104.94068094398,39.7790238924333],[-104.94066615919,39.7780899825908],[-104.940657249435,39.7775697864363],[-104.940650608529,39.7750801445929],[-104.940609537493,39.7738476055179],[-104.940617163911,39.7728876557177],[-104.940617243707,39.7728776559777],[-104.940992850527,39.7728774117496],[-104.941688378714,39.7728762512317],[-104.942933507732,39.7728821494824],[-104.946401216331,39.7728950752684],[-104.946978450662,39.7728943566464],[-104.94754056172,39.7728939073815],[-104.948640693935,39.7729024954054],[-104.94918767487,39.7729033400339],[-104.949276615168,39.7729034138667],[-104.9498244828,39.7729046028387],[-104.950290541296,39.7729036915282],[-104.950844653405,39.7729025019286],[-104.951944760485,39.7729144923024],[-104.952504246429,39.7729085157475],[-104.953053059749,39.7729024887529],[-104.953610686513,39.7729067929319],[-104.954153193932,39.7729110261713],[-104.957170045099,39.7729146795166],[-104.958261365752,39.7729128441801],[-104.959400845013,39.7728940612682],[-104.964705243326,39.7728994255174],[-104.965937174002,39.7728864892397],[-104.968476249694,39.7729113630523],[-104.96972399641,39.7719832668822],[-104.971915694706,39.770301020183],[-104.972366834046,39.7706252665982],[-104.972810022175,39.7709432979455],[-104.973680130327,39.7716153139085],[-104.974550148308,39.7723017343562],[-104.974985275477,39.7726300158591],[-104.975425709617,39.7729627794402],[-104.975859926217,39.7732948282257],[-104.976300343043,39.7736310207746],[-104.977180303924,39.7743027105623],[-104.978046077929,39.7749708981972],[-104.978302399921,39.7751878778133],[-104.978414635459,39.7753058875834],[-104.978523445052,39.7751253737122],[-104.97860966773,39.7750128581035],[-104.978725505814,39.7748647855964],[-104.978852948995,39.7747109298302],[-104.97893907626,39.7746111102244],[-104.97906641257,39.774471667092],[-104.979166769587,39.7743719093748],[-104.979241173248,39.7742936572477],[-104.979428459616,39.7741057501677],[-104.979604245411,39.7739092140077],[-104.979678765262,39.7738151761427],[-104.979772153063,39.7736954841826],[-104.979846662276,39.7736028187732],[-104.979951759157,39.7734632763861],[-104.980108864849,39.7732666560207],[-104.980176322891,39.773165380412],[-104.980378427819,39.7728972401322],[-104.980483542934,39.7727549511927],[-104.981096649682,39.7719927645289],[-104.981253771721,39.7717930542429],[-104.981583171436,39.7713885533411],[-104.981714179741,39.7712319657001],[-104.982222035271,39.7706278456654],[-104.982416713874,39.7703998180487],[-104.982835803998,39.7698913889618],[-104.98316067826,39.7694950992527],[-104.983262162056,39.7693613715072],[-104.983319727324,39.7692756068798],[-104.983411434939,39.7691389755714],[-104.983539236617,39.7689336429442],[-104.98375270465,39.7685684337739],[-104.983887808319,39.7683373961892],[-104.984022994434,39.7680950356055],[-104.984105655009,39.7679807834653],[-104.984207008579,39.767864211989],[-104.984355794372,39.7677073559919],[-104.984438115793,39.7676390856955],[-104.984605173823,39.76753687003],[-104.984804515599,39.7674474065643],[-104.985330597405,39.7672113019842],[-104.985442003599,39.7671788461848],[-104.986552696893,39.7668264713],[-104.987540155761,39.7665418372469],[-104.987633656185,39.7665156709456],[-104.988717360233,39.7662123805577],[-104.988851024453,39.7661759003522],[-104.989103218181,39.7661052749823],[-104.989247420246,39.766074154901],[-104.989414970248,39.7660379967047],[-104.98961880648,39.7660131440647],[-104.990620090301,39.765903210617],[-104.990727767803,39.7658937250276],[-104.990850636791,39.7658740104157],[-104.990976253302,39.7658433266163],[-104.991377151455,39.765746231009],[-104.991652563395,39.7656616311714],[-104.991786287224,39.7656165690344],[-104.991971799479,39.7655429052906],[-104.9921431214,39.765463689564],[-104.992392101254,39.7653446594183],[-104.992529558655,39.7652752476718],[-104.992816281658,39.7651018177755],[-104.992957429284,39.7650138919872],[-104.99308792639,39.7649228317748],[-104.993199768207,39.7648289449646],[-104.993382337215,39.7646698208564],[-104.993628291708,39.7644763096358],[-104.993799920013,39.7643541984903],[-104.993930476719,39.7642545587246],[-104.994053112531,39.7641435606682],[-104.994187431029,39.7640154549544],[-104.994672546805,39.7635827607492],[-104.995175092009,39.7631988672076],[-104.995324339878,39.7630965607914],[-104.995420799179,39.7630386371185],[-104.995506518143,39.762990276566],[-104.995670676323,39.7629165154454],[-104.995990015276,39.7627806213357],[-104.996209440235,39.7626885657345],[-104.996387760862,39.7626237853453],[-104.996599048539,39.7625502245552],[-104.996777164026,39.762513925438],[-104.996955158688,39.7624944401147],[-104.997046580727,39.7624920648227],[-104.997136605575,39.7624897249217],[-104.997270095924,39.7624758826211],[-104.997341358655,39.7624590292197],[-104.997485704318,39.7624194964285],[-104.997608768109,39.7623716369189],[-104.997705197476,39.7623174868451],[-104.997813287636,39.7622493170981],[-104.997909591352,39.7622126672093],[-104.998128776216,39.7621535489559],[-104.998246598922,39.7621195862644],[-104.998213245663,39.7670681131138],[-104.998206650975,39.7680465386587]]]},"properties":{"OBJECTID":25,"CN_NUMBER":null,"CN_NAME":"North","GLOBALID":"b775b155-81eb-4123-9954-16ede39768e6"}},{"type":"Feature","id":26,"geometry":{"type":"Polygon","coordinates":[[[-105.036380165986,39.7439512457554],[-105.036985600186,39.7439512273212],[-105.037566096818,39.7439583140609],[-105.038157308024,39.7439582337068],[-105.038731675361,39.7439508780805],[-105.039308637485,39.7439545108077],[-105.041096509899,39.7439614963783],[-105.042510871865,39.7439670033256],[-105.042837141245,39.7439682712721],[-105.044023087464,39.7439728724705],[-105.044587631747,39.7439723133246],[-105.045158397961,39.7439717746183],[-105.045754945578,39.7439713335637],[-105.046323044721,39.7439707807151],[-105.047516067907,39.7439808635901],[-105.048084132899,39.7439857926048],[-105.048686868388,39.7439908509462],[-105.0492692294,39.7439845040166],[-105.049808913201,39.7439786763601],[-105.050321891258,39.743978236481],[-105.050923775188,39.7439774455588],[-105.051516784307,39.743974217446],[-105.052087566842,39.7439709008477],[-105.053212321329,39.7439813542211],[-105.053220193268,39.7476039698775],[-105.05323590354,39.7548493494958],[-105.053239418185,39.7579851514163],[-105.053240324526,39.7584736568094],[-105.053244385325,39.7620853278168],[-105.05324229778,39.7664899226818],[-105.053241192408,39.7693224518162],[-105.053241845987,39.7729629947217],[-105.053242492775,39.7765679799127],[-105.053243278749,39.7801511332248],[-105.053244082454,39.7838141106741],[-105.053244082686,39.7838142574823],[-105.062659364992,39.7838492330488],[-105.062652631686,39.7883401632885],[-105.064995186897,39.7883432832071],[-105.064991392564,39.7903206869704],[-105.064404393357,39.7903198311656],[-105.064402928558,39.7910803130305],[-105.062646469788,39.7910777341584],[-105.062647580843,39.7905014007679],[-105.06178628089,39.7905001946603],[-105.061455215641,39.7910760518203],[-105.053246394657,39.791064143823],[-105.047885063327,39.7910873055713],[-105.044037180346,39.7911037791795],[-105.034646457151,39.7911435831415],[-105.034657050442,39.7920476094608],[-105.029952649449,39.7920318313836],[-105.029943638997,39.7911254077601],[-105.025242463916,39.7911073475023],[-105.025264445945,39.7939581361356],[-105.025228531115,39.7939682858511],[-105.025033707412,39.794023346348],[-105.024907563563,39.7940508245148],[-105.024724032559,39.7940691229401],[-105.0246384981,39.7940680508821],[-105.024553411363,39.7940612190719],[-105.024469424669,39.794048680581],[-105.02438717838,39.7940305298648],[-105.024307302041,39.79400690727],[-105.024230405079,39.7939779917919],[-105.024157077946,39.7939440055822],[-105.024087878151,39.7939052075871],[-105.024023337249,39.7938618953773],[-105.023928518357,39.793781646408],[-105.02380062083,39.7936563793956],[-105.02374481296,39.7936067977456],[-105.023683116923,39.7935615595355],[-105.023616098509,39.7935210768437],[-105.023544369309,39.7934857223055],[-105.023468587947,39.7934558183107],[-105.023389448397,39.7934316396587],[-105.023307675343,39.7934134081356],[-105.023224016029,39.7934012897805],[-105.023139240254,39.7933953957853],[-105.023054120542,39.7933957797133],[-105.022969439136,39.7934024393284],[-105.022969355014,39.7934024479943],[-105.022969233519,39.79340245831],[-105.02288419939,39.793415650698],[-105.022801236563,39.7934351695234],[-105.022721132026,39.7934608306434],[-105.022648982139,39.7934903967756],[-105.022580653473,39.7935249445747],[-105.02251672243,39.7935641836708],[-105.022457728335,39.7936077821144],[-105.022207088155,39.7938107533679],[-105.022160794876,39.793851346361],[-105.022118812413,39.7938946371818],[-105.022081401805,39.7939403557965],[-105.022039546156,39.7939965363957],[-105.022007505602,39.7940529513592],[-105.021981648517,39.7941112242477],[-105.021962153961,39.7941709522979],[-105.021916253978,39.794323783869],[-105.021861457306,39.7944748608413],[-105.021861421684,39.7944749480604],[-105.021106396975,39.7942802529691],[-105.021568612691,39.7932141539329],[-105.020672293402,39.7930203291492],[-105.02063968524,39.7929751167491],[-105.020600787691,39.7929329670881],[-105.020556080571,39.7928943990906],[-105.020547415456,39.7915806600529],[-105.020544169788,39.7910886663636],[-105.015848045143,39.7910701237196],[-105.015847901544,39.7910701231292],[-105.006410792847,39.7910460500191],[-105.000939356273,39.7910303587674],[-104.998127080443,39.7910221951346],[-104.998121811619,39.791022179885],[-104.998175518733,39.7825648302342],[-104.998202362901,39.7783370224046],[-104.998194711556,39.7765481301434],[-104.998192509891,39.775488805929],[-104.998191798054,39.774221535943],[-104.998210483102,39.772978026504],[-104.99820963096,39.7717303144666],[-104.998197992394,39.7704986840855],[-104.998204326968,39.7693867427003],[-104.998203286478,39.7692973039255],[-104.99820510832,39.7691530069666],[-104.998206650975,39.7680465386585],[-104.998246598922,39.7621195862642],[-104.998314126609,39.7621001206265],[-104.998440543781,39.7620804132244],[-104.998558955256,39.7620610147378],[-104.998666737484,39.7620357372325],[-104.998707514386,39.7620236437905],[-104.998752288617,39.7620103649638],[-104.998826300352,39.7619821982647],[-104.998971696563,39.7619196767592],[-104.999042212453,39.7618829161763],[-104.999198483729,39.7617919588302],[-104.999332459976,39.7617098275701],[-104.999451157205,39.7616502802984],[-104.999596615732,39.7615791794149],[-104.999811633819,39.7614802352642],[-105.000023906464,39.7613922600108],[-105.000462570392,39.7612311230259],[-105.000848483134,39.7611099107326],[-105.001030171657,39.7610705319439],[-105.001208160198,39.7610513833284],[-105.001353104475,39.7610519974413],[-105.001482084115,39.7610467101325],[-105.001620036514,39.7610301365659],[-105.001726906045,39.7610079407888],[-105.001857018605,39.7609683423879],[-105.001976521227,39.7609201200837],[-105.002136158276,39.7608552519337],[-105.002269990435,39.7607926774379],[-105.002462569624,39.760722115405],[-105.002502536026,39.760710070362],[-105.002518713678,39.7607051949653],[-105.002648703522,39.7606827529104],[-105.002785865477,39.760652105293],[-105.002837562112,39.7606351659149],[-105.002882186296,39.7606123630135],[-105.002967977421,39.7605526732143],[-105.003019847799,39.7605113704981],[-105.003168867624,39.7604060404059],[-105.003430066429,39.7602214192882],[-105.003586347746,39.7601277109037],[-105.003716759969,39.7600455605074],[-105.003816910703,39.7599670562075],[-105.00391793828,39.7598902721917],[-105.004025230133,39.7598080240053],[-105.004114901357,39.7597023669548],[-105.004186805088,39.759594232908],[-105.004249758277,39.7594942968347],[-105.004294713648,39.7594244816632],[-105.004422235145,39.7592476075359],[-105.004538012065,39.7590967636022],[-105.004728708063,39.7589143204975],[-105.004866532029,39.7587893056178],[-105.005074926773,39.7586186036584],[-105.005157239144,39.7585472303391],[-105.005496716962,39.7581982957618],[-105.00561230838,39.7580731856798],[-105.005653574071,39.7580218857389],[-105.005698539189,39.7579503551688],[-105.005755382951,39.7578335779875],[-105.005796061537,39.7577393811395],[-105.005811692869,39.7576663538305],[-105.00582739188,39.7575837193587],[-105.005838586892,39.7575093016965],[-105.005869243509,39.7574493782511],[-105.005943771084,39.757346744559],[-105.006033433858,39.7572414281941],[-105.006115944249,39.75714157313],[-105.00617518352,39.7570632391492],[-105.00632852316,39.7568806375191],[-105.006440797119,39.7567521711777],[-105.006507808609,39.7566754953214],[-105.00659751072,39.7565643459342],[-105.006645936462,39.7565062125329],[-105.006747400122,39.7563662863826],[-105.006837120765,39.7562523916386],[-105.007023516438,39.7560472793126],[-105.007154439261,39.755890662467],[-105.007583782596,39.7554034613146],[-105.008186492551,39.7547920754137],[-105.008217839304,39.7547827025206],[-105.008270251862,39.7547670318784],[-105.008344130659,39.7547560163834],[-105.00843666232,39.7547478239903],[-105.008540752896,39.7547396797905],[-105.008578157278,39.7547312570842],[-105.008629929906,39.7547026481812],[-105.008719325604,39.7546343902717],[-105.009006163251,39.7544327814334],[-105.0090696241,39.7543856906989],[-105.009154611681,39.7543119235796],[-105.009271141745,39.7541778916491],[-105.009330425407,39.7540923508393],[-105.009356491423,39.754052309409],[-105.009397712361,39.7540068415571],[-105.009489391681,39.7539270018401],[-105.009763608874,39.7536882020716],[-105.009920147772,39.7535543361177],[-105.010020131222,39.7534974454224],[-105.010169157002,39.7534208557351],[-105.010269197577,39.7533557293309],[-105.010523000804,39.7531721674268],[-105.010652602252,39.753075592413],[-105.01082419338,39.7529503676127],[-105.011185462456,39.7526560675489],[-105.011319590114,39.7525478441967],[-105.011394754519,39.7524795251318],[-105.011487839824,39.7523913773743],[-105.011536270582,39.7523315261421],[-105.01160713953,39.7522415694012],[-105.011677977225,39.7521560744106],[-105.012054583936,39.7518288923103],[-105.012233681009,39.7516463895285],[-105.01252790737,39.7514019081258],[-105.012773584829,39.7512340927992],[-105.012963838832,39.7511089420883],[-105.013111945781,39.7510354323406],[-105.013301860441,39.7509590087025],[-105.013375834449,39.7509335779027],[-105.013439161798,39.7509050137382],[-105.013498898191,39.7508812397779],[-105.013588127182,39.7508356257091],[-105.014398479779,39.7503987022166],[-105.014602805625,39.7502952257202],[-105.014684997616,39.7502382576485],[-105.014781535991,39.7501641908729],[-105.014956766302,39.7500249046832],[-105.015083828557,39.749908068963],[-105.015139405192,39.7498427551608],[-105.015158303787,39.7498098900491],[-105.015192523231,39.7497472334811],[-105.015267474914,39.7495800812093],[-105.015309204067,39.7494601484867],[-105.015374266403,39.7491800579798],[-105.015443920698,39.7487500262225],[-105.015475254089,39.7484615600665],[-105.015543436913,39.7477295437555],[-105.01555634854,39.7475457750658],[-105.015575975975,39.7472664159077],[-105.015593073857,39.7469792644944],[-105.015609275447,39.7466931379279],[-105.015618322125,39.7465418423235],[-105.015619656525,39.746348650792],[-105.015621630861,39.7460628087548],[-105.015630216176,39.7458497430603],[-105.015678449123,39.7453022638672],[-105.015699507439,39.7449564478656],[-105.015730830976,39.7446690106775],[-105.015750508618,39.7445232501053],[-105.0157996399,39.744360452884],[-105.015840202111,39.7442506169113],[-105.015844938894,39.7442377882911],[-105.015950316831,39.7440409067223],[-105.016070035591,39.7438269252875],[-105.016261337703,39.7433899312434],[-105.016313296848,39.7434266617379],[-105.016833295131,39.7439719248474],[-105.017415549045,39.7445596851138],[-105.01756400384,39.744757703382],[-105.017864836408,39.7451589666701],[-105.018081064135,39.7455460762655],[-105.018219412121,39.7458906232345],[-105.018317970499,39.7463375973657],[-105.01832031066,39.7463802853207],[-105.018981867187,39.7463854329379],[-105.019629092162,39.7463880766137],[-105.020482932116,39.7463924486544],[-105.020490235884,39.746831515736],[-105.020508986962,39.7475999205621],[-105.022068493873,39.7475925379359],[-105.023616412383,39.7475895487655],[-105.023619661872,39.7471112014526],[-105.023624748145,39.7463624535189],[-105.025213502913,39.7463644138331],[-105.026820927685,39.7463660828103],[-105.027431705476,39.7463685370226],[-105.027778430262,39.746369928813],[-105.028380315347,39.7463723424182],[-105.029041776779,39.7463732755981],[-105.029284493877,39.7463732172087],[-105.029940621065,39.7463741240002],[-105.030698992938,39.7463747485989],[-105.031511596518,39.7463755842145],[-105.032316167848,39.746381186483],[-105.033048725544,39.7463864975333],[-105.033803511745,39.746391548926],[-105.03458229998,39.7463970335593],[-105.034939781282,39.7463857500183],[-105.03519051119,39.7463839953326],[-105.035771102677,39.7463794239137],[-105.035772044137,39.7451629367789],[-105.035765838211,39.7439515691471],[-105.036380165986,39.7439512457554]]]},"properties":{"OBJECTID":26,"CN_NUMBER":1,"CN_NAME":"Northwest","GLOBALID":"29bc0730-b777-44dd-82e4-305c19e1e7da"}},{"type":"Feature","id":27,"geometry":{"type":"Polygon","coordinates":[[[-105.017385185903,39.7405155359867],[-105.017461142419,39.7403066297487],[-105.017465230733,39.7402953871781],[-105.017552273427,39.7400483269048],[-105.017838454835,39.7392832281345],[-105.017869179345,39.7392106046958],[-105.017914346377,39.7391061267955],[-105.017963194071,39.7389834766185],[-105.017982373784,39.7389090891627],[-105.01801312401,39.7387033207624],[-105.018043991964,39.7384803940555],[-105.018060478684,39.7382804008647],[-105.018060988796,39.7382061647825],[-105.01806173782,39.7380971600011],[-105.018043933143,39.7379714914828],[-105.01799365298,39.7377852933298],[-105.017953509616,39.7376763479875],[-105.017855835072,39.7374014209663],[-105.017680781746,39.7370033263015],[-105.017428381402,39.7364776026669],[-105.017212640055,39.7360505150342],[-105.017155053756,39.7358931125427],[-105.017085871183,39.7356124679137],[-105.017025814488,39.7352975448996],[-105.016995609108,39.7347785654793],[-105.01700563455,39.7338390386354],[-105.016998462797,39.7333314776987],[-105.017003360911,39.732941024534],[-105.017014226746,39.7320748949195],[-105.016994557967,39.7311877484635],[-105.016983166823,39.7306475696722],[-105.016966557932,39.7298324994766],[-105.016956442525,39.7297525011353],[-105.016934753417,39.7296752014404],[-105.016898171661,39.7295662700124],[-105.016832573032,39.7294115784328],[-105.016734480553,39.7291997899333],[-105.016675587732,39.7291038067931],[-105.016539990632,39.7289172568589],[-105.01639981057,39.728750935171],[-105.016091267202,39.7283807701516],[-105.015985537525,39.7282458170551],[-105.015919605872,39.7281398529374],[-105.015824127517,39.7279363092255],[-105.015722802366,39.7276785231779],[-105.015682073419,39.7275354510828],[-105.015675074215,39.7275108643543],[-105.015650403016,39.7273508508174],[-105.015637388223,39.7271761285271],[-105.015642166031,39.7269990782655],[-105.015639648638,39.726848764346],[-105.015659320002,39.7265743173668],[-105.015676353276,39.726295741591],[-105.015676801413,39.7262901331033],[-105.01570067674,39.7259911166182],[-105.015716615239,39.7258710757034],[-105.015743602814,39.7256954894123],[-105.015743978586,39.7256925898698],[-105.015768558929,39.7255030934633],[-105.015817764808,39.7251237477169],[-105.015825585535,39.7250208312937],[-105.015838105867,39.7248808748308],[-105.015846262838,39.7247292311933],[-105.015836080756,39.7246591848385],[-105.015792352921,39.7245560571455],[-105.015729882966,39.7244641765351],[-105.015677148381,39.7243965498504],[-105.015667332628,39.7243839620661],[-105.01551304303,39.7242031682297],[-105.015392152568,39.7240767309075],[-105.015270133141,39.7239849469781],[-105.015144434458,39.7239113360922],[-105.014521081636,39.7235714389731],[-105.014325479432,39.7234532711609],[-105.014049494781,39.7232633938771],[-105.013887526395,39.7231656106423],[-105.013219138894,39.7227853707385],[-105.013019994471,39.7226658125088],[-105.012943071715,39.722608187346],[-105.012883902478,39.7225537222767],[-105.012810513477,39.7224991991898],[-105.012699838034,39.722438687903],[-105.012551796425,39.722383512241],[-105.012459606034,39.7223488142728],[-105.012267126685,39.7222937972385],[-105.012056894378,39.7222356169187],[-105.01088110966,39.7219733646261],[-105.010418856463,39.721859914959],[-105.010204201326,39.7217989685254],[-105.010057031358,39.7217468817625],[-105.009953409399,39.7216949753248],[-105.0096330167,39.7215035298478],[-105.009381858705,39.7213250691466],[-105.009216646481,39.7211843708828],[-105.008775226855,39.7207621560841],[-105.008484882063,39.7204692575668],[-105.008061286427,39.7200412815973],[-105.007120467941,39.7191053194666],[-105.007028798148,39.7189975253815],[-105.006841132956,39.7187651058088],[-105.006768014332,39.7186735186944],[-105.006676252779,39.71857876491],[-105.006587828946,39.7185152526127],[-105.00649152599,39.71844093593],[-105.006396017841,39.718367231362],[-105.006280320012,39.7182927304394],[-105.006141223111,39.7182031609219],[-105.005780250489,39.7179727562353],[-105.005496351101,39.7177773345083],[-105.005053885911,39.7175095236369],[-105.004575072037,39.7172298905328],[-105.004114031779,39.7169506744231],[-105.003763593054,39.7167405551538],[-105.003368928416,39.7165014217371],[-105.003273456865,39.7164296412737],[-105.003022556846,39.7162195959572],[-105.002717822323,39.715956819868],[-105.002548274391,39.715804425172],[-105.002463610787,39.7157127864243],[-105.002360550994,39.7155836652955],[-105.002041742471,39.7151760131868],[-105.001960755501,39.7150672315869],[-105.001825487804,39.71484360352],[-105.001771135164,39.7147387093369],[-105.001672748924,39.7144524388766],[-105.001531573724,39.7140599512341],[-105.001466000364,39.7139083385693],[-105.001257555272,39.7134785031222],[-105.001060156062,39.7131200915326],[-105.000906784384,39.7128191751405],[-105.000600632564,39.7121342974051],[-105.000516718562,39.7119383393555],[-105.000418884295,39.7117004555654],[-105.000367313125,39.7115801301638],[-105.000283984817,39.7114267263605],[-105.000143070068,39.711203256663],[-105.000135391278,39.7111910791911],[-105.000001923282,39.7109794174084],[-104.999950127198,39.7108906616538],[-104.999924808021,39.7108274114656],[-104.999884849999,39.7106985561533],[-104.999834512811,39.7105298499919],[-104.999715274324,39.7101789744251],[-104.999649710963,39.7100270173858],[-104.999609457788,39.709939683193],[-104.999390250534,39.7095269569056],[-104.999177889909,39.7091513189143],[-104.999071677429,39.7089679616137],[-104.998958647284,39.7087440821164],[-104.99874375933,39.7082253341234],[-104.998663850735,39.7079676224367],[-104.99863886851,39.7078573611065],[-104.998610259763,39.7077573782518],[-104.998566652322,39.7076425763983],[-104.998500846103,39.7075252777424],[-104.998372918412,39.7072728516154],[-104.998063056343,39.7066167754625],[-104.99799391382,39.7064692640053],[-104.997928420201,39.7063087270289],[-104.997873751337,39.7061255884458],[-104.997841961071,39.7059737752276],[-104.997805553936,39.7058463058641],[-104.997754856806,39.7057290712158],[-104.997714608456,39.7056417362403],[-104.997604628607,39.7054895889827],[-104.997557220795,39.7054094297605],[-104.997483548164,39.7052745946651],[-104.997407228746,39.7051370038111],[-104.997355420591,39.7050509919395],[-104.997293932293,39.7049518976141],[-104.997209495183,39.704831430011],[-104.99711365031,39.704691010172],[-104.996986249855,39.7044904010476],[-104.996920206836,39.7044070742745],[-104.996827139623,39.7043204632284],[-104.996747206892,39.7042460765976],[-104.996470950493,39.7039875217728],[-104.996414336859,39.703938045984],[-104.996129231643,39.7036888790273],[-104.995389302957,39.7030409041223],[-104.99501435918,39.7026686787234],[-104.994830912254,39.7024791516674],[-104.994746408225,39.7023689767394],[-104.99466985139,39.7022656991381],[-104.994347023474,39.7018137376682],[-104.994119866797,39.7015255338872],[-104.993686368575,39.7010202482387],[-104.993451108379,39.7007474495858],[-104.99326760875,39.7005664987579],[-104.993175828317,39.7004803117297],[-104.993087703572,39.7003800716199],[-104.992922656868,39.7001048300512],[-104.992813162352,39.6998881645536],[-104.992700741149,39.6995846661616],[-104.992675482188,39.6995145529202],[-104.992649945431,39.6994828708897],[-104.992580150069,39.6994283500642],[-104.992491843853,39.6993535027165],[-104.992436306066,39.6992932095633],[-104.992392398904,39.6992216422149],[-104.992348742404,39.6991157587584],[-104.992319962465,39.6990411691123],[-104.992290614419,39.6989223072104],[-104.992270493856,39.6986332764048],[-104.99226471959,39.6984489730604],[-104.992255174457,39.6982945085878],[-104.992264269279,39.69802001669],[-104.992269560885,39.6977798255335],[-104.992290059928,39.6975252862694],[-104.992317013295,39.6973610275949],[-104.992363109857,39.6971295907032],[-104.992378967535,39.6970253376152],[-104.992379506156,39.6969508735758],[-104.992380250791,39.6968479278959],[-104.99238125357,39.6967092934738],[-104.992384178631,39.6966609723561],[-104.992393361557,39.6965092816999],[-104.992405387432,39.6964434463066],[-104.992435272128,39.6963649900593],[-104.992525312663,39.6961996308961],[-104.992615406194,39.6960267213961],[-104.99269044605,39.6958468845169],[-104.992754596542,39.695698571617],[-104.992860193346,39.6954701363469],[-104.992886472622,39.6953988717402],[-104.992928331774,39.6952617869798],[-104.993004175692,39.6949704243869],[-104.993042769656,39.6947931753929],[-104.99307654722,39.6946677232629],[-104.993107567809,39.6945549553738],[-104.993194753502,39.6942921249332],[-104.993322307036,39.6939752476429],[-104.993551133396,39.6935359539073],[-104.993746313835,39.6932035827075],[-104.993915296832,39.6929311511084],[-104.994034562659,39.6927772398907],[-104.99419132578,39.6925977534845],[-104.994533886256,39.6922773382405],[-104.99467950247,39.6921650632942],[-104.994835806941,39.6920487161199],[-104.994983891021,39.6919635613121],[-104.995451984643,39.6917281006488],[-104.995775597172,39.6915706031227],[-104.996124855655,39.6914293441889],[-104.996414369588,39.6913190562553],[-104.996885797996,39.6911383617112],[-104.997144841986,39.6910390723552],[-104.997449433672,39.6909315907575],[-104.997668600159,39.6908439910222],[-104.997932368389,39.6907305008891],[-104.998162295569,39.6906285333055],[-104.998321860827,39.6905520014701],[-104.99849309551,39.6904583619071],[-104.998690337662,39.6903305166098],[-104.998913645769,39.6901598866023],[-104.999125282084,39.6900063637314],[-104.999302125851,39.6898732830512],[-104.999352142573,39.6898357480124],[-104.999419153743,39.6897818134436],[-104.999501388688,39.689710785451],[-104.999546193976,39.6896564122238],[-104.999610038082,39.6895482441976],[-104.999657682144,39.6894199235664],[-104.999677968541,39.6893652838264],[-104.999723424088,39.6892196326362],[-104.999784306106,39.6890284053651],[-104.999814518039,39.688902591875],[-104.999860491397,39.6886841920846],[-104.999916709697,39.6885241736855],[-104.999988874562,39.6883700559485],[-105.000052175599,39.6882131560625],[-105.00007949692,39.6881189021593],[-105.000083375209,39.6880732778515],[-105.000090860478,39.6880201192724],[-105.000091266199,39.6879631557904],[-105.000092192518,39.6878330997064],[-105.000092620234,39.6877730478387],[-105.000108232136,39.6877013929513],[-105.000179790894,39.6875074663633],[-105.000232189299,39.6873844923247],[-105.000285370754,39.6872762785379],[-105.000315173051,39.687207772395],[-105.000348692127,39.6871162900494],[-105.000394225437,39.6869593135141],[-105.000425691198,39.686782031407],[-105.000471569745,39.6865763269956],[-105.000498287302,39.6864419201843],[-105.000532151246,39.6863020530929],[-105.000901563182,39.6849453752607],[-105.001302543948,39.6836444222193],[-105.001348114308,39.6834816124048],[-105.001393745403,39.6833102228103],[-105.001409454922,39.6832244983195],[-105.001430343112,39.6829099041833],[-105.00143237344,39.6826240567653],[-105.001412675708,39.6822708560263],[-105.001394754123,39.6821678306563],[-105.001827775252,39.6821777184254],[-105.00242416455,39.6821790549708],[-105.004078816263,39.6822035472857],[-105.005241764977,39.6822163396055],[-105.006186706884,39.6822332164464],[-105.006363987327,39.6822418653901],[-105.00679023687,39.6822489251033],[-105.008689827748,39.6822677380373],[-105.00891636637,39.6822716729703],[-105.009986101207,39.6822861122845],[-105.011041509559,39.6822951015394],[-105.012888319205,39.6823155131675],[-105.013371993626,39.6823209476975],[-105.013818630652,39.6823262018697],[-105.014736517763,39.6823366427854],[-105.01569272729,39.6823391353606],[-105.016864406662,39.6823196443659],[-105.018029935522,39.6823123172787],[-105.019192616355,39.6823017452113],[-105.020366548531,39.6822960442707],[-105.021537538942,39.6822869897752],[-105.022701561887,39.6822801272514],[-105.023745856416,39.6822730961345],[-105.025037984382,39.6822707527218],[-105.026213640576,39.6822619154952],[-105.027371274504,39.6822558961015],[-105.028321378739,39.6822502930002],[-105.029788922247,39.6822397786879],[-105.030953591765,39.6822321300148],[-105.032086704342,39.6822239920504],[-105.03322601745,39.6822185734642],[-105.034373459105,39.6822116817813],[-105.035333118422,39.6822048006959],[-105.036255850603,39.6822080088088],[-105.03717643091,39.6822119316704],[-105.038276097203,39.6822144368252],[-105.039202388675,39.6822177717945],[-105.040269156653,39.6822210327615],[-105.041259506626,39.6822264574109],[-105.042260687569,39.6822303820068],[-105.043252411319,39.6822326968358],[-105.044264007293,39.6822381327751],[-105.045224197838,39.6822424613933],[-105.046145191113,39.6822483953233],[-105.047067738067,39.6822550972146],[-105.047996243403,39.6822575707126],[-105.04897572055,39.6822657122315],[-105.050025252736,39.6822712369138],[-105.051065638366,39.6822779593565],[-105.052110954267,39.6822837006132],[-105.053220741683,39.6822922715767],[-105.053235265509,39.6822945730914],[-105.053235233264,39.6825624557808],[-105.053234388984,39.6895497393545],[-105.053230835851,39.6967703697944],[-105.053230816448,39.6968096802092],[-105.053249381624,39.7040813539574],[-105.053264422002,39.7113443705144],[-105.053264439939,39.7113461323173],[-105.053264963631,39.711583492037],[-105.053281206064,39.7186005187781],[-105.053261562713,39.7237478449431],[-105.053254027372,39.7258008840548],[-105.053253845699,39.7258497406279],[-105.053242288733,39.7331071545241],[-105.053765853647,39.7331054782842],[-105.054419046378,39.7331033828045],[-105.054419216694,39.7331033825489],[-105.054422030667,39.7336400920392],[-105.054674484586,39.7336393320089],[-105.054674861486,39.7337199753781],[-105.055003966731,39.7337188796549],[-105.055012652995,39.73371885126],[-105.055009460566,39.73310115437],[-105.055474201815,39.7330996497456],[-105.055596146713,39.7330992538508],[-105.055586436077,39.7349124631314],[-105.054744168226,39.7349151729127],[-105.053232519432,39.7349200204559],[-105.053231455925,39.7351236121327],[-105.053204097462,39.7403586152979],[-105.053212321329,39.7439813542213],[-105.053212133492,39.7439813535082],[-105.052087566842,39.7439709008479],[-105.051516784307,39.7439742174462],[-105.050923775188,39.7439774455591],[-105.050321891258,39.7439782364811],[-105.049808913201,39.7439786763603],[-105.049269229399,39.7439845040168],[-105.048686868387,39.7439908509465],[-105.048084132899,39.743985792605],[-105.047516067907,39.7439808635903],[-105.04632304472,39.7439707807153],[-105.045754945578,39.7439713335639],[-105.045158397961,39.7439717746185],[-105.044587631747,39.7439723133248],[-105.044023087463,39.7439728724707],[-105.042837141245,39.7439682712723],[-105.042510871864,39.7439670033258],[-105.041096509899,39.7439614963785],[-105.039308637485,39.7439545108079],[-105.03873167536,39.7439508780807],[-105.038157308023,39.743958233707],[-105.037566096818,39.7439583140611],[-105.036985600186,39.7439512273213],[-105.036380165986,39.7439512457556],[-105.03576583821,39.7439515691473],[-105.035772044137,39.7451629367791],[-105.035771102677,39.7463794239139],[-105.03519051119,39.7463839953328],[-105.034939781282,39.7463857500185],[-105.03458229998,39.7463970335595],[-105.033803511744,39.7463915489261],[-105.033048725544,39.7463864975335],[-105.032316167848,39.7463811864832],[-105.031511596518,39.7463755842147],[-105.030698992937,39.7463747485991],[-105.029940621065,39.7463741240004],[-105.029284493877,39.7463732172089],[-105.029041776779,39.7463732755983],[-105.028380315347,39.7463723424184],[-105.027778430262,39.7463699288132],[-105.027431705475,39.7463685370228],[-105.026820927685,39.7463660828106],[-105.025213502913,39.7463644138332],[-105.023624748144,39.7463624535191],[-105.023619661871,39.7471112014528],[-105.023616412382,39.7475895487657],[-105.022068493872,39.7475925379361],[-105.020508986961,39.7475999205623],[-105.020490235883,39.7468315157362],[-105.020482932115,39.7463924486546],[-105.019629092162,39.7463880766139],[-105.018981867186,39.7463854329382],[-105.01832031066,39.7463802853208],[-105.018317970499,39.746337597366],[-105.018219412121,39.7458906232347],[-105.018081064135,39.7455460762657],[-105.017864836408,39.7451589666703],[-105.017564003839,39.7447577033822],[-105.017415549045,39.744559685114],[-105.016833295131,39.7439719248476],[-105.016313296848,39.7434266617381],[-105.016261337703,39.7433899312436],[-105.016337402448,39.7432161751681],[-105.016412176419,39.743073386104],[-105.016439260521,39.7430134449674],[-105.016491828026,39.742867818436],[-105.016593525818,39.7425593951226],[-105.017061722116,39.7413146258174],[-105.017219991077,39.7409233890646],[-105.017329309288,39.7406692140962],[-105.017367879962,39.7405631341176],[-105.017385185903,39.7405155359867]]]},"properties":{"OBJECTID":27,"CN_NUMBER":4,"CN_NAME":"West","GLOBALID":"53e9fe3e-19e9-4075-ae5f-30976e34a42e"}},{"type":"Feature","id":28,"geometry":{"type":"Polygon","coordinates":[[[-104.973485966389,39.6676757457343],[-104.978185507878,39.6677018140284],[-104.987571892573,39.6676828905414],[-104.99700501219,39.6676606551157],[-105.000185998,39.6676742227666],[-105.0001953184,39.6681114571623],[-104.999987771871,39.668199112315],[-104.999772129658,39.6683011447325],[-104.99960543141,39.6683889721297],[-104.999434107684,39.6685028602274],[-104.999281476671,39.6686106507065],[-104.999152022847,39.6687061866558],[-104.999028786382,39.6688014048911],[-104.998891045401,39.6689380842754],[-104.998753142179,39.6690974126715],[-104.99868592481,39.6691829175771],[-104.998629180276,39.6692942045736],[-104.998569362052,39.6694627880757],[-104.998541965081,39.6695683663787],[-104.998508248578,39.6696883306891],[-104.998470295062,39.6697797941213],[-104.998361182071,39.6700109665634],[-104.998301752504,39.6701249872456],[-104.998226418271,39.670227615526],[-104.998177775257,39.6703234943797],[-104.998158666893,39.6703875848575],[-104.998150990702,39.6704675106754],[-104.998131215038,39.6706249394555],[-104.998104550486,39.670752140204],[-104.998058858187,39.6709321081591],[-104.997997957724,39.67112745271],[-104.997949080646,39.6712559312088],[-104.997881265114,39.6714244801053],[-104.997780141664,39.6716556851208],[-104.997632968177,39.6719923892398],[-104.997564906749,39.6721952534508],[-104.997508635926,39.6723638505261],[-104.997466861945,39.6724923591385],[-104.99744411639,39.6725681015463],[-104.997428487931,39.6726421594463],[-104.99741319235,39.6727937733311],[-104.99740463677,39.672872321715],[-104.997392977071,39.6730122834946],[-104.997380571701,39.6731323393664],[-104.99737630184,39.6732325255035],[-104.997349562512,39.6733696774617],[-104.997314585451,39.673541110752],[-104.99731415544,39.6736011638087],[-104.997347412626,39.6736699391486],[-104.997397880721,39.6738160003338],[-104.997412426056,39.6738932756905],[-104.997415568293,39.6739505968854],[-104.997414976229,39.6740332972716],[-104.997418076698,39.674096453902],[-104.997442952933,39.6742194135376],[-104.997501025536,39.6744197273185],[-104.997547633776,39.6746086684945],[-104.997612844194,39.6749035516468],[-104.997626783234,39.6749665861386],[-104.997669901008,39.6751469322735],[-104.99768004796,39.6752183540511],[-104.997668980191,39.6752756162952],[-104.997667916957,39.6754242023984],[-104.997685850995,39.6755244833392],[-104.997714342173,39.6756388791622],[-104.997753885887,39.6758222993406],[-104.997771372046,39.6759853776066],[-104.997788448434,39.6762054195602],[-104.997790854587,39.6763656889585],[-104.997786339619,39.6765001904819],[-104.997802959839,39.6772809642892],[-104.997826897688,39.6775353519661],[-104.99786172698,39.6777571863436],[-104.997897803028,39.6779289230048],[-104.997930510609,39.6780749087746],[-104.998000425663,39.6786071141347],[-104.99802850881,39.6787788165725],[-104.998086523056,39.6789880526651],[-104.998176973896,39.6792571369756],[-104.998351669604,39.6796696813608],[-104.998450565993,39.6798760031474],[-104.998563795615,39.680065226821],[-104.998640353575,39.6801657574605],[-104.998728438811,39.6802690834135],[-104.998923426559,39.6804528214616],[-104.999062887823,39.6805762687583],[-104.999159212937,39.680645312096],[-104.999254801801,39.6806930759994],[-104.999354905275,39.6807305641046],[-104.999435548955,39.6807566448362],[-104.999583534043,39.680806005097],[-104.999837900759,39.6808842995535],[-105.000070982677,39.6809580418094],[-105.000450826143,39.6811284933888],[-105.000826914866,39.6813274113513],[-105.000940886317,39.6814136863524],[-105.001040564854,39.6815112250167],[-105.001139211558,39.681629005928],[-105.001194559951,39.6817150328184],[-105.001347642952,39.6820475232545],[-105.001394754123,39.6821678306563],[-105.001412675708,39.6822708560263],[-105.00143237344,39.6826240567653],[-105.001430343112,39.6829099041833],[-105.001409454922,39.6832244983195],[-105.001393745403,39.6833102228103],[-105.001348114308,39.6834816124048],[-105.001302543948,39.6836444222193],[-105.000901563182,39.6849453752607],[-105.000532151246,39.6863020530929],[-105.000498287302,39.6864419201843],[-105.000471569745,39.6865763269956],[-105.000425691198,39.686782031407],[-105.000394225437,39.6869593135141],[-105.000348692127,39.6871162900494],[-105.000315173051,39.687207772395],[-105.000285370754,39.6872762785379],[-105.000232189299,39.6873844923247],[-105.000179790894,39.6875074663633],[-105.000108232136,39.6877013929513],[-105.000092620234,39.6877730478387],[-105.000092192518,39.6878330997064],[-105.000091266199,39.6879631557904],[-105.000090860478,39.6880201192724],[-105.000083375209,39.6880732778515],[-105.00007949692,39.6881189021593],[-105.000052175599,39.6882131560625],[-104.999988874562,39.6883700559485],[-104.999916709697,39.6885241736855],[-104.999860491397,39.6886841920846],[-104.999814518039,39.688902591875],[-104.999784306106,39.6890284053651],[-104.999723424088,39.6892196326362],[-104.999677968541,39.6893652838264],[-104.999657682144,39.6894199235664],[-104.999610038082,39.6895482441976],[-104.999546193976,39.6896564122238],[-104.999501388688,39.689710785451],[-104.999419153743,39.6897818134436],[-104.999352142573,39.6898357480124],[-104.999302125851,39.6898732830512],[-104.999125282084,39.6900063637314],[-104.998913645769,39.6901598866023],[-104.998690337662,39.6903305166098],[-104.99849309551,39.6904583619071],[-104.998321860827,39.6905520014701],[-104.998162295569,39.6906285333055],[-104.997932368389,39.6907305008891],[-104.997668600159,39.6908439910222],[-104.997449433672,39.6909315907575],[-104.997144841986,39.6910390723552],[-104.996885797996,39.6911383617112],[-104.996414369588,39.6913190562553],[-104.996124855655,39.6914293441889],[-104.995775597172,39.6915706031227],[-104.995451984643,39.6917281006488],[-104.994983891021,39.6919635613121],[-104.994835806941,39.6920487161199],[-104.99467950247,39.6921650632942],[-104.994533886256,39.6922773382405],[-104.99419132578,39.6925977534845],[-104.994034562659,39.6927772398907],[-104.993915296832,39.6929311511084],[-104.993746313835,39.6932035827075],[-104.993551133396,39.6935359539073],[-104.993322307036,39.6939752476429],[-104.993194753502,39.6942921249332],[-104.993107567809,39.6945549553738],[-104.99307654722,39.6946677232629],[-104.993042769656,39.6947931753929],[-104.993004175692,39.6949704243869],[-104.992928331774,39.6952617869798],[-104.992886472622,39.6953988717402],[-104.992860193346,39.6954701363469],[-104.992754596542,39.695698571617],[-104.99269044605,39.6958468845169],[-104.992615406194,39.6960267213961],[-104.992525312663,39.6961996308961],[-104.992435272128,39.6963649900593],[-104.992405387432,39.6964434463066],[-104.992393361557,39.6965092816999],[-104.992384178631,39.6966609723561],[-104.99238125357,39.6967092934738],[-104.992380250791,39.6968479278959],[-104.992379506156,39.6969508735758],[-104.992378967535,39.6970253376152],[-104.992363109857,39.6971295907032],[-104.992317013295,39.6973610275949],[-104.992290059928,39.6975252862694],[-104.992269560885,39.6977798255335],[-104.992264269279,39.69802001669],[-104.992255174457,39.6982945085878],[-104.99226471959,39.6984489730604],[-104.992270493856,39.6986332764048],[-104.992290614419,39.6989223072104],[-104.992319962465,39.6990411691123],[-104.992348742404,39.6991157587584],[-104.992392398904,39.6992216422149],[-104.992436306066,39.6992932095633],[-104.992491843853,39.6993535027165],[-104.992580150069,39.6994283500642],[-104.992649945431,39.6994828708897],[-104.992675482188,39.6995145529202],[-104.992700741149,39.6995846661616],[-104.992813162352,39.6998881645536],[-104.992922656868,39.7001048300512],[-104.993087703572,39.7003800716199],[-104.993175828317,39.7004803117297],[-104.99326760875,39.7005664987579],[-104.993451108379,39.7007474495858],[-104.993686368575,39.7010202482387],[-104.994119866797,39.7015255338872],[-104.994347023474,39.7018137376682],[-104.99466985139,39.7022656991381],[-104.994746408225,39.7023689767394],[-104.994830912254,39.7024791516674],[-104.99501435918,39.7026686787234],[-104.995389302957,39.7030409041223],[-104.996129231643,39.7036888790273],[-104.996414336859,39.703938045984],[-104.996470950493,39.7039875217728],[-104.996747206892,39.7042460765976],[-104.996827139623,39.7043204632284],[-104.996920206836,39.7044070742745],[-104.996986249855,39.7044904010476],[-104.99711365031,39.704691010172],[-104.997209495183,39.704831430011],[-104.997293932293,39.7049518976141],[-104.997355420591,39.7050509919395],[-104.997407228746,39.7051370038111],[-104.997483548164,39.7052745946651],[-104.997557220795,39.7054094297605],[-104.997604628607,39.7054895889827],[-104.997714608456,39.7056417362403],[-104.997754856806,39.7057290712158],[-104.997805553936,39.7058463058641],[-104.997841961071,39.7059737752276],[-104.997873751337,39.7061255884458],[-104.997928420201,39.7063087270289],[-104.99799391382,39.7064692640053],[-104.998063056343,39.7066167754625],[-104.998372918412,39.7072728516154],[-104.998500846103,39.7075252777424],[-104.998566652322,39.7076425763983],[-104.998610259763,39.7077573782518],[-104.99863886851,39.7078573611065],[-104.998663850735,39.7079676224367],[-104.99874375933,39.7082253341234],[-104.998958647284,39.7087440821164],[-104.999071677429,39.7089679616137],[-104.999177889909,39.7091513189143],[-104.999390250534,39.7095269569056],[-104.999609457788,39.709939683193],[-104.999649710963,39.7100270173858],[-104.999715274324,39.7101789744251],[-104.999834512811,39.7105298499919],[-104.999884849999,39.7106985561533],[-104.999924808021,39.7108274114656],[-104.999950127198,39.7108906616538],[-105.000001923282,39.7109794174084],[-105.000135391278,39.7111910791911],[-105.000143070068,39.711203256663],[-105.000283984817,39.7114267263605],[-105.000367313125,39.7115801301638],[-105.000418884295,39.7117004555654],[-105.000516718562,39.7119383393555],[-105.000600632564,39.7121342974051],[-105.000906784384,39.7128191751405],[-105.001060156062,39.7131200915326],[-105.001257555272,39.7134785031222],[-105.001466000364,39.7139083385693],[-105.001531573724,39.7140599512341],[-105.001672748924,39.7144524388766],[-105.001771135164,39.7147387093369],[-105.001825487804,39.71484360352],[-105.001960755501,39.7150672315869],[-105.002041742471,39.7151760131868],[-105.002360550994,39.7155836652955],[-105.002463610787,39.7157127864243],[-105.002548274391,39.715804425172],[-105.002717822323,39.715956819868],[-105.003022556846,39.7162195959572],[-105.003273456865,39.7164296412737],[-105.003368928416,39.7165014217371],[-105.003763593054,39.7167405551538],[-105.004114031779,39.7169506744231],[-105.004575072037,39.7172298905328],[-105.005053885911,39.7175095236369],[-105.005496351101,39.7177773345083],[-105.005780250489,39.7179727562353],[-105.006141223111,39.7182031609219],[-105.006280320012,39.7182927304394],[-105.006396017841,39.718367231362],[-105.00649152599,39.71844093593],[-105.006587828946,39.7185152526127],[-105.006676252779,39.71857876491],[-105.006768014332,39.7186735186944],[-105.006841132956,39.7187651058088],[-105.007028798148,39.7189975253815],[-105.007120467941,39.7191053194666],[-105.008061286427,39.7200412815973],[-105.008484882063,39.7204692575668],[-105.008775226855,39.7207621560841],[-105.009216646481,39.7211843708828],[-105.009381858705,39.7213250691466],[-105.0096330167,39.7215035298478],[-105.009953409399,39.7216949753248],[-105.010057031358,39.7217468817625],[-105.010204201326,39.7217989685254],[-105.010418856463,39.721859914959],[-105.01088110966,39.7219733646261],[-105.012056894378,39.7222356169187],[-105.012267126685,39.7222937972385],[-105.012459606034,39.7223488142728],[-105.012551796425,39.722383512241],[-105.012699838034,39.722438687903],[-105.012810513477,39.7224991991898],[-105.012883902478,39.7225537222767],[-105.012943071715,39.722608187346],[-105.013019994471,39.7226658125088],[-105.013219138894,39.7227853707385],[-105.013887526395,39.7231656106423],[-105.014049494781,39.7232633938771],[-105.014325479432,39.7234532711609],[-105.014521081636,39.7235714389731],[-105.015144434458,39.7239113360922],[-105.015270133141,39.7239849469781],[-105.015297192581,39.7240053021565],[-105.015392152568,39.7240767309075],[-105.01551304303,39.7242031682297],[-105.015667332628,39.7243839620661],[-105.015677148381,39.7243965498504],[-105.015729882966,39.7244641765351],[-105.015792352921,39.7245560571455],[-105.015836080756,39.7246591848385],[-105.015846262838,39.7247292311933],[-105.015838105867,39.7248808748308],[-105.015825585535,39.7250208312937],[-105.015817764808,39.7251237477169],[-105.015768558929,39.7255030934633],[-105.015743978586,39.7256925898698],[-105.015743602814,39.7256954894123],[-105.015716615239,39.7258710757034],[-105.01570067674,39.7259911166182],[-105.015676801413,39.7262901331033],[-105.015676353276,39.726295741591],[-105.015659320002,39.7265743173668],[-105.015639648638,39.726848764346],[-105.015642166031,39.7269990782655],[-105.015637388223,39.7271761285271],[-105.015650403016,39.7273508508174],[-105.015675074215,39.7275108643543],[-105.015682073419,39.7275354510828],[-105.015722802366,39.7276785231779],[-105.015824127517,39.7279363092255],[-105.015919605872,39.7281398529374],[-105.015985537525,39.7282458170551],[-105.016091267202,39.7283807701516],[-105.01639981057,39.728750935171],[-105.016539990632,39.7289172568589],[-105.016675587732,39.7291038067931],[-105.016734480553,39.7291997899333],[-105.016832573032,39.7294115784328],[-105.016898171661,39.7295662700124],[-105.016934753417,39.7296752014404],[-105.016956442525,39.7297525011353],[-105.016966557932,39.7298324994766],[-105.016983166823,39.7306475696722],[-105.016994557967,39.7311877484635],[-105.017014226746,39.7320748949195],[-105.017003360911,39.732941024534],[-105.016998462797,39.7333314776987],[-105.01700563455,39.7338390386354],[-105.017004707722,39.7339258600854],[-105.016995609108,39.7347785654793],[-105.017025814488,39.7352975448996],[-105.017085871183,39.7356124679137],[-105.017155053756,39.7358931125427],[-105.017212640055,39.7360505150342],[-105.017428381402,39.7364776026669],[-105.017680781746,39.7370033263015],[-105.017855835072,39.7374014209663],[-105.017953509616,39.7376763479875],[-105.01799365298,39.7377852933298],[-105.018043933143,39.7379714914828],[-105.01806173782,39.7380971600011],[-105.018060988796,39.7382061647825],[-105.018060478684,39.7382804008647],[-105.018043991964,39.7384803940555],[-105.01801312401,39.7387033207624],[-105.017982373784,39.7389090891627],[-105.017963194071,39.7389834766185],[-105.017925942199,39.7390770113412],[-105.017914346377,39.7391061267955],[-105.017869179345,39.7392106046958],[-105.017838454835,39.7392832281345],[-105.017552273427,39.7400483269048],[-105.017465230733,39.7402953871781],[-105.017461142419,39.7403066297487],[-105.017385185903,39.7405155359867],[-105.015425511463,39.7404688822315],[-105.015424834914,39.7404688659353],[-105.015183451697,39.7404630179436],[-105.014577891869,39.7404483443451],[-105.010866674812,39.7403728870056],[-105.009346658212,39.7403350118762],[-105.006433308832,39.7402623631934],[-105.005886947408,39.7402383847108],[-105.005234368476,39.7402097419764],[-105.004777405393,39.7401896828485],[-105.004417590046,39.7401656349279],[-105.004125825565,39.7401493834255],[-105.003546923721,39.7401506983229],[-105.002821607303,39.7401588467409],[-105.001724965134,39.7401711643401],[-105.001569573277,39.7401746790754],[-105.000145847825,39.7402068799382],[-105.000116936957,39.7402075326081],[-105.000049587509,39.7402079688256],[-104.999969994614,39.7402084844774],[-104.999066122852,39.7402143314374],[-104.998911719827,39.740207918724],[-104.998566933548,39.7401937180575],[-104.998253965559,39.7401808247346],[-104.998126303801,39.7401791076478],[-104.996936720472,39.7401638387274],[-104.99651258043,39.7401583670769],[-104.996441867494,39.7401575078781],[-104.995269909196,39.7401476205213],[-104.994360104888,39.7401397462324],[-104.993534072833,39.7401353598485],[-104.992919582217,39.7401320901971],[-104.992504307727,39.74012987843],[-104.991655141997,39.7401252007492],[-104.990423450029,39.7401168507399],[-104.990076975836,39.7401118768311],[-104.989940691306,39.7401225518362],[-104.989818775583,39.7401633328419],[-104.989677159206,39.7402378333689],[-104.989554591804,39.7403687455521],[-104.989427402831,39.7404658396754],[-104.98930518539,39.7405479319561],[-104.989105301501,39.7406071547193],[-104.988939662669,39.7406402369384],[-104.988754836961,39.7406356764682],[-104.98853400898,39.7405652386861],[-104.988532017706,39.7405640888742],[-104.988403211226,39.740489559106],[-104.988282339858,39.7403876336034],[-104.988122549247,39.7402855350764],[-104.988102215038,39.7402736207401],[-104.987967545129,39.7401947264175],[-104.987919092567,39.7401682266316],[-104.987846263546,39.7401491314738],[-104.987768566262,39.7401300159797],[-104.987510913063,39.7401063619061],[-104.987388831208,39.7401071100123],[-104.987383820796,39.7408527896554],[-104.987397073191,39.741472247756],[-104.987406131951,39.7416925952628],[-104.987411416013,39.7419535603],[-104.987416583651,39.7422087505723],[-104.987386672858,39.7430595642061],[-104.987376176384,39.7433581536368],[-104.987382792464,39.7435829378857],[-104.987419618531,39.744834265717],[-104.987407278497,39.7450630977675],[-104.987407504172,39.7454673576079],[-104.98740776581,39.7459324626135],[-104.987407911897,39.7461927761912],[-104.987400795394,39.7466796857833],[-104.987396865207,39.7469740981718],[-104.987400280354,39.7473584649214],[-104.987307427865,39.7474214165636],[-104.987201831557,39.7475234757108],[-104.986105428151,39.7475267830324],[-104.985675993803,39.7475276523022],[-104.985574129218,39.7475968679131],[-104.985479753208,39.7475769773621],[-104.985376370819,39.747565840633],[-104.985218625856,39.7475558251493],[-104.985091068418,39.7475482715811],[-104.984938786054,39.7475457678269],[-104.9848516517,39.7475491728774],[-104.984760331972,39.7475479904196],[-104.984217665438,39.7475583308362],[-104.983936710911,39.7475588149411],[-104.983590018088,39.7475518036364],[-104.983123861263,39.7475517503856],[-104.98294809788,39.7475517303626],[-104.982310622957,39.747551673142],[-104.981687393228,39.7475489299528],[-104.981074832223,39.7475462305064],[-104.979885313324,39.747535488891],[-104.9787215366,39.7475303397883],[-104.978364134929,39.7475287561631],[-104.978264680668,39.7475140666233],[-104.978206051485,39.747505406997],[-104.978177634898,39.747500819959],[-104.977544156263,39.7469643992757],[-104.976993305253,39.7465559967341],[-104.976486674345,39.7461797018653],[-104.976141771195,39.745908486009],[-104.974777280229,39.7448354847307],[-104.973980769709,39.7442320869693],[-104.973383173272,39.7437795338013],[-104.973387156868,39.7432490290675],[-104.973388729925,39.7426841967712],[-104.973392021217,39.7416540500534],[-104.973412216673,39.7400299711788],[-104.972991654631,39.7400390694582],[-104.972755205395,39.7400359513105],[-104.972136531538,39.74002734396],[-104.971876947319,39.7400272086872],[-104.971290219309,39.7400262897355],[-104.970787947733,39.7400250614008],[-104.970311443067,39.7400256627022],[-104.970140754896,39.7400259237206],[-104.969688252149,39.7400266305726],[-104.968461560029,39.740011143388],[-104.967848145164,39.7400124897307],[-104.967232068623,39.7400131327074],[-104.966605358471,39.7400092641024],[-104.965990202253,39.7400057877511],[-104.965381263583,39.7400030227483],[-104.964766102244,39.7400002262905],[-104.964124272163,39.7399973051712],[-104.963466439696,39.7399943075883],[-104.962851258644,39.7399942471967],[-104.962237850554,39.739994533949],[-104.961632469136,39.7399917658024],[-104.96101375104,39.7399889334547],[-104.960402124723,39.7399888747398],[-104.959781604996,39.7399891160768],[-104.959780852007,39.7397248806748],[-104.959777038357,39.7383892876946],[-104.959784746477,39.7368114759863],[-104.959793042726,39.7350418411063],[-104.959795488215,39.7334547380063],[-104.9597991775,39.7322832074683],[-104.95983372399,39.7319525586674],[-104.959844436612,39.7314848815972],[-104.959839551023,39.7310806164393],[-104.959897577472,39.7309326379276],[-104.960094200707,39.7306782287914],[-104.960169400624,39.7304932668027],[-104.960192494606,39.7291094072953],[-104.960770250852,39.7291093114061],[-104.961350673553,39.7291092257881],[-104.961931992979,39.7291081110281],[-104.962506201813,39.7291069609118],[-104.96308841003,39.729105843598],[-104.963664393839,39.7291050399898],[-104.96424129268,39.7291008043312],[-104.964822632934,39.7290969301074],[-104.965881279322,39.7290941913533],[-104.966563950311,39.7290900821801],[-104.967141732455,39.7290865235257],[-104.96773015436,39.7290864417647],[-104.968307021582,39.7290863048444],[-104.968293898488,39.7272994069654],[-104.968281977034,39.7255890452314],[-104.968280745175,39.7237586201757],[-104.968274798883,39.7219628299978],[-104.968019747169,39.7219599593143],[-104.968134475234,39.7217147832959],[-104.968114527956,39.7212980908826],[-104.968119457547,39.7212592414613],[-104.968124928042,39.7212161207402],[-104.968172540162,39.7211490783342],[-104.968196122955,39.7210863847671],[-104.968186971615,39.7210036417078],[-104.968145726143,39.7209341377127],[-104.96812238205,39.7208485851919],[-104.968122392585,39.7208387344598],[-104.967950314749,39.7208379923542],[-104.967927526909,39.7201744229273],[-104.968033972811,39.7200839631528],[-104.967957205801,39.7200108650215],[-104.967944584632,39.7194483675429],[-104.967926445313,39.7193789679303],[-104.967891380038,39.7193153236842],[-104.967875894793,39.7192479932284],[-104.967883487309,39.7191841996693],[-104.967909675636,39.7191297564635],[-104.967928860468,39.7190605220578],[-104.967928132355,39.719035961602],[-104.967911866239,39.7184890851209],[-104.967924168303,39.7183736000323],[-104.968717927318,39.7147351037633],[-104.968710284912,39.7129279803184],[-104.96870956097,39.7127035548034],[-104.968704446141,39.7111174232206],[-104.968700361871,39.7093092867135],[-104.968705190225,39.7074980945301],[-104.968710992321,39.7056759252764],[-104.968713141919,39.7038660912935],[-104.968713350862,39.703590692945],[-104.96871452333,39.702040811245],[-104.968715796966,39.7002296019129],[-104.96871985304,39.6984026139699],[-104.968706913104,39.6965913344818],[-104.968725831817,39.6947811714122],[-104.968716662122,39.6929565835866],[-104.968712502299,39.69111631543],[-104.968712480838,39.6893457226489],[-104.968723847237,39.6879958288578],[-104.968726501724,39.6876805635646],[-104.968726996635,39.6876073249252],[-104.968727452126,39.6875411421469],[-104.968727524721,39.6875178442088],[-104.96872852625,39.6872210410389],[-104.968728872935,39.6871187155846],[-104.968728859015,39.6871165502517],[-104.968734389428,39.6868918428996],[-104.968724469431,39.6857277111122],[-104.968732027842,39.6839334654362],[-104.968727097471,39.6821243232309],[-104.968735719036,39.6803067493476],[-104.968748451858,39.67848956758],[-104.96875723861,39.6766809901137],[-104.968762624845,39.6748621038616],[-104.968771557373,39.6730866750053],[-104.96877974695,39.6713285054093],[-104.968780673069,39.6711297125661],[-104.968781098993,39.6710381502579],[-104.96878842648,39.6694653243204],[-104.968791520585,39.6676582268482],[-104.968796341567,39.6660882051419],[-104.96880367014,39.6658415406743],[-104.969239739618,39.6658453785559],[-104.969265489899,39.6658454948253],[-104.969291243676,39.6658456111048],[-104.969308865418,39.6658456906646],[-104.969964320844,39.6658544801206],[-104.969977854639,39.6658545132249],[-104.971134753375,39.6658573498513],[-104.971142725559,39.6658574118402],[-104.971142734156,39.6658554969881],[-104.972116443024,39.6658590452076],[-104.972517873355,39.6658635935442],[-104.973489172202,39.6658673006176],[-104.973488434344,39.6663245318715],[-104.973487606148,39.6666096495311],[-104.973486915136,39.6669297780152],[-104.973485888307,39.6676757453846],[-104.973485966389,39.6676757457343]]]},"properties":{"OBJECTID":28,"CN_NUMBER":3,"CN_NAME":"South Central","GLOBALID":"f4e75ac5-4ebe-4d27-a7cb-3c2d5ecebd37"}},{"type":"Feature","id":29,"geometry":{"type":"Polygon","coordinates":[[[-104.903439420078,39.7619838089735],[-104.903456517461,39.7614241427367],[-104.903461860662,39.7602196616056],[-104.9034589378,39.7584100508361],[-104.903393728113,39.7580154424142],[-104.903403318671,39.7547306972599],[-104.903423637437,39.7534079247491],[-104.903424647124,39.7522130102705],[-104.903427578706,39.7510165702487],[-104.903422847376,39.7498227694699],[-104.903436549308,39.7486315799006],[-104.903447774508,39.7474419399303],[-104.903463754674,39.7456156376249],[-104.903455067129,39.7437852235346],[-104.903458736493,39.7426023432757],[-104.903452699126,39.7419783660286],[-104.903455110644,39.7414796549656],[-104.903455093236,39.7401463078756],[-104.90465253177,39.7401587706884],[-104.90579738873,39.7401540734363],[-104.906941480755,39.7401597856769],[-104.908156778167,39.7401550773039],[-104.909356247469,39.7401481225049],[-104.910500101717,39.7401494936965],[-104.911640563014,39.7401493650917],[-104.912430416021,39.7401539403638],[-104.912802989574,39.740154734627],[-104.91394861664,39.7401493125263],[-104.915055674574,39.7401468552483],[-104.91632271667,39.7401470420223],[-104.917254760878,39.7401461708956],[-104.91755576868,39.7401456022256],[-104.918359399281,39.7401447729884],[-104.918773351008,39.7401462266265],[-104.919457084968,39.7401458261962],[-104.919949251049,39.7401430140347],[-104.920560939133,39.7401425951874],[-104.921133232131,39.7401398267442],[-104.92166173809,39.7401411473746],[-104.922321255719,39.740142984574],[-104.923431145267,39.7401504599548],[-104.924609372155,39.7401464078894],[-104.925776350313,39.7401507095944],[-104.926900543167,39.7401430717078],[-104.92752619542,39.7401387009553],[-104.928067182232,39.7401385845258],[-104.928658525297,39.740136207128],[-104.929220845224,39.7401358476151],[-104.929799659899,39.7401355644435],[-104.930379668461,39.7401349419458],[-104.930934403041,39.7401345384263],[-104.931534774062,39.7401358298811],[-104.932087402054,39.7401339309327],[-104.932691420352,39.7401370561637],[-104.933801093254,39.740136566151],[-104.935002768981,39.7401376441136],[-104.935517592859,39.7401377109686],[-104.936148414429,39.7401373028787],[-104.937237137781,39.7401385048547],[-104.938385404432,39.7401323494985],[-104.938944089262,39.7401304481583],[-104.939489130632,39.7401357629717],[-104.940663578576,39.7401293696362],[-104.940657991764,39.7413873646526],[-104.940656860533,39.7417521377587],[-104.940656233338,39.7419422446177],[-104.940653900152,39.7425691850163],[-104.940650831388,39.743399958748],[-104.940653345253,39.7437534255861],[-104.940644641366,39.7449561556454],[-104.94063975608,39.7461259601527],[-104.940634998755,39.7473911644498],[-104.940628218094,39.7492445307626],[-104.940621034066,39.7510368100709],[-104.940615362043,39.7526387755419],[-104.940614647262,39.7528404197671],[-104.940608274524,39.7544196018784],[-104.940608095495,39.7546649573427],[-104.940606243202,39.7550084495043],[-104.940602159252,39.7559661825931],[-104.940600529853,39.7565049318143],[-104.940593358048,39.7582954923669],[-104.940585468555,39.7601759561467],[-104.940584831766,39.7603239255029],[-104.94057847451,39.7618009508755],[-104.940578335259,39.7618776388273],[-104.94057833092,39.7618797914126],[-104.940578188431,39.7619582014313],[-104.940576320752,39.7624983974965],[-104.940571935659,39.7637666824625],[-104.940569838582,39.7644752917567],[-104.94057001159,39.7653566116722],[-104.940570072453,39.7656710460124],[-104.940625753744,39.7657964344818],[-104.9406305338,39.7669086005258],[-104.940618395591,39.7680960717793],[-104.940607071088,39.769182539894],[-104.940617243707,39.7728776559777],[-104.940617163911,39.7728876557177],[-104.940609537493,39.7738476055179],[-104.940650608529,39.7750801445929],[-104.940657249435,39.7775697864363],[-104.94066615919,39.7780899825908],[-104.94068094398,39.7790238924333],[-104.940676222925,39.7797316817881],[-104.940668488981,39.780029866307],[-104.940642041659,39.7805809489567],[-104.940637244106,39.7810681699846],[-104.940611305816,39.7813573431727],[-104.940596156472,39.7814987242849],[-104.940556792674,39.7822698848948],[-104.940518986653,39.7837744359466],[-104.940547872866,39.7860810649542],[-104.940547917885,39.7860846390016],[-104.940562449405,39.7872449553632],[-104.940568521976,39.7879330071174],[-104.94055133458,39.7884299905484],[-104.940549542446,39.7886544974675],[-104.940547848054,39.7888667585205],[-104.940529677279,39.7891544609398],[-104.940495420927,39.7894686195162],[-104.940435181469,39.7897234648482],[-104.940391116372,39.789929423382],[-104.940380214972,39.7899803751855],[-104.940325412218,39.7902168772446],[-104.940249378,39.7904614410416],[-104.940162304909,39.790763102904],[-104.940088427925,39.7909752655831],[-104.93166084184,39.7910164782573],[-104.926950001802,39.791039286755],[-104.926980921965,39.783775902976],[-104.92537714533,39.7837841065077],[-104.923746790491,39.783792422923],[-104.922274113796,39.7837999152515],[-104.912898974375,39.7838197727084],[-104.903510613812,39.7838233739388],[-104.903534610247,39.7828358880413],[-104.903542103916,39.7814672241187],[-104.903531353409,39.7793356929549],[-104.903539270348,39.7792845003439],[-104.903549703477,39.7791539418709],[-104.903571493385,39.7786601085424],[-104.903569519652,39.7784898415559],[-104.903568840087,39.7784311496442],[-104.903567439566,39.7783097134987],[-104.903568052832,39.7782376405924],[-104.903568499478,39.7781851491797],[-104.903560569864,39.7774409538802],[-104.903496844061,39.7773932612502],[-104.903565413665,39.7773110902383],[-104.903586775153,39.7765274370441],[-104.903583956077,39.7752325319969],[-104.903660106869,39.7748202650611],[-104.903657401644,39.7747336375378],[-104.903654965338,39.7746134794318],[-104.903642236613,39.7744825917428],[-104.903619246439,39.7743383023342],[-104.903556825054,39.773948182395],[-104.903540748388,39.7738039279651],[-104.90353112189,39.7737157729285],[-104.903511610894,39.7735688314947],[-104.903505825466,39.7734353093286],[-104.903499951548,39.773312463254],[-104.903497518569,39.7727333972542],[-104.903492028035,39.7717692491211],[-104.903493163934,39.7711016279664],[-104.903495186818,39.7692772723305],[-104.90351329907,39.7684755814714],[-104.903516910573,39.7681918610425],[-104.903458283404,39.7680471546961],[-104.90345207919,39.7674606387863],[-104.903447094479,39.7667264312273],[-104.903449261723,39.7656435785891],[-104.90342900086,39.7638359290548],[-104.903439420078,39.7619838089735]]]},"properties":{"OBJECTID":29,"CN_NUMBER":9,"CN_NAME":"Park Hill","GLOBALID":"fc237f94-9886-48f0-94f2-b49109c9b842"}},{"type":"Feature","id":30,"geometry":{"type":"Polygon","coordinates":[[[-104.9687275259,39.6875178424128],[-104.968727452126,39.6875411421469],[-104.968726996635,39.6876073249252],[-104.968726501724,39.6876805635646],[-104.968723847237,39.6879958288578],[-104.968712480838,39.6893457226489],[-104.968712502299,39.69111631543],[-104.968716662122,39.6929565835866],[-104.968725831817,39.6947811714122],[-104.968706913104,39.6965913344818],[-104.96871985304,39.6984026139699],[-104.968715796966,39.7002296019129],[-104.96871452333,39.702040811245],[-104.968713350862,39.703590692945],[-104.968713141919,39.7038660912935],[-104.968710992321,39.7056759252764],[-104.968705190225,39.7074980945301],[-104.968700361871,39.7093092867135],[-104.968704446141,39.7111174232206],[-104.96870956097,39.7127035548034],[-104.968710284912,39.7129279803184],[-104.968717927318,39.7147351037633],[-104.967924168303,39.7183736000323],[-104.967911866239,39.7184890851209],[-104.967928132355,39.719035961602],[-104.967928860468,39.7190605220578],[-104.967909675636,39.7191297564635],[-104.967883487309,39.7191841996693],[-104.967875894793,39.7192479932284],[-104.967891380038,39.7193153236842],[-104.967926445313,39.7193789679303],[-104.967944584632,39.7194483675429],[-104.967957205801,39.7200108650215],[-104.968033972811,39.7200839631528],[-104.967927526909,39.7201744229273],[-104.967950314749,39.7208379923542],[-104.968122392585,39.7208387344598],[-104.96812238205,39.7208485851919],[-104.968145726143,39.7209341377127],[-104.968186971615,39.7210036417078],[-104.968196122955,39.7210863847671],[-104.968172540162,39.7211490783342],[-104.968124928042,39.7212161207402],[-104.968119457547,39.7212592414613],[-104.968114527956,39.7212980908826],[-104.968134475234,39.7217147832959],[-104.968019747169,39.7219599593143],[-104.968274798883,39.7219628299978],[-104.968280745175,39.7237586201757],[-104.968281977034,39.7255890452314],[-104.968293898488,39.7272994069654],[-104.968307020416,39.7290863048391],[-104.967730153194,39.7290864417595],[-104.967141732455,39.7290865235257],[-104.966563949145,39.7290900821748],[-104.965881278156,39.7290941913481],[-104.964822631767,39.7290969301021],[-104.964241291513,39.7291008043259],[-104.963664393846,39.7291050390892],[-104.96308841003,39.729105843598],[-104.962506200654,39.7291069600059],[-104.961931992979,39.7291081110281],[-104.961350672394,39.7291092248821],[-104.960770250852,39.7291093114061],[-104.960192494606,39.7291094072953],[-104.960169400624,39.7304932668027],[-104.960094200707,39.7306782287914],[-104.959897577472,39.7309326379276],[-104.959839551023,39.7310806164393],[-104.959844436612,39.7314848815972],[-104.95983372399,39.7319525586674],[-104.9597991775,39.7322832074683],[-104.959795488215,39.7334547380063],[-104.959793042726,39.7350418411063],[-104.959784746477,39.7368114759863],[-104.959777038357,39.7383892876946],[-104.959780852007,39.7397248806748],[-104.959781604996,39.7399891160768],[-104.959469425405,39.7400079297312],[-104.959282528444,39.7400348668951],[-104.959139241837,39.740055484209],[-104.95879737423,39.740119455626],[-104.958443225983,39.740162093715],[-104.958110472207,39.7401969366218],[-104.957991303584,39.7402025646339],[-104.957892589026,39.7402072572821],[-104.95742772978,39.7401961926826],[-104.956851686697,39.7401928489027],[-104.956270308406,39.7401898208089],[-104.955682707763,39.7401864179017],[-104.955175375036,39.7401833837278],[-104.954743060921,39.7401837834281],[-104.9541936789,39.7401815796467],[-104.954165218781,39.7401831634277],[-104.953598959883,39.7401791627912],[-104.953566957274,39.740179014186],[-104.952988247633,39.7401756391095],[-104.952399742232,39.7401742745527],[-104.951822817139,39.7401702157318],[-104.95123964137,39.7401695565178],[-104.950701816064,39.7401673903264],[-104.9506511641,39.7401647517614],[-104.950059982357,39.7401647356423],[-104.949470605472,39.7401612934114],[-104.949421703375,39.7401620940893],[-104.948930102617,39.7401604792294],[-104.948846540297,39.740160087871],[-104.948369180665,39.740156135259],[-104.948261600216,39.7401576898411],[-104.947824224954,39.7401563245987],[-104.947682880198,39.7401556612571],[-104.947273062741,39.7401544233101],[-104.946539663633,39.7401516624495],[-104.94616542361,39.7401481858636],[-104.945945823253,39.7401505836802],[-104.945616004165,39.7401507460782],[-104.945366198118,39.7401505983924],[-104.944791047667,39.7401468566169],[-104.944509251483,39.7401448403765],[-104.944160279311,39.740142506167],[-104.943050294601,39.7401419557346],[-104.941870798011,39.7401340713795],[-104.941316084196,39.7401317821837],[-104.940663578576,39.7401293696362],[-104.94066410984,39.7382793980843],[-104.940670412608,39.7367087852185],[-104.940664065917,39.7354920347338],[-104.940664065246,39.7354919725837],[-104.940665920542,39.7348217847923],[-104.940667838887,39.7346906493584],[-104.940673556619,39.7336392330573],[-104.94067809985,39.7328465549881],[-104.940682500698,39.7320717194209],[-104.940688152321,39.7310285385395],[-104.940688969396,39.7304801719224],[-104.940692734536,39.7292276528894],[-104.940699160183,39.7273070118522],[-104.940700783438,39.7268804702818],[-104.940691439715,39.725599748121],[-104.940688521376,39.7252970656856],[-104.940696119098,39.724344142766],[-104.940694417437,39.7241118148382],[-104.940702962718,39.7231513464747],[-104.940700736238,39.7225387918163],[-104.940702645158,39.7209616298999],[-104.94070799389,39.719398895315],[-104.940708513363,39.7183500307307],[-104.940708788057,39.7177937302707],[-104.940707945245,39.7174566091871],[-104.940704863292,39.7162242865259],[-104.940697795514,39.7150649297687],[-104.940695236078,39.7146450071922],[-104.940684769927,39.7130595451498],[-104.940704692371,39.7115637929728],[-104.940686363346,39.7110760702986],[-104.940690940201,39.7038133793326],[-104.940696788355,39.6977287606657],[-104.940027751608,39.6977320969441],[-104.940026196343,39.697927006707],[-104.938562856046,39.6979327267086],[-104.938564151382,39.6966602776032],[-104.939553005305,39.6966584743167],[-104.939553720552,39.6965689118723],[-104.940611840077,39.6965712045797],[-104.940698030917,39.6965695555555],[-104.940696653575,39.6954045046163],[-104.940695895627,39.6947624270069],[-104.940632850172,39.6947624711977],[-104.940632920499,39.6947564269753],[-104.940629952238,39.6929418292407],[-104.940647993299,39.6911297801738],[-104.940628959263,39.6893214022573],[-104.940651397469,39.6874931700777],[-104.940692956929,39.6856869551474],[-104.940708407736,39.6848925617095],[-104.940688958018,39.6844420395621],[-104.940688110267,39.6834338147201],[-104.940687393941,39.6831282793858],[-104.940686780183,39.6830432109793],[-104.940687295387,39.6829623154689],[-104.940985473989,39.6830476785762],[-104.941246713356,39.6831224650245],[-104.94193908414,39.6832922076661],[-104.943060370861,39.6835738854043],[-104.94376581547,39.6837389621969],[-104.944899840334,39.6840312630303],[-104.946176916842,39.6843038917229],[-104.946870290368,39.6844242030443],[-104.947858113074,39.6845588976224],[-104.948619148622,39.6846372493235],[-104.949599123398,39.6847003645142],[-104.950078692944,39.6847188651609],[-104.950328388175,39.6847228492241],[-104.950602946655,39.6847272299539],[-104.951231548901,39.6847372566908],[-104.95374793376,39.6847392208344],[-104.955493953416,39.6847298605955],[-104.95856369417,39.6847261785242],[-104.959447129898,39.684728733803],[-104.960048384546,39.6847304696931],[-104.961170170119,39.6847319699086],[-104.961744320866,39.6847679803939],[-104.962156822047,39.6848094284126],[-104.962618225554,39.6848765683712],[-104.963168226261,39.6849982563817],[-104.963701519665,39.6851465712259],[-104.9642376566,39.6853418759678],[-104.964645964444,39.6855143428006],[-104.965299642891,39.6858239148762],[-104.968191387631,39.6872538092957],[-104.968607838345,39.6874589005306],[-104.9687275259,39.6875178424128]]]},"properties":{"OBJECTID":30,"CN_NUMBER":null,"CN_NAME":"East Central","GLOBALID":"4a7567d9-4d3b-451e-9407-0e5cbdc6ffb4"}},{"type":"Feature","id":31,"geometry":{"type":"Polygon","coordinates":[[[-104.969308865418,39.6658456906646],[-104.969291243676,39.6658456111048],[-104.969265489899,39.6658454948253],[-104.969239739618,39.6658453785559],[-104.96880367014,39.6658415406743],[-104.968796341567,39.6660882051419],[-104.968791520585,39.6676582268482],[-104.96878842648,39.6694653243204],[-104.968781098993,39.6710381502579],[-104.968780673069,39.6711297125661],[-104.96877974695,39.6713285054093],[-104.968771557373,39.6730866750053],[-104.968762624845,39.6748621038616],[-104.96875723861,39.6766809901137],[-104.968748451858,39.67848956758],[-104.968735719036,39.6803067493476],[-104.968727097471,39.6821243232309],[-104.968732027842,39.6839334654362],[-104.968724469431,39.6857277111122],[-104.968734389428,39.6868918428996],[-104.968728859015,39.6871165502517],[-104.968728872935,39.6871187155846],[-104.96872852625,39.6872210410389],[-104.9687275259,39.6875178424128],[-104.968607838345,39.6874589005306],[-104.968191387631,39.6872538092957],[-104.965299642891,39.6858239148762],[-104.964645964444,39.6855143428006],[-104.9642376566,39.6853418759678],[-104.963701519665,39.6851465712259],[-104.963168226261,39.6849982563817],[-104.962618225554,39.6848765683712],[-104.962156822047,39.6848094284126],[-104.961744320866,39.6847679803939],[-104.961170170119,39.6847319699086],[-104.960654494596,39.6847312817524],[-104.960048384546,39.6847304696931],[-104.959447129898,39.684728733803],[-104.95856369417,39.6847261785242],[-104.955493953416,39.6847298605955],[-104.95374793376,39.6847392208344],[-104.951231548901,39.6847372566908],[-104.950602946655,39.6847272299539],[-104.950328388175,39.6847228492241],[-104.950078692944,39.6847188651609],[-104.949599123398,39.6847003645142],[-104.948619148622,39.6846372493235],[-104.947858113074,39.6845588976224],[-104.946870290368,39.6844242030443],[-104.946176916842,39.6843038917229],[-104.944899840334,39.6840312630303],[-104.94376581547,39.6837389621969],[-104.943060370861,39.6835738854043],[-104.94193908414,39.6832922076661],[-104.941246713356,39.6831224650245],[-104.940985473989,39.6830476785762],[-104.940687295387,39.6829623154689],[-104.940686780183,39.6830432109793],[-104.940687393941,39.6831282793858],[-104.940688110267,39.6834338147201],[-104.940688958018,39.6844420395621],[-104.940708407736,39.6848925617095],[-104.940692956929,39.6856869551474],[-104.940651397469,39.6874931700777],[-104.940628959263,39.6893214022573],[-104.940647993299,39.6911297801738],[-104.940629952238,39.6929418292407],[-104.940632920499,39.6947564269753],[-104.940632850172,39.6947624711977],[-104.940553820079,39.6947625266776],[-104.940554576137,39.6954042395042],[-104.939510617507,39.6954022902049],[-104.939510322522,39.6951057938961],[-104.939510418673,39.6947598846458],[-104.936259630146,39.6947669925651],[-104.936269027705,39.696582730253],[-104.936269029663,39.6965830671218],[-104.936423623697,39.6965824354447],[-104.936419638486,39.6978420685026],[-104.935906066346,39.6978433899718],[-104.935912189169,39.6965838319912],[-104.934079932728,39.6965896443768],[-104.933993667792,39.6965899002257],[-104.933993671064,39.6965896390402],[-104.931735189014,39.6965965916538],[-104.928213329488,39.6966045713041],[-104.928213260696,39.6966349090492],[-104.928209166604,39.6984240120268],[-104.928795596437,39.6984189690889],[-104.928779993603,39.7002266863478],[-104.929313977829,39.7002265334671],[-104.931720121425,39.7002127899033],[-104.931720466003,39.7001702392402],[-104.931725936595,39.6988363844263],[-104.931727508133,39.6984228792478],[-104.932296105234,39.6984256254579],[-104.932889651727,39.6984195660677],[-104.93407113319,39.6983997040662],[-104.934061190166,39.6993442057855],[-104.93405632412,39.7001677776124],[-104.932881784959,39.7001624617853],[-104.932883310548,39.7003035095066],[-104.932883084168,39.7013209918826],[-104.934053320555,39.7013115299537],[-104.934052784266,39.7020390362191],[-104.934045129818,39.7037592809677],[-104.933292445484,39.7037710988969],[-104.932856550909,39.7036145741495],[-104.932882538528,39.7020481540893],[-104.931712292471,39.7020572621163],[-104.931707464133,39.7032020344868],[-104.931707441901,39.7032047796879],[-104.931704813275,39.7038584953102],[-104.930172978713,39.7038582890016],[-104.926992022511,39.7038575910198],[-104.926985696548,39.7066996451062],[-104.928282156339,39.7066956593518],[-104.928282151072,39.7066874324157],[-104.928287513393,39.7066920844298],[-104.928287381045,39.7067857556358],[-104.92911806792,39.7067872866483],[-104.929119890225,39.7064109454238],[-104.92953712445,39.7064131626135],[-104.929546476093,39.7085113945226],[-104.926982266713,39.7080525118155],[-104.926983104506,39.7081125649333],[-104.929546788261,39.7085812913974],[-104.930243656795,39.7087229800497],[-104.93080235051,39.7088615785058],[-104.930959256075,39.7089079783859],[-104.931682582686,39.7091266387337],[-104.931681259437,39.7094214578443],[-104.931673748348,39.7110949819288],[-104.93156552029,39.711209261695],[-104.930355621336,39.7111977097417],[-104.929319405658,39.7111878059702],[-104.928148487872,39.7111821262999],[-104.926978324968,39.7111798405543],[-104.925802914305,39.7111809671905],[-104.924624551399,39.711175188172],[-104.923454572295,39.7112001996988],[-104.922285899033,39.7112149345393],[-104.921121768654,39.7111989927241],[-104.919952118954,39.7111967620994],[-104.918786635385,39.7111909439745],[-104.917622530886,39.7111985477158],[-104.916455650347,39.7111964986878],[-104.91528412784,39.7111863988648],[-104.914125688928,39.7112077235852],[-104.912918209761,39.7112129309813],[-104.912791852357,39.7112117553168],[-104.911812684047,39.7112026431987],[-104.911124434036,39.7112054079603],[-104.910236800539,39.7112019829732],[-104.909689065997,39.7111998667249],[-104.908686627033,39.7112076231351],[-104.906473542607,39.7111969918723],[-104.904446023813,39.7112129662022],[-104.903644333604,39.7112325159168],[-104.90349467668,39.7112824182152],[-104.903511057051,39.7111257432219],[-104.903511730355,39.7108374894662],[-104.903511219314,39.7096432755792],[-104.903510721705,39.70855201033],[-104.903510896734,39.7085314214018],[-104.903511193134,39.7080784460169],[-104.903510710089,39.7075081046143],[-104.903505945238,39.7055208780596],[-104.903502017692,39.7038825037075],[-104.903524085004,39.700325377207],[-104.903526207303,39.7001342659968],[-104.903530918137,39.6997102185417],[-104.903544623961,39.6985359764832],[-104.903508929031,39.6985192325563],[-104.903508131768,39.6966270134386],[-104.900103891141,39.6929556647944],[-104.903509733824,39.6929891192852],[-104.903512226944,39.6893508818137],[-104.898811154788,39.6893389509494],[-104.898822392164,39.6907236857932],[-104.898181850992,39.6907265862016],[-104.898827906093,39.6914282343606],[-104.89883879386,39.6929574400206],[-104.894195841312,39.6929771942466],[-104.894082844077,39.6928939091126],[-104.894071003739,39.689326287592],[-104.894058835065,39.6856938014029],[-104.889328666819,39.685684771858],[-104.889308717357,39.6820560136883],[-104.894045778263,39.682061305999],[-104.894057424066,39.6784484929387],[-104.896337447557,39.6784519861675],[-104.903530918654,39.6784753185619],[-104.903515406811,39.6820778145147],[-104.903513964519,39.6847562292055],[-104.905079903712,39.685714391655],[-104.905162516757,39.6857144673622],[-104.905156611521,39.6838956508389],[-104.904603207178,39.6838959391318],[-104.904597312511,39.6820774645679],[-104.904591308694,39.6802720304401],[-104.906021560936,39.6802711388649],[-104.908094543978,39.6802698151455],[-104.908094544616,39.6802697394898],[-104.908201134917,39.6802696653971],[-104.908201008228,39.6820757552497],[-104.91091998706,39.682074654464],[-104.910919647203,39.6798924508337],[-104.908202616069,39.6798832668839],[-104.908094003507,39.6798072224856],[-104.907569024662,39.6798110984513],[-104.906981921458,39.6798088248945],[-104.906984263031,39.6787958057496],[-104.906257851713,39.6785318602118],[-104.906115588217,39.6784801673708],[-104.905786082064,39.6784774729134],[-104.905638059833,39.6784410352858],[-104.905508196017,39.678398817621],[-104.905495448761,39.6783946729849],[-104.905357361312,39.6783387247076],[-104.905226455075,39.6782738902485],[-104.905103614179,39.6782005172718],[-104.904989726238,39.6781189534617],[-104.90488566954,39.678030232791],[-104.904838092334,39.6779846929669],[-104.903538376307,39.6767612319095],[-104.903539492813,39.6765010130569],[-104.903546518122,39.6748621803369],[-104.903544997797,39.6733687029186],[-104.903544586263,39.6725984240067],[-104.903543841687,39.6712050202356],[-104.90354071384,39.6676253048169],[-104.905599281456,39.6676418625425],[-104.905891981157,39.6676442132459],[-104.907402965152,39.6676412021006],[-104.908589948588,39.6676392863055],[-104.909762997725,39.6676369471911],[-104.910931969101,39.6676352613723],[-104.912874165298,39.6676319369682],[-104.914636447152,39.6675920086884],[-104.91561544143,39.6675965843694],[-104.915852236181,39.6675908511461],[-104.916285940888,39.6675858900581],[-104.916378027577,39.6675848359212],[-104.917143506956,39.6675843538711],[-104.917332892022,39.6675842335499],[-104.917544081692,39.6675840993736],[-104.917546438595,39.6684491469726],[-104.917558791926,39.6729832432442],[-104.918682084814,39.6735903794916],[-104.919085302254,39.6738083114689],[-104.919218420995,39.673880259752],[-104.919234339018,39.6738885744094],[-104.919298053727,39.6739166857166],[-104.919365355027,39.6739406966946],[-104.919434473511,39.6739599122643],[-104.919505406834,39.6739743324112],[-104.919578153312,39.6739843002911],[-104.919651833321,39.6739887820563],[-104.919725550205,39.673988803682],[-104.919817948845,39.6739851408196],[-104.919920069761,39.6739873606045],[-104.920020353741,39.673996777753],[-104.920119692936,39.6740130535028],[-104.920217204921,39.6740354971694],[-104.920311107809,39.6740647863053],[-104.92040140728,39.6741002355127],[-104.920487219244,39.6741414954727],[-104.920568541375,39.6741885670842],[-104.92064449239,39.6742407596781],[-104.921049510771,39.6745619014829],[-104.921047252424,39.6748357378388],[-104.922250738602,39.6748337656804],[-104.922251092237,39.6749186846411],[-104.922254021033,39.6756220386097],[-104.922298250223,39.6756438754906],[-104.922353142799,39.675665078416],[-104.922411624683,39.6756818377776],[-104.922468372656,39.6756934410852],[-104.922529600882,39.6757002620331],[-104.922665404917,39.6757108808785],[-104.922732879564,39.6757143007247],[-104.922772856127,39.6757131243476],[-104.922794172729,39.67571322901],[-104.922817292665,39.6757099108512],[-104.922866194139,39.6757036307535],[-104.922912456563,39.675694249177],[-104.922950742615,39.6756827694281],[-104.92299971175,39.6756682535965],[-104.923061179723,39.6756459062405],[-104.923095036293,39.6756330320383],[-104.923145835224,39.6756120049502],[-104.923230544211,39.6755715836863],[-104.923300116404,39.675535892448],[-104.923351855735,39.6755083497089],[-104.923414302961,39.6754750247231],[-104.923423004482,39.6765783521665],[-104.924463051104,39.6765813893677],[-104.92446434256,39.6762073427803],[-104.9247587784,39.6761528476213],[-104.924753583622,39.6763532317254],[-104.925282945495,39.6763530763173],[-104.925286870515,39.6767415604844],[-104.925744327178,39.6767369325481],[-104.925746474092,39.6765832042555],[-104.925781112112,39.6765833734445],[-104.925773970793,39.6758276830898],[-104.925724234685,39.6758274401455],[-104.925725153972,39.6752807786232],[-104.927581505759,39.6752726737231],[-104.927575371017,39.6748268689314],[-104.929256692737,39.6748247485916],[-104.930066712409,39.67482353086],[-104.926291912034,39.6693995855239],[-104.926090720178,39.6694014577608],[-104.925469467466,39.6694072364054],[-104.925399268318,39.6694120408027],[-104.925318448912,39.6694123320573],[-104.925237674455,39.6694071327913],[-104.925157830219,39.6693967905017],[-104.925079805929,39.6693809663739],[-104.925003601122,39.6693600035771],[-104.924930102711,39.6693339064532],[-104.925085781543,39.668976743001],[-104.924959117032,39.6688275317586],[-104.924905704755,39.6686261731796],[-104.924711938528,39.6684292761696],[-104.922918925567,39.6678844581438],[-104.922668823292,39.6678434225557],[-104.92266410821,39.6676608330934],[-104.921352358717,39.6676677666803],[-104.921432469169,39.6677532666945],[-104.920701709819,39.6681679904349],[-104.920572257174,39.6680352326978],[-104.921007765847,39.667777600396],[-104.920804372849,39.6675841567443],[-104.92080193635,39.6675818398381],[-104.921310602335,39.6675821329801],[-104.921402796028,39.6675822229305],[-104.921901898416,39.6675819332227],[-104.922226647551,39.6675800982041],[-104.922639020993,39.6675797222108],[-104.923708283028,39.6675777627262],[-104.923880122991,39.6675339274686],[-104.925052342976,39.6675020444741],[-104.925237511486,39.6674974629366],[-104.925664274353,39.667487520873],[-104.925295442343,39.6669601702773],[-104.92402088077,39.6651202840424],[-104.923911310963,39.6649465731696],[-104.923710044969,39.6646274857033],[-104.923435095397,39.6641195874217],[-104.923026259315,39.663299430608],[-104.922618188321,39.662387394014],[-104.921940329218,39.6608468335683],[-104.921051432143,39.6588282391485],[-104.920123797766,39.656767712777],[-104.918851531118,39.6539188827584],[-104.918586287724,39.653368219933],[-104.918448167372,39.6530814697815],[-104.91858513316,39.653079694836],[-104.91915418533,39.6530809441695],[-104.920074994256,39.6530829389651],[-104.920458496316,39.6530912825297],[-104.921735663514,39.6530944518364],[-104.92280973009,39.6530806521063],[-104.923956301976,39.6530643868627],[-104.924204706356,39.6530590398052],[-104.925020952506,39.6530564294188],[-104.925197335917,39.6530529571323],[-104.926088522604,39.6530576133696],[-104.926191100176,39.6530584222943],[-104.927195488924,39.6530490322287],[-104.928182910676,39.6530496587698],[-104.929345686522,39.6530461098667],[-104.93051748429,39.653044585543],[-104.931702914381,39.6530455725877],[-104.931713250073,39.6530455406024],[-104.931712739454,39.6530687538697],[-104.934635767629,39.6530640703933],[-104.940679867119,39.6530541580495],[-104.940697449813,39.6530542020974],[-104.950077877317,39.653074792246],[-104.953528871647,39.6530816808869],[-104.953635415752,39.6530818916353],[-104.954964763763,39.653084517271],[-104.954398575809,39.6557901834101],[-104.953562038818,39.6558699508698],[-104.953573786428,39.6560438713357],[-104.953800933473,39.6567071517502],[-104.959453499815,39.656718431706],[-104.959453500613,39.656718479447],[-104.959453249198,39.656800790091],[-104.959442461643,39.6603440079179],[-104.95943931488,39.6615662155522],[-104.962131560851,39.66158236023],[-104.963078944832,39.6615880266104],[-104.96308529758,39.6603780869923],[-104.965544634672,39.6604008112508],[-104.968827792808,39.6604310667847],[-104.968804739952,39.6658389280707],[-104.969308865418,39.6658456906646]]]},"properties":{"OBJECTID":31,"CN_NUMBER":6,"CN_NAME":"Southeast","GLOBALID":"90294793-8c6c-4dde-8fd1-a0e16cdcb295"}},{"type":"Feature","id":32,"geometry":{"type":"Polygon","coordinates":[[[-104.931702914381,39.6530455725877],[-104.93051748429,39.653044585543],[-104.929345686522,39.6530461098667],[-104.928182910676,39.6530496587698],[-104.927195488924,39.6530490322287],[-104.926191100176,39.6530584222943],[-104.926088522604,39.6530576133696],[-104.925197335917,39.6530529571323],[-104.925020952506,39.6530564294188],[-104.924204706356,39.6530590398052],[-104.923956301976,39.6530643868627],[-104.92280973009,39.6530806521063],[-104.921735663514,39.6530944518364],[-104.920458496316,39.6530912825297],[-104.920074994256,39.6530829389651],[-104.91915418533,39.6530809441695],[-104.91858513316,39.653079694836],[-104.918448167372,39.6530814697815],[-104.918586287724,39.653368219933],[-104.918851531118,39.6539188827584],[-104.920123797766,39.656767712777],[-104.921051432143,39.6588282391485],[-104.92137207941,39.6595564098225],[-104.921940329218,39.6608468335683],[-104.922618188321,39.662387394014],[-104.923026259315,39.663299430608],[-104.923435095397,39.6641195874217],[-104.923710044969,39.6646274857033],[-104.923911310963,39.6649465731696],[-104.92402088077,39.6651202840424],[-104.925295442343,39.6669601702773],[-104.925664274353,39.667487520873],[-104.925237511486,39.6674974629366],[-104.925052342976,39.6675020444741],[-104.923880122991,39.6675339274686],[-104.923708283028,39.6675777627262],[-104.922639020993,39.6675797222108],[-104.922226647551,39.6675800982041],[-104.921901898416,39.6675819332227],[-104.921402796028,39.6675822229305],[-104.921310602335,39.6675821329801],[-104.92080193635,39.6675818398381],[-104.920308124386,39.6671121790225],[-104.920583084399,39.6669385189112],[-104.922220619132,39.6669465793215],[-104.92223974024,39.6637596625695],[-104.922152964402,39.6637290362688],[-104.922161076097,39.6637146639686],[-104.922167412314,39.6636999379696],[-104.922171976529,39.6636848609913],[-104.922174767578,39.6636694330281],[-104.922176670649,39.6636539988981],[-104.922175909741,39.6636385525728],[-104.922173372852,39.6636230975168],[-104.922169947975,39.6636076380953],[-104.922163853482,39.6635928518868],[-104.922156868178,39.6635784044671],[-104.922148104073,39.6635642914706],[-104.922137555521,39.6635511992063],[-104.921620205227,39.6629673261112],[-104.921605250876,39.662950094092],[-104.921582434738,39.662917037625],[-104.921562293872,39.6628826216441],[-104.921546604236,39.6628468548907],[-104.921535360178,39.6628104227755],[-104.921527676522,39.6627729795759],[-104.92152443277,39.6627355582266],[-104.92152563174,39.6626978155731],[-104.921531270599,39.6626600947702],[-104.92154045288,39.6626234209112],[-104.92155407221,39.6625871120559],[-104.921572122928,39.6625518545123],[-104.921593714225,39.6625179870636],[-104.921618843271,39.6624858528625],[-104.921647510062,39.662455451907],[-104.921865883847,39.6622492514144],[-104.921015832578,39.6603380742853],[-104.918874900195,39.6603378035326],[-104.91888545723,39.6599205612713],[-104.918613722733,39.6599219628005],[-104.918247307647,39.659347399596],[-104.917892877135,39.6591486647428],[-104.917812476831,39.6593140181291],[-104.916757423311,39.6590102292089],[-104.916863101,39.6587952423918],[-104.915897605627,39.658508019808],[-104.915931993032,39.6584306344347],[-104.916252734087,39.6580876849938],[-104.9160321168,39.6574956504539],[-104.916028553735,39.657497005428],[-104.916000080607,39.6575040705085],[-104.915971621744,39.6575094198059],[-104.915942294943,39.6575123625973],[-104.915912981247,39.6575135895995],[-104.915883682988,39.6575131008239],[-104.915511647648,39.6575112512518],[-104.915511286577,39.6571279282736],[-104.915895591908,39.6571490563279],[-104.916023515573,39.6569283477061],[-104.916571884777,39.6561191302516],[-104.915863016784,39.6560480038706],[-104.9158572498,39.6561008242254],[-104.915841547539,39.6561738413023],[-104.915818753492,39.6562454504471],[-104.915787091844,39.6563156428289],[-104.915770824186,39.6563498789206],[-104.915250187931,39.6561733027265],[-104.913088894992,39.6561807175464],[-104.913054770117,39.6631314536074],[-104.915038537383,39.663140313448],[-104.915587295015,39.663251827664],[-104.915938904479,39.6634711452248],[-104.915950351692,39.6661516971495],[-104.916389034465,39.6661538760225],[-104.916378027577,39.6675848359212],[-104.916285940888,39.6675858900581],[-104.915852236181,39.6675908511461],[-104.91561544143,39.6675965843694],[-104.914636447152,39.6675920086884],[-104.912874165298,39.6676319369682],[-104.910931969101,39.6676352613723],[-104.909762997725,39.6676369471911],[-104.908589948588,39.6676392863055],[-104.907402965152,39.6676412021006],[-104.905891981157,39.6676442132459],[-104.905599281456,39.6676418625425],[-104.90354071384,39.6676253048169],[-104.903540693854,39.667603101441],[-104.903455078261,39.6676029660142],[-104.89881795301,39.6675955145792],[-104.894095210869,39.6675877379615],[-104.89402061267,39.6675876965867],[-104.890216282117,39.6644966536458],[-104.888351799196,39.6656736481829],[-104.888846870087,39.6657270122994],[-104.88888768292,39.6657313425215],[-104.88892758385,39.6657384133418],[-104.888966572882,39.6657482247611],[-104.889004653005,39.6657604336267],[-104.889040933223,39.6657753784775],[-104.889075419501,39.6657923739085],[-104.88910810706,39.6658121035325],[-104.88913811448,39.665833536866],[-104.889154873343,39.6658466634834],[-104.889668798357,39.6662851595938],[-104.889737513421,39.6663490026346],[-104.88979908747,39.6664169265914],[-104.889852633632,39.6664889268715],[-104.889891163988,39.6665515836249],[-104.890458600614,39.6675788885245],[-104.885163979268,39.66756607036],[-104.879516815585,39.6639327683283],[-104.876211557371,39.6639320891946],[-104.876091827459,39.6640145016891],[-104.875981799269,39.6641045143985],[-104.875882362672,39.6642017898052],[-104.875793526834,39.6643052984753],[-104.875717961874,39.6644143682739],[-104.875653900983,39.6645279612333],[-104.875604010107,39.664645746562],[-104.875566527837,39.6647663431423],[-104.875543238221,39.6648887318556],[-104.875534144399,39.6650125677551],[-104.875536020982,39.6651011154684],[-104.875533192121,39.6659185319787],[-104.875436157539,39.6675422405857],[-104.875378028832,39.6684859919947],[-104.875380997547,39.6686514152935],[-104.875403509543,39.6688162560888],[-104.875436899258,39.6689564473919],[-104.876265903157,39.6709097091909],[-104.876311135194,39.6710166746878],[-104.876368831001,39.6711202745964],[-104.876438111677,39.6712194756307],[-104.876518095284,39.671313584954],[-104.876608784888,39.6714022602929],[-104.876708416521,39.6714841195952],[-104.876741948683,39.6715086623649],[-104.87722899892,39.6718691695092],[-104.87745905025,39.6720666814132],[-104.875435903428,39.6720631565028],[-104.875419622365,39.6747916086131],[-104.875295281332,39.6747912911081],[-104.870620051819,39.6747790515413],[-104.866353816725,39.671274678854],[-104.865965928686,39.6709548119248],[-104.865946365178,39.6675158004988],[-104.865984404919,39.6638934979886],[-104.866022440727,39.660271191851],[-104.864956834136,39.6602733321103],[-104.856661974571,39.6602896505648],[-104.85647993353,39.6602900266881],[-104.856414208803,39.6602913826707],[-104.856314680469,39.6602994160061],[-104.856215089171,39.6603143141262],[-104.856118101882,39.6603357457685],[-104.856024609663,39.6603633735515],[-104.855933724548,39.6603971926179],[-104.855847222407,39.6604372127061],[-104.855765993154,39.6604830955329],[-104.855598146466,39.6602913716433],[-104.855026272931,39.6602923538224],[-104.854923695837,39.6602925294676],[-104.854477485741,39.6601527780532],[-104.854226966561,39.6600743154815],[-104.853063679373,39.6597704072199],[-104.852007294241,39.6595999424399],[-104.85168321797,39.659451995129],[-104.849245673581,39.6590760619477],[-104.848872947103,39.6591165490459],[-104.848676991561,39.6590860172469],[-104.848625435424,39.6590779845136],[-104.848627125064,39.6578346149421],[-104.848552540446,39.6578342015591],[-104.848558821962,39.6570614140209],[-104.847250799268,39.6570692552714],[-104.84792272619,39.6568094296723],[-104.848621746369,39.6565957344469],[-104.849298040257,39.6564385334077],[-104.851386184269,39.6559898824665],[-104.852304560139,39.6557701700699],[-104.853195078627,39.6554895549892],[-104.854049728721,39.655149710578],[-104.854864043368,39.6547537016279],[-104.855161236756,39.6545885513892],[-104.867161288441,39.647610516476],[-104.867663738397,39.6473215251775],[-104.868196053753,39.6470676949277],[-104.868754667282,39.6468507238259],[-104.869107266087,39.6467369675541],[-104.870062247403,39.64627674879],[-104.871188417134,39.646229245608],[-104.873041307552,39.6458283683872],[-104.874066567459,39.6455469423667],[-104.875055136159,39.6451977065283],[-104.875570196668,39.6449825295786],[-104.875554081808,39.6458963132765],[-104.875450423872,39.6516624264419],[-104.876680252113,39.6530498786595],[-104.880091481166,39.6530579697653],[-104.880239896894,39.6458994993846],[-104.880332732324,39.6413145165495],[-104.885085009663,39.6389640397161],[-104.885092344135,39.6386332590339],[-104.885173604564,39.6313783104028],[-104.885254803168,39.6241284915007],[-104.894640608859,39.6241089424112],[-104.901863665076,39.6240934463233],[-104.904038835257,39.6240887046698],[-104.911631685049,39.6240840823964],[-104.913406751389,39.6240830065319],[-104.913389964907,39.6254556194051],[-104.913316782146,39.6313492595301],[-104.913227401026,39.6386491277697],[-104.917858075169,39.6422466417056],[-104.92066052561,39.6444235024046],[-104.922496280675,39.6458494941808],[-104.931873447977,39.6458255403622],[-104.931792653151,39.6494473183559],[-104.931713250073,39.6530455406024],[-104.931702914381,39.6530455725877]]]},"properties":{"OBJECTID":32,"CN_NUMBER":7,"CN_NAME":"Far Southeast","GLOBALID":"50391837-690e-43c8-96e0-aac1a47cdd36"}},{"type":"Feature","id":33,"geometry":{"type":"Polygon","coordinates":[[[-104.940663578577,39.740129369636],[-104.939489130633,39.7401357629715],[-104.938944089262,39.7401304481581],[-104.938385404432,39.7401323494983],[-104.937237137781,39.7401385048546],[-104.93614841443,39.7401373028785],[-104.93551759286,39.7401377109684],[-104.935002768981,39.7401376441134],[-104.933801093255,39.7401365661509],[-104.932691420353,39.7401370561635],[-104.932087402055,39.7401339309326],[-104.931534774062,39.7401358298809],[-104.930934403042,39.7401345384262],[-104.930379668462,39.7401349419455],[-104.929799659899,39.7401355644433],[-104.929220845225,39.7401358476149],[-104.928658525298,39.7401362071278],[-104.928067182233,39.7401385845256],[-104.927526195421,39.7401387009551],[-104.926900543167,39.7401430717076],[-104.925776350313,39.7401507095942],[-104.924609372155,39.7401464078892],[-104.923431145267,39.7401504599546],[-104.92232125572,39.7401429845738],[-104.921661738091,39.7401411473744],[-104.921133232131,39.7401398267441],[-104.920560939134,39.7401425951871],[-104.919949251049,39.7401430140345],[-104.919457084969,39.740145826196],[-104.918773351009,39.7401462266263],[-104.918359399281,39.7401447729882],[-104.91755576868,39.7401456022254],[-104.917254760878,39.7401461708954],[-104.91632271667,39.7401470420221],[-104.915055674574,39.7401468552481],[-104.913948616641,39.7401493125261],[-104.912802989574,39.7401547346268],[-104.912430416021,39.7401539403636],[-104.911640563015,39.7401493650916],[-104.910500101717,39.7401494936963],[-104.909356247469,39.7401481225047],[-104.908156778167,39.7401550773037],[-104.906941480755,39.7401597856767],[-104.90579738873,39.7401540734362],[-104.904652531771,39.7401587706882],[-104.903455093236,39.7401463078754],[-104.903464635605,39.7387014077922],[-104.903457632945,39.7372700530942],[-104.903458247612,39.7356266019989],[-104.903454619379,39.7346955735183],[-104.903453802408,39.7341716643466],[-104.903458716387,39.7328950520515],[-104.90203987125,39.7328725904933],[-104.900976539864,39.7328753491249],[-104.899892803805,39.7328739437012],[-104.898763545517,39.7328722956877],[-104.897759373543,39.7328690974995],[-104.897588551106,39.7328685526728],[-104.89687025678,39.7328662590072],[-104.896513183688,39.732865117115],[-104.895981140089,39.7328634137963],[-104.895199999039,39.7328609079783],[-104.893369186792,39.7328550153952],[-104.890595363407,39.732855049125],[-104.889422394907,39.7328505469269],[-104.888226440434,39.7328531892541],[-104.887047215692,39.7328533657483],[-104.885868188649,39.7328513346853],[-104.884708733584,39.7328472018913],[-104.884700198405,39.7328471554556],[-104.884712931851,39.7305674896208],[-104.884712948426,39.7305674617862],[-104.884780224798,39.7304574057076],[-104.884780242532,39.7304573787797],[-104.884780260266,39.7304573518519],[-104.88485550804,39.7303503835291],[-104.884938489725,39.7302468448673],[-104.885028921028,39.7301470946389],[-104.885126512161,39.7300514537586],[-104.885230952494,39.7299602259185],[-104.885341905832,39.7298737047694],[-104.885459010432,39.7297921712194],[-104.885459037418,39.7297921533466],[-104.885581914196,39.7297158711005],[-104.886408004667,39.7292320796808],[-104.886465482736,39.7291913063342],[-104.886521116799,39.7291490354105],[-104.885032807795,39.728143195844],[-104.884925283209,39.7280663014623],[-104.884823540996,39.7279848860437],[-104.884823508565,39.7279848597542],[-104.884727834827,39.7278991526834],[-104.88250826737,39.7255896609694],[-104.881997207691,39.7250570550836],[-104.881823591645,39.7251562165733],[-104.88168140022,39.7252335959077],[-104.881681220918,39.7252336913389],[-104.881534401974,39.7253060464556],[-104.881383438326,39.7253731240813],[-104.881228819388,39.7254347169141],[-104.88122864851,39.7254347826663],[-104.88107054394,39.7254908339404],[-104.881070360256,39.7254908969228],[-104.880908907064,39.7255413488006],[-104.880744625874,39.7255860274741],[-104.880546253583,39.7255856487497],[-104.880546250556,39.7255858594947],[-104.875332765775,39.7255755980587],[-104.875343967713,39.7192271368205],[-104.875226656287,39.7192268569936],[-104.875222031232,39.7191475617759],[-104.87520851391,39.7190685624902],[-104.875186988535,39.7189908933188],[-104.875155668147,39.7189152310916],[-104.875116330156,39.7188415843417],[-104.875068964673,39.7187713274623],[-104.875013573614,39.7187041163902],[-104.874951036506,39.7186409852768],[-104.874881350301,39.7185822772577],[-104.874805397568,39.7185286833374],[-104.874724066989,39.7184802082277],[-104.874637352437,39.7184375382115],[-104.874546141425,39.7184006770952],[-104.874450430133,39.718370312976],[-104.874352886481,39.718346115969],[-104.874251723905,39.7183291060559],[-104.874149614537,39.7183186111179],[-104.874047443966,39.7183149790282],[-104.870643645269,39.7183136326232],[-104.870666101848,39.7110547970707],[-104.870664756796,39.7102140367383],[-104.870665227384,39.7100332457432],[-104.870665481937,39.7099350471852],[-104.865974146438,39.7110525913104],[-104.865969433609,39.7039037447053],[-104.867015584637,39.7035706749441],[-104.868239149529,39.7032690916414],[-104.868274766295,39.7032607038307],[-104.868344261057,39.7032398008564],[-104.8684111293,39.7032144225891],[-104.868475369091,39.7031849121882],[-104.868535206537,39.7031509169681],[-104.868591523943,39.7031131280026],[-104.868643432828,39.7030715396264],[-104.868690041596,39.7030264929265],[-104.86873134102,39.702979013752],[-104.868767337257,39.7029284185132],[-104.868798021061,39.7028757357601],[-104.868821613555,39.7028212991148],[-104.869336383715,39.7015011559121],[-104.869389672824,39.7014046681387],[-104.86945989617,39.7013024382224],[-104.869540733448,39.7012054126418],[-104.869633068095,39.7011142824415],[-104.869735120086,39.7010293812213],[-104.869845988629,39.7009520767912],[-104.869965673731,39.700882369127],[-104.870092392337,39.7008209340821],[-104.870225251007,39.7007684549819],[-104.870364247454,39.7007249308931],[-104.870507599818,39.700691038587],[-104.870653531241,39.7006667685394],[-104.870650200313,39.6983634191099],[-104.86820511258,39.6983650646866],[-104.868208321511,39.7001797453966],[-104.867150135975,39.7001785169804],[-104.867146731161,39.6992752849829],[-104.865965023046,39.6992781853696],[-104.865962934092,39.6965592656183],[-104.867132137116,39.6965587003609],[-104.870647732473,39.6965580070808],[-104.875310320578,39.6965564439344],[-104.875317559647,39.6984380633244],[-104.877722582252,39.6984460096623],[-104.877732210104,39.6965586462031],[-104.884648722876,39.6965641567276],[-104.894095324128,39.6965936480687],[-104.894093407935,39.6958894611253],[-104.894766822684,39.6958918994252],[-104.894768744467,39.696596086351],[-104.89681921623,39.6966035330197],[-104.896828117985,39.6966015196869],[-104.896869961533,39.6965914393435],[-104.896910940256,39.6965786092283],[-104.896950166908,39.6965630247922],[-104.896987636207,39.6965450291753],[-104.897022463858,39.6965242746795],[-104.897055532369,39.6965014521626],[-104.897331967805,39.6962794677072],[-104.89790146246,39.6960720246134],[-104.899158433052,39.6953656975587],[-104.899566945211,39.6958005164176],[-104.899641922729,39.6957597193905],[-104.900379673435,39.6965507053273],[-104.899749039838,39.6971548921459],[-104.899836879041,39.6971867675417],[-104.903508929031,39.698519232556],[-104.903544623961,39.698535976483],[-104.903530918138,39.6997102185415],[-104.903526207304,39.7001342659966],[-104.903524085004,39.7003253772068],[-104.903502017692,39.7038825037073],[-104.903505945239,39.7055208780594],[-104.903510710089,39.7075081046142],[-104.903511193135,39.7080784460167],[-104.903510896734,39.7085314214016],[-104.903510721705,39.7085520103298],[-104.903511219314,39.7096432755789],[-104.903511730356,39.7108374894661],[-104.903511057051,39.7111257432217],[-104.903494676681,39.711282418215],[-104.903644333604,39.7112325159166],[-104.904446023813,39.711212966202],[-104.906473542607,39.7111969918722],[-104.908686627033,39.7112076231349],[-104.909689065997,39.7111998667247],[-104.910236800539,39.711201982973],[-104.911124434036,39.7112054079601],[-104.911812684047,39.7112026431986],[-104.912791852357,39.7112117553165],[-104.912918209761,39.7112129309811],[-104.914125688928,39.711207723585],[-104.915284127841,39.7111863988645],[-104.916455650348,39.7111964986876],[-104.917622530887,39.7111985477156],[-104.918786635386,39.7111909439743],[-104.919952118954,39.7111967620992],[-104.921121768655,39.7111989927239],[-104.922285899034,39.7112149345392],[-104.923454572295,39.7112001996986],[-104.924624551399,39.7111751881718],[-104.925802914306,39.7111809671903],[-104.926978324968,39.7111798405541],[-104.928148487872,39.7111821262997],[-104.929319405658,39.71118780597],[-104.930355621336,39.7111977097415],[-104.931565520291,39.7112092616948],[-104.931673748349,39.7110949819286],[-104.940686363347,39.7110760702984],[-104.940704692371,39.7115637929727],[-104.940684769927,39.7130595451496],[-104.940695236078,39.714645007192],[-104.940697795514,39.7150649297685],[-104.940704863292,39.7162242865257],[-104.940707945245,39.7174566091869],[-104.940708788057,39.7177937302705],[-104.940708513363,39.7183500307305],[-104.94070799389,39.7193988953148],[-104.940702645158,39.7209616298997],[-104.940700736239,39.7225387918161],[-104.940702962718,39.7231513464745],[-104.940694417438,39.724111814838],[-104.940696119099,39.7243441427658],[-104.940688521377,39.7252970656854],[-104.940691439715,39.7255997481208],[-104.940700783439,39.7268804702815],[-104.940699160183,39.7273070118519],[-104.940692734537,39.7292276528892],[-104.940688969397,39.7304801719222],[-104.940688152321,39.7310285385393],[-104.940682500699,39.7320717194207],[-104.94067809985,39.7328465549879],[-104.94067355662,39.7336392330571],[-104.940667838888,39.7346906493582],[-104.940665920542,39.7348217847922],[-104.940664065807,39.735491902333],[-104.940664065247,39.7354919725835],[-104.940664065918,39.7354920347336],[-104.940670412608,39.7367087852183],[-104.94066410984,39.7382793980841],[-104.940663578577,39.740129369636]]]},"properties":{"OBJECTID":33,"CN_NUMBER":8,"CN_NAME":"East","GLOBALID":"c4f13a51-c060-4c27-b5ce-e1ad28264bca"}},{"type":"Feature","id":34,"geometry":{"type":"Polygon","coordinates":[[[-104.903554749702,39.7983935636393],[-104.901419391022,39.7983923382853],[-104.901417260062,39.8002041739836],[-104.899068304745,39.8002028499649],[-104.899070496439,39.7983910143088],[-104.894165399457,39.7983881890423],[-104.884627455387,39.7983830053293],[-104.884449507265,39.7983831048577],[-104.884427334694,39.8056674369349],[-104.884405467626,39.8128151760792],[-104.875332583377,39.8128302095631],[-104.866260574724,39.8128455784395],[-104.866236253615,39.8056965549606],[-104.866213175774,39.7984106002439],[-104.866035226392,39.7984106719434],[-104.866040845113,39.7983873047317],[-104.86605761003,39.7982573327426],[-104.866046504795,39.7969407364397],[-104.865999465411,39.7945106217502],[-104.865991566279,39.7926823831434],[-104.865985151041,39.7911979844121],[-104.865981344795,39.7903167099543],[-104.865978532016,39.7901377466634],[-104.865944249448,39.7867477864516],[-104.865919558715,39.7843062998951],[-104.86590063626,39.7824352976136],[-104.865904127424,39.7822781801513],[-104.865897558842,39.7805965800961],[-104.865890776613,39.7788609519629],[-104.8658903588,39.7786859736433],[-104.865894835433,39.7770813022031],[-104.865892498815,39.7769115922679],[-104.865887873019,39.7759386706126],[-104.865887419179,39.7758432906012],[-104.865812197162,39.775840360848],[-104.862896999279,39.7755800035534],[-104.861540505033,39.7754679078759],[-104.859786720012,39.7753229580906],[-104.856590172055,39.7750475660885],[-104.853744990321,39.7748007015302],[-104.851880151944,39.7746297439996],[-104.851061216823,39.7745546614823],[-104.848054815731,39.7742934251059],[-104.847035536261,39.774204680164],[-104.84505419816,39.7740321484867],[-104.841941329064,39.7737646521274],[-104.840792280404,39.7736658902861],[-104.837607366395,39.7733944927543],[-104.834462866604,39.7731187916377],[-104.833824236292,39.7730632142773],[-104.831566010766,39.7728666521714],[-104.830389048566,39.7727663070135],[-104.828163414138,39.7725765208717],[-104.828163788677,39.7724787393307],[-104.828173378167,39.7691580494831],[-104.832869116352,39.7691727433956],[-104.832868995831,39.7665688554452],[-104.83288177788,39.7663695619979],[-104.833022963163,39.766403472739],[-104.833591409777,39.7665400032285],[-104.835572835116,39.76691735412],[-104.837590237432,39.7671600119681],[-104.856403828478,39.7685694038375],[-104.85639793615,39.7676613755827],[-104.85636271204,39.7620049032804],[-104.856337809361,39.7581305012786],[-104.855484689968,39.757810863689],[-104.855481762812,39.7578097668458],[-104.855010038678,39.7579229750024],[-104.854972891627,39.7579318899104],[-104.854833951647,39.7578562126482],[-104.854827785995,39.7578528535455],[-104.854348271346,39.7580608182113],[-104.853488675181,39.7576197487466],[-104.853022732251,39.7574815633372],[-104.852044209412,39.7573166351534],[-104.850786368646,39.7567428919158],[-104.848216129101,39.7564204634668],[-104.848207683319,39.7564194043324],[-104.848004267808,39.7554610907796],[-104.847738962669,39.7552627348069],[-104.847024722043,39.7552382146184],[-104.846869002327,39.7552328679136],[-104.846868720023,39.7552328582409],[-104.846863679549,39.7547239232971],[-104.856316543747,39.7547320769638],[-104.865779125424,39.7547467283206],[-104.865967633681,39.7547467144847],[-104.865967839033,39.7548222114202],[-104.875219843771,39.7548198701684],[-104.875326543873,39.7548200933639],[-104.875326327269,39.7547445973395],[-104.879934974949,39.7547442599048],[-104.879940768681,39.7474524931537],[-104.884657378188,39.7474552873764],[-104.884649400178,39.7401572544171],[-104.884700198404,39.7328471554558],[-104.884708733584,39.7328472018915],[-104.885868188649,39.7328513346855],[-104.887047215691,39.7328533657486],[-104.888226440434,39.7328531892543],[-104.889422394907,39.7328505469271],[-104.890595363406,39.7328550491252],[-104.893369186792,39.7328550153954],[-104.895199999039,39.7328609079785],[-104.895981140089,39.7328634137965],[-104.896513183688,39.7328651171152],[-104.896870256779,39.7328662590074],[-104.897588551106,39.732868552673],[-104.897759373543,39.7328690974997],[-104.898763545517,39.7328722956879],[-104.899892803804,39.7328739437014],[-104.900976539863,39.7328753491251],[-104.90203987125,39.7328725904935],[-104.903458716387,39.7328950520517],[-104.903453802407,39.7341716643468],[-104.903454619379,39.7346955735185],[-104.903458247612,39.7356266019991],[-104.903457632944,39.7372700530943],[-104.903464635604,39.7387014077924],[-104.903455093236,39.7401463078756],[-104.903455110644,39.7414796549656],[-104.903452699126,39.7419783660286],[-104.903458736493,39.7426023432757],[-104.903455067129,39.7437852235346],[-104.903463754674,39.7456156376249],[-104.903447774508,39.7474419399303],[-104.903436549308,39.7486315799006],[-104.903422847376,39.7498227694699],[-104.903427578706,39.7510165702487],[-104.903424647124,39.7522130102705],[-104.903423637437,39.7534079247491],[-104.903403318671,39.7547306972599],[-104.903393728113,39.7580154424142],[-104.9034589378,39.7584100508361],[-104.903461860662,39.7602196616056],[-104.903456517461,39.7614241427367],[-104.903439420078,39.7619838089735],[-104.90342900086,39.7638359290548],[-104.903449261723,39.7656435785891],[-104.903447094479,39.7667264312273],[-104.90345207919,39.7674606387863],[-104.903458283404,39.7680471546961],[-104.903516910573,39.7681918610425],[-104.90351329907,39.7684755814714],[-104.903495186818,39.7692772723305],[-104.903493163934,39.7711016279664],[-104.903492028035,39.7717692491211],[-104.903497518569,39.7727333972542],[-104.903499951548,39.773312463254],[-104.903505825466,39.7734353093286],[-104.903511610894,39.7735688314947],[-104.90353112189,39.7737157729285],[-104.903540748388,39.7738039279651],[-104.903556825054,39.773948182395],[-104.903619246439,39.7743383023342],[-104.903642236613,39.7744825917428],[-104.903654965338,39.7746134794318],[-104.903657401644,39.7747336375378],[-104.903660106869,39.7748202650611],[-104.903583956077,39.7752325319969],[-104.903586775153,39.7765274370441],[-104.903565413665,39.7773110902383],[-104.903496844061,39.7773932612502],[-104.903560569864,39.7774409538802],[-104.903568499478,39.7781851491797],[-104.903568052832,39.7782376405924],[-104.903567439566,39.7783097134987],[-104.903568840087,39.7784311496442],[-104.903569519652,39.7784898415559],[-104.903571493385,39.7786601085424],[-104.903549703477,39.7791539418709],[-104.903539270348,39.7792845003439],[-104.903531353409,39.7793356929549],[-104.903542103916,39.7814672241187],[-104.903534610247,39.7828358880413],[-104.903510613812,39.7838233739388],[-104.903533951663,39.7911158631971],[-104.903554749702,39.7983935636393]]]},"properties":{"OBJECTID":34,"CN_NUMBER":null,"CN_NAME":"Northeast","GLOBALID":"0847b2c0-814f-44e1-9abb-23afb7db15bb"}},{"type":"Feature","id":35,"geometry":{"type":"Polygon","coordinates":[[[-104.753039378379,39.8273320508719],[-104.753039526469,39.8272523323576],[-104.75305511944,39.8253166920363],[-104.753070735958,39.8234326557393],[-104.753071014846,39.8233989429507],[-104.753084613794,39.8233990183572],[-104.762492946644,39.8234507396088],[-104.762542234798,39.8201217721727],[-104.762650672935,39.8128637077456],[-104.762666771948,39.8055841114457],[-104.762681601196,39.7991312935785],[-104.762683204807,39.7984340223535],[-104.762683429897,39.7983357271194],[-104.753263329585,39.7983686843339],[-104.743815462712,39.7983348228903],[-104.73437196724,39.7983081263076],[-104.73445657395,39.7910522552069],[-104.734529898045,39.7837691810853],[-104.734539420339,39.7815939536675],[-104.734563080126,39.7764950902477],[-104.734596297689,39.7692172057669],[-104.744005515686,39.7692550150525],[-104.753434404873,39.769283274821],[-104.762816421082,39.7692017041683],[-104.764573101516,39.7691862682603],[-104.764548129395,39.7715666152484],[-104.772184377895,39.7714994573142],[-104.77215652191,39.7764095555917],[-104.781560586638,39.7764357471894],[-104.781576547678,39.7727956101988],[-104.790980078964,39.772826195601],[-104.800403451508,39.7728293814249],[-104.808161008312,39.7728312052511],[-104.809897981999,39.7728315437999],[-104.819253949394,39.7728136088156],[-104.828162607633,39.7727875752386],[-104.828163414138,39.7725765208717],[-104.830389048566,39.7727663070135],[-104.831566010766,39.7728666521714],[-104.833824236292,39.7730632142773],[-104.834462866604,39.7731187916377],[-104.837607366395,39.7733944927543],[-104.840792280404,39.7736658902861],[-104.841941329064,39.7737646521274],[-104.84505419816,39.7740321484867],[-104.847035536261,39.774204680164],[-104.848054815731,39.7742934251059],[-104.851061216823,39.7745546614823],[-104.851880151944,39.7746297439996],[-104.853744990321,39.7748007015302],[-104.856590172055,39.7750475660885],[-104.859786720012,39.7753229580906],[-104.861540505033,39.7754679078759],[-104.862896999279,39.7755800035534],[-104.865812197162,39.775840360848],[-104.865887419179,39.7758432906012],[-104.865887873019,39.7759386706126],[-104.865892498815,39.7769115922679],[-104.865894835433,39.7770813022031],[-104.8658903588,39.7786859736433],[-104.865890776613,39.7788609519629],[-104.865897558842,39.7805965800961],[-104.865904127424,39.7822781801513],[-104.86590063626,39.7824352976136],[-104.865919558715,39.7843062998951],[-104.865944249448,39.7867477864516],[-104.865978532016,39.7901377466634],[-104.865981344795,39.7903167099543],[-104.865985151041,39.7911979844121],[-104.865991566279,39.7926823831434],[-104.865999465411,39.7945106217502],[-104.866046504795,39.7969407364397],[-104.86605761003,39.7982573327426],[-104.866040845113,39.7983873047317],[-104.866035226392,39.7984106719434],[-104.856614059843,39.7983791410823],[-104.847192905071,39.7983465134553],[-104.837644029584,39.7982715795017],[-104.828094290366,39.7981951781913],[-104.819167871472,39.7982516638667],[-104.80963205902,39.7983068025907],[-104.800269220076,39.7983056108103],[-104.790820162074,39.7983039958754],[-104.790893296093,39.805584477203],[-104.790966483471,39.8128608212249],[-104.790894049054,39.8201053861381],[-104.790836958557,39.8218959798272],[-104.79076005046,39.8243079980864],[-104.790665814932,39.8272632021073],[-104.790666577921,39.827333197864],[-104.790559772229,39.8273346398318],[-104.774120203083,39.8273505394081],[-104.771978146797,39.8273524461119],[-104.771779651282,39.8273665342825],[-104.769908348093,39.8273726082481],[-104.769529100991,39.8273719976852],[-104.767796527997,39.8273691862963],[-104.762435417375,39.8273603267961],[-104.757753076249,39.8273523886902],[-104.756613987662,39.8273504301623],[-104.753039378379,39.8273320508719]]]},"properties":{"OBJECTID":35,"CN_NUMBER":10,"CN_NAME":"Far Northeast","GLOBALID":"5f75d4d8-76e7-410b-90df-60acfd305f5c"}}]}