{"type": "FeatureCollection", "name": "denver_equity_areas_2026", "crs": {"type": "name", "properties": {"name": "urn:ogc:def:crs:OGC:1.3:CRS84"}}, "features": [{"type": "Feature", "properties": {"EQUITY_AREA_ID": "001"}, "geometry": {"type": "Polygon", "coordinates": [[[-104.82924421735063, 39.77247609145537], [-104.8296212176231, 39.77250909057887], [-104.83001121837238, 39.772543090175525], [-104.8338422228811, 39.772876082907295], [-104.83511822348578, 39.77298608124973], [-104.83894622862671, 39.77331707396465], [-104.84022222950277, 39.77342807157155], [-104.84057322955604, 39.7734580716293], [-104.84162623142407, 39.7735490697736], [-104.84197823174512, 39.773580069175715], [-104.84299123298938, 39.773667066685846], [-104.84603023612087, 39.773928061755726], [-104.84704323777382, 39.77401606011134], [-104.847043236894, 39.77418106090121], [-104.84704423675525, 39.774212061343626], [-104.8470452369744, 39.774309061380514], [-104.84704123708154, 39.77467506319245], [-104.84704023705422, 39.7748410644525], [-104.84703923662256, 39.775040064586314], [-104.84703823597036, 39.77563806763561], [-104.84703823587972, 39.77583806850177], [-104.84703723582865, 39.776004069688724], [-104.84703723444888, 39.776505071947774], [-104.84703723476427, 39.77667207298419], [-104.84703723517198, 39.77694507423446], [-104.84704023399946, 39.777764078228145], [-104.84704123364119, 39.77803808015044], [-104.84703823384558, 39.77835108150686], [-104.84703223196773, 39.77929008576555], [-104.84703123172616, 39.77960408700099], [-104.84702823154637, 39.780162089890204], [-104.84702222964107, 39.78183509852135], [-104.8470202297539, 39.78239410082643], [-104.8470222292294, 39.782642102732524], [-104.84702922829214, 39.78333810539543], [-104.84702922821481, 39.7833861057523], [-104.84703222822816, 39.783635107453364], [-104.84703322862507, 39.78378610776276], [-104.84703522759708, 39.784008108971655], [-104.84703722800188, 39.78424111006015], [-104.84703922773114, 39.7843931111172], [-104.8470392281868, 39.784413111410764], [-104.84703922725268, 39.78447411112144], [-104.84704022703106, 39.78449511129632], [-104.84704322672471, 39.78487911348203], [-104.8470542258174, 39.78603111908178], [-104.84705722627855, 39.786240119978764], [-104.84705922547892, 39.7864151204226], [-104.8469262251694, 39.78641312101167], [-104.84659322538371, 39.78641012169748], [-104.8465292252884, 39.78640812191788], [-104.8464852245738, 39.78640712206203], [-104.84639722538698, 39.78639812230664], [-104.84636122508365, 39.78639412254763], [-104.8462562245286, 39.786383122493035], [-104.84622122473267, 39.7863791228418], [-104.84608322421565, 39.786359122747164], [-104.8459362239697, 39.78633312267445], [-104.84592422387898, 39.786331123180005], [-104.8457632237969, 39.786290122823246], [-104.84510722310222, 39.78609112354792], [-104.84483222241059, 39.78600812363894], [-104.844667223053, 39.78595412356293], [-104.84417522204667, 39.78579512434719], [-104.84401122181816, 39.78574212414746], [-104.84384622130699, 39.78569112393579], [-104.84335122118888, 39.78553812460944], [-104.84318622162978, 39.785487124369624], [-104.84302022068879, 39.785435124869466], [-104.84252522077169, 39.785279125505795], [-104.84236022008017, 39.78522812499109], [-104.84219122013639, 39.78517512582953], [-104.84168521988221, 39.785018125647426], [-104.84164021915058, 39.78500412620869], [-104.84151621950348, 39.78497012602893], [-104.84147021942417, 39.78495812582914], [-104.84136921943126, 39.7849391259967], [-104.84127021921043, 39.78492112620122], [-104.84107421899108, 39.784899126772196], [-104.84092321803101, 39.784894126874384], [-104.84077421847049, 39.78490012707307], [-104.8406382176392, 39.784741126712284], [-104.84063721778202, 39.78473212701343], [-104.84056721843315, 39.78408112357272], [-104.8405442194072, 39.78386512279429], [-104.8405302190916, 39.783728121635995], [-104.84048821962367, 39.7833171199161], [-104.8404752198962, 39.783181119567864], [-104.84045922019148, 39.78304311912813], [-104.84041122014945, 39.782631117236164], [-104.84039621990416, 39.78249411579723], [-104.84038622013915, 39.78236511600933], [-104.84037122030836, 39.78215911498756], [-104.84038722039773, 39.78201111345376], [-104.84039322061292, 39.78197911377105], [-104.84041922098433, 39.78185311311691], [-104.8404672212829, 39.78174411247644], [-104.84053422130451, 39.78161911151207], [-104.84058722178918, 39.78153311136122], [-104.84059822172435, 39.781517111280856], [-104.84066522221063, 39.78143011049153], [-104.84075122166924, 39.781336109737445], [-104.84093322188285, 39.781164108616515], [-104.84136522337576, 39.78077810569135], [-104.84163622359688, 39.780537103613504], [-104.84127022329304, 39.780295103882686], [-104.84017222349546, 39.77956910215527], [-104.83980622267492, 39.77932810197538], [-104.83942822251507, 39.779667104446126], [-104.83848221921507, 39.780519111046566], [-104.83841521991997, 39.78056411138084], [-104.83831821982649, 39.780621111167925], [-104.83826621982236, 39.780640112233066], [-104.83816321888828, 39.78067911245152], [-104.83807821909643, 39.780699112318246], [-104.83777521823916, 39.7807591135847], [-104.83760221866076, 39.78079411420072], [-104.83708521749791, 39.780898115219074], [-104.83691321750968, 39.780934116596484], [-104.83682621657606, 39.78095111676066], [-104.83656821723397, 39.781001116932394], [-104.83648221641486, 39.78101911772129], [-104.8363192163396, 39.78105311811881], [-104.83590021564997, 39.78114411929108], [-104.83583221488861, 39.7811631200014], [-104.83567321533371, 39.78120912011632], [-104.8354492150859, 39.7813041208245], [-104.8347802139703, 39.78159112422278], [-104.83455821313812, 39.78168712527174], [-104.83439821231526, 39.781755125938645], [-104.8339212124393, 39.781961127801836], [-104.83376221163306, 39.782031128250864], [-104.83359421110275, 39.78210212953416], [-104.8330912100728, 39.78231613105465], [-104.83292420959701, 39.78238813228923], [-104.83261220925557, 39.78254413321452], [-104.8325122096039, 39.78261413403594], [-104.8324672089853, 39.78264913483589], [-104.83242320858605, 39.78268513473084], [-104.83233420822984, 39.78276413513189], [-104.83224420812637, 39.78286313642586], [-104.83151720661296, 39.783908142845604], [-104.83131620555888, 39.78419714486168], [-104.83121420518874, 39.784340145251], [-104.83152720611261, 39.784469145204], [-104.83246620640695, 39.784856145383486], [-104.83277920705765, 39.784986145303336], [-104.83293720735578, 39.78505114578819], [-104.83341120768236, 39.78524614504723], [-104.83356920780992, 39.785312145315736], [-104.83372520760967, 39.785376145368254], [-104.8341942077065, 39.78557014491155], [-104.83435120780054, 39.785635145019555], [-104.83450820818587, 39.78570014491661], [-104.8349802092218, 39.78589514537657], [-104.83513820877073, 39.785961145304945], [-104.83529420909585, 39.78602514505097], [-104.8357622092933, 39.786218144571635], [-104.83591920993273, 39.786283145261606], [-104.83606320960337, 39.78632714444954], [-104.83615021056305, 39.786344144263964], [-104.83625821063207, 39.78636714466394], [-104.83647321045156, 39.78638614372659], [-104.83668021021627, 39.786384143227416], [-104.83686321143199, 39.78635914278995], [-104.83695721140845, 39.7863471429006], [-104.83709921172185, 39.78631514267892], [-104.83737721219774, 39.78620314094129], [-104.83739221196707, 39.786198141063046], [-104.83820221388652, 39.78584913804841], [-104.83847721453743, 39.78573113640035], [-104.83852021436807, 39.785790136824204], [-104.83865221440415, 39.785969137219986], [-104.83869621375366, 39.78602913752677], [-104.83874021425284, 39.78609013756609], [-104.83887521417817, 39.78627313819739], [-104.83892021421941, 39.786335138114325], [-104.83903821413931, 39.786500138666156], [-104.8393932141386, 39.78699614038321], [-104.83951221436243, 39.787162141258264], [-104.8395982140031, 39.78728114189297], [-104.83985621444599, 39.78764114261752], [-104.83994221400671, 39.78776114361648], [-104.84005121422406, 39.78790914378332], [-104.84009421438117, 39.78796814357026], [-104.84013921363538, 39.7880381445154], [-104.84016421411413, 39.788095143893976], [-104.8401762144676, 39.78814214413998], [-104.84018521358661, 39.78821614495807], [-104.84018821320498, 39.788429145838656], [-104.84019221312495, 39.7886141468853], [-104.84019321353307, 39.78875614755717], [-104.84019821328488, 39.78918515004618], [-104.84020021300736, 39.78932815062512], [-104.83996221277677, 39.78932815073876], [-104.83944121127766, 39.78933115211589], [-104.83924821089266, 39.78934115295301], [-104.83921021128165, 39.789344152412326], [-104.83901321142866, 39.78937515294732], [-104.83887121089666, 39.78941515341304], [-104.83880221047723, 39.7894351535525], [-104.8386682102179, 39.78949015431076], [-104.83853421002594, 39.789554155306526], [-104.83846821017087, 39.789594155257696], [-104.83834320944298, 39.78967315590302], [-104.83820620906981, 39.78976215665983], [-104.83779620862597, 39.790030158834405], [-104.83766020845576, 39.79012015981585], [-104.83752420710857, 39.79020716050307], [-104.83711520724609, 39.79047016270185], [-104.83698020613517, 39.790558163626784], [-104.83672420621212, 39.79072316474668], [-104.8364102050286, 39.79092716709233], [-104.83633020481446, 39.79097116697446], [-104.83623820452775, 39.79100816761374], [-104.83615020434749, 39.79103416744233], [-104.83605520447496, 39.79105416801281], [-104.83596020486647, 39.79106316863673], [-104.83589720456814, 39.791063168227545], [-104.83559420393264, 39.791063169438836], [-104.83556620419915, 39.79107416894821], [-104.83548320373308, 39.791144169857], [-104.83533420303411, 39.79114317043394], [-104.83447820244133, 39.79113917164845], [-104.83419420111565, 39.79111317253781], [-104.83402720125974, 39.791081173136], [-104.83401020071028, 39.79107617284645], [-104.83388520055365, 39.791041172858435], [-104.83348620011736, 39.790882172626304], [-104.83331320067732, 39.79081317297454], [-104.83314220087829, 39.79074117345083], [-104.83262919953764, 39.790528173485185], [-104.83245919916895, 39.79045717295722], [-104.8322881995611, 39.790387173462605], [-104.83177619866298, 39.7901771737249], [-104.83160619863042, 39.79010717349288], [-104.83143919803686, 39.79003817357218], [-104.83093819822062, 39.789831173278806], [-104.83077219809947, 39.78976317332209], [-104.83060219772193, 39.78969317341755], [-104.83009319754515, 39.78948517378783], [-104.82992419649273, 39.78941617381491], [-104.82975319631505, 39.789345173537384], [-104.82924119651294, 39.789135173421975], [-104.8290711956597, 39.78906517397235], [-104.82889519616657, 39.78899217417925], [-104.82836919577821, 39.78877517417433], [-104.82819419568234, 39.78870317425815], [-104.82789819438581, 39.789129176621934], [-104.8277921944351, 39.78927517818323], [-104.82769619401387, 39.78936417837182], [-104.82757419375929, 39.78945617875961], [-104.82746019325704, 39.78951917989471], [-104.8273981934716, 39.78954717978082], [-104.82540918855524, 39.79033318808471], [-104.8250101875806, 39.79049119034178], [-104.82483418748826, 39.79056919086075], [-104.82465218735476, 39.79067019134308], [-104.82450018698091, 39.79082619282273], [-104.82444918660927, 39.790892193173185], [-104.82440018659653, 39.790968193406734], [-104.82433918645694, 39.791107194178615], [-104.82422718527, 39.79143919680834], [-104.82415718511403, 39.79165119734081], [-104.82406918490298, 39.79191619888488], [-104.82380518377033, 39.792711203881666], [-104.82377018274447, 39.79281820417301], [-104.82371718323215, 39.79297620506835], [-104.82361918270688, 39.793276207280805], [-104.82357518189662, 39.7933972080438], [-104.82356118211167, 39.793422207663234], [-104.82351718131997, 39.79350520826691], [-104.82345318158583, 39.79360220924733], [-104.82338518166338, 39.79368420998079], [-104.82331418060465, 39.79375621041239], [-104.82324318118391, 39.793815210552076], [-104.82315318050257, 39.793882211064684], [-104.82249317902816, 39.79433121461315], [-104.822102177927, 39.79459821679117], [-104.82196817697807, 39.794687217728416], [-104.82156617607438, 39.7949562200155], [-104.82143317637055, 39.79504622044603], [-104.82130017549072, 39.795135221876706], [-104.82090317488995, 39.7954042236809], [-104.82077117491545, 39.79549522436188], [-104.82059117403952, 39.795618225244176], [-104.82034617355737, 39.79578722707147], [-104.82028817370362, 39.7958282276157], [-104.82022817305128, 39.79588722815245], [-104.82018417244657, 39.79593822851249], [-104.8201261728333, 39.796023228436866], [-104.82011217208456, 39.79604922916901], [-104.82007217187186, 39.79612822914495], [-104.82004017164903, 39.79625323010273], [-104.82002917194717, 39.79638123083727], [-104.82003417104302, 39.79678223274624], [-104.82003617082204, 39.7969152333643], [-104.8200371708427, 39.79705223437537], [-104.82004317056864, 39.797463235769676], [-104.82004517009503, 39.797600237118274], [-104.82004516977847, 39.797733236954436], [-104.82004716940182, 39.79813423934873], [-104.82004816938182, 39.79826824017055], [-104.81994316925324, 39.79826924069947], [-104.81613916292558, 39.798290249254386], [-104.81597916226828, 39.79829124930643], [-104.81545340224768, 39.79829576016387], [-104.79089, 39.79825], [-104.79088999337964, 39.79825961100454], [-104.79031011918782, 39.798271307113836], [-104.79026411842949, 39.79827330769923], [-104.7890111165241, 39.7983853112207], [-104.78864011590726, 39.79840531204937], [-104.7885321159939, 39.798405311748425], [-104.78793811512057, 39.79840831385104], [-104.78781211412823, 39.79840631354513], [-104.78744911454017, 39.79840131497285], [-104.78743611366966, 39.798400314927704], [-104.78731111370973, 39.79839931448217], [-104.78700311347865, 39.798397315132725], [-104.78638711187416, 39.79839331671214], [-104.78628011197178, 39.798391317314604], [-104.78607911166829, 39.79839131764804], [-104.78577211107367, 39.79839331831349], [-104.78417710805994, 39.79837832154069], [-104.78391910841299, 39.79837532285655], [-104.78409511008886, 39.79747831707209], [-104.7869901345275, 39.78840126479954], [-104.7875291385421, 39.78653725360305], [-104.7877261410444, 39.78545724789131], [-104.78774714542791, 39.783650238206896], [-104.78862614660568, 39.78365823605852], [-104.7899031484143, 39.78364423347162], [-104.79041314886435, 39.783644232240746], [-104.79048814940933, 39.78364423206172], [-104.79139214998787, 39.783648230306795], [-104.79147815090766, 39.78364822994869], [-104.79177815113799, 39.78364922957265], [-104.79199415060862, 39.78365122929599], [-104.79219215117692, 39.783653228508626], [-104.79293515259975, 39.78369322689073], [-104.79332115310925, 39.7837142259811], [-104.79458415438353, 39.78378322357705], [-104.79466215409641, 39.78378322339495], [-104.79500015484992, 39.78378422267018], [-104.796934158138, 39.783790218536495], [-104.79797615927126, 39.78379321671385], [-104.79986116169775, 39.783798212146486], [-104.80004316254184, 39.78379821159959], [-104.80172516430714, 39.78380420843244], [-104.8033421671833, 39.78380920494059], [-104.80424216780143, 39.783813202439205], [-104.80742517276225, 39.78381819539586], [-104.8081951737106, 39.783832194335524], [-104.80824917413409, 39.78383419405367], [-104.80957317493396, 39.783813191172115], [-104.80963317579963, 39.78379919074896], [-104.80980717645728, 39.7837621897808], [-104.80996817561544, 39.78384519015694], [-104.81003417561811, 39.78384518962901], [-104.81068617692657, 39.783849188519696], [-104.81077717679148, 39.78385618805179], [-104.81080917718502, 39.7838591881627], [-104.81090817722796, 39.78388518819078], [-104.81101617756045, 39.78391918834158], [-104.81170017756182, 39.784130187754045], [-104.81342417956753, 39.784644186683025], [-104.81426618036143, 39.78489618567391], [-104.81443218097311, 39.78494618582408], [-104.81493118120045, 39.785096185261025], [-104.81509818089069, 39.78514618577222], [-104.81526518082798, 39.78519618514503], [-104.81576818140849, 39.78534718509508], [-104.81593618235301, 39.78539818456675], [-104.81610318271959, 39.785447184796666], [-104.8166071823417, 39.7855961847351], [-104.81677518255647, 39.78564618414803], [-104.81701218282412, 39.785710183713825], [-104.81772418431896, 39.785905183660695], [-104.81796218407293, 39.7859701832327], [-104.81806018453398, 39.78599618311288], [-104.81835418402581, 39.786077182387686], [-104.81845218439071, 39.78610418258498], [-104.81848918432598, 39.78603018225715], [-104.81852718467744, 39.78595618140118], [-104.81859118563233, 39.78582818078546], [-104.81875218555219, 39.785510178932284], [-104.81878918635245, 39.78538617858016], [-104.81881018679395, 39.78526717805035], [-104.81881518658551, 39.78515417709624], [-104.81881218608771, 39.785087176732155], [-104.81878918710599, 39.78494817620194], [-104.81873918731014, 39.78464317500633], [-104.81864918803623, 39.784066172412004], [-104.81863518810506, 39.783939171292005], [-104.81862318859754, 39.78378917044898], [-104.81863118878141, 39.7837341703201], [-104.81864418890066, 39.783679170300985], [-104.81866818816073, 39.78362116983645], [-104.8187401887859, 39.78349116900002], [-104.81885818985464, 39.78329716760735], [-104.81908519010442, 39.78295416584943], [-104.81941219001675, 39.783099165263714], [-104.81950218989039, 39.783139165544604], [-104.81958018994345, 39.783161165814164], [-104.81966319117538, 39.78316716565124], [-104.81974619075702, 39.78316816488372], [-104.81982119031707, 39.78315616526611], [-104.81990419074813, 39.78312916427015], [-104.81997619061019, 39.78309316410717], [-104.82003219124444, 39.783051163992944], [-104.82010319104347, 39.782978163732835], [-104.82029119156846, 39.78272916196707], [-104.82050819295749, 39.782444159817764], [-104.82086919454973, 39.78196915685537], [-104.8209051937521, 39.78189915610205], [-104.82092119432338, 39.78185715631718], [-104.82159619743813, 39.78013514604877], [-104.82163919798664, 39.780006145295786], [-104.8216331979395, 39.77983414414487], [-104.82161119884513, 39.77911514074014], [-104.8214391984005, 39.779114141472945], [-104.82092319872737, 39.77911314257078], [-104.8207521983357, 39.77911314241231], [-104.82056619825363, 39.77911214306472], [-104.82001119650798, 39.77911014411277], [-104.81982619646064, 39.779110144616844], [-104.81964719666387, 39.77910314523583], [-104.81956219590118, 39.779094145357], [-104.81945519652389, 39.779077145468655], [-104.81927219630197, 39.77903614535112], [-104.81912119592528, 39.778995145367766], [-104.81894919643844, 39.77894914566976], [-104.81877719598492, 39.77890014556591], [-104.81826119565585, 39.77875414618982], [-104.81809019498019, 39.77870614610774], [-104.81793719522747, 39.77866214637553], [-104.81748119436227, 39.77853114689336], [-104.8173291941782, 39.778488147403834], [-104.81716219473454, 39.77844114729453], [-104.81666119422802, 39.77830014732128], [-104.81649519371251, 39.77825314755173], [-104.81632719307373, 39.778205147891285], [-104.81582319369649, 39.778061148373894], [-104.81565519354692, 39.77801414839863], [-104.81548919246465, 39.77796614834575], [-104.81499219240462, 39.77782414850264], [-104.81482719215212, 39.77777714857683], [-104.81465919260279, 39.77772914922276], [-104.81415419218226, 39.77758614992776], [-104.81398719113633, 39.77753914976821], [-104.81382019148155, 39.77749214937769], [-104.8133191910356, 39.777352150116016], [-104.81315219063136, 39.77730615031625], [-104.81298519019987, 39.77725815077776], [-104.81248419027771, 39.77711415073574], [-104.81231719028234, 39.77706715089407], [-104.81215018981598, 39.77701915106068], [-104.81164918950039, 39.7768781511838], [-104.81155918899384, 39.776853151788345], [-104.8114811890033, 39.776836151152665], [-104.81134218977495, 39.77680615179626], [-104.81133018877463, 39.77680415145071], [-104.81121318908122, 39.776789151680106], [-104.81107718864355, 39.7767761517958], [-104.8108721889183, 39.77677315251264], [-104.81071918819774, 39.77677215328652], [-104.81055718892566, 39.776771153406365], [-104.81007318833518, 39.77676815422468], [-104.80991218709254, 39.77676715480207], [-104.80991418788331, 39.77660115393853], [-104.8099131885111, 39.77642415263589], [-104.8099091893032, 39.775397147553655], [-104.80990819070234, 39.77505514584683], [-104.80990719013614, 39.77501414569046], [-104.80990419095198, 39.77476414443009], [-104.80990119134181, 39.774455143415516], [-104.80989519284874, 39.77389114046511], [-104.80989319334137, 39.773601138686914], [-104.80988980085924, 39.773256770834635], [-104.82722740227187, 39.77317474347311], [-104.82822852464048, 39.77317000698019], [-104.82823, 39.77317], [-104.82824753729983, 39.77238861586297], [-104.82924421735063, 39.77247609145537]]]}}, {"type": "Feature", "properties": {"EQUITY_AREA_ID": "002"}, "geometry": {"type": "Polygon", "coordinates": [[[-105.0532025286949, 39.68239967482527], [-105.053191, 39.6824], [-105.05319184807752, 39.683502718228596], [-105.05314316404868, 39.683399509397915], [-105.05291916416607, 39.683403509873436], [-105.0526891645142, 39.68342650970099], [-105.05247716479134, 39.683476510070065], [-105.05239116475398, 39.683497510173076], [-105.05106416491545, 39.68387051244787], [-105.0509431645695, 39.68389551202034], [-105.05082216395836, 39.68390651292109], [-105.05004916353342, 39.68389851339682], [-105.04985016354414, 39.683901513864164], [-105.04979216274941, 39.68390251402698], [-105.04958716275009, 39.68391351443446], [-105.0493941624611, 39.68393851398652], [-105.04926116264146, 39.68396551401443], [-105.04906716228638, 39.68400551471667], [-105.04884816255806, 39.6840655145044], [-105.04867516223524, 39.684099515470294], [-105.04846016296764, 39.68411651556875], [-105.04821216285826, 39.684101515702864], [-105.04799616234516, 39.68408951604478], [-105.04781116236433, 39.68408051653148], [-105.04725916147648, 39.68405451675135], [-105.04707516123908, 39.684046516994364], [-105.04692316029846, 39.68404551704243], [-105.04688716057206, 39.68404551701929], [-105.04677216069948, 39.68405751773352], [-105.04665716114181, 39.684074517174956], [-105.04654816036269, 39.68410251726846], [-105.04647716057147, 39.68412351776003], [-105.0463331603874, 39.68416751763606], [-105.04613016031004, 39.68426851863968], [-105.04600916143164, 39.68434751861102], [-105.04588516164509, 39.684437518720856], [-105.04565616144691, 39.684615518570894], [-105.0455741613571, 39.68465951929871], [-105.0455241619845, 39.68468851925618], [-105.04536416154237, 39.68474151975409], [-105.04520316164273, 39.684771519714474], [-105.04514616178774, 39.684775519861645], [-105.04508216222634, 39.68478051968712], [-105.0449491620645, 39.68477451981096], [-105.04453416154138, 39.68472552034886], [-105.04448816132064, 39.68472452071549], [-105.04426816038394, 39.68472052027661], [-105.04426716210887, 39.68518452110792], [-105.04426716412927, 39.68544652141113], [-105.04445816399283, 39.685446521200824], [-105.04503116473757, 39.685446520514084], [-105.04522316415134, 39.685447519994014], [-105.04522316633383, 39.68599252010518], [-105.04522417362264, 39.687628521648755], [-105.04522517540791, 39.68817452137218], [-105.04522217686659, 39.68844352165498], [-105.04521618007345, 39.68925152200644], [-105.04521518111262, 39.689464522318275], [-105.04524218020829, 39.689514522260446], [-105.04504718067493, 39.689511522524825], [-105.04446518046628, 39.689504523518266], [-105.04427117942247, 39.689502523427564], [-105.0440561798249, 39.689500523558436], [-105.04341317928194, 39.6894945248479], [-105.04319917814061, 39.68949352525319], [-105.04299217837672, 39.68949152479341], [-105.04237317758276, 39.68948852560124], [-105.04216717740958, 39.689487526444545], [-105.04194417694202, 39.6894855266877], [-105.04127517697958, 39.689482526885094], [-105.04105317609563, 39.689481527302554], [-105.04085317637093, 39.689480527647305], [-105.04025617568102, 39.68947752845661], [-105.040057175513, 39.689477528419566], [-105.03985817563012, 39.689475528514635], [-105.0392631743547, 39.689472529404135], [-105.03906517445144, 39.68947252980618], [-105.03882717403688, 39.68947152995259], [-105.03811417307858, 39.689468530529844], [-105.03787717334781, 39.689468531549615], [-105.0376421721702, 39.68946653141083], [-105.03693917194865, 39.68946153222896], [-105.03670517146692, 39.6894605321231], [-105.03647217124809, 39.689459532792576], [-105.03577417088755, 39.68945653327773], [-105.03554217015854, 39.689456534015285], [-105.0353101706404, 39.68945353409996], [-105.03461416984953, 39.689444535200984], [-105.0343831694949, 39.68944153560951], [-105.03419116852373, 39.689440535579706], [-105.03361716883776, 39.68943853591708], [-105.03342616848433, 39.68943853657198], [-105.03324216765024, 39.68943853678024], [-105.03269316743169, 39.68943953746808], [-105.03251116744842, 39.68944053794596], [-105.03241916760868, 39.68944053782284], [-105.03214416732949, 39.68944453826235], [-105.03205316690979, 39.6894455379933], [-105.03205516792487, 39.68981353839891], [-105.03206217320324, 39.690919539246664], [-105.03206517375934, 39.69128853960146], [-105.03206617528735, 39.69165153966307], [-105.03206917992756, 39.69274054046974], [-105.03207018182644, 39.69310454011196], [-105.03207118256385, 39.693468540603405], [-105.03207618668, 39.69456054165627], [-105.03207818898123, 39.694924541442056], [-105.03207919029292, 39.695286542172205], [-105.03208219411889, 39.69637554247548], [-105.03208419616747, 39.69673854316265], [-105.03203119529718, 39.696738543024075], [-105.03187519612175, 39.69673854271192], [-105.03182319593724, 39.69673954352499], [-105.03166219491207, 39.69673954373285], [-105.03118119490011, 39.696739543813784], [-105.03102119540071, 39.69673954443465], [-105.03076619416031, 39.69674154452245], [-105.0300041940637, 39.69674854513093], [-105.02975019340599, 39.69675154587831], [-105.02929019255424, 39.69675054587186], [-105.02855619181362, 39.69674854681091], [-105.02791019115882, 39.69674754767043], [-105.02745119093466, 39.69674754875502], [-105.02724119043577, 39.696747548658216], [-105.02661419052232, 39.69674954962299], [-105.02640519062005, 39.69675055002417], [-105.02613718968598, 39.69675055034034], [-105.0253361884305, 39.69675255116239], [-105.02506918923824, 39.69675355105112], [-105.02480018839665, 39.69675055129375], [-105.02399518809764, 39.696742552595424], [-105.02372718673635, 39.69674055329269], [-105.02352818677325, 39.69674055328827], [-105.02293418603631, 39.69674255394352], [-105.0227361866177, 39.696743554621044], [-105.02250118617567, 39.69674355448041], [-105.02179818573991, 39.69674455553925], [-105.02156418466204, 39.69674555555329], [-105.0213251850507, 39.69674555570684], [-105.02060818419245, 39.696747556376955], [-105.02037018391862, 39.696748557527485], [-105.02014218383705, 39.69674955757086], [-105.01946018340064, 39.696754558246795], [-105.01923318262104, 39.69675655857478], [-105.01900018282458, 39.69675655871662], [-105.01830318195033, 39.69675755981988], [-105.01807118146834, 39.69675856017786], [-105.01719618049822, 39.69676356094472], [-105.01711418050137, 39.69676356111882], [-105.01702518036352, 39.69676456107325], [-105.01648917946804, 39.696766562010176], [-105.01570017950847, 39.69676956252137], [-105.01533617879608, 39.69676756302211], [-105.01424617769844, 39.69676456442369], [-105.01388317752905, 39.696764564990374], [-105.01364917713133, 39.69676256527508], [-105.01295017594428, 39.69675656585253], [-105.01271717595336, 39.6967545666244], [-105.01251617615284, 39.69675256628887], [-105.0119161756518, 39.69674856709162], [-105.01171617511824, 39.69674756749975], [-105.01151617459038, 39.69674656756774], [-105.01091817381626, 39.69674556817838], [-105.01071917368402, 39.69674556901532], [-105.01044917407887, 39.69674356896634], [-105.00964217294005, 39.69673857015919], [-105.00937317257957, 39.69673757067086], [-105.00924217194385, 39.69673657100652], [-105.008850171588, 39.696735571248894], [-105.00872017132595, 39.696735571343744], [-105.00829717116716, 39.696734571733664], [-105.00702816952787, 39.696731573676644], [-105.00660516933978, 39.69673157405047], [-105.0066291684087, 39.6965435738074], [-105.00670016678252, 39.695980573056225], [-105.00672516566077, 39.69579357310283], [-105.0067251653933, 39.695626572573296], [-105.00672516331126, 39.695128572920325], [-105.00672616218675, 39.694962572705954], [-105.00672916159202, 39.69459057228941], [-105.00673815721612, 39.69347657116979], [-105.00674215561104, 39.6931055709126], [-105.00694215510708, 39.69310557113153], [-105.00754315618079, 39.69310856964353], [-105.0077441559759, 39.69310956975216], [-105.00794415664281, 39.693109569172435], [-105.00854715722996, 39.69311156845089], [-105.00874815703531, 39.69311256864473], [-105.0089471573778, 39.69311256848498], [-105.00954515872382, 39.693114567889076], [-105.00974515822529, 39.69311556761073], [-105.00994515889833, 39.69311656699705], [-105.01054615891519, 39.6931195663682], [-105.0107471599383, 39.69312156651932], [-105.01094815975627, 39.69312156588811], [-105.01155116042509, 39.693123565073755], [-105.01175216027616, 39.69312456463623], [-105.01194116097507, 39.693125564492384], [-105.01250816090575, 39.69313156423062], [-105.01269716172862, 39.69313456420628], [-105.01288616123963, 39.693134563672864], [-105.01345316214987, 39.69313556272815], [-105.01364316203242, 39.6931365630821], [-105.01383216270223, 39.69313656283439], [-105.01440116315783, 39.69313856174898], [-105.01459116305584, 39.69313956147185], [-105.01479316327928, 39.69314056086616], [-105.01540016428005, 39.6931435601887], [-105.01560316482865, 39.693144560512465], [-105.01579016476838, 39.69314355991808], [-105.01602116470157, 39.69314255998984], [-105.01606816449669, 39.69314255977189], [-105.01635316537711, 39.69314255960881], [-105.01654116571736, 39.69314255899888], [-105.01672816562595, 39.69314155871417], [-105.01728816638409, 39.69314055871297], [-105.0174761667066, 39.69314055840957], [-105.01766316659037, 39.69313955753862], [-105.01822616707824, 39.69313855726863], [-105.01841416738301, 39.69313855726695], [-105.01859616797641, 39.69313755695546], [-105.01914216781104, 39.69313755632313], [-105.01932516884764, 39.693137556038344], [-105.02039016939808, 39.693131554747886], [-105.02052216969113, 39.693133553970135], [-105.02131117078353, 39.69312655373576], [-105.02158017091712, 39.693125553461655], [-105.0220601713945, 39.69312355222868], [-105.0222461709812, 39.693123552380094], [-105.02243217154161, 39.6931225524754], [-105.02299317180828, 39.69311955145104], [-105.02318017285832, 39.69311955148549], [-105.0235581725221, 39.693118550880946], [-105.02469517351426, 39.6931155494078], [-105.02507417481407, 39.693115548645274], [-105.02507317328812, 39.692752548566695], [-105.02507216865914, 39.691665547555424], [-105.02507216651654, 39.69130354749095], [-105.02507116695648, 39.69120454767024], [-105.02506916554394, 39.69090954724466], [-105.02506916533892, 39.69081154761024], [-105.02506816429889, 39.690547547551766], [-105.02506716060313, 39.68975554629776], [-105.02506716007794, 39.68949254634628], [-105.02506515860603, 39.689130546035386], [-105.02506215456303, 39.688047545438515], [-105.0250611524588, 39.68768654514476], [-105.02506314876152, 39.686686544937295], [-105.02506414514097, 39.68589254394435], [-105.02484714527651, 39.68589254449415], [-105.022716143403, 39.68589954684272], [-105.02246514338276, 39.685900547054125], [-105.02171414171582, 39.685905547636125], [-105.02146414203118, 39.68590754864773], [-105.02124814147369, 39.68590954886168], [-105.02060014088072, 39.68591554892884], [-105.0203841402617, 39.685917549356915], [-105.02021214060268, 39.68591755016977], [-105.01969613975366, 39.685920550396595], [-105.01952514044969, 39.68592155045666], [-105.01934013914575, 39.685921550904936], [-105.0187891388327, 39.68592455178346], [-105.01860513903593, 39.68592555134], [-105.01841913866313, 39.68592555165297], [-105.01786513839156, 39.685925552821054], [-105.01768013834871, 39.68592655313347], [-105.01675813762377, 39.68593255341916], [-105.01625613688734, 39.685933554219226], [-105.01569213577692, 39.68593655554976], [-105.01569113409994, 39.68557555471354], [-105.01569012978898, 39.68449555407511], [-105.0156901284189, 39.684135554244016], [-105.01569212761548, 39.6837775531402], [-105.01569912303061, 39.68276655268357], [-105.01570012297445, 39.68270255261487], [-105.0157031211643, 39.682345552514555], [-105.01551112101106, 39.68234455252654], [-105.01493712106344, 39.68234355307044], [-105.01474612115733, 39.682343553928405], [-105.01456212100743, 39.68234055344316], [-105.01401211999885, 39.6823345542316], [-105.01382912012144, 39.682332554702356], [-105.01373911919966, 39.68233055495562], [-105.01347111931663, 39.682327554794156], [-105.01338211869815, 39.68232755485098], [-105.01328511897303, 39.68232555551224], [-105.0129941188443, 39.682322555421656], [-105.01289811818809, 39.68232155606931], [-105.01252811785167, 39.682316555815135], [-105.0114201175218, 39.682304557491285], [-105.01105111639698, 39.682301558082564], [-105.00999611586033, 39.68229255888605], [-105.0089261142394, 39.682278560770214], [-105.00870011456917, 39.682274560551775], [-105.0064861120538, 39.68224956287365], [-105.00637411127278, 39.68224856308724], [-105.006197111857, 39.68223956316363], [-105.00525210997114, 39.68222256454249], [-105.00408910882516, 39.68220956582429], [-105.00408910907726, 39.682156566265334], [-105.00243310723556, 39.68218156781253], [-105.00231410730855, 39.68218556761812], [-105.00183810686104, 39.682184568627406], [-105.00175710704293, 39.68224656877076], [-105.00151710690432, 39.68243556918151], [-105.00144710783566, 39.68249156938663], [-105.00143510783688, 39.68249456915374], [-105.00142310612344, 39.68227756888381], [-105.0014061057445, 39.682180569450985], [-105.00135810604145, 39.682053568809565], [-105.0012041044179, 39.68172156892241], [-105.00114910435232, 39.68163556872104], [-105.00105010363269, 39.68151756923036], [-105.00095110315391, 39.68142056935042], [-105.000837101852, 39.681333569159285], [-105.00046110102583, 39.68113456960588], [-105.00008110036889, 39.680964569510266], [-104.99944509945139, 39.680763570947974], [-104.99926509901681, 39.68069957115934], [-104.99916909916202, 39.68065157132456], [-104.99907309892667, 39.68058257170068], [-104.9989330982191, 39.68045957154449], [-104.99873809712396, 39.680275571324486], [-104.99865009694896, 39.68017257177741], [-104.99861309693839, 39.680123571987075], [-104.99857409716628, 39.68007157154528], [-104.9984600965605, 39.679882572440405], [-104.9983620953764, 39.679676572396694], [-104.9981870939424, 39.67926357181054], [-104.99809609226179, 39.67899457248486], [-104.99803809144503, 39.6787855724066], [-104.99801009083048, 39.678613572168786], [-104.99799209043536, 39.67847757219619], [-104.99787506638845, 39.672291567356645], [-104.99912105237354, 39.668903562362594], [-105.00185404920546, 39.66768755753748], [-105.00036504772228, 39.66773555916163], [-105.00394704667596, 39.66649455445811], [-105.00395205556097, 39.666458398917854], [-105.004374, 39.66631], [-105.00452937614686, 39.664512119881586], [-105.00465403767991, 39.6642415517564], [-105.00473703759715, 39.66406055186732], [-105.00481303747762, 39.66388455102856], [-105.00489603605102, 39.66369255075219], [-105.00489203542848, 39.66361155105071], [-105.00472820341356, 39.662211460501226], [-105.00487929526865, 39.660463154549504], [-105.00489202288513, 39.66046254844912], [-105.00974802874963, 39.660512542988094], [-105.01066204235359, 39.660514514376636], [-105.0089745860581, 39.66309014790703], [-105.00820104136838, 39.664097548177104], [-105.00813104104509, 39.664097547999816], [-105.00800804212406, 39.664263548305605], [-105.00776204339067, 39.66461254831204], [-105.00763904331372, 39.664805548477815], [-105.00749804414158, 39.66504654883114], [-105.00728804521721, 39.665453549630534], [-105.00716304720738, 39.66573154978766], [-105.00701416742548, 39.666082415011836], [-105.00647, 39.666913], [-105.00646850235718, 39.66738061400911], [-105.00633105362232, 39.667707552840575], [-105.00637005424865, 39.667707552698786], [-105.00636905495152, 39.6681165530959], [-105.00637005672598, 39.66855655307379], [-105.00636905949551, 39.6692765536946], [-105.00636906079738, 39.669516553761895], [-105.00636906564405, 39.67060755493801], [-105.006368068584, 39.67135255481315], [-105.00636806866744, 39.67144155545032], [-105.00636507511075, 39.67318755642712], [-105.00641208276865, 39.675006557883364], [-105.00640608580346, 39.6758115580273], [-105.00640208665531, 39.67590455884055], [-105.00638608816499, 39.676293559091036], [-105.00636708952348, 39.67676655910807], [-105.00783709096615, 39.67678655784031], [-105.00864008159802, 39.6767875478161], [-105.00866, 39.67863], [-105.00867399761695, 39.678630107368086], [-105.0086740999523, 39.678634558166706], [-105.01103010262696, 39.67865455483948], [-105.01337310485293, 39.678674552262], [-105.01340910422232, 39.67867455264871], [-105.01570610668269, 39.6786915498448], [-105.01617110725063, 39.67868854931361], [-105.0175671088728, 39.678680547766106], [-105.01803310947662, 39.67867854734863], [-105.01850211024296, 39.67867554679196], [-105.0199091112118, 39.678667545372164], [-105.02037911204624, 39.678665544786085], [-105.02084211189593, 39.67866254373998], [-105.02223211393925, 39.678655542285235], [-105.02269611408829, 39.67865454204868], [-105.02286411393335, 39.67865354148597], [-105.02337011480923, 39.67865054106717], [-105.02353911494484, 39.67865054066405], [-105.02384411578352, 39.67864854014486], [-105.02476211660802, 39.67864453919702], [-105.02506811653335, 39.67864353931208], [-105.02506211837455, 39.679017539211756], [-105.02504512269546, 39.68014054062152], [-105.02504312285404, 39.68023454066789], [-105.02504012465016, 39.680515540533285], [-105.02504112566464, 39.680867541098785], [-105.02504612931925, 39.68192454137974], [-105.02504813077303, 39.682277541979786], [-105.02504813257428, 39.682638541620285], [-105.02505113663422, 39.68372354291244], [-105.02505213886586, 39.6840855425775], [-105.02505213862045, 39.68426354286249], [-105.02505314087007, 39.68479954363682], [-105.02505414222665, 39.68497854318827], [-105.02600214290317, 39.684973541957], [-105.02884914613895, 39.684960539095954], [-105.0297981468877, 39.684957537825625], [-105.03000914665765, 39.68495553795524], [-105.0306441480749, 39.68495153639561], [-105.03085614744701, 39.68495153673084], [-105.03111614791105, 39.68490953609475], [-105.03189814864204, 39.68478253532945], [-105.03215914836414, 39.68474153523528], [-105.03237314834992, 39.68470553473078], [-105.03256614882719, 39.68467353409246], [-105.03279514835212, 39.68464253454877], [-105.03299914921267, 39.68462353426776], [-105.03301914812575, 39.68462253376933], [-105.03323614901925, 39.68461353375381], [-105.0334661486341, 39.68462053347105], [-105.03415914948825, 39.68464153280917], [-105.03439015064023, 39.684648531984124], [-105.03457815054257, 39.68464953211711], [-105.03514215138902, 39.68465553182257], [-105.03533115109447, 39.68465853153841], [-105.03552315130138, 39.68467053080862], [-105.03599615187527, 39.68470053061057], [-105.03609915267879, 39.684707530110124], [-105.03629115197018, 39.684722530127516], [-105.03647215269743, 39.68474952962281], [-105.03701515336535, 39.68483052912818], [-105.03707615430557, 39.684840529212494], [-105.03719815404813, 39.68484052941565], [-105.03732715389398, 39.68483152850342], [-105.03738915395346, 39.68481852868782], [-105.03746615381954, 39.68480352886626], [-105.03795315374502, 39.68467952783595], [-105.03814115367317, 39.68463252800663], [-105.03832715371125, 39.68458452746186], [-105.03888815370642, 39.684442527257914], [-105.03907515377256, 39.68439652628638], [-105.03907715361642, 39.68425352677166], [-105.03908015244392, 39.68412952675924], [-105.03907615217328, 39.68400252611936], [-105.03906615189251, 39.683883526217166], [-105.03905215176214, 39.68382652597811], [-105.0390201506544, 39.683687526407965], [-105.03893815072071, 39.68353652629493], [-105.0389161507347, 39.68349652584903], [-105.03870214827377, 39.68316752641525], [-105.03865614842718, 39.68310952598709], [-105.03855114731529, 39.68297552594959], [-105.03845314737099, 39.682840526505075], [-105.03835714664788, 39.682707526251754], [-105.03832014663286, 39.68263852663387], [-105.03829414627535, 39.68257252627084], [-105.03828314594593, 39.68247252602066], [-105.03828414527256, 39.682386526418576], [-105.03828614409456, 39.68222052581992], [-105.0384711447639, 39.68222052622141], [-105.03902614572587, 39.68222352498132], [-105.03921214582168, 39.68222452520192], [-105.0394251451809, 39.6822245248466], [-105.04006514661768, 39.68222652402708], [-105.04027914657654, 39.68222752400612], [-105.04047614729755, 39.68222852380809], [-105.04107014763463, 39.68223152302869], [-105.04126914752499, 39.68223252300045], [-105.04146914828861, 39.68223252226668], [-105.04207014862754, 39.68223552211781], [-105.0422711488561, 39.6822365218797], [-105.04246914929492, 39.68223652156492], [-105.04306314923423, 39.68223852085357], [-105.04326215032087, 39.68223952015865], [-105.04346414955985, 39.6822405199604], [-105.04407115095592, 39.682243519374076], [-105.04427415037146, 39.68224451896052], [-105.04446615100699, 39.682244519047345], [-105.04504215211284, 39.68224751852997], [-105.04523415210198, 39.682248518029134], [-105.04541815196886, 39.682249517807755], [-105.04597015275515, 39.68225251722172], [-105.04615515332674, 39.68225451677755], [-105.0463391532109, 39.682255516916165], [-105.04689315375443, 39.682259515878066], [-105.04707815435907, 39.68226151578289], [-105.0472631538828, 39.6822615158559], [-105.04782015448679, 39.682262515491466], [-105.04800615472334, 39.68226351531022], [-105.04820215541383, 39.68226451453409], [-105.04879015569537, 39.68227051404621], [-105.04898615580959, 39.682272513530314], [-105.04919515629132, 39.68227351322883], [-105.04982515707465, 39.68227651257246], [-105.05003515656288, 39.68227751280144], [-105.05024315690298, 39.682278512213394], [-105.0508671573672, 39.68228251161014], [-105.05107615848245, 39.68228451133802], [-105.05128515784091, 39.68228551091958], [-105.05191215943181, 39.682288510150514], [-105.05212115941748, 39.68229050981772], [-105.05263515913646, 39.68229350970736], [-105.05323116056377, 39.682298508676396], [-105.0532025286949, 39.68239967482527]]]}}, {"type": "Feature", "properties": {"EQUITY_AREA_ID": "003"}, "geometry": {"type": "Polygon", "coordinates": [[[-105.02523234804362, 39.736698578444106], [-105.02508535282487, 39.738018579044805], [-105.02515736086065, 39.73985858019123], [-105.0251573620998, 39.74037258075583], [-105.02515136222206, 39.74042958094685], [-105.02514336268194, 39.74048658117308], [-105.02515036351501, 39.740673580423646], [-105.02515736921595, 39.74211758207506], [-105.02522937173173, 39.742737582096424], [-105.02522837644055, 39.74396258318336], [-105.0252203816898, 39.74516658421104], [-105.02522038212696, 39.74540658380225], [-105.02522238509628, 39.7461295843594], [-105.02522338684008, 39.7463705849493], [-105.02490538604822, 39.746369585301046], [-105.023951385285, 39.746368586104076], [-105.02363438461236, 39.74636858681351], [-105.02363238549617, 39.74661358686587], [-105.02362738819413, 39.7473495870815], [-105.0236263891532, 39.747595588137386], [-105.02331638942495, 39.747595588430514], [-105.02238738817762, 39.74759758975412], [-105.02207838853391, 39.74759858969054], [-105.02176638792237, 39.7475995901308], [-105.02083038633633, 39.747604591386555], [-105.02051938691203, 39.74760659234377], [-105.02051538540665, 39.747452591693644], [-105.02050338448366, 39.746990591505316], [-105.02050038312079, 39.74683759193887], [-105.02049438195813, 39.74648359143555], [-105.02049238128956, 39.74639959105095], [-105.01963938081495, 39.746394592920936], [-105.01950938060641, 39.746393592962306], [-105.01912137996278, 39.746391592938586], [-105.01899237981162, 39.74639159354006], [-105.01898637949941, 39.74628659379694], [-105.01897037862871, 39.74597259345638], [-105.01896537843425, 39.74586859302727], [-105.01890537841385, 39.74591859360049], [-105.01883337764698, 39.745955593398904], [-105.01873537789065, 39.74598259384102], [-105.01868137767349, 39.74597759402311], [-105.01863037753128, 39.745966593559345], [-105.01860137825429, 39.74595159401816], [-105.01854237737282, 39.74592059376831], [-105.01848537721384, 39.7458525939218], [-105.01824837567526, 39.745424594130206], [-105.0179033733282, 39.74501259408227], [-105.0178923735184, 39.74500459427278], [-105.0178223733712, 39.74495159377167], [-105.01757437207442, 39.74476459461681], [-105.01742537106553, 39.744566594807445], [-105.01739937097396, 39.7445405947229], [-105.01726237057215, 39.74440159478607], [-105.01684336827383, 39.743978595049924], [-105.01680236859849, 39.74393559517102], [-105.01660736738866, 39.74373159511305], [-105.01658736651468, 39.74371059480379], [-105.01652936624457, 39.743649595272025], [-105.0165103665598, 39.74362959520742], [-105.01646336627262, 39.74358059457798], [-105.01632336565785, 39.74343359488], [-105.01627136518655, 39.74339659491264], [-105.01634736510717, 39.74322259535929], [-105.01642236454524, 39.743079594637734], [-105.0164493638832, 39.74301959459873], [-105.01651336293365, 39.74282959466539], [-105.01660336281694, 39.74256559402367], [-105.01707135768189, 39.74132059221385], [-105.01716235657544, 39.74109459187625], [-105.0172303565088, 39.74092959166539], [-105.01733935617729, 39.74067559187946], [-105.01737835562702, 39.740569592000725], [-105.0173953552892, 39.740522591554615], [-105.01743635443677, 39.74040859105171], [-105.01744535418383, 39.74038059175104], [-105.01747135432687, 39.74031259113663], [-105.01756235374262, 39.74005459123838], [-105.01759835298208, 39.73995759111899], [-105.01765135309759, 39.73981759039449], [-105.0177443515751, 39.73956559069989], [-105.01784835012948, 39.739289589757284], [-105.01787935021822, 39.73921659005263], [-105.01797335006094, 39.738989589772], [-105.01799234977804, 39.73891558975836], [-105.01800734928466, 39.738806589322145], [-105.01804634733112, 39.73854158931656], [-105.01805434801044, 39.73848658901372], [-105.01805834689631, 39.738429589031675], [-105.01807034710708, 39.73828658929344], [-105.01807034717615, 39.7382325892916], [-105.01807134558204, 39.738103588717806], [-105.01806934587594, 39.738093589333324], [-105.01805534506371, 39.73798258856902], [-105.01800334443621, 39.737791589050374], [-105.01798534435474, 39.737742588810654], [-105.01786634279388, 39.737407588488544], [-105.01770634126967, 39.737046588570436], [-105.01769034144438, 39.73700958896986], [-105.01760034097924, 39.736821588500675], [-105.01743833953108, 39.73648358860367], [-105.01722233733167, 39.73605658902307], [-105.01716533619044, 39.73589958881499], [-105.01713433622054, 39.73577458822604], [-105.01709633567147, 39.735618588231304], [-105.01703633428552, 39.735303587946596], [-105.01700533221316, 39.734784588073225], [-105.01701532826844, 39.733845586972706], [-105.01700832629479, 39.73333758713251], [-105.01701332507213, 39.73294758646638], [-105.01702032205792, 39.73234158626048], [-105.01702432057064, 39.732081586060055], [-105.0170043170571, 39.731194585819374], [-105.01700231674391, 39.73109358549068], [-105.01699631594745, 39.730791585135904], [-105.0169943157658, 39.73069158544608], [-105.01698831402338, 39.73041158500787], [-105.01697631154593, 39.72983858455739], [-105.01696631161855, 39.72975858487841], [-105.01691131105166, 39.72958258445787], [-105.01690831091975, 39.729572584515786], [-105.01684231078484, 39.7294175841391], [-105.01680030999154, 39.72932658452557], [-105.01674430964451, 39.729206584085624], [-105.01668530843274, 39.729110584278594], [-105.01657630794855, 39.72896058417228], [-105.01655030811067, 39.72892358463916], [-105.01610130586943, 39.7283875849106], [-105.01599530469237, 39.72825258475113], [-105.01592930443549, 39.72814658521442], [-105.01583430393175, 39.72794258500145], [-105.0158253027468, 39.72792158465378], [-105.01573330214292, 39.7276845849938], [-105.01569230205807, 39.727541584720676], [-105.01568830103615, 39.727515584556244], [-105.01566030087812, 39.727357584723876], [-105.01564729964846, 39.72718258415625], [-105.01564830004911, 39.7271285844432], [-105.01565229987834, 39.72700558432268], [-105.01564929856146, 39.72685558452867], [-105.01568729715846, 39.72629658380662], [-105.0157102951971, 39.72599758348195], [-105.01571529572006, 39.72596158318267], [-105.01575429430568, 39.72569858309954], [-105.01577029390425, 39.725575582766176], [-105.01577129334433, 39.725561583109744], [-105.01577629351287, 39.72552258353704], [-105.01577829383064, 39.725509583251004], [-105.01578129301255, 39.72547658297632], [-105.01579429276462, 39.72538058347477], [-105.01579929358496, 39.725348583084944], [-105.01584429158163, 39.724929582808734], [-105.01584829177477, 39.724887582546636], [-105.01585629022715, 39.724735582466494], [-105.01584628977012, 39.72466558278493], [-105.01580229042843, 39.72456258276047], [-105.0157402889977, 39.724470582478226], [-105.01568728869789, 39.72440258271321], [-105.01552328796078, 39.72420958249566], [-105.01540228712759, 39.72408358244051], [-105.01530928725795, 39.72401358303556], [-105.0152802866495, 39.72399158242176], [-105.01515428618812, 39.72391758299814], [-105.01453128497096, 39.723577583746575], [-105.01433528381322, 39.72345958361284], [-105.01405928243115, 39.72326958375944], [-105.013897282837, 39.72317158422958], [-105.01322928070843, 39.722791584592585], [-105.01303027931411, 39.72267258447379], [-105.01295327865068, 39.72261458520331], [-105.01289427878956, 39.72256058468264], [-105.0128202784002, 39.72250558530344], [-105.0127102781982, 39.72244558479667], [-105.01246927720737, 39.72235558549198], [-105.01241527758518, 39.72233958536503], [-105.0120672766687, 39.72224158588928], [-105.01133027564141, 39.722077586761515], [-105.01089127411373, 39.721979586731514], [-105.01080527382821, 39.721958587329055], [-105.01042927308372, 39.72186658757055], [-105.0102142730237, 39.72180558746843], [-105.01006727269336, 39.72175358788047], [-105.00996327229397, 39.721701587997], [-105.00964327176385, 39.72150958842928], [-105.009392270256, 39.72133158862202], [-105.0093542707424, 39.72129958834673], [-105.00922626930705, 39.72119058893463], [-105.00895926798748, 39.72093558879596], [-105.0087852679067, 39.72076858931409], [-105.00807126396136, 39.72004758931626], [-105.00759526152798, 39.719574589715265], [-105.00713025880233, 39.71911159031064], [-105.00677825665932, 39.7186795896421], [-105.00668625650853, 39.718585590523176], [-105.00650125562028, 39.7184475901578], [-105.00640625568737, 39.71837359049318], [-105.00629025573129, 39.71829958998062], [-105.0057902538724, 39.71797959083147], [-105.00550625233483, 39.717783591329756], [-105.00506425019255, 39.71751559145469], [-105.0045852485993, 39.71723659163653], [-105.0033792448116, 39.71650759291248], [-105.00328324413398, 39.71643559314686], [-105.0030322434146, 39.71622559332745], [-105.00297224287658, 39.71617359284887], [-105.0027282426984, 39.71596359311054], [-105.00255824183026, 39.715810593032145], [-105.00247324128465, 39.715719593238596], [-105.00205223859756, 39.71518259394419], [-105.0019712379876, 39.715073593411226], [-105.00183523697685, 39.71484959383774], [-105.00178123599736, 39.71474559371109], [-105.00176423637674, 39.714695593184175], [-105.00168323507387, 39.71445859349463], [-105.00154123297969, 39.714066593176824], [-105.00150023296536, 39.713972593336685], [-105.00147623262212, 39.71391459292742], [-105.00126723115172, 39.713484592953016], [-105.00107022893984, 39.71312659282211], [-105.00091722746839, 39.712825593305276], [-105.00061022504902, 39.712140592995155], [-105.00050522392674, 39.711890593440486], [-105.00037722267312, 39.71158659276503], [-105.00029422147932, 39.71143359294201], [-105.00015322065036, 39.71120959325473], [-105.00025422070605, 39.711208593031614], [-105.0005582211888, 39.711207592008115], [-105.00066022168973, 39.71120759184242], [-105.00084222120043, 39.71120159208588], [-105.00139122221772, 39.71118559166754], [-105.00157422197029, 39.711181590937485], [-105.00344822387616, 39.711197589033794], [-105.00389522460195, 39.7112015882355], [-105.00437222446288, 39.71119858773049], [-105.00580522594471, 39.711191586144906], [-105.00628322726706, 39.71119058522203], [-105.00675922727604, 39.71119358471462], [-105.00818722860932, 39.71120458286866], [-105.008664229312, 39.71120858219848], [-105.00913523009083, 39.711205581452745], [-105.01054723157112, 39.711198579468146], [-105.01101923158714, 39.711196578699756], [-105.01172123219735, 39.711194578123624], [-105.01383023418042, 39.71118857536769], [-105.01453323516915, 39.71118757451404], [-105.01476823528125, 39.71118957458413], [-105.01547423626356, 39.71119557339701], [-105.01571023699503, 39.71119757300468], [-105.01570723783779, 39.71156957305716], [-105.01570224255416, 39.71268557408338], [-105.01570024398566, 39.713058574213456], [-105.0157012451034, 39.71342157464311], [-105.0157052493307, 39.714512575682775], [-105.01570725122204, 39.714876575297815], [-105.01593325173769, 39.714873574970234], [-105.01640425200631, 39.714869574983354], [-105.01661325164137, 39.71486057425635], [-105.01675025195036, 39.714855574548494], [-105.01683825176302, 39.71483957422894], [-105.01701325298613, 39.71483857351342], [-105.01703125377446, 39.71521857451247], [-105.01704225712665, 39.71589457509849], [-105.01708525737659, 39.7161345746661], [-105.01721526088538, 39.716857574729936], [-105.01725926191952, 39.71709857530871], [-105.01730826271543, 39.71732657519875], [-105.01734526324309, 39.717429575044726], [-105.01735626371276, 39.717460575733035], [-105.01748026382411, 39.71767857580421], [-105.01760326521443, 39.71782957528018], [-105.01772226588486, 39.717935575443214], [-105.01791426602122, 39.718079575421484], [-105.01804826674652, 39.71815457488859], [-105.01812726637002, 39.718199575060645], [-105.01835926742642, 39.71830157451366], [-105.01857226825695, 39.71837157467282], [-105.01876226861945, 39.718404574005696], [-105.01883726894593, 39.71841857387203], [-105.01924526956536, 39.71843657317502], [-105.02001527038533, 39.718434572822375], [-105.02033527056797, 39.71843457209015], [-105.02043127012713, 39.71845457224133], [-105.02043127110515, 39.718640572060515], [-105.02043227303523, 39.71920257274097], [-105.02043327370215, 39.71938957273918], [-105.02043727467208, 39.71956557322327], [-105.0204492767063, 39.7200945734592], [-105.02045427746187, 39.72027157322605], [-105.02092127862163, 39.72027057310695], [-105.02232127948511, 39.72027057123503], [-105.02278928030097, 39.720270570217956], [-105.023253280817, 39.72027156979772], [-105.0246472814537, 39.72027456743516], [-105.02511228290565, 39.72027656708561], [-105.02511228302485, 39.72045556753637], [-105.02511328572724, 39.72099456787339], [-105.0251142856335, 39.721174567565825], [-105.02511428641478, 39.721208567367604], [-105.02511728599157, 39.7213145679845], [-105.02511828655526, 39.721349567973284], [-105.02511828684847, 39.72149356790431], [-105.02512128874285, 39.72192556805759], [-105.02512328956058, 39.72207056858383], [-105.02512329046469, 39.72223756825535], [-105.0251242917993, 39.72273956919412], [-105.02512529250903, 39.7229075690133], [-105.02513729473473, 39.72349956965382], [-105.02513929624297, 39.723835569189184], [-105.02514029717042, 39.72407556928899], [-105.02514530011042, 39.724799570248905], [-105.02514730090611, 39.72504057045192], [-105.02514630229025, 39.72514157042195], [-105.02514630273663, 39.72543357069741], [-105.02514530283662, 39.725447570424684], [-105.02514530288688, 39.725549570562045], [-105.02514530349569, 39.7256285709507], [-105.02514530350268, 39.72568457068728], [-105.02515230521408, 39.72586657128825], [-105.02515630453789, 39.725946571348906], [-105.02514830575983, 39.72599457138629], [-105.02514531071986, 39.72751757228784], [-105.02514831521539, 39.728391572270276], [-105.02515731796814, 39.72927657274742], [-105.02516431823351, 39.72932857282945], [-105.02516732240952, 39.73030657349913], [-105.02516632633157, 39.731201574656396], [-105.02516732770823, 39.73155957456215], [-105.0251703314147, 39.73263657505251], [-105.02517233277393, 39.7329955758553], [-105.02517033337104, 39.73317357576343], [-105.02516633595233, 39.73370857603856], [-105.02516633620341, 39.733887576515784], [-105.0251673376066, 39.73406257661349], [-105.02517233922862, 39.73458857654462], [-105.02517434062977, 39.7347645767808], [-105.02517034096056, 39.73494957666398], [-105.02516034272236, 39.73550557775803], [-105.02515734412646, 39.73569157777846], [-105.02524634729065, 39.736572578158054], [-105.02523234804362, 39.736698578444106]]]}}, {"type": "Feature", "properties": {"EQUITY_AREA_ID": "004"}, "geometry": {"type": "Polygon", "coordinates": [[[-104.88478705744694, 39.65391077648843], [-104.88478305830988, 39.654500777565055], [-104.8847360584613, 39.65459877739041], [-104.88473205946154, 39.65492977734739], [-104.88471506269296, 39.656406778718924], [-104.88470806488819, 39.657057779456075], [-104.88470606509422, 39.65724278010778], [-104.88470406528157, 39.6573777796695], [-104.884702066799, 39.657783780135496], [-104.88470106617821, 39.657919780186916], [-104.88455706618444, 39.65792478085784], [-104.88412506712011, 39.65794378186719], [-104.88398206740642, 39.657949782359346], [-104.88398106717587, 39.658084781718344], [-104.88397906856868, 39.65845578234205], [-104.88362006808433, 39.65845378306362], [-104.88213906864232, 39.65845378623511], [-104.88183006964985, 39.658443786632944], [-104.88150906897367, 39.65840378708886], [-104.88092406957453, 39.65830078787745], [-104.88082906946698, 39.658261788422735], [-104.88071306901875, 39.658214788925136], [-104.87997806875369, 39.657952790297465], [-104.87940806848532, 39.65769679062575], [-104.87907606885896, 39.65751379090336], [-104.87849506740655, 39.6570337923235], [-104.87835906836473, 39.657100792040865], [-104.87771006988426, 39.657783793888164], [-104.87744007046643, 39.6579667951267], [-104.87714207054205, 39.65821079563066], [-104.87695307186922, 39.65828479596681], [-104.87673007189727, 39.65830479649467], [-104.87634107108913, 39.65784179658065], [-104.87624007127674, 39.6578867968796], [-104.87595107135704, 39.65804679783087], [-104.87586007114997, 39.65809879807127], [-104.87578607139811, 39.65811579868304], [-104.87573207156196, 39.65812979803131], [-104.87559107146791, 39.65821979913014], [-104.87552907163307, 39.658260798791765], [-104.87544007197175, 39.65831079895158], [-104.87517607278251, 39.65846879976454], [-104.87508807328244, 39.658520800046], [-104.87506907249391, 39.658530800476676], [-104.87501307237534, 39.65856380013795], [-104.87499407315302, 39.65857480035251], [-104.87414307483809, 39.659081802874866], [-104.87324807662173, 39.659588805079395], [-104.87239107796024, 39.66006980713449], [-104.8705970800706, 39.66097981108247], [-104.8705000802783, 39.66102981148822], [-104.8701080809612, 39.6613478125929], [-104.86997308238622, 39.66151681326198], [-104.86949908328519, 39.661767813949076], [-104.86887008419943, 39.66217781584716], [-104.86883008418346, 39.66211181597588], [-104.86881508353882, 39.662048815495346], [-104.86879808363878, 39.66194181544761], [-104.86877608304339, 39.661872815573346], [-104.86870708309762, 39.661774815336834], [-104.8686560827503, 39.66172381616808], [-104.86860008289557, 39.661682815912265], [-104.86855208340937, 39.661659816047944], [-104.8685010827436, 39.66165681559765], [-104.86844908300162, 39.661659815685525], [-104.86841908285658, 39.66167681659658], [-104.86837508322364, 39.661693816127965], [-104.86832708361891, 39.661698816515994], [-104.86827108334202, 39.661698816380195], [-104.86821208301534, 39.66168681705736], [-104.86819208353036, 39.66167381680306], [-104.8681560830582, 39.661651817111846], [-104.86812408349681, 39.661608816366034], [-104.86809608312217, 39.661499816927744], [-104.8681030826778, 39.66143981688457], [-104.86812608295132, 39.66139181654167], [-104.8681670821064, 39.66134381657461], [-104.8682930816432, 39.66122981643117], [-104.86832008171888, 39.66117981635346], [-104.86834208183097, 39.66111381621931], [-104.86834008122571, 39.661039815798986], [-104.86832608172335, 39.661010816082914], [-104.8683070811651, 39.66099081549542], [-104.8682820810172, 39.660976815610205], [-104.86823208115528, 39.66096081597682], [-104.86819708098531, 39.66094981572635], [-104.86817108092887, 39.66092481638341], [-104.86816708176421, 39.66088981583593], [-104.86819408096959, 39.660858816241905], [-104.86820808117021, 39.66083281596087], [-104.86822408112896, 39.66078181552773], [-104.86820608120546, 39.6607388161813], [-104.86816208150117, 39.66069281551248], [-104.86804408116404, 39.660631815566056], [-104.86799608121073, 39.66061181572235], [-104.86787408093974, 39.660544816084546], [-104.86780808085709, 39.66049081664614], [-104.86775408070628, 39.66041581592451], [-104.86774308050644, 39.66036281664487], [-104.86770208049116, 39.66031181678021], [-104.8676730801092, 39.66028681649065], [-104.8676510806636, 39.660267816557436], [-104.86752207978715, 39.660192816603704], [-104.86747508039949, 39.660158816791395], [-104.86744108033349, 39.660109816246916], [-104.86743507939218, 39.66000381635368], [-104.86741707944036, 39.65995481634282], [-104.86739507918989, 39.65991781657056], [-104.86736207983157, 39.65990081639679], [-104.86732307973433, 39.659889816866176], [-104.86730407947812, 39.65989881716047], [-104.8672340802604, 39.65990981719251], [-104.86716307977915, 39.65990881703984], [-104.86707807989067, 39.65989181690913], [-104.8670190793048, 39.65986581723697], [-104.8669640796412, 39.65982181768182], [-104.86692807952417, 39.65977381770537], [-104.8669080796011, 39.659737817591704], [-104.86689107900479, 39.659704817682154], [-104.8668840787887, 39.65965881765079], [-104.86686907977641, 39.659612817764604], [-104.866837079098, 39.65957581715239], [-104.8667960788447, 39.65955481779635], [-104.86661607870917, 39.65949181782691], [-104.86656007934148, 39.659465817878704], [-104.86638007934617, 39.659362817914335], [-104.866379079226, 39.65940481803378], [-104.86637307888947, 39.65955281826861], [-104.86635108066538, 39.660125818649476], [-104.86634408151957, 39.66031681874795], [-104.8663298257488, 39.66031655931316], [-104.86633, 39.66031], [-104.866226153347, 39.66031467262259], [-104.86442108243294, 39.66028182289394], [-104.86286708210096, 39.66028382593205], [-104.86232708337809, 39.66028582704508], [-104.86103208288876, 39.66028882971677], [-104.85898808423458, 39.660347833696605], [-104.85898908457501, 39.660223833872], [-104.85899008360691, 39.659773832738416], [-104.8589940819138, 39.65881683249189], [-104.85899408065036, 39.65867783210761], [-104.85899508099506, 39.658493832265016], [-104.85898307998369, 39.65835783153817], [-104.8588790795319, 39.65807083190984], [-104.85885107967361, 39.65799183183532], [-104.85881207924977, 39.65785683128175], [-104.85878607956589, 39.65773083128673], [-104.8587850785966, 39.657510831652324], [-104.85878207801602, 39.657339831487995], [-104.85877807752804, 39.65709483063056], [-104.85876607801725, 39.65693883132865], [-104.85870307703082, 39.65684683119905], [-104.8586860780246, 39.65682283086212], [-104.85856607764727, 39.65674983086495], [-104.85770107906467, 39.65727883319215], [-104.85510608386838, 39.65886483987402], [-104.85424208533753, 39.659394842639294], [-104.85415308560415, 39.6595318426201], [-104.85367608622234, 39.659791843480754], [-104.85337708683701, 39.659987844547224], [-104.8530770864209, 39.65992184511067], [-104.85266208608809, 39.659847845564855], [-104.85049408702514, 39.65951284942999], [-104.84919208679915, 39.65931185195224], [-104.84859708779123, 39.65921085293727], [-104.848596086616, 39.65910485348331], [-104.84859508656592, 39.658920853327935], [-104.84859508589717, 39.658777852779174], [-104.84859508572559, 39.65836385245204], [-104.84859408523624, 39.65788785233788], [-104.84851908536932, 39.657887851859236], [-104.84850508327527, 39.65709985135342], [-104.84843908375747, 39.65709985117094], [-104.84832108338242, 39.657101852236565], [-104.84774008317345, 39.65710885323285], [-104.84748233097055, 39.65710966178467], [-104.84747346049362, 39.65710159110484], [-104.84741981064197, 39.6570527785349], [-104.84757508369827, 39.6569748527005], [-104.8477420837084, 39.656890852392046], [-104.84793208284883, 39.65681685215649], [-104.84863108271506, 39.6566028505019], [-104.84875808271595, 39.65657385061404], [-104.84894808147816, 39.65653085034625], [-104.84904908181908, 39.65650685008222], [-104.84934308205578, 39.656438849443106], [-104.85133707979136, 39.65601084482725], [-104.85145011106772, 39.655983914288235], [-104.85294, 39.65571], [-104.87316402185292, 39.64579866557904], [-104.87411204398576, 39.645541789989544], [-104.87506504234506, 39.64520578790824], [-104.87558304158686, 39.64499778628302], [-104.87557404392828, 39.64575778767519], [-104.87556204480813, 39.64643378771049], [-104.87548005486639, 39.65065279196157], [-104.87546405653882, 39.65147379323073], [-104.87595205684838, 39.651973791926544], [-104.87701005985866, 39.65305779099127], [-104.8772720594154, 39.65305879046158], [-104.87750705855584, 39.65305979044857], [-104.87804405894592, 39.653058789374796], [-104.88008805799, 39.65306278495948], [-104.8801500578447, 39.653064785503844], [-104.88023105791687, 39.6530647848584], [-104.88040605721433, 39.65306478438068], [-104.88117405746301, 39.653066782659245], [-104.881430057323, 39.65306778270006], [-104.8827530556225, 39.6530707801326], [-104.88479505444401, 39.653075775906004], [-104.88478705744694, 39.65391077648843]]]}}, {"type": "Feature", "properties": {"EQUITY_AREA_ID": "005"}, "geometry": {"type": "Polygon", "coordinates": [[[-104.8753442197707, 39.72323085849006], [-104.87535021266973, 39.72014185553234], [-104.8753502118058, 39.71971885539481], [-104.87536321184403, 39.71963185559792], [-104.8753682114997, 39.71961185529722], [-104.87538221139606, 39.71957485542037], [-104.87540121118828, 39.719534854868755], [-104.87542721152096, 39.71949285502138], [-104.87546621145948, 39.719436855400915], [-104.8756052115725, 39.71925085494611], [-104.87554420975232, 39.71887885402486], [-104.87552021017521, 39.71873385415434], [-104.87555921035386, 39.71875285409333], [-104.87594120994376, 39.718805853114894], [-104.87614121011404, 39.71877985270779], [-104.87696121098928, 39.71910285204315], [-104.87710021125136, 39.719283851408996], [-104.87728921150045, 39.719249851218244], [-104.87785221250442, 39.719489850366855], [-104.87817621290259, 39.719604849573955], [-104.87863021329649, 39.719715849234724], [-104.87977621396364, 39.72001284680869], [-104.88013321499797, 39.72010584588272], [-104.88031621446386, 39.72016184576749], [-104.88036521485947, 39.72017684546796], [-104.88054221558023, 39.72024084575122], [-104.88055921555487, 39.72024684559462], [-104.88066021562372, 39.72030084502698], [-104.88085021605967, 39.72042784446681], [-104.88095921558556, 39.72049384509533], [-104.88112521569401, 39.72064284411819], [-104.88110921678248, 39.72074784429816], [-104.88126421656466, 39.72081184481243], [-104.88178221764296, 39.721352843547756], [-104.88179621892469, 39.72146384421348], [-104.88192821892065, 39.721495843963396], [-104.88236821964608, 39.72195584275048], [-104.8823932202942, 39.722085843453584], [-104.88254621986728, 39.72213784265434], [-104.88377722373032, 39.72342384174914], [-104.88391722366227, 39.72351284156168], [-104.8838382240469, 39.72353584121983], [-104.88376322373178, 39.723579841509405], [-104.8837132244942, 39.72363384156705], [-104.88369122475807, 39.723692842099084], [-104.88368622434669, 39.72374184217253], [-104.88370122505816, 39.723794842503324], [-104.88372822448136, 39.72384784173753], [-104.88376922513932, 39.72388984214363], [-104.88381222459796, 39.72391184241183], [-104.88385622561597, 39.72392884188402], [-104.88392422528192, 39.723943841393265], [-104.88403122486181, 39.72394884117048], [-104.88409722565727, 39.723936840989445], [-104.8841382256368, 39.723915841719005], [-104.88418022502012, 39.72388184082621], [-104.88421022530332, 39.72384084091069], [-104.88424122489589, 39.723788840707044], [-104.88425222433699, 39.7237368411958], [-104.88425522405419, 39.72368584100819], [-104.88433222417359, 39.72359284081669], [-104.88434222440155, 39.72358584076092], [-104.88443122472025, 39.72353384049007], [-104.8846612245323, 39.723414839669026], [-104.8855952236244, 39.72287483721971], [-104.88568822277001, 39.72282283706341], [-104.88607222285242, 39.722613836430995], [-104.88614022302102, 39.72257483569131], [-104.88709822165889, 39.722018833171475], [-104.88781822078414, 39.7216028314599], [-104.88824221997865, 39.721369830354575], [-104.88907921996132, 39.720887828737474], [-104.88998321849654, 39.720373825741355], [-104.89014721841222, 39.72027582543339], [-104.89035921801752, 39.7201338255046], [-104.89044721837985, 39.720096824564564], [-104.8905842177301, 39.72007682481953], [-104.89062121792763, 39.720088824525824], [-104.89067721804352, 39.720097824264705], [-104.89071921821353, 39.72009882450301], [-104.89075321880362, 39.72009482410245], [-104.89083421858471, 39.720075823817055], [-104.89090721794288, 39.720039823878146], [-104.89097321805583, 39.71997682372821], [-104.8909752179053, 39.72005882380987], [-104.89100621879068, 39.720126824202154], [-104.89106221850504, 39.72019782358581], [-104.89109221893558, 39.72030182381519], [-104.89116021911464, 39.720395824008236], [-104.89121921946395, 39.72050682402225], [-104.89128322007052, 39.72065882401319], [-104.89132322026668, 39.720814824035], [-104.89134622100059, 39.72094382350067], [-104.89137422105252, 39.72114982437953], [-104.89153222347741, 39.72227082441492], [-104.89159522471644, 39.72271382501751], [-104.89161622555908, 39.72286482500955], [-104.89169222683127, 39.72340982534496], [-104.89175322842028, 39.72385082571052], [-104.89183022960272, 39.724394825753286], [-104.89192123049983, 39.725046826465], [-104.89196123139254, 39.72532982651931], [-104.89193223144615, 39.725425826802194], [-104.8919172318506, 39.72550582667593], [-104.89188523264784, 39.725583826517166], [-104.89185323248692, 39.72563582710628], [-104.89184323280614, 39.72569582693213], [-104.89185223266506, 39.72575182684431], [-104.89188323249662, 39.725800826847056], [-104.89192323324627, 39.72582982676998], [-104.89193323297711, 39.72583682725581], [-104.89200023361217, 39.72595982730206], [-104.89201823294844, 39.72601982681958], [-104.89206723331579, 39.72608282729863], [-104.89214023517928, 39.72659382735699], [-104.89214423504107, 39.726644826899445], [-104.89216923577915, 39.726930827754785], [-104.89219323642011, 39.72721582724781], [-104.89222823714744, 39.72761482758519], [-104.89228623880464, 39.728071828373146], [-104.89232323941214, 39.728356828214984], [-104.89234023997489, 39.72849182891617], [-104.89239224141745, 39.7288998291061], [-104.89241024142382, 39.72903582928798], [-104.8924142408813, 39.72906482861501], [-104.89242124143638, 39.72911782870866], [-104.89242624126659, 39.72915482859016], [-104.89243124106987, 39.729184829239856], [-104.89246024228817, 39.72939382916135], [-104.8924822430244, 39.72954982897952], [-104.89263624591366, 39.73064483020305], [-104.89265524532641, 39.730773829883816], [-104.89269624612342, 39.73100983016015], [-104.89242524763357, 39.73137983134255], [-104.89161624969547, 39.732490833350454], [-104.89134725036716, 39.73286183480077], [-104.89283225091516, 39.73286183171215], [-104.89337925159734, 39.732861830429194], [-104.89406825207634, 39.7328638288371], [-104.89439025206308, 39.73286482825743], [-104.89521025236772, 39.7328678265323], [-104.89599125332725, 39.732869824490194], [-104.8965232525074, 39.732871823869154], [-104.89653025375884, 39.73296582368918], [-104.89655225343681, 39.733048823812226], [-104.89656625313548, 39.73307282409633], [-104.89659025319649, 39.733089824206466], [-104.89664625322553, 39.733113823704436], [-104.8966612566871, 39.73419082448277], [-104.89666525675223, 39.73443182480898], [-104.89661025671967, 39.73439682500733], [-104.89655725653124, 39.73438782467316], [-104.89648725698234, 39.73438982544397], [-104.89644825702396, 39.734406825761425], [-104.89643425658782, 39.73442382550971], [-104.89642925933308, 39.73541882585494], [-104.89642825905327, 39.735459826149764], [-104.89642725992087, 39.73558582666745], [-104.8964272601344, 39.7356278264466], [-104.89619226045437, 39.735627826767455], [-104.89548625954762, 39.7356298282915], [-104.89525225915132, 39.73563082892582], [-104.89501525920114, 39.735629829466134], [-104.89430425843277, 39.73562883043789], [-104.89406725917512, 39.735628831533276], [-104.89406525916235, 39.73595783198923], [-104.89406126182968, 39.7369478328008], [-104.89406026340441, 39.737277832610054], [-104.89405626354309, 39.73756283320511], [-104.89404426585004, 39.73842083409525], [-104.89404126636532, 39.73870683407626], [-104.89404026691979, 39.73899683435101], [-104.89404026892161, 39.73986983530206], [-104.89404026997511, 39.74016083585908], [-104.89380527023353, 39.74016083599404], [-104.8931032693, 39.74016083733813], [-104.89286926936731, 39.740160838058365], [-104.89263226877888, 39.740160838136994], [-104.89192426879696, 39.74016084021244], [-104.89168926851148, 39.74016184037983], [-104.89146226852927, 39.74016184116329], [-104.89078326823157, 39.74016184223234], [-104.89055726806603, 39.74016184284362], [-104.89032126842625, 39.74016184345184], [-104.8896142669825, 39.74016184490873], [-104.88937926715937, 39.74016184521124], [-104.88913826718347, 39.74016184542032], [-104.88841726688126, 39.740161847174086], [-104.88817726615925, 39.74016284766417], [-104.8879432666998, 39.74016184784044], [-104.88724226582121, 39.740158849870646], [-104.88700926562557, 39.740158850448715], [-104.88677326594093, 39.74015885024576], [-104.88606426525224, 39.74016185165322], [-104.88582926476991, 39.74016285272686], [-104.88559426488047, 39.74016285267573], [-104.88489026500507, 39.74016285403196], [-104.88465626431126, 39.74016385528734], [-104.88465126104288, 39.73870685344936], [-104.88466925702762, 39.73728185261239], [-104.88468925333743, 39.73564285078279], [-104.88469025333424, 39.73563285120992], [-104.88470025037076, 39.734206849512546], [-104.8847182472002, 39.732853848020504], [-104.88471024641814, 39.73272984846203], [-104.88471824299995, 39.731236847184725], [-104.88471915133299, 39.73114630338511], [-104.88656114681679, 39.729268795050764], [-104.88662323914768, 39.729226840614196], [-104.8866056684123, 39.72921505807008], [-104.88659947840668, 39.72920942490044], [-104.88197335645164, 39.72499945622384], [-104.88194422697501, 39.724967846831746], [-104.88194078564527, 39.72496981539813], [-104.88193141599804, 39.724961288618736], [-104.88193, 39.72496], [-104.87537002081989, 39.72557624046841], [-104.87534023360452, 39.72557903866139], [-104.8753442197707, 39.72323085849006]]]}}, {"type": "Feature", "properties": {"EQUITY_AREA_ID": "006"}, "geometry": {"type": "Polygon", "coordinates": [[[-104.73450207963988, 39.785363414276446], [-104.73451908187171, 39.78436840946454], [-104.73452508309968, 39.78378440651988], [-104.73452908608436, 39.78295740237012], [-104.73454608539559, 39.78296640259274], [-104.7346510865604, 39.78292640144854], [-104.7347510863744, 39.782943401452194], [-104.73508808545813, 39.783123399788956], [-104.73526208542094, 39.78320139942996], [-104.73551108488849, 39.783332399007556], [-104.73569608526468, 39.78343039875281], [-104.73573508498879, 39.78347039798595], [-104.73576508526128, 39.783510398239066], [-104.73576808503302, 39.78356439903366], [-104.73579308415248, 39.78361339883126], [-104.73588208438396, 39.78369339834948], [-104.7359640840368, 39.78381739919582], [-104.7360060842322, 39.783884398551216], [-104.73603808343282, 39.78392439908675], [-104.73609008383158, 39.78397339926713], [-104.73614208362571, 39.78398839877579], [-104.7362080837836, 39.78399839843956], [-104.73629308353463, 39.7840023975811], [-104.73634408408583, 39.78401439756161], [-104.73640008429548, 39.784048397510595], [-104.73646108382201, 39.78409939774698], [-104.73646908333794, 39.784119397863954], [-104.73646508305686, 39.78414239778846], [-104.73649008325398, 39.78419039767583], [-104.73650908289319, 39.784202398130915], [-104.73663108369881, 39.78422539718845], [-104.7366870838118, 39.784257397487856], [-104.73676008289442, 39.78432539731073], [-104.7368070834218, 39.784394396756504], [-104.73690208335111, 39.784494397004494], [-104.7369680826215, 39.784557396689344], [-104.73704608227456, 39.78461939688077], [-104.73713308255928, 39.78468839686492], [-104.73736408168179, 39.78484239619833], [-104.73743008177554, 39.78491139683976], [-104.73750408184658, 39.784972396277254], [-104.73762508141462, 39.78505539643097], [-104.73770208183399, 39.785123396325865], [-104.73779008184698, 39.78516939533719], [-104.73790408154923, 39.78520639545172], [-104.73797808155045, 39.785250395169285], [-104.73812208093209, 39.78536439458629], [-104.73820908068974, 39.78542739521989], [-104.73827908091079, 39.785450394761746], [-104.73835608075959, 39.7854613938621], [-104.73855208130328, 39.78547339308748], [-104.7387030809921, 39.785534392481445], [-104.73878108080852, 39.78553739253674], [-104.73886408069723, 39.785560392003674], [-104.73890908081928, 39.78556639137825], [-104.73907908031052, 39.78564939147238], [-104.73915908048298, 39.78568139073828], [-104.73922908088355, 39.7856953910322], [-104.73931508061446, 39.78569039035354], [-104.73935908101485, 39.78568438966242], [-104.73942908130944, 39.785668389138095], [-104.73949208154889, 39.78565938936873], [-104.73959208069806, 39.78567938896887], [-104.73967008103267, 39.78570538816141], [-104.73975708128327, 39.78576538837546], [-104.73978208118498, 39.785805388589345], [-104.73982308094263, 39.78583138836872], [-104.73995908114077, 39.785874387413386], [-104.74000408033389, 39.785894387405484], [-104.74005208026657, 39.7858923869631], [-104.74009208039142, 39.78589538677873], [-104.74011408058864, 39.785906387334485], [-104.74013908058336, 39.785943387309935], [-104.74015108099492, 39.78597738699661], [-104.74015408023858, 39.786043387339234], [-104.7401500796471, 39.78612638784552], [-104.74015607992122, 39.78616938801627], [-104.74017807971398, 39.786185388220446], [-104.7402000796782, 39.786225387892806], [-104.74023207931883, 39.786407389052044], [-104.74025307854947, 39.78649038963304], [-104.74031907839152, 39.78658738976216], [-104.74040407912784, 39.78665138908795], [-104.74043407899792, 39.786662388944066], [-104.74048107910565, 39.78666338923851], [-104.74056607872623, 39.78665338873179], [-104.74060307844512, 39.786654388428], [-104.74063707939082, 39.78666838807444], [-104.74096307854617, 39.786914387233004], [-104.74097707785232, 39.786931387700356], [-104.74099507841919, 39.78698338817992], [-104.74101007810805, 39.78709138787188], [-104.74099607733054, 39.78740438943478], [-104.74100307634367, 39.78748739056832], [-104.74099107614997, 39.78756639091738], [-104.74099007651758, 39.78772639165841], [-104.74101407576318, 39.78788339214598], [-104.74103907552137, 39.78795739262719], [-104.74105007485626, 39.78800639282751], [-104.74103907560058, 39.788051392737216], [-104.74103907515153, 39.7880853933097], [-104.74106807485768, 39.78813739349194], [-104.74111307485566, 39.78816039319334], [-104.74115607533732, 39.788171392875505], [-104.74124807452078, 39.78818339279233], [-104.7414670754112, 39.78814739139225], [-104.7415180749774, 39.788130390870855], [-104.74155607507743, 39.788108390702], [-104.7415820755282, 39.78808739044524], [-104.74161907521251, 39.78800538968719], [-104.74160907621334, 39.78790738922216], [-104.74161307586428, 39.787859389055726], [-104.74163807651837, 39.787813388544826], [-104.7417060763672, 39.787718387968184], [-104.74172807617657, 39.787703387447195], [-104.74179407639105, 39.787689387186305], [-104.74185007637037, 39.78768938658271], [-104.74190507654036, 39.787698386291176], [-104.74197607644535, 39.787716385864485], [-104.74211607690002, 39.78772438526081], [-104.74223007685377, 39.7877623853667], [-104.74233707596467, 39.78784538499691], [-104.74244007650026, 39.787894384347716], [-104.74271207579709, 39.788002384137826], [-104.74276007669562, 39.78801738377667], [-104.74280807589673, 39.78802638307225], [-104.74287707656424, 39.78802038330209], [-104.74294007608546, 39.78802738221386], [-104.74304807646243, 39.78805238219799], [-104.74320907592886, 39.788104381861864], [-104.74331607570808, 39.788130381223915], [-104.74342407607625, 39.788152380704354], [-104.74362007576917, 39.788192379782416], [-104.74375007670263, 39.78819637883788], [-104.74390607662843, 39.788186377939496], [-104.7439570763544, 39.78818337829464], [-104.74416107673683, 39.78815337676832], [-104.74426207679238, 39.78813037594396], [-104.74430707715689, 39.78811337624669], [-104.74442907723497, 39.78808337488193], [-104.74448907693667, 39.78808037421155], [-104.74455207657266, 39.78808337415403], [-104.74457407641557, 39.78806637450414], [-104.74458207701763, 39.78803237392704], [-104.74460107667353, 39.78798437352983], [-104.74463407745088, 39.787933372720666], [-104.74470607728789, 39.78789637269566], [-104.7447500773327, 39.787899372256035], [-104.74479007800171, 39.78793137227526], [-104.74484607783752, 39.78795437173959], [-104.74491207741191, 39.78795437165883], [-104.74498307749626, 39.787940371052755], [-104.74502807756393, 39.78792337107877], [-104.74507607718353, 39.78791837022557], [-104.74517607811912, 39.78793637004691], [-104.7452680772857, 39.78799436980906], [-104.74560007677775, 39.78815636925533], [-104.74565107677672, 39.78818836919041], [-104.74569507684129, 39.78824236923437], [-104.74573207731943, 39.78830336952074], [-104.74581207638664, 39.78840936921407], [-104.74590707705329, 39.788495369013745], [-104.74590707673258, 39.788524369007774], [-104.74592207622314, 39.78855336958671], [-104.74597707568316, 39.7886023691416], [-104.74615007657428, 39.78869736875996], [-104.74628007657383, 39.78870936842307], [-104.74641707568472, 39.78870236792252], [-104.74666507614509, 39.78870336662296], [-104.7468690767211, 39.78869336534265], [-104.74692907594637, 39.78867936435902], [-104.746977076464, 39.78865736426252], [-104.74700607657749, 39.788648363707594], [-104.74722907703745, 39.78862636289242], [-104.74752507705388, 39.788602361206266], [-104.74813107772982, 39.78850835737158], [-104.74838907819337, 39.78845535587616], [-104.74845907801567, 39.78845535501908], [-104.74849407809769, 39.78846535524031], [-104.74860507790515, 39.78854535466168], [-104.74871707795842, 39.78863335476215], [-104.7488770776921, 39.788746354787754], [-104.74921707731225, 39.78896335422505], [-104.74930507679521, 39.78902635375607], [-104.74939407610455, 39.789076353823944], [-104.7495020770379, 39.78912935349038], [-104.74960207650442, 39.789186353309006], [-104.74970307692367, 39.789230352750586], [-104.74982207674242, 39.789268352081045], [-104.74999207577814, 39.78929735142219], [-104.75031007618425, 39.789331351304774], [-104.75048407668736, 39.78932235065684], [-104.75070907700386, 39.78929334961883], [-104.75086707827744, 39.78924434934325], [-104.75097307848435, 39.7891863490868], [-104.75103807809576, 39.78912434835715], [-104.75107107827456, 39.78904034771038], [-104.7510590784239, 39.788990347801246], [-104.75101207935843, 39.78890934736747], [-104.75100507875217, 39.78887234718657], [-104.75100807911454, 39.78885334668717], [-104.75104507874102, 39.788803346794396], [-104.75116307942787, 39.78869534597911], [-104.75123608038795, 39.78864634504063], [-104.75132108009124, 39.788640344783374], [-104.75136207971843, 39.78864734521196], [-104.75142108006926, 39.7886853451556], [-104.75152207977752, 39.78877634573662], [-104.75163708055202, 39.788838345162546], [-104.75175708031648, 39.788923345285724], [-104.75180907998497, 39.788973346188804], [-104.75186907969547, 39.78904234632152], [-104.75189307961365, 39.78906434650104], [-104.75197408013358, 39.78909234611061], [-104.75202107954529, 39.78913634637021], [-104.75203307956819, 39.7891613461056], [-104.75202807963657, 39.789236346978775], [-104.75203907966758, 39.7892793466787], [-104.75207107982199, 39.78934834718046], [-104.75216307904101, 39.78942334714232], [-104.7522150791529, 39.78946034749645], [-104.7522330790979, 39.789492347534754], [-104.75227007866572, 39.78954034803515], [-104.75231407898552, 39.789564347625365], [-104.75242407856909, 39.78963634802732], [-104.75247207912145, 39.789673348090794], [-104.75251607923481, 39.789714347861235], [-104.75261307863828, 39.78973734804514], [-104.75267907850306, 39.789783348328676], [-104.75273007916545, 39.7898693487815], [-104.75275407875526, 39.78995734850082], [-104.75294507796069, 39.79014134982085], [-104.75305207792171, 39.79020234954176], [-104.75329107890252, 39.790320349701226], [-104.75330607850493, 39.790324349243036], [-104.75341307903771, 39.79035334942587], [-104.75350607835124, 39.79034534926376], [-104.7535760789573, 39.790328348707156], [-104.75362407902827, 39.79029434891819], [-104.75365207979848, 39.790234348644375], [-104.75365607988427, 39.79020834807145], [-104.7536090797113, 39.790059347709125], [-104.75360607940331, 39.78997634672953], [-104.75362208088912, 39.78983134657501], [-104.75363408048781, 39.78979034640833], [-104.75364208070424, 39.789762345565165], [-104.75370208057116, 39.789674345215076], [-104.75377308120642, 39.78961434450553], [-104.75384708125985, 39.789569344601546], [-104.75396608126606, 39.78952434423845], [-104.75408908169379, 39.78950834384021], [-104.75416308241566, 39.78952534357061], [-104.75423508241175, 39.789557343049225], [-104.75430508223309, 39.78964434399966], [-104.75435908226649, 39.78973534437105], [-104.75438408162958, 39.78984434483331], [-104.75445308065262, 39.79000834532043], [-104.75455208118476, 39.7901203460279], [-104.75463608091589, 39.79020334631317], [-104.75468008058367, 39.79026034575617], [-104.75480108067315, 39.79032134601941], [-104.75490508060227, 39.79036534642055], [-104.75495608066024, 39.79036834591299], [-104.75504508143946, 39.79035734610798], [-104.75508808143405, 39.79034334602067], [-104.7551330818851, 39.790315345861075], [-104.75525308186549, 39.79021034482375], [-104.75535408164781, 39.79015334391031], [-104.75542408183257, 39.790134343656234], [-104.75546508273099, 39.79013134335173], [-104.75549908291664, 39.790151343457964], [-104.75552108183254, 39.79017534413867], [-104.75556508198507, 39.79018334379754], [-104.75562708242795, 39.79018434368984], [-104.75575008289586, 39.7901643434572], [-104.75588708295423, 39.79015434259506], [-104.75607708308902, 39.79012334210808], [-104.75622808312494, 39.79011934222783], [-104.75633308347595, 39.7901253418812], [-104.75649208387613, 39.79011534144844], [-104.75663208408619, 39.7901183410001], [-104.75675008456288, 39.79012534103585], [-104.75682008482805, 39.79012534060502], [-104.75715408494517, 39.79010534006583], [-104.7573250850821, 39.79004033880214], [-104.75744808629119, 39.79000333835588], [-104.75753708598207, 39.78998133851621], [-104.75763008589284, 39.78996833815838], [-104.75767108661039, 39.78995133788671], [-104.75772408676599, 39.789908337783274], [-104.75779808716423, 39.789874337169046], [-104.7579260865896, 39.78984333650396], [-104.75796608676829, 39.78982433662961], [-104.75801508749014, 39.789816336661836], [-104.75809608671591, 39.789813336176934], [-104.75824108718442, 39.78982633580005], [-104.75829308775285, 39.789826335498404], [-104.75836708721954, 39.78981533597221], [-104.758594087458, 39.78979333523187], [-104.75862308782531, 39.789782335030516], [-104.75867208793822, 39.78974833498733], [-104.75871608875198, 39.78973133432544], [-104.75876808884213, 39.78972033386196], [-104.75882108843088, 39.78972433411174], [-104.75887908814657, 39.789715333933664], [-104.75895408929176, 39.78971933388807], [-104.75903508860789, 39.789730333758605], [-104.75910608952944, 39.7897223330645], [-104.75919908869058, 39.789729333665704], [-104.75926508916838, 39.78974033359069], [-104.75937908926886, 39.78980733314503], [-104.75942708923738, 39.789819332998924], [-104.75946408888893, 39.78983333340803], [-104.75949708981216, 39.78982833323106], [-104.75958908899099, 39.78986933313344], [-104.75962608901737, 39.78989833334056], [-104.7596840891447, 39.78992433301237], [-104.75984508985191, 39.7900193332534], [-104.75992208963068, 39.790077333427455], [-104.75994408951273, 39.790111333476446], [-104.75992808873906, 39.79015733397898], [-104.759853088568, 39.79023433417902], [-104.7598380885889, 39.79027433435517], [-104.75984908804368, 39.79031133477684], [-104.75987808878551, 39.79033733490778], [-104.75992208872998, 39.79036033457858], [-104.75998108852342, 39.79043533530513], [-104.7600060878548, 39.790515335451715], [-104.76005008794142, 39.7906073357905], [-104.7600510882453, 39.790635335957525], [-104.76002908786717, 39.79065233665874], [-104.75994308811809, 39.79068433670936], [-104.7599250875125, 39.79070333680747], [-104.759925087904, 39.7907403365403], [-104.75993808734343, 39.79080133719306], [-104.75996008730262, 39.790838337377046], [-104.7599820875695, 39.7908923377983], [-104.75998908680982, 39.79093833782191], [-104.75997408682848, 39.79104433856318], [-104.75995708641696, 39.791158339130845], [-104.75993808677424, 39.791190339595694], [-104.75990508577715, 39.79120733958831], [-104.75981608545797, 39.79131234019747], [-104.7597750851769, 39.791380341022986], [-104.7597670859256, 39.79143234073741], [-104.75980808580519, 39.79145834064062], [-104.75986308504204, 39.79147234056183], [-104.75988108579702, 39.79149834089227], [-104.75990708564022, 39.79151834075933], [-104.75992908505887, 39.791547341141104], [-104.75994308496863, 39.79161334140173], [-104.75997808473001, 39.7917133416975], [-104.7599490845964, 39.79175334215288], [-104.75990608511502, 39.791870342461806], [-104.75992108483909, 39.791907342774024], [-104.7600060845605, 39.791939342902545], [-104.76005008423135, 39.79196534265016], [-104.76009808461586, 39.791977343113935], [-104.76012408467197, 39.7919743433032], [-104.76015408511446, 39.79196334270849], [-104.76018008516297, 39.79196034288532], [-104.76020608462937, 39.791969342740245], [-104.76021308495122, 39.791998342504286], [-104.76023108480369, 39.792024342768656], [-104.76027808482259, 39.79203334303187], [-104.76031508442296, 39.792027342774006], [-104.7603670850697, 39.792010342215285], [-104.76039608517755, 39.791993342187816], [-104.76043108562273, 39.79194234244464], [-104.76045308577488, 39.791885341814556], [-104.76045108526402, 39.7918193413265], [-104.76041808595627, 39.791744341160324], [-104.76044408561569, 39.79169634086934], [-104.76050808643774, 39.79161434006484], [-104.76058308662878, 39.79155433971861], [-104.7606320868114, 39.79152533942757], [-104.76068708692878, 39.79152333938249], [-104.76072108622115, 39.79153233891189], [-104.76073908628477, 39.791583339131044], [-104.76077508710166, 39.79164133980456], [-104.760827087057, 39.7916903395751], [-104.76090708695699, 39.79170733935993], [-104.76099608680573, 39.79174034021208], [-104.76104008671886, 39.79176633959178], [-104.7610480865873, 39.79180033981922], [-104.76103608679344, 39.79182834034676], [-104.76103108583142, 39.791934340875486], [-104.76100808616523, 39.792006341475236], [-104.76100108528038, 39.79204634152991], [-104.76105108561761, 39.792129341712986], [-104.76114308514387, 39.79223834216222], [-104.7611610849125, 39.79227834236185], [-104.76119008499958, 39.79229334220148], [-104.76123808563838, 39.79231034184159], [-104.76127908560325, 39.792330341825775], [-104.76132008585093, 39.79234234200755], [-104.76136408591685, 39.79234234239214], [-104.76142408518895, 39.79233134229408], [-104.7614650856214, 39.79230034153057], [-104.76150208553503, 39.79224634126285], [-104.76154008632668, 39.792180341269365], [-104.76155608607027, 39.79210934056092], [-104.76157808628778, 39.79206034042118], [-104.76159708714736, 39.79204933983855], [-104.76163808728512, 39.79206133991091], [-104.76176608710884, 39.792056339358126], [-104.76182508731253, 39.79206533947424], [-104.7619430875041, 39.79209433955251], [-104.7619980876726, 39.79215833941133], [-104.76209408749985, 39.79221533942575], [-104.7621820864551, 39.79232233970267], [-104.7622000870148, 39.79235334020583], [-104.76218808652642, 39.79237634029455], [-104.76218108709602, 39.792433340645545], [-104.76224308594911, 39.792560341355916], [-104.76229008616266, 39.79259134158032], [-104.76237108659473, 39.7926233410476], [-104.76244508660324, 39.79264734095915], [-104.76262908613934, 39.79275634174803], [-104.76265708624251, 39.79276434122459], [-104.7626570848082, 39.79329534438963], [-104.76265908117588, 39.79484535230282], [-104.76193707999558, 39.79484435390367], [-104.7610110781857, 39.79484335549207], [-104.76008707755949, 39.79484235786917], [-104.75993207675427, 39.79484735807441], [-104.75977807598989, 39.794862359136694], [-104.75868507429044, 39.79503836212016], [-104.75803307346906, 39.795143364592064], [-104.75711107119454, 39.79529236704334], [-104.75584306847838, 39.795496371032996], [-104.75576906854427, 39.79550637104008], [-104.7555540678801, 39.79553037150664], [-104.75532206765935, 39.79554737213325], [-104.7550120670047, 39.79555537293789], [-104.75473506683926, 39.79554837389249], [-104.75450306596802, 39.79553237401631], [-104.7542720658608, 39.795507374181696], [-104.75419706566008, 39.79549537511533], [-104.75409406548629, 39.795482374542196], [-104.7540180660238, 39.79546937468827], [-104.75394306605219, 39.795456374812176], [-104.75386706575115, 39.79544137535901], [-104.7537930657216, 39.79542537527268], [-104.75323206453922, 39.79530137571807], [-104.75205606312737, 39.795041377175025], [-104.75047506194191, 39.79469237915133], [-104.75022406182792, 39.79463637883535], [-104.75021006190829, 39.79463337872112], [-104.75019706143107, 39.79463037956462], [-104.75016906121945, 39.79462637882302], [-104.75015606191279, 39.794623379669424], [-104.75014206180914, 39.79462137929455], [-104.75012806150694, 39.79462037956611], [-104.75011406140472, 39.79461837918793], [-104.75010106172165, 39.79461737952316], [-104.7500870616208, 39.794615379141796], [-104.75007306132062, 39.79461437940681], [-104.7500590619976, 39.794614379425084], [-104.75004506169796, 39.794613379686766], [-104.75003106140841, 39.79461237904622], [-104.75001706091828, 39.79461237905209], [-104.75000306158601, 39.79461237996429], [-104.74997506177331, 39.79461237997507], [-104.7499610610911, 39.79461337972172], [-104.74994706157598, 39.79461437947416], [-104.74993306108549, 39.79461437947004], [-104.7499190615601, 39.79461538011972], [-104.74990506184145, 39.79461738051527], [-104.74989206177541, 39.79461838032233], [-104.7498780608975, 39.79462037980656], [-104.74986406137013, 39.79462138044975], [-104.74985006164871, 39.79462338083874], [-104.749837061193, 39.794626380134694], [-104.74980906174584, 39.79463038090453], [-104.74979606127745, 39.79463338109656], [-104.74978206135704, 39.79463638122488], [-104.74976906089601, 39.794639380513296], [-104.74975606159171, 39.79464238070833], [-104.74974206146294, 39.79464638147999], [-104.74972906099833, 39.794649380763985], [-104.74971606148524, 39.794653381602664], [-104.74970306081282, 39.79465738153185], [-104.74969006130641, 39.794661381467016], [-104.74967706160237, 39.794666381148225], [-104.7496650615345, 39.79467038204436], [-104.74965206065953, 39.79467538171532], [-104.7496400605984, 39.794679381708306], [-104.7496270608778, 39.79468438228453], [-104.74960906097061, 39.7946923817683], [-104.74937606040318, 39.79479438347364], [-104.74846705876752, 39.79519139022779], [-104.74841705904053, 39.79521239100398], [-104.74837805859593, 39.795225391017176], [-104.74836205848395, 39.79523339136507], [-104.74833405835095, 39.79524439182256], [-104.74830505919061, 39.795253391803485], [-104.74827705926651, 39.7952633915995], [-104.74824805891384, 39.79527239245954], [-104.74821905856332, 39.79528139241176], [-104.74819005842274, 39.79528939260961], [-104.74816105827554, 39.79529739280033], [-104.74813105887952, 39.795304393160364], [-104.74810105830993, 39.795311393505294], [-104.74807205837219, 39.7953183930262], [-104.74804205801018, 39.7953243936089], [-104.7480120588203, 39.795330393290776], [-104.74798105898715, 39.79533639378061], [-104.74795105884013, 39.79534139369228], [-104.74792105891004, 39.7953453938491], [-104.74789005833826, 39.79534939481314], [-104.7478610578624, 39.79535339503297], [-104.7478290578321, 39.79535739500176], [-104.74779805864993, 39.79536039530123], [-104.74776705853066, 39.795362394937314], [-104.74773605839995, 39.79536439546577], [-104.74770505827706, 39.79536639508554], [-104.74767405814282, 39.79536839559773], [-104.74764305846685, 39.795368395706795], [-104.74761205856521, 39.79536939555482], [-104.74758105771156, 39.79536939654074], [-104.74755005803507, 39.79536939662533], [-104.74751905859524, 39.79536839605391], [-104.74610905707051, 39.795324403248664], [-104.74518505730825, 39.79529640811575], [-104.74426205732897, 39.79526541289732], [-104.74420905725783, 39.795263412825314], [-104.74333705625166, 39.79523641779567], [-104.742019056144, 39.7951974245133], [-104.74179605599431, 39.7952094252671], [-104.74161205610379, 39.79523142656569], [-104.74139605585809, 39.795275427589054], [-104.7412170553788, 39.79532642888529], [-104.74113205558467, 39.79535542963324], [-104.740967054862, 39.7954224311852], [-104.7408110547727, 39.79550043192906], [-104.7407210547567, 39.79555143245688], [-104.74024105326349, 39.79585943707566], [-104.73968305160965, 39.79621744151848], [-104.73946605093602, 39.79633644345157], [-104.73924005138885, 39.79644344480702], [-104.73900505069828, 39.79653844641988], [-104.73876105046787, 39.79662044849854], [-104.73864705001154, 39.79665344903343], [-104.7384470501653, 39.796704450874195], [-104.7381900503181, 39.79675545204972], [-104.73792904991278, 39.796793453459834], [-104.7376650493149, 39.7968164548497], [-104.737400049619, 39.79682545629599], [-104.73681104876258, 39.79682245951637], [-104.7344130477644, 39.79680947190529], [-104.73441443396631, 39.796330238558696], [-104.73441999897469, 39.79551605000768], [-104.73442605289787, 39.795124463187626], [-104.73442705345434, 39.79462846128378], [-104.73442844051367, 39.794281010646685], [-104.73447685256177, 39.787198085950465], [-104.73448060272104, 39.78664941889849], [-104.73450207963988, 39.785363414276446]]]}}, {"type": "Feature", "properties": {"EQUITY_AREA_ID": "007"}, "geometry": {"type": "Polygon", "coordinates": [[[-105.0377790844233, 39.66733751719598], [-105.03777708554706, 39.66761351719459], [-105.03777708588231, 39.66770551800818], [-105.03759208651041, 39.66770351772224], [-105.03704008560037, 39.667699518363385], [-105.03685608543752, 39.66769851882685], [-105.03667108493299, 39.66769651888821], [-105.03611608462549, 39.66769351935386], [-105.03593208447961, 39.66769252017235], [-105.03573908358733, 39.6676915202815], [-105.0351630831244, 39.667688520672094], [-105.03497208331748, 39.667687521130105], [-105.03474508283088, 39.66768652110284], [-105.0340640829091, 39.66768452177366], [-105.03383708161628, 39.66768452246582], [-105.03364208154545, 39.667685522460815], [-105.03306108178245, 39.66769052333469], [-105.0328670808052, 39.66769252308493], [-105.03267208068642, 39.667693523272156], [-105.0320890805184, 39.66769752422507], [-105.0318950806475, 39.667699524177124], [-105.03169908053124, 39.667700524172325], [-105.03111407945943, 39.667705524702626], [-105.03091907956845, 39.66770752536001], [-105.03071107878131, 39.66770852535649], [-105.03008707869711, 39.66771152584904], [-105.02987907787423, 39.667712526174704], [-105.02967907784756, 39.667713526620176], [-105.02908107703995, 39.66771852716812], [-105.02888207721503, 39.66772052733686], [-105.02869707646805, 39.6677215276806], [-105.02814407697188, 39.6677265282482], [-105.0279600764158, 39.667728528519305], [-105.02776307589376, 39.66772852896887], [-105.02717307504668, 39.66773152988385], [-105.02697707472554, 39.66773252921106], [-105.02679207506092, 39.66773353016406], [-105.02623907503377, 39.66773753010033], [-105.02605507437029, 39.66773953099226], [-105.0258670736052, 39.66773553122588], [-105.02530507296856, 39.667725531449655], [-105.02511807362569, 39.66772253160154], [-105.02511807313086, 39.667567531411116], [-105.02512007082879, 39.66710453121064], [-105.02512107050127, 39.6669505311998], [-105.02465306949581, 39.666949531274305], [-105.0232500677845, 39.666947533160716], [-105.02278306807453, 39.66694753412942], [-105.02181906697194, 39.66694853523102], [-105.01893006357884, 39.66695553760802], [-105.01850306382367, 39.66695553845577], [-105.01843906282787, 39.666956538154764], [-105.01796806327285, 39.66695753941118], [-105.01752006218877, 39.666956539958555], [-105.01617906121544, 39.66695454078647], [-105.01576453977611, 39.66695454108914], [-105.01577686189287, 39.664715119588685], [-105.01579004960423, 39.66421653988911], [-105.0157830473959, 39.663736539112335], [-105.01578234001546, 39.663719525589585], [-105.01579044628241, 39.662246292635714], [-105.01580904130995, 39.66213753840661], [-105.01580904003843, 39.6619425377405], [-105.01581003548502, 39.660515537129385], [-105.0170150357611, 39.66052553528934], [-105.01757374068231, 39.660514940781844], [-105.02298, 39.66053], [-105.02298001991423, 39.66052631586874], [-105.02299204201329, 39.660533529137595], [-105.022993041652, 39.6602565291574], [-105.02299703791864, 39.65948952877619], [-105.02301002939288, 39.65725252711274], [-105.02301302788817, 39.656837526784514], [-105.02336297694536, 39.65684043960241], [-105.03204, 39.65709], [-105.03204313382102, 39.656990396721746], [-105.0320480373895, 39.656990517188284], [-105.03225103818512, 39.65698751711094], [-105.03308603882039, 39.656961515900186], [-105.03323603934888, 39.65703251588811], [-105.0337370399609, 39.657252515507146], [-105.03393604135873, 39.65734251560217], [-105.03453604329934, 39.65761551513372], [-105.0347360434253, 39.65770651488551], [-105.03483404331547, 39.65775951450379], [-105.03484404358677, 39.65776851425008], [-105.03492804392525, 39.65784051449851], [-105.03501004403991, 39.657932514928106], [-105.03504704523519, 39.657982514172346], [-105.03508404530676, 39.65805451480536], [-105.03513304563673, 39.658170514359625], [-105.03515104564606, 39.65827651420483], [-105.03515504693272, 39.658388514986406], [-105.03515204752306, 39.658570514808844], [-105.03515104794752, 39.6586715144649], [-105.03514904728453, 39.65873151479451], [-105.03514604858483, 39.658915515053096], [-105.03514604911075, 39.658976514963214], [-105.03514504962067, 39.65914051496483], [-105.0351430509075, 39.659635515496795], [-105.03514305161369, 39.659800515591165], [-105.03513705400556, 39.66021851559873], [-105.03512105888859, 39.66147451641015], [-105.03511606007734, 39.66189351720182], [-105.0351220614201, 39.66210951686476], [-105.03512006160489, 39.6622035167131], [-105.03511506309795, 39.66260151760689], [-105.0351020635977, 39.66274951766528], [-105.0350720640765, 39.66287351800504], [-105.0350390641207, 39.66297051792545], [-105.03497306528796, 39.663114518146784], [-105.0349290657183, 39.66318151817256], [-105.03484606549856, 39.66329251789709], [-105.0347870657045, 39.663361518401715], [-105.03465306608253, 39.663524518814924], [-105.03457206710323, 39.66368351908229], [-105.03453706768832, 39.66381651904787], [-105.03452806836371, 39.66393151882328], [-105.03452506876702, 39.6641085194136], [-105.03452306989765, 39.66431351946327], [-105.03451907277083, 39.66501451980055], [-105.03452407322403, 39.66526751958502], [-105.03453307400146, 39.665345519652924], [-105.03455707376358, 39.66543352011501], [-105.03459307413009, 39.66552551944744], [-105.03466807515763, 39.665633520046775], [-105.03479907532387, 39.66578151975386], [-105.03514407733732, 39.66601451981428], [-105.0359470785018, 39.666318518537615], [-105.03613107950784, 39.6663885183604], [-105.03668308044281, 39.66659951854999], [-105.03686808091744, 39.66667051821816], [-105.0370840819844, 39.666752518305536], [-105.03759208342431, 39.666947517440924], [-105.03770408306578, 39.66701351703505], [-105.0377170834547, 39.667030517486346], [-105.03775808421297, 39.667083517235184], [-105.03777608436737, 39.66715751725551], [-105.03778108438149, 39.667246517705394], [-105.0377790844233, 39.66733751719598]]]}}, {"type": "Feature", "properties": {"EQUITY_AREA_ID": "008"}, "geometry": {"type": "Polygon", "coordinates": [[[-104.77216850023788, 39.77221073250904], [-104.77215914900806, 39.77306921771202], [-104.77216414718589, 39.77349121990858], [-104.77216583564962, 39.77352677265288], [-104.77216, 39.776409], [-104.77216708132217, 39.776409055712264], [-104.77216713991473, 39.7764172352395], [-104.77216414004415, 39.77673323700163], [-104.77215813801277, 39.77768224233209], [-104.77215713659932, 39.777999243441016], [-104.77215013451428, 39.77912524969309], [-104.77213412740936, 39.78178826340632], [-104.77213012641668, 39.78250526673544], [-104.7721241228469, 39.78363227248287], [-104.7721241233288, 39.783761273675104], [-104.77189612309236, 39.783771273788474], [-104.76742511637184, 39.78378728396511], [-104.76490711261506, 39.783791289645954], [-104.76115110741962, 39.78380029806981], [-104.76115010823145, 39.78366429762775], [-104.76115110949132, 39.7831432944289], [-104.76112410906536, 39.783007293814734], [-104.76099310975239, 39.782747292692804], [-104.76097810994753, 39.78271829309834], [-104.76088611056014, 39.78260329263001], [-104.76076611073532, 39.78248729217054], [-104.76059911002386, 39.782378291927785], [-104.76028910995056, 39.782190291765126], [-104.75988611098333, 39.78194929126514], [-104.7596921101025, 39.78182629096344], [-104.75964611101539, 39.781786290837125], [-104.75953711105208, 39.781693290399865], [-104.75944311037593, 39.78160829035079], [-104.75931411056051, 39.781457289921654], [-104.75921411118622, 39.781301289298796], [-104.75916011181145, 39.781203288990305], [-104.75911611118484, 39.78108428830429], [-104.75911011121407, 39.781062288407114], [-104.75908111237389, 39.780944287280434], [-104.75903711203445, 39.780825287453794], [-104.75902211309486, 39.78055228565889], [-104.75902011418573, 39.780291284328534], [-104.75901911453417, 39.7800302829561], [-104.75901911448925, 39.77981728142251], [-104.75901911647188, 39.77918127869495], [-104.75901911752183, 39.77896927775407], [-104.75901711798606, 39.7786652760342], [-104.75901312005237, 39.777987272588504], [-104.75902312043488, 39.77786127192046], [-104.75904212001406, 39.777763271464835], [-104.75908012052786, 39.77765227037916], [-104.75916112117191, 39.77747826891643], [-104.75918212188196, 39.77744326914926], [-104.7593381225578, 39.77719926756618], [-104.75935212182122, 39.77718126728283], [-104.75944812317124, 39.77706726687854], [-104.75954912313244, 39.776963265653364], [-104.75975012340662, 39.77678926452041], [-104.76004212477793, 39.77662326292296], [-104.76015112483185, 39.776568262504625], [-104.76019112500256, 39.77654926182979], [-104.76028812577192, 39.776506262199334], [-104.76052212585752, 39.776426261172524], [-104.76045312639896, 39.77628025988206], [-104.76044112563034, 39.7762542602271], [-104.76038312617477, 39.77614925938447], [-104.76029912594396, 39.776018259144365], [-104.76020712667504, 39.775912259188296], [-104.7601781271103, 39.77588625896623], [-104.76005912699557, 39.77577925878559], [-104.75995212635237, 39.77570225810415], [-104.7597951268925, 39.77558925802967], [-104.75970212676505, 39.775516257690114], [-104.75964612704755, 39.77545825750979], [-104.75962612718568, 39.775437257573024], [-104.75956012758863, 39.77536025765924], [-104.75951112748139, 39.77527425694725], [-104.75948412801615, 39.77522725715199], [-104.75945112805114, 39.775135256738864], [-104.75942712846864, 39.77505025627439], [-104.75942212779087, 39.774994255633914], [-104.75941412861766, 39.774896255412166], [-104.75943412812059, 39.7748412550666], [-104.75949012860518, 39.774696253688084], [-104.75949812870853, 39.774680253879694], [-104.75952612934684, 39.77462925332454], [-104.759833130734, 39.77405124996594], [-104.76000113186788, 39.77375024835639], [-104.76002713220494, 39.773678247430176], [-104.76004513257588, 39.77360024721778], [-104.76004613239665, 39.7734952467174], [-104.76003013415561, 39.77313324443541], [-104.76001013422496, 39.772965243480904], [-104.76000113434493, 39.772886243110975], [-104.75999513465413, 39.772663242674064], [-104.76000513543579, 39.77257124150367], [-104.76003213587599, 39.772494241747594], [-104.76006613567866, 39.77240124123931], [-104.76031513736014, 39.77177423667176], [-104.76048513849669, 39.77134323423789], [-104.76053613897174, 39.77121223341295], [-104.760692140079, 39.77081923159836], [-104.76074414119148, 39.77068923039837], [-104.760808141359, 39.770485228833245], [-104.76081414181404, 39.770456229426735], [-104.76084814171922, 39.770309228249], [-104.76087514193242, 39.77016222724018], [-104.76084414304383, 39.76989322585522], [-104.76082914295557, 39.76973622564178], [-104.76080914382729, 39.76949522432543], [-104.76079811309293, 39.76936363527807], [-104.76458, 39.76939], [-104.76456968559927, 39.77052974127991], [-104.76456714569869, 39.770617221981226], [-104.76456538949307, 39.771004461014556], [-104.76456001809478, 39.77159800052507], [-104.76456, 39.7716], [-104.76460338265817, 39.771599258903336], [-104.76766673789031, 39.77154692826205], [-104.77034414976143, 39.7715232140741], [-104.77216992253369, 39.77150826060857], [-104.77216850023788, 39.77221073250904]]]}}, {"type": "Feature", "properties": {"EQUITY_AREA_ID": "009"}, "geometry": {"type": "Polygon", "coordinates": [[[-104.9127941604243, 39.69668175880875], [-104.91278716159773, 39.69694075928212], [-104.9127591644316, 39.698073759448185], [-104.9127501656204, 39.69845176039086], [-104.9127481664829, 39.69881076095862], [-104.91274716686856, 39.69904976064991], [-104.9127451689751, 39.699622761606996], [-104.91274416917507, 39.69989076177951], [-104.91274316997868, 39.70025176219465], [-104.91274617154184, 39.70061176205516], [-104.91275117313218, 39.701043762511134], [-104.912757174341, 39.701694763440074], [-104.9127611751151, 39.70205576337041], [-104.91276317628369, 39.70221276332998], [-104.91277017680204, 39.70268376363028], [-104.91277317826341, 39.702841763814966], [-104.91248917761345, 39.70264076441161], [-104.9123321769581, 39.70251776492838], [-104.9123191768371, 39.70250676464981], [-104.91170117551188, 39.70199176574878], [-104.91102117356746, 39.70142476665978], [-104.91091617294704, 39.70133776604829], [-104.91080517342964, 39.70125076680933], [-104.910572172697, 39.70108676731197], [-104.91032717221293, 39.70095776758559], [-104.91015317197325, 39.70087676747464], [-104.91012317141306, 39.70086376770168], [-104.90998117219372, 39.70080376809585], [-104.90968117130332, 39.700696768819], [-104.90870317047965, 39.700377770052114], [-104.90822716952874, 39.70022277117315], [-104.90822716950744, 39.7002357708946], [-104.90822716978745, 39.70027777117383], [-104.90822717066315, 39.70029177067022], [-104.90822617051242, 39.70033377131866], [-104.9082261701923, 39.70045977124352], [-104.90822617136865, 39.70050277129455], [-104.90835517311292, 39.701161771930536], [-104.90842117381908, 39.70149777187934], [-104.90818117552794, 39.70212077315342], [-104.90817217750738, 39.702823773296814], [-104.9082241770224, 39.702961773511056], [-104.90822117959253, 39.7037947736719], [-104.90816117992878, 39.70379977413556], [-104.90810417962822, 39.7038037745824], [-104.90805518006707, 39.70381477402653], [-104.907970180371, 39.703835774572866], [-104.90778418011782, 39.703873775094515], [-104.90774017951, 39.703875775534144], [-104.90763418022699, 39.70388377576219], [-104.9076331810555, 39.70408777593443], [-104.90763218276362, 39.70470177606238], [-104.90763218261954, 39.70490677647251], [-104.90763218307848, 39.70499277643192], [-104.90763218361538, 39.70525377649746], [-104.90763318429137, 39.70534077674938], [-104.90763318421854, 39.70547877638506], [-104.90763318515096, 39.70589277705855], [-104.90763418530508, 39.706031776970036], [-104.90763118619064, 39.706327777150044], [-104.9076261884561, 39.70721577873232], [-104.90762519003836, 39.70751277872444], [-104.90762819207626, 39.70832477931847], [-104.9076371976845, 39.71035078150205], [-104.90760319727693, 39.710428781246584], [-104.90752619825622, 39.71049278112135], [-104.9074421981038, 39.710537781623756], [-104.90735819856327, 39.71056378199071], [-104.90731519842511, 39.71056778145874], [-104.90724019860245, 39.710575781744296], [-104.90650319818121, 39.71057478355621], [-104.90649719844063, 39.71073978331149], [-104.90648320004624, 39.711203783811044], [-104.90648219932517, 39.71123578391288], [-104.90648119977241, 39.711401784307625], [-104.90444419976667, 39.71137678876678], [-104.90365519923148, 39.71136778965062], [-104.90350419938328, 39.71128878995806], [-104.90352119824433, 39.71113179022671], [-104.90352119748097, 39.710533789780634], [-104.90352119223077, 39.708558788206865], [-104.90352119113784, 39.70826878788621], [-104.90352118946231, 39.707514786917585], [-104.90351918660738, 39.706788786234426], [-104.90351318193161, 39.70461378418361], [-104.90351217937231, 39.70388878398785], [-104.90351617713564, 39.70313878319027], [-104.90351817667145, 39.70274278259236], [-104.90353017159737, 39.70088978141178], [-104.90353416943223, 39.70033178089428], [-104.90353616950244, 39.70014078072353], [-104.90353916807807, 39.69982077999374], [-104.90354116789352, 39.699716779702236], [-104.90355016643362, 39.698861779408816], [-104.9035541649528, 39.69854277887371], [-104.90355216556108, 39.6984487784862], [-104.90355016402467, 39.69819877856332], [-104.90355016192213, 39.69750377765298], [-104.90351716004791, 39.69662977694741], [-104.90347615989829, 39.69658477737411], [-104.902590156848, 39.695578778648354], [-104.90244215677252, 39.6954247786224], [-104.9023351562239, 39.695311778417164], [-104.90182115535413, 39.69477277949723], [-104.90138315416385, 39.69431377947716], [-104.90012515099824, 39.69299278083457], [-104.90352115044325, 39.692977774170735], [-104.90352014983107, 39.6925887733596], [-104.90352814758715, 39.691798772768266], [-104.9035221402323, 39.689361771283906], [-104.90352714012523, 39.68896577046607], [-104.90354213678317, 39.68777876924358], [-104.9035481351801, 39.687383769443485], [-104.90353613529516, 39.68722976924441], [-104.9035031343295, 39.686767768489105], [-104.90349213337416, 39.686614768591234], [-104.90347613237336, 39.68638976845599], [-104.90343513097866, 39.68575076747323], [-104.90343613070087, 39.685693768189175], [-104.90344113049728, 39.68546376756048], [-104.90352413031779, 39.68548976761059], [-104.90359113074646, 39.68551076772748], [-104.90365913013471, 39.685521767003664], [-104.90372113070012, 39.68554976714178], [-104.90376013097642, 39.68557776680441], [-104.9037881307151, 39.68560376696398], [-104.9038641306315, 39.685653767337016], [-104.90406613156, 39.68572476665629], [-104.90409813151665, 39.68574976652221], [-104.90418013177514, 39.685828766285056], [-104.9042271311361, 39.68585176601014], [-104.90426013097701, 39.68585676636805], [-104.90437513101782, 39.68588476626916], [-104.90450413186676, 39.68592376605057], [-104.90458013140373, 39.685966765715314], [-104.9047021314565, 39.6860477654516], [-104.90472713137541, 39.686072765728454], [-104.90481013254079, 39.6861347658074], [-104.90486413196159, 39.68618576561143], [-104.90495713239271, 39.68628376489299], [-104.90502113251426, 39.686336765245315], [-104.90507513246047, 39.686390765178125], [-104.90512913264573, 39.686462765554154], [-104.90517113284358, 39.6865707655775], [-104.90519613320645, 39.686617765320676], [-104.90524613328468, 39.6866657651939], [-104.90534013344971, 39.68671676533798], [-104.90548013316877, 39.68673676446864], [-104.90560713358381, 39.686763764601416], [-104.90566413312933, 39.68678976408021], [-104.90572513341395, 39.68683176394923], [-104.90582213357641, 39.68689076445981], [-104.9058941339156, 39.686941763763976], [-104.9060021344903, 39.686989763627544], [-104.90608513422013, 39.68703676343288], [-104.90615313393243, 39.68708776398315], [-104.90621413423783, 39.68712376313703], [-104.90630013497855, 39.6872137637838], [-104.90636513519418, 39.687261763245466], [-104.90644413459229, 39.68729276329987], [-104.9066641352783, 39.68733276313121], [-104.9067471349904, 39.68735876267279], [-104.90678713566837, 39.68738976297398], [-104.90686813567072, 39.687481762732304], [-104.90693913550786, 39.687590762213965], [-104.90700813650318, 39.68769476259835], [-104.9070501356585, 39.6877257620752], [-104.90719513581215, 39.68778176185688], [-104.90725213580112, 39.68779476167282], [-104.9073391360026, 39.68780876203651], [-104.90742513687941, 39.68782376157794], [-104.9075521360422, 39.6878357611509], [-104.90764213626585, 39.687852761319796], [-104.90776513596055, 39.68788476123548], [-104.9080491373363, 39.6880117603916], [-104.90822513684304, 39.688112760712016], [-104.90827513747524, 39.688135760380646], [-104.90834313751164, 39.688160760079306], [-104.9084331374868, 39.68821576009211], [-104.9084281374898, 39.688319760168284], [-104.90841513882995, 39.688632760309275], [-104.90841113876819, 39.688737760671856], [-104.9083711391647, 39.688883760713914], [-104.90825414051456, 39.689324761630125], [-104.90821514024923, 39.68947176189253], [-104.9082141407782, 39.68956776133611], [-104.90821114124182, 39.6898597623422], [-104.90821114176585, 39.68995676207643], [-104.90821214268543, 39.690173762276416], [-104.90821514466641, 39.690827762995525], [-104.90821714447426, 39.69104576252567], [-104.90821714533185, 39.69120176329423], [-104.90821714711252, 39.69167276306427], [-104.90821714770105, 39.69182976357068], [-104.90821714731844, 39.69198176339388], [-104.90822014889596, 39.692439763962554], [-104.90822114972944, 39.6925927640616], [-104.90821814991695, 39.692975764843126], [-104.90821715051514, 39.69314876472294], [-104.90821315263443, 39.69390176559896], [-104.90821315370694, 39.694125766080695], [-104.90822115402995, 39.6944917655293], [-104.90877415392157, 39.69451576485094], [-104.90899615400573, 39.694513764384155], [-104.90914015508703, 39.69454376424572], [-104.90919415499724, 39.69457576438231], [-104.90925515519476, 39.69461176362383], [-104.90934115500562, 39.694701763539804], [-104.90940815564728, 39.694813763845495], [-104.90949315582027, 39.694925763524324], [-104.90958915574646, 39.695022763230945], [-104.90970415564965, 39.695105763241344], [-104.90994415600022, 39.695225763217884], [-104.91006915668252, 39.69527076314765], [-104.91022315608443, 39.695301762957186], [-104.91053115692141, 39.69531776164447], [-104.91139415674058, 39.69531576065787], [-104.91190415635424, 39.695315758815234], [-104.9122711563546, 39.69531575890374], [-104.91235015648567, 39.69531575830733], [-104.91290015629536, 39.69531575747866], [-104.91290015757494, 39.695577757218494], [-104.91290015961816, 39.69636675830076], [-104.91290016068788, 39.69662975861448], [-104.9127941604243, 39.69668175880875]]]}}, {"type": "Feature", "properties": {"EQUITY_AREA_ID": "010"}, "geometry": {"type": "Polygon", "coordinates": [[[-105.05559, 39.73474], [-105.0535704510959, 39.73492826303343], [-105.05323836950227, 39.73492953858605], [-105.05323836967338, 39.73495921977621], [-105.05323, 39.73496], [-105.05322728863173, 39.73760846453061], [-105.05322038215176, 39.73815954061426], [-105.05321738358491, 39.73850554015775], [-105.05321638578408, 39.73887754069303], [-105.05321638747735, 39.739293541068044], [-105.05321639007074, 39.73999454141447], [-105.05321639137043, 39.740313541830126], [-105.05321639152957, 39.740367541684776], [-105.0532163909679, 39.740418541393716], [-105.0520823906472, 39.74041154362371], [-105.05093338900939, 39.74035854514692], [-105.05071138806528, 39.740357545517654], [-105.0500453881779, 39.74035754607202], [-105.0498233878208, 39.7403575463183], [-105.04959338712045, 39.7403585467947], [-105.04890638733607, 39.74036254777663], [-105.04867738698265, 39.74036454824354], [-105.04844338642253, 39.74036254810123], [-105.04774138534621, 39.740357549135275], [-105.0475083851899, 39.74035654982512], [-105.0472763854081, 39.74035655004707], [-105.04658438470679, 39.74035755051429], [-105.04635338409811, 39.740358550712656], [-105.04635438225672, 39.73998455080476], [-105.04635937840223, 39.738866550276335], [-105.0463613768359, 39.73849355016529], [-105.04635937578834, 39.73813755012027], [-105.04635537115605, 39.7370695493044], [-105.04635436994916, 39.73671354932506], [-105.0461983690594, 39.73671054928767], [-105.04573236873689, 39.736704549507124], [-105.0456993692884, 39.736704549999544], [-105.04558136901396, 39.73667455042149], [-105.0455833674139, 39.73644154999193], [-105.04559136541728, 39.73574454951227], [-105.04559236524217, 39.73565954947019], [-105.04564136364408, 39.73552054926989], [-105.04563336416528, 39.735468549429605], [-105.04560936334558, 39.73531454938891], [-105.04560136326991, 39.73526354928944], [-105.04559636314204, 39.735229549308414], [-105.04558136201523, 39.73513054950739], [-105.04557736217518, 39.73509754953367], [-105.04557136268322, 39.735048549447775], [-105.04555336192446, 39.734901549174054], [-105.04554736182118, 39.73485354883055], [-105.04549136172346, 39.734850549440885], [-105.0452993616526, 39.73483454928913], [-105.04521036106443, 39.73483454937793], [-105.04513636113131, 39.73484554969398], [-105.04500736073499, 39.73487154970072], [-105.04482936055092, 39.73488054982156], [-105.044585360771, 39.734859550340204], [-105.04448135990056, 39.734844550515575], [-105.04442935999943, 39.73484155079495], [-105.0443853604452, 39.73485255060404], [-105.04432536014593, 39.73487255102686], [-105.04429136050588, 39.73488155039808], [-105.04426535979289, 39.73487855042102], [-105.04421736015883, 39.73485255114407], [-105.04416636001183, 39.73484955067653], [-105.04411035997082, 39.734860550727014], [-105.04407736021125, 39.73487455085732], [-105.04403936036665, 39.73489755096517], [-105.04400936042822, 39.73493855143682], [-105.04399536029, 39.734954550816894], [-105.04397436026551, 39.734962551189064], [-105.04395036019164, 39.734959551690956], [-105.04393235994009, 39.734954551626174], [-105.04378436020455, 39.7349805514061], [-105.0435633605386, 39.73502155140341], [-105.04333735976269, 39.73499855210543], [-105.04318835984688, 39.73498355211642], [-105.04315335908386, 39.73499255267656], [-105.04311135950714, 39.73499555277127], [-105.0430643598292, 39.73500055274777], [-105.04288035940112, 39.73500955274012], [-105.04280335911338, 39.73501455314503], [-105.04275735887272, 39.73501655313015], [-105.04261635955521, 39.734999553384476], [-105.04258835847376, 39.73499955351668], [-105.04256835887033, 39.734999553225634], [-105.04251235914117, 39.73500955366865], [-105.04245435929197, 39.73500355301497], [-105.04241635879085, 39.73499455340296], [-105.04235035890804, 39.73499155325953], [-105.04223535866386, 39.73499855359768], [-105.04219035849681, 39.735018553646675], [-105.04215735902285, 39.735041553689555], [-105.04212435856178, 39.7350575536703], [-105.04209035921467, 39.735060553909584], [-105.04206035836745, 39.735057554090254], [-105.04197335872871, 39.735011553921446], [-105.04190935849705, 39.73496155416482], [-105.04188035788223, 39.73492955374298], [-105.04184635806047, 39.73484655381664], [-105.0418673572804, 39.73476155417393], [-105.04188535747528, 39.73468955400685], [-105.04190335646665, 39.73461755383052], [-105.04173835555684, 39.73424855391538], [-105.04167435472581, 39.73410255369173], [-105.04143435372033, 39.73408855427723], [-105.04071435333329, 39.73404855530616], [-105.04047435314179, 39.73403555548638], [-105.04046735456177, 39.73447755547498], [-105.0404493545825, 39.73447755542725], [-105.04034035468592, 39.73447955608052], [-105.04027135420462, 39.73446955560432], [-105.04021335414454, 39.734469555944045], [-105.04006135405072, 39.73443255656985], [-105.03996535461177, 39.734432555953894], [-105.03988035432417, 39.73442655653978], [-105.03979135408365, 39.734431556683106], [-105.03970935317763, 39.73442855641798], [-105.03964635404456, 39.73441155648287], [-105.03959135343736, 39.73439055728817], [-105.0394683537105, 39.73438155734043], [-105.03941035268687, 39.73438455743113], [-105.03931035295916, 39.734351556975255], [-105.03931735146365, 39.73391955721073], [-105.03933234807003, 39.73305855613859], [-105.03939434802585, 39.733001556392594], [-105.03941434749974, 39.73300255607471], [-105.0394483476968, 39.733003556516096], [-105.03965334806169, 39.73300555575901], [-105.0402703486422, 39.733011554653466], [-105.04047634875883, 39.733013554567215], [-105.04071434876938, 39.73301455409143], [-105.04142834973834, 39.73301955378325], [-105.04166734995434, 39.73302155322688], [-105.04188235039503, 39.73302455306423], [-105.04252835153275, 39.73303355230467], [-105.0427443510735, 39.73303755149953], [-105.04300135165613, 39.733038551785], [-105.0437723522757, 39.733041550169524], [-105.04402935287597, 39.73304255001094], [-105.04390235224221, 39.732990549918874], [-105.04389935157629, 39.7327455499121], [-105.04388834723217, 39.731602549121675], [-105.04388634586972, 39.73135654951025], [-105.04388534565409, 39.73122154953422], [-105.04388434447935, 39.73098354907226], [-105.04388134197994, 39.730271548870164], [-105.04388134100459, 39.73003454835178], [-105.04388134080541, 39.72999654879106], [-105.04388034008245, 39.72978054816122], [-105.04387933870855, 39.72965254816498], [-105.04387633531299, 39.72862354791826], [-105.04387533342695, 39.72828054714688], [-105.04412833414281, 39.72828354705046], [-105.04488833489144, 39.72829254555793], [-105.04514233467536, 39.72829654599664], [-105.04536933535708, 39.728297544981615], [-105.0460523354302, 39.7283025447202], [-105.04628033631448, 39.72830454375705], [-105.04627933439787, 39.72780554386433], [-105.04627832798182, 39.7263085432469], [-105.04627832572798, 39.725809542343804], [-105.04627732632125, 39.72579454219747], [-105.04627732577711, 39.72574954251073], [-105.0462773253502, 39.72573554236686], [-105.04672432629178, 39.725736542185885], [-105.04715432733447, 39.725738541275234], [-105.04742132681696, 39.72574654084707], [-105.04775232705015, 39.725764541099146], [-105.04806432754734, 39.72579054021256], [-105.04816432792988, 39.72579954020107], [-105.04851132896695, 39.72581253975739], [-105.04859032889374, 39.7258145397806], [-105.04875532893504, 39.72582153965591], [-105.04882832888387, 39.725821539517504], [-105.0489083284773, 39.72582153915206], [-105.05266533291724, 39.72580953422964], [-105.05268833223643, 39.72580953431235], [-105.05322438393017, 39.72580766920333], [-105.05323, 39.73311], [-105.05323737632392, 39.73311252784134], [-105.05323736258883, 39.733117537566145], [-105.053251527728, 39.73311737747982], [-105.05443717680048, 39.73352369542039], [-105.05443736557018, 39.73355953601499], [-105.0544373653276, 39.73364753648818], [-105.05467936641743, 39.73364853551634], [-105.05467836592867, 39.73371553565985], [-105.05468536599585, 39.73372753572923], [-105.05502336655746, 39.733731535417206], [-105.05502326878221, 39.73370447802835], [-105.05553526928641, 39.7331055340423], [-105.05554016872006, 39.73310553401812], [-105.05559, 39.73474]]]}}, {"type": "Feature", "properties": {"EQUITY_AREA_ID": "011"}, "geometry": {"type": "Polygon", "coordinates": [[[-105.00287128155892, 39.72590560090112], [-105.00286928283656, 39.72608460088109], [-105.00286228641085, 39.727023601584705], [-105.00286028735243, 39.727337601709436], [-105.0028582883629, 39.727650602043994], [-105.00285429302674, 39.728588602531005], [-105.00285329354594, 39.728902603098106], [-105.00285029518358, 39.72922460312297], [-105.00284329937735, 39.73018960355946], [-105.00284130050794, 39.73051260380779], [-105.00284030116782, 39.7306926047624], [-105.00283930369103, 39.731232605200574], [-105.00283930395497, 39.73141360468098], [-105.00283830483025, 39.731551605134804], [-105.00283830646949, 39.7319666053697], [-105.00283830695786, 39.7321056052691], [-105.00283730807374, 39.73242460600226], [-105.002835311195, 39.73338060614615], [-105.00283531309121, 39.733700606208544], [-105.002834314345, 39.73401760725188], [-105.00283131780348, 39.734971607614774], [-105.00283131868935, 39.735289607983056], [-105.00283032107538, 39.735606607946316], [-105.00282832417882, 39.73656060837576], [-105.00282832504469, 39.7368786094596], [-105.00282832690918, 39.737198609112184], [-105.00282833122971, 39.7381596102921], [-105.00282933163493, 39.7384806101613], [-105.00282533277361, 39.738817610097804], [-105.00281433684573, 39.73982961093338], [-105.00281333865617, 39.740020611232744], [-105.00281833879542, 39.74010061146612], [-105.002831338867, 39.74016561141778], [-105.00267533839917, 39.74016661215428], [-105.00220933749083, 39.740172612729836], [-105.00205433778724, 39.74017561277419], [-105.00195833727193, 39.740175612701584], [-105.00167333710031, 39.74017961291671], [-105.00157933717351, 39.74018161330203], [-105.00015633612557, 39.74021361559042], [-105.00016233521055, 39.740019614771256], [-105.00016133524075, 39.739864615001586], [-105.00016133278018, 39.73947061515987], [-105.00014833039182, 39.73882061396193], [-105.00014232919362, 39.738472613953135], [-105.00014332771437, 39.73815261414441], [-105.00015032352476, 39.73719261257174], [-105.0001533225815, 39.736873612756476], [-105.00015432102927, 39.736553612759934], [-105.00015931778836, 39.735596612197014], [-105.00016131686189, 39.735278611302256], [-105.00016231486849, 39.73496161127411], [-105.0001663119457, 39.734011610479406], [-105.00016831067931, 39.73369561070545], [-104.9998673102991, 39.733693611111654], [-104.99896730958689, 39.73368761238012], [-104.998667308982, 39.73368561307281], [-104.99867031002485, 39.734003613844415], [-104.998679314496, 39.73495761414033], [-104.99868331540286, 39.73527561451973], [-104.99868631644003, 39.73559461485727], [-104.99869632035671, 39.73655361580932], [-104.99870032230622, 39.73687361550905], [-104.99838332207398, 39.736873616471286], [-104.99743432090092, 39.736873618270835], [-104.99711832158744, 39.736873619199464], [-104.99699032139797, 39.73687161929308], [-104.99660932082665, 39.73686862001937], [-104.9964823200705, 39.7368686206372], [-104.99641332052555, 39.73686762012493], [-104.99620932102847, 39.73686562103043], [-104.99614131991265, 39.73686562078238], [-104.99595931944098, 39.736611621300064], [-104.99590531923174, 39.7365476211171], [-104.99581831907426, 39.736443620937486], [-104.99560931721774, 39.73610162156213], [-104.99550731690405, 39.73597962163863], [-104.99530731545438, 39.7357106214377], [-104.9952213147099, 39.73558262200382], [-104.99519231487429, 39.73554062148409], [-104.99498431397976, 39.73526762247762], [-104.99481031201171, 39.73504062255908], [-104.99456131122783, 39.73470762276935], [-104.99446231015317, 39.734553622846164], [-104.99441731027471, 39.734496622830456], [-104.99431530950692, 39.73438662241607], [-104.9941333089936, 39.734155623143636], [-104.99404530773253, 39.73402962267155], [-104.99398630830538, 39.73393662341317], [-104.99393330779078, 39.733863623365], [-104.99385730636816, 39.73373762300831], [-104.99380430684619, 39.73365062365587], [-104.99360730578798, 39.73341462323851], [-104.9934363045429, 39.73316362372118], [-104.9932593034189, 39.73291462371303], [-104.99304330228321, 39.73262762416932], [-104.99295930141382, 39.732501623822046], [-104.99284330134334, 39.73234262421511], [-104.99267930035244, 39.732134624141565], [-104.99247229926578, 39.7318366244319], [-104.99209329649604, 39.73133662517706], [-104.9920232966585, 39.73124062490778], [-104.99194629553449, 39.731111624994774], [-104.99174229434122, 39.730825625760616], [-104.99164129387782, 39.7306716253662], [-104.99155029297188, 39.73056462591544], [-104.99125929203467, 39.730187626086924], [-104.99112629061247, 39.73003962586223], [-104.99104529014353, 39.72992462617209], [-104.99099029091876, 39.729854626090706], [-104.99093028966051, 39.72977662611688], [-104.99085628934652, 39.72967262595093], [-104.99075728916334, 39.72955562609801], [-104.99053728738261, 39.7292346269447], [-104.99047428688776, 39.729152626418404], [-104.99031428714672, 39.72898462666604], [-104.99025028682351, 39.728887627156034], [-104.99025228667517, 39.728872626886876], [-104.99015728556091, 39.72877062662705], [-104.99008828595893, 39.72870462748368], [-104.99003528562739, 39.72863462747371], [-104.98997628481251, 39.72857862681849], [-104.98980528448311, 39.72843562745986], [-104.98971928427673, 39.72836162747772], [-104.98965828330478, 39.728314627485894], [-104.98960928314906, 39.72826262760691], [-104.98955728309973, 39.728222627966026], [-104.9892612829306, 39.728024628458336], [-104.98907428138364, 39.72787862861812], [-104.98896228174537, 39.727778628690125], [-104.98890228090237, 39.72774562921247], [-104.98880228114248, 39.7277096286772], [-104.98874728132417, 39.7276956290898], [-104.9886972809181, 39.72767362884145], [-104.98855328040764, 39.72756662895013], [-104.98832427993186, 39.72742562961595], [-104.9880872796656, 39.72729662991339], [-104.98778427818146, 39.72714163065505], [-104.98754127829262, 39.72700963146293], [-104.98743327744619, 39.726950631134585], [-104.98743927636967, 39.72667463097717], [-104.98744027656275, 39.726623630668996], [-104.98744027535784, 39.72646863065917], [-104.98744327344697, 39.725850630518366], [-104.98744527319602, 39.725644629995344], [-104.98773327305817, 39.725646629236216], [-104.98833727345425, 39.72565162825056], [-104.98859927369263, 39.72565462733632], [-104.98888827293467, 39.72565762694919], [-104.98895027279934, 39.725656627227416], [-104.98913727348666, 39.72565662697841], [-104.98920027384999, 39.7256566267222], [-104.98941827404508, 39.72565762617031], [-104.99007227437907, 39.72566162454785], [-104.99029127393484, 39.72566362466458], [-104.99041227397947, 39.72566462439597], [-104.9907782738898, 39.72566862297418], [-104.99090027447097, 39.7256706226877], [-104.9911532743871, 39.72567062290306], [-104.99191327417893, 39.72567362116978], [-104.99216727439934, 39.72567562033458], [-104.99230027478876, 39.72567561972951], [-104.99269927547452, 39.72567761922408], [-104.9928332752435, 39.72567861937974], [-104.99307027523554, 39.7256796183078], [-104.99378127543565, 39.72568161697572], [-104.99401827521902, 39.725683616450965], [-104.99425427560678, 39.725684615900114], [-104.99496527620224, 39.72569061454341], [-104.99520227603034, 39.72569261433549], [-104.99543927606435, 39.72569361389523], [-104.99615027600528, 39.725697612166705], [-104.99638827665645, 39.725699612054306], [-104.99652527633316, 39.72570161159497], [-104.99693627656359, 39.725707611066035], [-104.99697427701308, 39.72570861028318], [-104.99707427739516, 39.72570761023341], [-104.99717027697282, 39.725706610112084], [-104.99746027725327, 39.72570360972176], [-104.99755727743637, 39.72570360971175], [-104.99858227768787, 39.72571360751343], [-105.00015827836519, 39.72571460450937], [-105.0001632790606, 39.72576760378935], [-105.00017928191151, 39.72648860436363], [-105.00028327929536, 39.72602360421067], [-105.00041827983532, 39.725888603518804], [-105.00066627886883, 39.72579060311935], [-105.00104227966645, 39.72578260343396], [-105.00161928034025, 39.72576560255395], [-105.00287228134572, 39.725771600989425], [-105.00287128155892, 39.72590560090112]]]}}, {"type": "Feature", "properties": {"EQUITY_AREA_ID": "012"}, "geometry": {"type": "Polygon", "coordinates": [[[-105.0532132650317, 39.71135025020067], [-105.05206227476644, 39.71134352687176], [-105.05186027451425, 39.71134252685635], [-105.0512562732278, 39.711342528027224], [-105.05105527415266, 39.7113425284053], [-105.05102027323477, 39.7113415283515], [-105.05091527398534, 39.71133852814102], [-105.05088127307693, 39.7113385280189], [-105.05071227319661, 39.711339528154255], [-105.05020827291932, 39.71134652949823], [-105.0500412729917, 39.71134952952826], [-105.04994027257077, 39.711346529333554], [-105.04963827192812, 39.71133752935803], [-105.04953827152222, 39.71133552970269], [-105.04933227195734, 39.71132953015443], [-105.0487162705121, 39.711312531360754], [-105.04851127105056, 39.71130753126699], [-105.0482192705057, 39.711304531253376], [-105.04734326952737, 39.711296532927854], [-105.04705126959794, 39.71129453337743], [-105.04686026883509, 39.71129353290546], [-105.04628726888244, 39.71129053414099], [-105.04609726806635, 39.711290534243815], [-105.04588226814704, 39.71128853438299], [-105.04523726765825, 39.711285535316385], [-105.04502326768834, 39.711284535708074], [-105.04467226721822, 39.71128153643619], [-105.0436192651027, 39.711275537011346], [-105.04326926577062, 39.7112735380957], [-105.0430322654456, 39.7112725383223], [-105.04232126474805, 39.71127253901539], [-105.04208526430735, 39.711272539181344], [-105.04184526366022, 39.71126953932935], [-105.04112626284996, 39.71126154049862], [-105.04088726329776, 39.711259540554096], [-105.0406512624314, 39.71125854078473], [-105.03994326189846, 39.7112575417631], [-105.03970726147281, 39.71125754256182], [-105.0394642615569, 39.71125454232622], [-105.03873725997576, 39.71124654349929], [-105.03849525994929, 39.71124454404043], [-105.03825325959971, 39.711244544500076], [-105.03753125966988, 39.71124454511297], [-105.0372902591189, 39.71124554547946], [-105.0370502587041, 39.71124254575099], [-105.03633225793422, 39.71123454676789], [-105.03609325737933, 39.71123254698511], [-105.03585225761398, 39.71123254735176], [-105.03513325630483, 39.71123354843895], [-105.03489325630026, 39.711234548749275], [-105.0346512567374, 39.711233549247886], [-105.03392825584328, 39.7112325501454], [-105.0336872548879, 39.71123254967419], [-105.03344225489869, 39.711228550024074], [-105.03270925373684, 39.711219551625746], [-105.03246525357808, 39.71121655186982], [-105.03246425278277, 39.71103755142453], [-105.03246125075053, 39.71050155158148], [-105.03246125087026, 39.71032355122525], [-105.03245824997688, 39.71014755105668], [-105.03245224704445, 39.70962055045835], [-105.03245024708565, 39.7094455503806], [-105.03245024639611, 39.709268550613864], [-105.03245024450094, 39.70874155028601], [-105.03245024298016, 39.70856555023119], [-105.03245124316348, 39.70838954964377], [-105.03245424000598, 39.70786454978248], [-105.03245623986024, 39.70768954928216], [-105.03245523963382, 39.70750154896984], [-105.0324542363439, 39.706940548873256], [-105.03245423581102, 39.70675354864221], [-105.03245323526876, 39.706571548630016], [-105.03245023367313, 39.70602554852236], [-105.03244923198557, 39.70584354845819], [-105.03244923229722, 39.705662548523456], [-105.03244922974008, 39.705119547734654], [-105.03244922888574, 39.704938547748554], [-105.03244822838232, 39.70475654761839], [-105.03244522573722, 39.704210547152236], [-105.0324452257244, 39.704028547349374], [-105.03284722552908, 39.70402854697746], [-105.03405422724627, 39.70403054471381], [-105.03445722785973, 39.7040315443665], [-105.03457422744174, 39.70401954464319], [-105.03492422781666, 39.703983543529795], [-105.03504222770783, 39.703971543694266], [-105.03524722793068, 39.70397254310262], [-105.03586322906398, 39.70397854241561], [-105.03606922899658, 39.70398054229617], [-105.03621122869811, 39.70398154188328], [-105.03663922993704, 39.70398754138334], [-105.0367822293547, 39.70398954127875], [-105.03684422943702, 39.70398954136891], [-105.03703423003532, 39.70399154140101], [-105.0370972298238, 39.7039925414515], [-105.0373032298208, 39.703994540972005], [-105.03792223115948, 39.70400253992405], [-105.03812923091675, 39.70400553988523], [-105.03832623129999, 39.704004539915566], [-105.0385862314921, 39.70400453976938], [-105.0387732312836, 39.703999539501105], [-105.03891923174632, 39.70398953882466], [-105.03911723206026, 39.70397653891375], [-105.03919723176949, 39.703969538816246], [-105.03943823243607, 39.703948538516954], [-105.0395192318195, 39.70394253827364], [-105.03962323232041, 39.70397853781518], [-105.0396732330777, 39.70403853815136], [-105.03970123354387, 39.70414553840233], [-105.03970023454511, 39.70434653777654], [-105.0397002399581, 39.70584653899724], [-105.03970024253593, 39.70634653982917], [-105.039934241463, 39.706181539325165], [-105.04063724046229, 39.705689538182746], [-105.04087223988246, 39.705526537418095], [-105.04110323928343, 39.705362537023525], [-105.04179723870044, 39.70487353626765], [-105.04202923822717, 39.70471053588864], [-105.04223723740424, 39.704563535080446], [-105.04286323625615, 39.70412453412071], [-105.04307223639078, 39.703978533668746], [-105.04314123633276, 39.70400753358507], [-105.04316123614284, 39.70401653346255], [-105.04320323617365, 39.70408853346367], [-105.04320323654628, 39.70421153376118], [-105.04320423717174, 39.704288533634276], [-105.0432022379604, 39.70442153367095], [-105.04319823939937, 39.7048215340624], [-105.04319723996656, 39.704955534114625], [-105.04319624102806, 39.70511453447766], [-105.04319524216548, 39.705592534926794], [-105.04319524303561, 39.70575253439372], [-105.0431962439145, 39.705911534372575], [-105.04319924589453, 39.70638953491295], [-105.04320124661939, 39.70654953489598], [-105.04377624664073, 39.70655353475138], [-105.04550224919731, 39.70656653189158], [-105.04607824928806, 39.70657153132167], [-105.04643025005616, 39.706574531251945], [-105.04748825111888, 39.706585530129246], [-105.0478412518887, 39.706589529443214], [-105.04799025117165, 39.70659052908638], [-105.04843725249177, 39.706595528217136], [-105.0485872516954, 39.706597528000486], [-105.04875825188526, 39.70658652842936], [-105.04888925244845, 39.70655452795923], [-105.04901725177933, 39.70649252755081], [-105.04914125250126, 39.7064185271687], [-105.0493722524169, 39.7063105269147], [-105.04951125131862, 39.70622352728258], [-105.04979125182602, 39.70612052623291], [-105.05086425157427, 39.70590252525203], [-105.05133325228701, 39.7058005240377], [-105.05137125233848, 39.7057925241031], [-105.05277525337598, 39.7058135223829], [-105.0532090123982, 39.705820736221554], [-105.0532132650317, 39.71135025020067]]]}}, {"type": "Feature", "properties": {"EQUITY_AREA_ID": "013"}, "geometry": {"type": "Polygon", "coordinates": [[[-105.0532021626238, 39.69691427316008], [-105.05276421944701, 39.69714951756765], [-105.05179322005957, 39.69783751963396], [-105.05145922076574, 39.69807551998391], [-105.05132122179397, 39.698173519698784], [-105.05090922216414, 39.698467520983975], [-105.0507722226356, 39.69856652092378], [-105.05033122325463, 39.698874521339874], [-105.049012225583, 39.69980052381522], [-105.04857222681242, 39.70010952476143], [-105.04848322638446, 39.700172524766394], [-105.04821922656066, 39.700361525094344], [-105.0481312276331, 39.70042552573676], [-105.04789822658768, 39.70042352600865], [-105.0472012266064, 39.700419526787], [-105.04696922538994, 39.70041852702819], [-105.04680622517768, 39.70041752702823], [-105.04631722508954, 39.70041552723816], [-105.04615522466442, 39.70041552815328], [-105.04599822465477, 39.700414527671356], [-105.04553022407956, 39.70041252821484], [-105.0453742238452, 39.70041252872399], [-105.04517022457043, 39.70041052941895], [-105.04455822331781, 39.70040452936724], [-105.04435522267443, 39.700403529575674], [-105.0442352225767, 39.700401529817206], [-105.04387722231604, 39.700398530545385], [-105.04375822198861, 39.700397530337014], [-105.04349722266117, 39.7003965310189], [-105.04271422120816, 39.70039353227773], [-105.04245422115082, 39.70039253272892], [-105.04224722072816, 39.70039053288931], [-105.04162922077886, 39.700384532974375], [-105.04142322010618, 39.700383533541654], [-105.04130921958497, 39.70038253413836], [-105.04096921934446, 39.700380533832316], [-105.04085621970702, 39.70038053405601], [-105.04073521930704, 39.70037853402588], [-105.04037221875573, 39.70037653494198], [-105.04025121881655, 39.70037553507852], [-105.04019421820999, 39.70037553470238], [-105.04002321871042, 39.70037553521869], [-105.03996721852162, 39.700375535042625], [-105.03979521859839, 39.70037553581746], [-105.03928021808632, 39.70037553604385], [-105.03910921783867, 39.700376536791914], [-105.0390992161071, 39.7000145358712], [-105.03907021191101, 39.69892853584494], [-105.03906121023618, 39.698567535713835], [-105.03906020943477, 39.69820653537139], [-105.03906020440094, 39.69712553453381], [-105.03906020325465, 39.69676553408585], [-105.03929420318127, 39.696765534144646], [-105.03999720420035, 39.69676753316964], [-105.04023220493387, 39.69676853323896], [-105.0404652049413, 39.696769532225986], [-105.04116420496813, 39.696772531821196], [-105.04139820581317, 39.69677453172735], [-105.04163320541242, 39.69677553079379], [-105.04233820633225, 39.69678053011465], [-105.04257420679289, 39.696782530058414], [-105.04280820741847, 39.696781529668954], [-105.04351120825109, 39.696780529111486], [-105.0436482085866, 39.69678052852962], [-105.04373920799297, 39.69674452897101], [-105.04397020785851, 39.69674452790109], [-105.0446642093066, 39.696747527839996], [-105.0448962088826, 39.69674852678387], [-105.04512820961948, 39.69674952707594], [-105.04582521042347, 39.69675352612358], [-105.0460582109132, 39.69675552550309], [-105.046058209369, 39.69639652581017], [-105.0460582042193, 39.69531852489046], [-105.04605920354446, 39.69496052503957], [-105.0460592022238, 39.694597524262136], [-105.0460611976158, 39.6935105234929], [-105.04606319627148, 39.69314852370963], [-105.04606619517337, 39.692923523414045], [-105.046068194582, 39.69290352323087], [-105.04608019469522, 39.692790523196884], [-105.04610219452661, 39.69265352327046], [-105.04617719308165, 39.692419522831926], [-105.04627419239955, 39.69223252321193], [-105.04628619242952, 39.69221252287816], [-105.04641919177402, 39.69200852281316], [-105.04618819151285, 39.69191652233822], [-105.04592819079089, 39.6918145225574], [-105.04577218999025, 39.69176352289372], [-105.04560319054703, 39.691735523230186], [-105.0454741894886, 39.69172852348981], [-105.04539718960446, 39.69172552376409], [-105.04522618959919, 39.69172652342095], [-105.04522918836422, 39.69128352377737], [-105.04523818197451, 39.68995652305224], [-105.04524218020829, 39.689514522260446], [-105.04542718138036, 39.689514522452654], [-105.04598218181032, 39.68951752146902], [-105.04616818144619, 39.68951852141435], [-105.04635218235995, 39.68951852079408], [-105.04690618256298, 39.68952152059695], [-105.04709118311362, 39.68952252063654], [-105.04727618250377, 39.68952352038047], [-105.04783218329467, 39.68952651901945], [-105.04801818351406, 39.68952851940889], [-105.04821618403506, 39.68952951901041], [-105.04881218498105, 39.68953251808196], [-105.04901118461056, 39.689533518377004], [-105.04921718553251, 39.689533517489], [-105.04983718529782, 39.689535517134], [-105.05004418589702, 39.6895365165885], [-105.05024818570057, 39.6895375168105], [-105.05086318710191, 39.68954051601134], [-105.0510691874555, 39.689541515244834], [-105.05127518664344, 39.689542515013656], [-105.05189618741073, 39.68954751412348], [-105.0521031874948, 39.68954951422], [-105.05233718836422, 39.68955251383725], [-105.05260818856088, 39.689555513262725], [-105.05264118859614, 39.68955651338681], [-105.05284818934183, 39.689559513740896], [-105.05304118873353, 39.68956251275031], [-105.05319651057218, 39.689565156791986], [-105.0532021626238, 39.69691427316008]]]}}, {"type": "Feature", "properties": {"EQUITY_AREA_ID": "014"}, "geometry": {"type": "Polygon", "coordinates": [[[-105.01932248911893, 39.7910857740509], [-105.01926548952838, 39.79108677437462], [-105.01907248876671, 39.791086774401826], [-105.01816648795955, 39.79108577552507], [-105.01814348688656, 39.79108477624952], [-105.01712148561089, 39.79108477710249], [-105.01700148517082, 39.79108477763657], [-105.01698448507469, 39.791083777529316], [-105.01586748378189, 39.79107977877211], [-105.01584248408088, 39.791079778666344], [-105.0158454827964, 39.79071077705263], [-105.01585548063568, 39.789605772776696], [-105.01585947983693, 39.78923777119652], [-105.0158574797573, 39.789090770106725], [-105.01585447778798, 39.78865176866953], [-105.01585347834224, 39.78850576778919], [-105.01585147775018, 39.788292767282485], [-105.01584647538792, 39.787653764362915], [-105.01584547534061, 39.787440763397036], [-105.01584647455014, 39.78707676161481], [-105.01585047171044, 39.78598775656865], [-105.01585247153119, 39.78562575546125], [-105.01585147118055, 39.78530075368246], [-105.01584846803415, 39.7843277493623], [-105.01584846825676, 39.78400374856747], [-105.01584646723127, 39.783917747999766], [-105.01584646679964, 39.78384074784775], [-105.01584446668781, 39.783715746884305], [-105.01623946752123, 39.783723746165], [-105.01817147118757, 39.78371774365914], [-105.01949147310792, 39.78371374208455], [-105.01977347351449, 39.78372374153057], [-105.0201104735115, 39.78375374116375], [-105.02034347377723, 39.78378774116671], [-105.02077247518585, 39.783836741093985], [-105.02165047620305, 39.784001740130925], [-105.02185747663412, 39.784040740044766], [-105.0222254773207, 39.78409974005231], [-105.02333747930578, 39.78428073924718], [-105.02394448071631, 39.78433973832665], [-105.02439848137796, 39.78436573766702], [-105.02502248223281, 39.78439173752816], [-105.02509448281137, 39.784394737127954], [-105.02514748321914, 39.78439373678873], [-105.02514048279284, 39.78456873824046], [-105.02513848362081, 39.7846527382974], [-105.02514148440177, 39.78484373884996], [-105.02515048518937, 39.78541974141366], [-105.02515548603357, 39.785611742501764], [-105.02515148634471, 39.785982743900796], [-105.02514348920766, 39.787096749242], [-105.02514049009501, 39.787468750594215], [-105.02513949156005, 39.787823751927135], [-105.02513449366242, 39.78889375702273], [-105.0251344946591, 39.78924975832074], [-105.02513149485317, 39.78958875926109], [-105.02512149797622, 39.79060476437092], [-105.02511952513836, 39.79094028981151], [-105.02511, 39.79094], [-105.024651, 39.794066], [-105.02380220416718, 39.79368875740764], [-105.02369750278216, 39.79360077898907], [-105.02363050230717, 39.79355077913422], [-105.02355950200949, 39.79350677854312], [-105.02345850163813, 39.79346177927502], [-105.02337750193409, 39.793436778889415], [-105.02329250137677, 39.79341877926806], [-105.02318450135074, 39.7934057787773], [-105.0231616454491, 39.793404064644044], [-105.02313, 39.79339], [-105.02308962945304, 39.79340330649313], [-105.02304050131336, 39.79340377891491], [-105.02295550115983, 39.79341077947815], [-105.02277550065476, 39.79344777959408], [-105.02269450079754, 39.79347477994902], [-105.02262450047385, 39.793502780433734], [-105.02246050029908, 39.79359878119343], [-105.02242573148618, 39.793622133197296], [-105.02134, 39.79398], [-105.02184, 39.79299], [-105.02104756776579, 39.79310714215636], [-105.0207474961466, 39.79304078080876], [-105.02069621356723, 39.79303137915837], [-105.02079, 39.79109], [-105.01977691297238, 39.79109370415732], [-105.01932248911893, 39.7910857740509]]]}}, {"type": "Feature", "properties": {"EQUITY_AREA_ID": "015"}, "geometry": {"type": "Polygon", "coordinates": [[[-104.97336835419642, 39.7497326783069], [-104.97336735539884, 39.75011767960271], [-104.97336735609454, 39.75048068095115], [-104.973367355985, 39.75073068190584], [-104.97311835628128, 39.750730682471406], [-104.97237135481613, 39.750730683698784], [-104.97212335506764, 39.750730684840924], [-104.9718753553191, 39.750730685460425], [-104.97113435373498, 39.7507326863423], [-104.97088835453442, 39.75073368731533], [-104.97064235347152, 39.750731687620686], [-104.96990535325911, 39.750726688816265], [-104.96966035281054, 39.7507256895226], [-104.96941535296541, 39.750725690370494], [-104.96868035224946, 39.75072569165008], [-104.9684353523907, 39.75072569225917], [-104.96818535148303, 39.7507236927801], [-104.96743735166079, 39.75072069406048], [-104.96718835132577, 39.75071969493812], [-104.96694035154117, 39.750719695065726], [-104.96619935091252, 39.75071969690749], [-104.96595235046976, 39.75072069743297], [-104.96570535002, 39.750721697440056], [-104.96496634970492, 39.7507246998455], [-104.96472034971818, 39.750726700280886], [-104.96446834943288, 39.7507257006735], [-104.9637133489601, 39.75072570241793], [-104.96346234800596, 39.75072570225671], [-104.96321634808926, 39.75072570275373], [-104.96248134807992, 39.750727704450156], [-104.96223634794596, 39.750729705161135], [-104.96198934703115, 39.750727705326945], [-104.96125134659667, 39.750721707450644], [-104.96100534617612, 39.75072070807844], [-104.96075934624237, 39.75072070794306], [-104.96002134617136, 39.75072270935231], [-104.95977634547738, 39.750723710595096], [-104.95977534483984, 39.75047070918233], [-104.9597723431802, 39.74971470675229], [-104.95977134302336, 39.749462706797615], [-104.95977134166779, 39.749210706000206], [-104.95977533991677, 39.74845770577656], [-104.95977733888482, 39.74820670571141], [-104.95978033801651, 39.747953705310216], [-104.95979033520021, 39.74719470495133], [-104.95979433462935, 39.74694270429408], [-104.96003733439352, 39.74694270445068], [-104.96076733476731, 39.746942702894216], [-104.96101133561287, 39.746942702023944], [-104.96125633520623, 39.746942701617236], [-104.96199433589183, 39.74694469975259], [-104.96224033589395, 39.7469456998196], [-104.96248533598143, 39.74694669930867], [-104.96322133618683, 39.74694969747494], [-104.96346733737688, 39.74695069678376], [-104.96372733695543, 39.746950696570906], [-104.9645073380107, 39.74695069429782], [-104.9647673375686, 39.746950694489286], [-104.96476633736441, 39.74677569406622], [-104.9647643355199, 39.74625069366869], [-104.96476433524239, 39.74607569324468], [-104.96501033452772, 39.74607669293628], [-104.96574833521782, 39.74608269179178], [-104.96599433563685, 39.74608569073322], [-104.96623933515352, 39.74608269062301], [-104.96660633583568, 39.746080689769414], [-104.9669743362956, 39.74608468899907], [-104.96721933684414, 39.74608768805618], [-104.9674643368931, 39.74608368744962], [-104.96785833741845, 39.74607768697871], [-104.96819933685413, 39.746083685874744], [-104.96844433743611, 39.7460886854842], [-104.96844333825749, 39.74626868550519], [-104.96844233994588, 39.74680968617016], [-104.9684423400899, 39.74699068680396], [-104.96844234056573, 39.74710868698843], [-104.96878634111023, 39.74709068570944], [-104.96897834073997, 39.74706368532344], [-104.96939834068627, 39.74696768442136], [-104.96968034071945, 39.74696168348395], [-104.96992034123625, 39.74696268369332], [-104.97064134227126, 39.746968681526404], [-104.97088234219136, 39.746970681316746], [-104.97114534265349, 39.74697068090939], [-104.97193734261832, 39.7469706788079], [-104.97213134261818, 39.74697067909759], [-104.97221634297802, 39.74697067844757], [-104.97222434316458, 39.746984678394085], [-104.97226434336915, 39.746971678195706], [-104.97235534273362, 39.74697267797657], [-104.97237634342197, 39.746972678462555], [-104.97241034309616, 39.74697267867741], [-104.97274034374985, 39.746975677981425], [-104.9727813440464, 39.74697567793016], [-104.97334934393311, 39.74698267590995], [-104.9733453455426, 39.747536676729986], [-104.97335434791806, 39.74793167735283], [-104.97336034874826, 39.74814467685892], [-104.9733663491825, 39.748367677437265], [-104.97336435028897, 39.74867967748369], [-104.97336935257941, 39.74948367787253], [-104.97336835419642, 39.7497326783069]]]}}, {"type": "Feature", "properties": {"EQUITY_AREA_ID": "016"}, "geometry": {"type": "Polygon", "coordinates": [[[-105.00645644358322, 39.77953774185749], [-105.00645644482539, 39.780003744484866], [-105.00645644483087, 39.780159744563406], [-105.00645444559488, 39.78052374593753], [-105.00645044846863, 39.7816187510423], [-105.00644944953928, 39.78198375253925], [-105.00644844951054, 39.78209775316968], [-105.00644545050092, 39.78244175450388], [-105.00644545084668, 39.782556755439124], [-105.00644245085176, 39.78261575508886], [-105.0064324503131, 39.78279475650873], [-105.00643045068858, 39.78285475647747], [-105.00643545109773, 39.78314875772265], [-105.00627545124904, 39.7831527577619], [-105.00621345086424, 39.78315775853206], [-105.00545145057838, 39.783217758998646], [-105.00496245024873, 39.783302760228004], [-105.00399844878443, 39.78343876247817], [-105.00393644885298, 39.783447762789045], [-105.0035324474647, 39.783474763222195], [-105.00313044780577, 39.78350176351187], [-105.00286144707778, 39.78351476395067], [-105.00259144639327, 39.783508764607994], [-105.0023344456259, 39.783478764733694], [-105.00213844520222, 39.783435765404725], [-105.00198844555555, 39.78340276491526], [-105.00168844442955, 39.78331376496754], [-105.00154244468143, 39.78326976484621], [-105.00123144398705, 39.783185765366376], [-104.99985644099544, 39.78281476601138], [-104.99939844014528, 39.78269176627534], [-104.99918743923472, 39.78263476589356], [-104.99855443852992, 39.782463766975404], [-104.99834443823288, 39.782406767532194], [-104.99832743742256, 39.781976765083236], [-104.99830043555674, 39.78125476222628], [-104.99816842901706, 39.77779974739304], [-104.99812542645458, 39.776648743080735], [-104.99814042640385, 39.77662974267169], [-104.99818842605518, 39.7765727425095], [-104.9982044261554, 39.776554742488834], [-104.99844142656866, 39.7765557415554], [-104.99915142747933, 39.776558739742875], [-104.99938942824434, 39.776559739355214], [-104.99962742784246, 39.77656073938209], [-105.00034142900556, 39.77656373748667], [-105.00057942978516, 39.77656473739536], [-105.00081242979293, 39.77656773670923], [-105.00151543116826, 39.77657773595259], [-105.00174943148171, 39.776581735582255], [-105.00199343087463, 39.77658273550137], [-105.00272543231152, 39.776588734149755], [-105.00296943280554, 39.776590734489154], [-105.0032124336424, 39.77658473401449], [-105.00394443442649, 39.77656873268116], [-105.00418843419338, 39.77656373233665], [-105.00443643515989, 39.77656073158904], [-105.0051804355658, 39.77655173070532], [-105.00542943671559, 39.77654973090563], [-105.00563143692155, 39.776548730213904], [-105.00624043738196, 39.77654472899668], [-105.00644343785093, 39.77654472904173], [-105.00644543858674, 39.7770407308617], [-105.00645144211855, 39.77852873756812], [-105.00645444329854, 39.77902574024142], [-105.00645444297685, 39.779096740361084], [-105.00645644390367, 39.77931074072941], [-105.00645744392641, 39.77938274116717], [-105.00645644358322, 39.77953774185749]]]}}, {"type": "Feature", "properties": {"EQUITY_AREA_ID": "017"}, "geometry": {"type": "Polygon", "coordinates": [[[-104.9733523730261, 39.76179573072016], [-104.9733503731696, 39.76205373223361], [-104.97310537272628, 39.76203473229552], [-104.9728973730568, 39.76201973259447], [-104.97272237226076, 39.76201573342225], [-104.97237137224143, 39.76201573407701], [-104.97212637214452, 39.76201673418336], [-104.97089036997538, 39.762006737296545], [-104.96988036988705, 39.76200473917695], [-104.96966836897798, 39.76200473982756], [-104.96842936797101, 39.76200274206895], [-104.96818136796736, 39.76200274318958], [-104.96743636662254, 39.76200474467906], [-104.96718936730605, 39.762005745279374], [-104.96694436655795, 39.76200374527213], [-104.96620936602912, 39.7620007468348], [-104.96596536599623, 39.76199974727065], [-104.96571736596204, 39.76199974860382], [-104.96497636510139, 39.76199974959079], [-104.96472936455922, 39.76200075042771], [-104.96447536368993, 39.76200075067746], [-104.96371336338139, 39.76200075265212], [-104.96345936365837, 39.762000753416764], [-104.96321236269972, 39.7619987536367], [-104.96247336248695, 39.761992754927604], [-104.96222736220084, 39.76199175559321], [-104.9619793621398, 39.76199175625612], [-104.96123836098386, 39.76199375751764], [-104.96099136034738, 39.76199475861668], [-104.96074536053432, 39.76199475863381], [-104.96000735965784, 39.76199676048728], [-104.95976235971756, 39.761998760725014], [-104.95976335946497, 39.76174875978388], [-104.9597663581864, 39.761002756698666], [-104.9597683584896, 39.760753755498406], [-104.95976735798713, 39.76049875373979], [-104.9597643567327, 39.759736750257595], [-104.95976335671108, 39.75948274995108], [-104.95976435641909, 39.75923274877473], [-104.95977135560942, 39.7584847449436], [-104.95977335464919, 39.758235744404296], [-104.96001635504992, 39.7582357435268], [-104.96074935538779, 39.75823574179554], [-104.9609933558503, 39.758235741681446], [-104.96123835639544, 39.7582357411359], [-104.96197235658096, 39.75823773945959], [-104.96221835770248, 39.758238738491706], [-104.96246635731832, 39.75823873828451], [-104.9632123579922, 39.75823973709841], [-104.96346135819884, 39.75824073640178], [-104.96371435886626, 39.75823973590057], [-104.96447735933404, 39.758237733760495], [-104.96473135940764, 39.758237733564805], [-104.96497635927068, 39.7582387330873], [-104.96571436077379, 39.758244731550974], [-104.96596036013142, 39.758246730605734], [-104.96620636132435, 39.75824573081835], [-104.9669443618908, 39.75824572849535], [-104.96719136137294, 39.758245728214064], [-104.96743836202204, 39.75824572741975], [-104.96817936276814, 39.758245726424654], [-104.9684273623194, 39.75824572536626], [-104.96867536302385, 39.75824572559188], [-104.9694213641359, 39.75824572313784], [-104.96967036374255, 39.75824572306784], [-104.96991736374024, 39.75824472272707], [-104.97065836429148, 39.75824272104488], [-104.97090636495803, 39.75824272017243], [-104.9711513647417, 39.75824171995976], [-104.97188836611122, 39.75824171817594], [-104.9721343665885, 39.75824171745042], [-104.97237936645494, 39.75824271687467], [-104.97311336715322, 39.758245715722076], [-104.97335936776953, 39.75824771552993], [-104.9733573677829, 39.758336715425095], [-104.97335136792408, 39.75860571728542], [-104.97335036749871, 39.75869571688273], [-104.97333436870764, 39.75951472095753], [-104.97333636975334, 39.75965272169849], [-104.97333736969568, 39.759721722063645], [-104.97334737041419, 39.76042772513523], [-104.97335237148717, 39.76076572683724], [-104.97335737186395, 39.761022727601926], [-104.97336037115038, 39.76115772809422], [-104.9733523730261, 39.76179573072016]]]}}, {"type": "Feature", "properties": {"EQUITY_AREA_ID": "018"}, "geometry": {"type": "Polygon", "coordinates": [[[-104.98741737149052, 39.753204663154605], [-104.98739437247183, 39.75412166783188], [-104.98738737336399, 39.75442766853966], [-104.98738737368697, 39.754475668945], [-104.98738937378937, 39.75462266999362], [-104.98739037383815, 39.7546716699918], [-104.98739237435439, 39.754862670644755], [-104.98739937483764, 39.75543567326933], [-104.98740237513182, 39.75562767436433], [-104.98740137564673, 39.75578067426718], [-104.98739937688593, 39.75624067712164], [-104.98739937712809, 39.7563946774858], [-104.98739337727608, 39.756517677630065], [-104.9873753778181, 39.75688967996447], [-104.98737037763252, 39.757013680581146], [-104.98720537771095, 39.75713668069818], [-104.98671337847422, 39.75750468397629], [-104.98654937831996, 39.75762868456367], [-104.9863093786141, 39.75781468597979], [-104.98558837925461, 39.758374689570545], [-104.98534937884462, 39.758561691310014], [-104.985176378422, 39.75842669070346], [-104.98466037669574, 39.758021690525375], [-104.9844883763139, 39.757887690289834], [-104.98431137702651, 39.75775469015335], [-104.98378037501837, 39.75735568897204], [-104.98360337454169, 39.75722368927376], [-104.98342837399207, 39.757087689189945], [-104.98290337290909, 39.75667968822114], [-104.9827293724192, 39.756544687594634], [-104.98255637264921, 39.75640968749794], [-104.9820373715044, 39.75600768665357], [-104.98186437165843, 39.75587368704762], [-104.98210437074367, 39.755687685528414], [-104.98282637091165, 39.755129681388], [-104.98306737037964, 39.75494468021634], [-104.98330837047386, 39.75475767905507], [-104.98403136966988, 39.7541976750096], [-104.98427337011735, 39.754011673272494], [-104.98451536985576, 39.75382067229685], [-104.98524336899374, 39.753248668526204], [-104.98548636895191, 39.7530586669419], [-104.98531336915661, 39.75292666634446], [-104.98479436782469, 39.75253066566401], [-104.98462136794105, 39.75239966555971], [-104.98444736731474, 39.75226266502994], [-104.98392736606809, 39.75185466444682], [-104.9837543662346, 39.751719664933894], [-104.98358236487867, 39.7515906644176], [-104.98306736457042, 39.751203663914325], [-104.98289636338423, 39.751074663150035], [-104.98272136312585, 39.75093266314791], [-104.9821983626531, 39.75050766285968], [-104.98202436246946, 39.750366662323785], [-104.98183936140295, 39.7502366616487], [-104.9812863598779, 39.749846662141906], [-104.9811023591656, 39.749716661978255], [-104.98053135695687, 39.74925866322617], [-104.98028035694296, 39.749056663326996], [-104.9796873539528, 39.74858166471088], [-104.97887535220832, 39.74799966604975], [-104.97818734915644, 39.74750766648319], [-104.9782953496433, 39.74752366663175], [-104.97837434931077, 39.74753566614123], [-104.97862134939655, 39.74753566546192], [-104.97873134937356, 39.74753666522601], [-104.97896335008508, 39.74753766468977], [-104.9796623508561, 39.747540663687616], [-104.97989535034411, 39.7475416630279], [-104.98008635046085, 39.747542662807554], [-104.98066135181453, 39.747548661157474], [-104.9808533514776, 39.74755066114979], [-104.98089935173459, 39.74755066141095], [-104.98103735211423, 39.74755166093289], [-104.98108435190487, 39.74755266077477], [-104.98133135161005, 39.7475536604591], [-104.98168835173983, 39.74755465958032], [-104.98207235192127, 39.747556658208126], [-104.98232035273169, 39.74755765842114], [-104.98257535227074, 39.74755765761073], [-104.98313435334019, 39.747558656745696], [-104.9833433537808, 39.74755865578938], [-104.98360035316415, 39.74755865523295], [-104.98366935377048, 39.747559655107864], [-104.98387635407062, 39.74756365513231], [-104.98394635425984, 39.74756565447367], [-104.98412935339026, 39.74756465454031], [-104.98422735348512, 39.74756465445965], [-104.9846783540061, 39.74755565275513], [-104.98477035368457, 39.7475546532193], [-104.9848613539168, 39.74755565233626], [-104.9849483546321, 39.74755265289864], [-104.9850063540334, 39.74755265273005], [-104.985101354801, 39.74755465270411], [-104.98538635425275, 39.74757265183631], [-104.98544135453042, 39.747577651491405], [-104.98548935496687, 39.74758365179011], [-104.98558435559602, 39.747603651347504], [-104.98568635429814, 39.74753365091796], [-104.98611535534047, 39.74753364977624], [-104.98721135571397, 39.747529648004644], [-104.9873963552531, 39.74735264736776], [-104.98741035517979, 39.74736464768393], [-104.98740736189501, 39.748918648431776], [-104.9874003661466, 39.75024265025949], [-104.98739936625901, 39.75035565066969], [-104.98739936618834, 39.75069565207442], [-104.98739936712245, 39.750809652969096], [-104.98739736709959, 39.75096465368588], [-104.98739336749475, 39.751431655883216], [-104.98739336827595, 39.75158765601876], [-104.98739836849774, 39.75180565771298], [-104.98741437022275, 39.75246066048923], [-104.98742037027507, 39.75267966080808], [-104.98742137069199, 39.75272366121063], [-104.98742437078997, 39.75285566150811], [-104.98742537121184, 39.75289966190776], [-104.98741737149052, 39.753204663154605]]]}}, {"type": "Feature", "properties": {"EQUITY_AREA_ID": "019"}, "geometry": {"type": "Polygon", "coordinates": [[[-105.06262, 39.67927899029437], [-105.06209515578473, 39.67883949699573], [-105.06143215235056, 39.67826549743523], [-105.06101515137298, 39.67804849721472], [-105.0603511370138, 39.677962276082255], [-105.06033, 39.67795], [-105.05779, 39.6787], [-105.0578, 39.68227], [-105.0574630511333, 39.68227950387344], [-105.05727516470884, 39.68227950408848], [-105.0572101640486, 39.68227850452917], [-105.05652816327732, 39.68227250514803], [-105.05559816300112, 39.68226750567615], [-105.05323116056377, 39.682298508676396], [-105.05327414772185, 39.679165506609536], [-105.05327414536971, 39.67863250626912], [-105.05327514441409, 39.6782385063989], [-105.05327613964367, 39.677033505953716], [-105.05327713681987, 39.67650150518266], [-105.05327613654721, 39.67633650510947], [-105.05327613363029, 39.67568050458428], [-105.05327213332767, 39.675543504645866], [-105.0532631315279, 39.67513250447795], [-105.05326113194579, 39.67504450447112], [-105.05332013187756, 39.67504450438731], [-105.05726813582126, 39.67503249994836], [-105.0586341371956, 39.675028498814484], [-105.06209214082062, 39.675018494402266], [-105.06262, 39.67501556153938], [-105.06262, 39.67927899029437]]]}}, {"type": "Feature", "properties": {"EQUITY_AREA_ID": "020"}, "geometry": {"type": "Polygon", "coordinates": [[[-105.04629748086879, 39.771506650779415], [-105.0462904838986, 39.77259765607416], [-105.0462884839679, 39.77296165743096], [-105.04628748568541, 39.7733216591539], [-105.04628748873415, 39.77440266360848], [-105.04628748893639, 39.77476366511536], [-105.0462884899885, 39.77512566656185], [-105.04629449346331, 39.776214671460586], [-105.04629649427004, 39.7765776735926], [-105.04606849384547, 39.77657767379722], [-105.0453844929402, 39.77658067456795], [-105.04515749218156, 39.77658167480118], [-105.04492249234204, 39.77658067483289], [-105.04421749084193, 39.77658067581145], [-105.0439824903341, 39.77658067640035], [-105.04373249008366, 39.77660567659184], [-105.04298648940087, 39.77668267817135], [-105.04273748923568, 39.77670867896739], [-105.04251448909805, 39.77670667873313], [-105.04184648837396, 39.776701680020736], [-105.04162448790505, 39.77670068082417], [-105.0413874869904, 39.77669968042139], [-105.04067948644403, 39.776696681758175], [-105.0404434858784, 39.77669568245701], [-105.04044648543194, 39.7764106807242], [-105.04045948308091, 39.77555867664462], [-105.04046348211659, 39.77527467572317], [-105.04046248132295, 39.774994674910594], [-105.04046248009341, 39.774157670605454], [-105.04046247890152, 39.77387866970893], [-105.0404654781587, 39.77359866814994], [-105.04047747636353, 39.77276066457092], [-105.0404824753548, 39.772481663229634], [-105.04048247437633, 39.772174662345776], [-105.0404854715218, 39.7712546583179], [-105.04048647124364, 39.77094865643107], [-105.0404904706355, 39.770650655103005], [-105.04050446854856, 39.76976065136615], [-105.04050946731569, 39.76946364993965], [-105.04074346809278, 39.7694606496623], [-105.04144846888468, 39.76945464882427], [-105.04168446865215, 39.76945364853299], [-105.04192046862319, 39.769440648224624], [-105.04262946939626, 39.76940164745037], [-105.0428664697245, 39.76938964706874], [-105.04402247151633, 39.76936964485407], [-105.04515947297686, 39.76938864308488], [-105.04538647378645, 39.769387642935314], [-105.04606747424556, 39.76938764176492], [-105.04629547462832, 39.769387641652315], [-105.04629647564468, 39.76973864312865], [-105.04629947874817, 39.77079164817973], [-105.0463004791702, 39.771143649203886], [-105.04629748086879, 39.771506650779415]]]}}, {"type": "Feature", "properties": {"EQUITY_AREA_ID": "021"}, "geometry": {"type": "Polygon", "coordinates": [[[-104.84710921456863, 39.79824017844121], [-104.84553721237431, 39.79820018212857], [-104.84280020787884, 39.79817018775156], [-104.84231720724785, 39.798165189375304], [-104.83903420181608, 39.79813819605474], [-104.83876420086477, 39.798136196769164], [-104.8356831955719, 39.79811620370332], [-104.83563419589396, 39.79761520161498], [-104.83564419688707, 39.79692819774861], [-104.83564519710848, 39.79678919713171], [-104.83565219753964, 39.79637519540577], [-104.83565419823259, 39.79623719473986], [-104.83565519815006, 39.79610019356593], [-104.83566219906433, 39.79569019159745], [-104.83566419826796, 39.79555419126947], [-104.83566519837534, 39.79540719084891], [-104.83566919930358, 39.79496618797663], [-104.83567119986733, 39.79482018750381], [-104.83567320026422, 39.7946501869253], [-104.83568020028464, 39.79414418431972], [-104.8356831999362, 39.79397518367156], [-104.83568420026315, 39.79382618277922], [-104.83569120083978, 39.79338218022258], [-104.83569420101615, 39.79323417951152], [-104.83619320168773, 39.793237178872644], [-104.8376932042419, 39.7932481752229], [-104.83819320551089, 39.79325217417952], [-104.83837020508294, 39.79325317415507], [-104.83890120616441, 39.79325617249852], [-104.83907920624972, 39.793258172263236], [-104.83924420690971, 39.793259172033785], [-104.8394222069291, 39.79326217102118], [-104.83952620726527, 39.79326817097002], [-104.83960620792101, 39.7932821710775], [-104.83973920818498, 39.793314170924674], [-104.8398892081802, 39.79337517105054], [-104.83998720835397, 39.793430171124044], [-104.84003620846127, 39.793458171000296], [-104.84026220864541, 39.79363117127652], [-104.84035220826145, 39.79370117187281], [-104.84048020804534, 39.79379617159627], [-104.84086720893191, 39.79408117228851], [-104.84099720897042, 39.79417617271649], [-104.84112620875707, 39.79427117280336], [-104.8415132090395, 39.79455617308928], [-104.84164320965888, 39.79465117368093], [-104.84177020996496, 39.79474617356596], [-104.84215420997451, 39.795034173931406], [-104.84228220989793, 39.79513017406376], [-104.84241120979382, 39.795222174368206], [-104.84280021034353, 39.7955001751422], [-104.84293021102283, 39.7955931747787], [-104.84306121039964, 39.795684174952775], [-104.84313321063533, 39.79573417539708], [-104.84335521070561, 39.79585717549033], [-104.84348421084505, 39.79591317492519], [-104.8436322112484, 39.79597817509982], [-104.84376321196626, 39.79603217508567], [-104.84391621157934, 39.79608717563121], [-104.84400221172623, 39.79611117471712], [-104.84407721202248, 39.796132175401], [-104.84433321176996, 39.79619817514326], [-104.84451921231673, 39.79623717454347], [-104.84471721256548, 39.796270174427264], [-104.84489521322122, 39.79629317430861], [-104.84507721308317, 39.79630717328201], [-104.84516421342782, 39.79631017353052], [-104.84526721343312, 39.79631517297963], [-104.84555821373863, 39.79631617257667], [-104.84573621466984, 39.79631417228467], [-104.84627221519291, 39.79631117109708], [-104.84645121556541, 39.79631017050895], [-104.84659521585775, 39.7963071705303], [-104.84703021632617, 39.79630216891688], [-104.84717521725668, 39.796301168753594], [-104.84717821594434, 39.79668917084707], [-104.84718721576408, 39.79785517627725], [-104.8471912152732, 39.79824417802006], [-104.84710921456863, 39.79824017844121]]]}}, {"type": "Feature", "properties": {"EQUITY_AREA_ID": "022"}, "geometry": {"type": "Polygon", "coordinates": [[[-104.93186233244958, 39.762179821194714], [-104.93186233266375, 39.76269782311663], [-104.9318623324317, 39.76287182399556], [-104.93186133240525, 39.76294482495948], [-104.93186033270867, 39.76316482553148], [-104.9318603329049, 39.76323882565704], [-104.93186033325617, 39.76335082693885], [-104.9318603330969, 39.76368582830222], [-104.93186033352323, 39.76379882841081], [-104.93186033318445, 39.76393582961595], [-104.93186033348539, 39.76434883088531], [-104.93186033438147, 39.76448683181373], [-104.93185833410207, 39.76471883248177], [-104.93185533489891, 39.765414836242606], [-104.93185533430973, 39.76556583649836], [-104.93183233503841, 39.76564383711505], [-104.93168733496452, 39.76561883705605], [-104.93157633445422, 39.765612837639736], [-104.93145433426545, 39.76560783787753], [-104.93080333333886, 39.76559383877597], [-104.93054633323344, 39.76558884001227], [-104.93031333332551, 39.76558984002467], [-104.92961533261716, 39.76559484162635], [-104.9293833317394, 39.76559784232826], [-104.92914333157353, 39.76559784237327], [-104.92842633047235, 39.76559984462039], [-104.92818833069089, 39.765601844716805], [-104.92794733029432, 39.76560184557089], [-104.92722632946858, 39.76560384719163], [-104.92698632924369, 39.76560484708774], [-104.92674532881476, 39.765604848182896], [-104.92602532805988, 39.76560684911957], [-104.92578632794698, 39.76560885029064], [-104.92555332785327, 39.765608850142364], [-104.9248543274637, 39.76561085182532], [-104.92462232745811, 39.765612852410655], [-104.92450532729967, 39.76561285239994], [-104.92415532695524, 39.76561385360629], [-104.92403932693912, 39.765614853267344], [-104.92392232681537, 39.76561385383232], [-104.92357432576677, 39.76561285459717], [-104.92345832578862, 39.765612854840796], [-104.92322932518059, 39.7656138550161], [-104.92254432483023, 39.76561685728338], [-104.92231632430074, 39.76561885763237], [-104.92231932460595, 39.765257856001526], [-104.92232332470266, 39.76478585318171], [-104.92230932435866, 39.76417585098372], [-104.92230132391707, 39.7638158489568], [-104.92230132400194, 39.763632848502624], [-104.92230132281546, 39.76308784604483], [-104.92230132283176, 39.76290584528727], [-104.92230132264264, 39.76272684375703], [-104.92230132308285, 39.762191841295596], [-104.92230132281776, 39.76201384036505], [-104.9224553228446, 39.76202084043638], [-104.92253532235871, 39.76202084023461], [-104.92323932377941, 39.76202283905962], [-104.92347432389866, 39.762023838077944], [-104.92358832349329, 39.76202383795939], [-104.92393032461099, 39.76202383695275], [-104.92404432415456, 39.76202483704008], [-104.92415732481591, 39.76202383713963], [-104.92449932478898, 39.762022836528466], [-104.92461332554154, 39.76202283632361], [-104.92485532557261, 39.76202083513618], [-104.92558232558814, 39.76201883335722], [-104.92582532567374, 39.76201783300159], [-104.92606032581347, 39.76201583302046], [-104.92676632742125, 39.76201383142373], [-104.92700232764678, 39.76201383032354], [-104.92712232686871, 39.762012830121506], [-104.92748332815476, 39.762011829553856], [-104.92760432750252, 39.76201182986902], [-104.927731327689, 39.76201082886452], [-104.92811232821147, 39.762008828378306], [-104.92824032853034, 39.762008827827906], [-104.92846432818456, 39.762007827904476], [-104.92914032999528, 39.76200482607535], [-104.92936532978509, 39.762004825431866], [-104.92960233007238, 39.76200482486781], [-104.93031633015418, 39.762004824020096], [-104.93055433061228, 39.76200582342449], [-104.93081533072413, 39.76200582213456], [-104.9316013314247, 39.76200582117462], [-104.93186333171873, 39.76200682033586], [-104.93186233244958, 39.762179821194714]]]}}, {"type": "Feature", "properties": {"EQUITY_AREA_ID": "023"}, "geometry": {"type": "Polygon", "coordinates": [[[-104.87538318632515, 39.70860884553434], [-104.87538318796693, 39.70890484594763], [-104.87538318720925, 39.70903684531058], [-104.87443818845927, 39.70926284739859], [-104.87333218848161, 39.70952885048704], [-104.87160618953178, 39.70994685435075], [-104.87066318965809, 39.71017685664091], [-104.87065020617634, 39.71017917484716], [-104.87065, 39.71017], [-104.87063748075506, 39.71017235404605], [-104.87066918961844, 39.71004085607734], [-104.87067718866477, 39.709866856026125], [-104.87068318814116, 39.709745855598854], [-104.8706841878653, 39.70958485562285], [-104.87067918796308, 39.70946985529921], [-104.87066618775984, 39.70938585548082], [-104.87063318791083, 39.70930785534864], [-104.87058618687784, 39.70921885576367], [-104.87044518644235, 39.70909785579085], [-104.87038318649806, 39.70905385556991], [-104.87031818694304, 39.709008855698535], [-104.87013618602775, 39.70886885636129], [-104.87047318631191, 39.708609855577826], [-104.87048418599258, 39.708601855039696], [-104.87057218582552, 39.70851885506913], [-104.87062018506047, 39.70844685463467], [-104.87063418574014, 39.70835285474235], [-104.87063118347668, 39.70739385403725], [-104.8706311823446, 39.70696885316691], [-104.87063018197571, 39.706764853068414], [-104.8706301810749, 39.70643785311069], [-104.87063018056239, 39.70599185239445], [-104.8706281777701, 39.70484785160272], [-104.87062817743066, 39.704541851139155], [-104.87061517632003, 39.704468851351194], [-104.87058217659276, 39.70440085147803], [-104.87053817676735, 39.70434085124346], [-104.87046817664135, 39.70428585119072], [-104.87039417586938, 39.704253851457075], [-104.8703661760856, 39.70424685177168], [-104.8703071762496, 39.704232851628895], [-104.86977417664166, 39.704227853046014], [-104.8695761756872, 39.704226853117426], [-104.86957417581195, 39.704070852715574], [-104.86957117416594, 39.703602852216115], [-104.86957017478673, 39.703446852638926], [-104.86957117413456, 39.70331485200213], [-104.86957417335795, 39.70326785265142], [-104.8695791741375, 39.70321585255651], [-104.86960017379818, 39.70312185229742], [-104.8697411732558, 39.70276085153326], [-104.86980717190124, 39.70259485113042], [-104.86994917311699, 39.7026338510062], [-104.86997217234683, 39.70263785081254], [-104.87010417222616, 39.70266585076178], [-104.87025317279327, 39.70270285038101], [-104.87039417262027, 39.70272485002], [-104.87047617275306, 39.702732850318625], [-104.8705021730812, 39.702735850099856], [-104.87064817302158, 39.7027318496834], [-104.87075717272266, 39.70273284904367], [-104.87108517345946, 39.70273584827189], [-104.87119517246401, 39.70273684806654], [-104.87145717335197, 39.702734847571136], [-104.87186117254714, 39.70273284750237], [-104.87199617340492, 39.70273884653975], [-104.87215117296391, 39.70275984609515], [-104.87223417281612, 39.702798846152646], [-104.87226717330506, 39.70281484662461], [-104.87235917310585, 39.70287584638976], [-104.87245217350649, 39.70294584576875], [-104.87266717407243, 39.70312084600866], [-104.87282617401765, 39.70323684527253], [-104.87283617446964, 39.70324384566811], [-104.87292317448909, 39.703296845356476], [-104.87302417459966, 39.70333884556118], [-104.87324717488309, 39.70340284508665], [-104.8734421748121, 39.703439844380306], [-104.8735441746345, 39.7034408443907], [-104.87421217441633, 39.7034408429215], [-104.87468717472076, 39.70344084205475], [-104.87481817507093, 39.70344084135828], [-104.87521317482162, 39.70344384112176], [-104.87534517532761, 39.703445841092794], [-104.87534817571733, 39.70386984139], [-104.87535017705558, 39.70413584085875], [-104.87535817942286, 39.705189842551825], [-104.87536218027581, 39.705618842250324], [-104.87536718074958, 39.706206843213394], [-104.87537218297625, 39.70674684335332], [-104.87537318266205, 39.706897843776154], [-104.87537618348162, 39.70732484376347], [-104.87538518583001, 39.708192844552606], [-104.87538318632515, 39.70860884553434]]]}}, {"type": "Feature", "properties": {"EQUITY_AREA_ID": "024"}, "geometry": {"type": "Polygon", "coordinates": [[[-104.86857110618996, 39.672367825920816], [-104.86960910445315, 39.67158682295903], [-104.86995510350229, 39.67132682194314], [-104.86981810370105, 39.671216822040265], [-104.86975510269949, 39.67114282183993], [-104.86971810358872, 39.671099821913984], [-104.86965910343822, 39.670966822536776], [-104.86965010203538, 39.67083482261378], [-104.86968110182069, 39.6707018221252], [-104.86976310206019, 39.67056282164524], [-104.86987510160944, 39.67044582134121], [-104.86988910145567, 39.67043182104739], [-104.87008910139086, 39.6702468205134], [-104.8703321004647, 39.67001982034704], [-104.87047410014917, 39.66991181968636], [-104.87065710036616, 39.66980381949608], [-104.87069009947483, 39.669788819257825], [-104.87082909965741, 39.66972681920137], [-104.87101109910019, 39.66967381834663], [-104.87116209896396, 39.66963481769381], [-104.87135409879068, 39.669612818080296], [-104.87153509899031, 39.66961381743206], [-104.87174709913994, 39.669630816608624], [-104.87195709961921, 39.66966381657651], [-104.87202709866007, 39.66967481617593], [-104.8727740997116, 39.669791815113314], [-104.87292909937398, 39.669804815101045], [-104.8729650996118, 39.6698088144229], [-104.87315709860118, 39.669793813952694], [-104.87338909908091, 39.66972481379491], [-104.87364809885003, 39.6695948134976], [-104.87380709942833, 39.669780812488106], [-104.87389709899735, 39.66987281264112], [-104.87399209902438, 39.66995681315783], [-104.87404009959758, 39.66999281239452], [-104.87410509926409, 39.670040812160245], [-104.87422409908515, 39.67011181247314], [-104.87440410011095, 39.67020481191088], [-104.87464709974701, 39.670323811843176], [-104.87477110010981, 39.67039081113515], [-104.87487809955644, 39.670460811109706], [-104.87497410009856, 39.670535810867825], [-104.87512010058586, 39.67069481136681], [-104.87519310067292, 39.67080081075923], [-104.87525410104584, 39.67090181136108], [-104.87529410087294, 39.67103181113701], [-104.8753151017081, 39.671098810949196], [-104.8753311018496, 39.67119981104316], [-104.87533610123069, 39.67130481125478], [-104.87532510202671, 39.67158881194363], [-104.87532310286281, 39.67182881142725], [-104.8753221036524, 39.672046811970645], [-104.87532210295981, 39.67206981238111], [-104.87532010505227, 39.672550812654364], [-104.87532010516911, 39.672780034606745], [-104.87531, 39.67278], [-104.87530748846751, 39.67302939517639], [-104.87528510645772, 39.673427813509726], [-104.87529310763115, 39.673856814057814], [-104.87529610773407, 39.67399081345104], [-104.87529676705194, 39.674094031743074], [-104.87529, 39.674766], [-104.87285263194043, 39.67476489461766], [-104.87188411104573, 39.67475182163207], [-104.87127131688223, 39.67476417746798], [-104.87088238248049, 39.67476400108049], [-104.87057677908258, 39.67451828433318], [-104.8682359444843, 39.67262138441232], [-104.86857110618996, 39.672367825920816]]]}}, {"type": "Feature", "properties": {"EQUITY_AREA_ID": "025"}, "geometry": {"type": "Polygon", "coordinates": [[[-105.03191922531714, 39.70402754761437], [-105.03034222338658, 39.70402454999379], [-105.02981722258009, 39.704024550015106], [-105.02936122229134, 39.70402255049927], [-105.02799522065841, 39.70401855249266], [-105.02754021998068, 39.7040175532923], [-105.0270482202229, 39.70401555420422], [-105.02557321872091, 39.70401255600689], [-105.02522621801015, 39.70401255630067], [-105.02509421701758, 39.703954555968615], [-105.0250942171128, 39.70378655634272], [-105.02509421530863, 39.70328355535689], [-105.02509421446793, 39.70311655544918], [-105.0250932133597, 39.7029095555996], [-105.02509321094175, 39.702291554754844], [-105.0250932105204, 39.70208555504509], [-105.02509220962449, 39.701935555097734], [-105.02508920765251, 39.70148855449862], [-105.02508820700365, 39.70133955428308], [-105.02508820673206, 39.70115455402739], [-105.02508920352423, 39.70060255380292], [-105.02509020389833, 39.700418553699976], [-105.0255782040165, 39.700412553148944], [-105.02704520556686, 39.7003965509437], [-105.02753420625771, 39.70039255033086], [-105.02798220577087, 39.700383550040804], [-105.02932920715064, 39.70035654824959], [-105.0297782080415, 39.700348547592306], [-105.03031020877759, 39.700348546989765], [-105.03190620972345, 39.70034854514864], [-105.03243921081672, 39.7003485443011], [-105.03243921097865, 39.700548544574154], [-105.0324392133, 39.701150544840125], [-105.03244021422834, 39.701351545194484], [-105.03244021555597, 39.70153054588925], [-105.032441217332, 39.70206654580511], [-105.03244221828132, 39.70224654568708], [-105.03244221928536, 39.70242454566086], [-105.03244422087448, 39.70295854625451], [-105.03244522150946, 39.7031375463162], [-105.03244522252108, 39.703315546233526], [-105.032445224384, 39.70384954681384], [-105.0324452257244, 39.704028547349374], [-105.03191922531714, 39.70402754761437]]]}}, {"type": "Feature", "properties": {"EQUITY_AREA_ID": "026"}, "geometry": {"type": "Polygon", "coordinates": [[[-105.03930935327298, 39.73443555728471], [-105.03930835302619, 39.734469557479024], [-105.0393073530853, 39.734501557273404], [-105.03930535400836, 39.73462155727394], [-105.0393053544122, 39.73464955748], [-105.03930335424063, 39.73473455721567], [-105.03930335439232, 39.73475655711871], [-105.03930335479534, 39.734784557323415], [-105.03930235441499, 39.73481555736245], [-105.039302355049, 39.734830557216114], [-105.03930235466188, 39.734867557867894], [-105.03930135517079, 39.734919557160076], [-105.03930035536511, 39.73497355775103], [-105.03928136184294, 39.736572558472886], [-105.03931936212388, 39.736620558316865], [-105.0393193634773, 39.736991558935046], [-105.03932036776607, 39.738105559648], [-105.03932136935252, 39.738477560125915], [-105.03908836888624, 39.73847756007764], [-105.03839136905908, 39.73847956091132], [-105.03815936877952, 39.738480561795186], [-105.03792536807771, 39.73847956207438], [-105.03722436699844, 39.7384795624021], [-105.03699136649585, 39.738479562704846], [-105.03675636639201, 39.738479563680926], [-105.03605436583757, 39.73848356470826], [-105.03582036627525, 39.73848556455552], [-105.03558136578778, 39.738485564517255], [-105.03486836538615, 39.73848756599507], [-105.0346303650408, 39.738488565926176], [-105.03439136496635, 39.73848656667698], [-105.03367436399876, 39.73848156756369], [-105.03343536314594, 39.73848056791966], [-105.03320336355353, 39.738480568293156], [-105.03250736242512, 39.73848056936184], [-105.03227636262137, 39.7384805691777], [-105.03227036029772, 39.738099568886916], [-105.0322553560346, 39.73695856831873], [-105.03225235569205, 39.736722568661456], [-105.03223935458075, 39.73657956809364], [-105.0322073546102, 39.73647956858903], [-105.03219835445518, 39.7364055684424], [-105.0321943540182, 39.736369567852506], [-105.03218535147157, 39.735870567731496], [-105.03218335161509, 39.7356925682626], [-105.03218035072152, 39.73554956776219], [-105.03217334826387, 39.73512256736381], [-105.03217134865741, 39.734980566961774], [-105.03235834823616, 39.73497056705859], [-105.03244734806269, 39.73498156673436], [-105.0325133482455, 39.735014566743274], [-105.03255834861632, 39.73504956655384], [-105.03260134885913, 39.73508256700719], [-105.03278334924522, 39.73517756627025], [-105.03289934967329, 39.735243566298855], [-105.03293735012583, 39.73525556643657], [-105.03303934975713, 39.73527756677822], [-105.03313335027498, 39.735282566561494], [-105.03343235034312, 39.73526156620592], [-105.03362835080947, 39.735265565851435], [-105.03372435157162, 39.73528256558782], [-105.03377435165154, 39.73529156511893], [-105.03383035133982, 39.73531356533407], [-105.03389035192224, 39.73536056521409], [-105.03393135223754, 39.73542956536423], [-105.03398935228026, 39.73555856558385], [-105.03401035264784, 39.735603565446226], [-105.03401935260544, 39.73563256501417], [-105.03405235301584, 39.735659565553654], [-105.03408935235045, 39.73566656530406], [-105.03414535300082, 39.735670565367364], [-105.03419735267575, 39.735649564825074], [-105.03422535340532, 39.73563156488462], [-105.03426735330814, 39.73561756530781], [-105.03430435335021, 39.73561356504278], [-105.03439935302221, 39.735631564514826], [-105.03443635313062, 39.73565356491066], [-105.03446835359891, 39.73567956432829], [-105.03450635360775, 39.73572756485541], [-105.0345263537437, 39.735760564567194], [-105.03455135366357, 39.73583156463796], [-105.03459735397684, 39.7359365645022], [-105.03462035451646, 39.735959565054976], [-105.03465335517133, 39.73597656432204], [-105.03471435461185, 39.73597656416781], [-105.03475235470881, 39.735966564714474], [-105.03481235470802, 39.7359515643116], [-105.03485435438058, 39.735933564626166], [-105.0349393551495, 39.73590856461403], [-105.03506635518009, 39.735858563827364], [-105.03508035511068, 39.735826564105174], [-105.03508535461647, 39.735743564096786], [-105.03510435415593, 39.73568556360939], [-105.03514735395358, 39.735609563365465], [-105.03520435375756, 39.735555563367264], [-105.03533535274451, 39.735451563669066], [-105.03542935300642, 39.735386562910264], [-105.03551835285504, 39.73531456300112], [-105.03556635320417, 39.73526056332492], [-105.03565135230434, 39.73513856272463], [-105.03568335218486, 39.73504256259135], [-105.0356893522594, 39.734997562390646], [-105.0356893516646, 39.73497756288409], [-105.03571335142227, 39.73493456295543], [-105.03574135114883, 39.73490956259642], [-105.03579335105873, 39.73487356239487], [-105.03590635104163, 39.734817561899135], [-105.03596635106821, 39.73478456180205], [-105.03621035141927, 39.734705561829], [-105.03628135109447, 39.73467656159615], [-105.03641135105974, 39.73464556101914], [-105.03644035172981, 39.73463056103685], [-105.03647335054868, 39.73460156138185], [-105.03650535152957, 39.73456556133705], [-105.03654835032037, 39.7345015611595], [-105.0366003502097, 39.734443560690565], [-105.036657349948, 39.73440356097959], [-105.03671334995069, 39.734375560611525], [-105.03685835011639, 39.734321560398385], [-105.03693835076437, 39.73430556042604], [-105.03699435034417, 39.73429456017951], [-105.03704635064774, 39.73429156018619], [-105.03714135043973, 39.73428056019832], [-105.0372333502286, 39.73427055979386], [-105.03738235028442, 39.73421756000629], [-105.03746334999941, 39.734174559540975], [-105.03750535021119, 39.73413055999599], [-105.0375633508048, 39.7341095590336], [-105.03764135016804, 39.73410155952828], [-105.03769235073891, 39.734107559378465], [-105.03771335000513, 39.734116559477116], [-105.0377263501732, 39.73412255951747], [-105.0378033508941, 39.734185558963105], [-105.037840351392, 39.73419355909556], [-105.03789435098625, 39.734187559223976], [-105.03790735139205, 39.73418555944201], [-105.03796735076128, 39.7341715589783], [-105.03802935045456, 39.73414555852717], [-105.03808935097456, 39.73408655843745], [-105.03815235116235, 39.73403455843496], [-105.03819735102739, 39.734012558618055], [-105.03830535028308, 39.73398755816721], [-105.03836335111706, 39.733987557871885], [-105.0384303507385, 39.73400155782907], [-105.03851535141041, 39.73404055815942], [-105.03861535139696, 39.73410655826111], [-105.03867335124546, 39.734167557881484], [-105.03877035224275, 39.734241557599944], [-105.03884735262831, 39.734265557993346], [-105.03892535216121, 39.73428255769567], [-105.03913535282004, 39.734309557662044], [-105.03923635343453, 39.7343265571791], [-105.03931035295916, 39.734351556975255], [-105.03930935327298, 39.73443555728471]]]}}, {"type": "Feature", "properties": {"EQUITY_AREA_ID": "027"}, "geometry": {"type": "Polygon", "coordinates": [[[-104.97968632234534, 39.740027657207015], [-104.97898532213604, 39.740024659066506], [-104.97875232195483, 39.74002365960932], [-104.97853132168197, 39.740020660226286], [-104.97787032160657, 39.74001466141417], [-104.97765032148358, 39.74001366161537], [-104.9774173213378, 39.74001266221678], [-104.97671832116806, 39.74001166345931], [-104.9764863203821, 39.74001166461167], [-104.97641032012056, 39.74001366462612], [-104.9761813206537, 39.740019664432765], [-104.97610632019096, 39.74002166509882], [-104.97595132039575, 39.74002266548571], [-104.97548632049995, 39.740026666071635], [-104.97533232002193, 39.740028666246694], [-104.97522631946781, 39.74002766667522], [-104.97490831917968, 39.740026667798226], [-104.97480231931453, 39.74002666759967], [-104.97467331935032, 39.74002566755326], [-104.97428931910665, 39.74002466866232], [-104.97416131964034, 39.74002466867362], [-104.97401331921303, 39.7400266696165], [-104.97356931854948, 39.74003367018256], [-104.97342231856285, 39.74003667100721], [-104.97333731911296, 39.7400376704453], [-104.9730853191688, 39.740042671414116], [-104.97300131849175, 39.74004567188378], [-104.97300631710158, 39.739717671132155], [-104.97302331406722, 39.73873467014911], [-104.97302931292846, 39.73840766986882], [-104.97302631160473, 39.73810266973594], [-104.97302030881625, 39.73718666930924], [-104.9730183068499, 39.736882668764544], [-104.97324430719712, 39.736879668189694], [-104.97392430732059, 39.736873666654056], [-104.97415130802835, 39.736871666761616], [-104.97438130823818, 39.736871665826115], [-104.97507130883395, 39.736871664825344], [-104.97530130903029, 39.736871663892884], [-104.97553230899781, 39.73687166336433], [-104.97588630912902, 39.73687266335809], [-104.9762283091348, 39.73687466266466], [-104.97646030958028, 39.736875661818566], [-104.97669130884073, 39.73687466105997], [-104.9773873100993, 39.73687266014944], [-104.97761930982126, 39.73687265906348], [-104.97784131041975, 39.73687565924201], [-104.97816030958415, 39.736880658201734], [-104.97850731028817, 39.736886657661636], [-104.97873031030979, 39.73689065674198], [-104.97896131114763, 39.73688865628462], [-104.97929431028551, 39.73688665554736], [-104.97965831141559, 39.7368856547181], [-104.97989031155446, 39.736884654807554], [-104.97989531257909, 39.73719365451218], [-104.97991031582228, 39.73812365537281], [-104.97991531660291, 39.73843365558705], [-104.97991631797132, 39.738752655671654], [-104.97991932137171, 39.739708656846815], [-104.97992032235611, 39.74002865743231], [-104.97968632234534, 39.740027657207015]]]}}, {"type": "Feature", "properties": {"EQUITY_AREA_ID": "028"}, "geometry": {"type": "Polygon", "coordinates": [[[-104.9989523754885, 39.75074362887541], [-104.9982233761768, 39.7512916327415], [-104.99798137597475, 39.7514756339358], [-104.9977363760645, 39.75166463496519], [-104.99700237736816, 39.75223363871772], [-104.996758377805, 39.75242364080113], [-104.99651237782054, 39.75260864138876], [-104.99577637784634, 39.753165645381294], [-104.99553137829791, 39.75335164702074], [-104.99528137871638, 39.75354864822055], [-104.99453137906241, 39.75414265231902], [-104.99428237926847, 39.754341654246836], [-104.99411137845834, 39.75420465407525], [-104.9935983770339, 39.75379665305307], [-104.99342837750542, 39.753660653201734], [-104.99326337656085, 39.753518652724914], [-104.99277137541122, 39.753092651972615], [-104.99260737456771, 39.75295165098806], [-104.99242537450394, 39.75281965091626], [-104.9918813730065, 39.752426650518615], [-104.99170037307724, 39.752295650650304], [-104.99194737336435, 39.75210464877656], [-104.99269037215433, 39.75153564489468], [-104.99293837263187, 39.75134564406765], [-104.99317737242997, 39.751158642819846], [-104.99389737159493, 39.750600638352246], [-104.99413737187083, 39.75041463737302], [-104.99437837072007, 39.75022363604881], [-104.99510137023012, 39.749654633472744], [-104.9953433692258, 39.74946563212473], [-104.99558636861455, 39.74927963199922], [-104.99631936698839, 39.74872162947676], [-104.99656336679243, 39.748536629532495], [-104.99673836685213, 39.74867162876431], [-104.9972633695485, 39.74907862794832], [-104.99743936975179, 39.7492146274165], [-104.99761637107821, 39.749347627141006], [-104.99787137172598, 39.74954062718465], [-104.9981493726873, 39.74974962701545], [-104.99832737300947, 39.749883626937404], [-104.99850037404272, 39.75001862664047], [-104.9990223749033, 39.75042562741332], [-104.99919637493254, 39.75056162735168], [-104.9989523754885, 39.75074362887541]]]}}, {"type": "Feature", "properties": {"EQUITY_AREA_ID": "029"}, "geometry": {"type": "Polygon", "coordinates": [[[-105.03932742868541, 39.755238589526606], [-105.03932043206038, 39.75634259452019], [-105.03931943247544, 39.75671159623809], [-105.03931743390888, 39.75706959773741], [-105.03931343602925, 39.758146602687575], [-105.03931343725068, 39.75850660409952], [-105.03907943666125, 39.758506603982426], [-105.03838043627694, 39.75850660540567], [-105.03814743617227, 39.758507605299386], [-105.03791343555577, 39.75850760646684], [-105.0376164355864, 39.758507606485125], [-105.03721443511989, 39.758507607270296], [-105.03698143457773, 39.75850760781497], [-105.03674643426542, 39.7585086078751], [-105.03636843342184, 39.7585116084814], [-105.03604243333703, 39.75851460840651], [-105.03580843343343, 39.75851660937813], [-105.03557043280921, 39.75851760966883], [-105.03485943222766, 39.75852361063242], [-105.0346234320813, 39.7585256112513], [-105.03462643088997, 39.758156609524114], [-105.03463842803765, 39.75705160457799], [-105.03464242712498, 39.75668360274233], [-105.03464142656641, 39.75632060141613], [-105.03464142389856, 39.755231596390956], [-105.03464142259372, 39.75486959495937], [-105.0348754232075, 39.75486759455453], [-105.03557942343292, 39.75486359341643], [-105.03581442439925, 39.75486259303354], [-105.03604742411592, 39.75486459252753], [-105.03655642489201, 39.75486859193578], [-105.03674742568403, 39.754870592187125], [-105.03698142547634, 39.75487259106616], [-105.03721642603193, 39.75487059084171], [-105.03757942656921, 39.75486759079819], [-105.03792042605856, 39.75486659011165], [-105.03815642700016, 39.75486558987931], [-105.03839042637237, 39.754866589815485], [-105.03909442808055, 39.75486958837392], [-105.03932942749609, 39.75487058855795], [-105.03932742868541, 39.755238589526606]]]}}, {"type": "Feature", "properties": {"EQUITY_AREA_ID": "030"}, "geometry": {"type": "Polygon", "coordinates": [[[-104.983598332204, 39.742001651148115], [-104.98359833523757, 39.74260365134552], [-104.98359833580602, 39.74295865186231], [-104.98359833742094, 39.74327865207748], [-104.98334833763359, 39.74327865266892], [-104.9825983370849, 39.743278653953375], [-104.9823483361176, 39.743278654216546], [-104.98209733644094, 39.74327865495733], [-104.98134433622442, 39.743278656664295], [-104.98109433523709, 39.74327865696537], [-104.98085533593309, 39.74327665803435], [-104.98014033509051, 39.74327165879507], [-104.97990233527936, 39.74327065939205], [-104.9799023337747, 39.74295165975315], [-104.97990532957978, 39.74199565831156], [-104.97990632866065, 39.74167765819285], [-104.97990832789506, 39.74134765823956], [-104.97991732380851, 39.740357656980116], [-104.97992032235611, 39.74002865743231], [-104.98015832283207, 39.74002965685175], [-104.98050232315249, 39.74003065545249], [-104.98087332293711, 39.74003265482605], [-104.98111232324327, 39.74003365492539], [-104.98135632346475, 39.74003265365619], [-104.98172032450725, 39.7400316535826], [-104.98209132391086, 39.74003165231345], [-104.98233732451813, 39.74003165216176], [-104.98258832502472, 39.74003265161592], [-104.98297332430533, 39.74003565073415], [-104.98334232505422, 39.740045649563534], [-104.98359432558026, 39.74005264977], [-104.98359432652987, 39.74037764998109], [-104.983597329779, 39.74135665084284], [-104.98359933124104, 39.74168265042095], [-104.983598332204, 39.742001651148115]]]}}]}
