{"type":"FeatureCollection","crs":{"type":"name","properties":{"name":"EPSG:4326"}},"features":[{"type":"Feature","id":1,"geometry":{"type":"Polygon","coordinates":[[[-105.065074073717,39.6185179990874],[-105.065090739607,39.6200452209282],[-105.06566176491,39.6206004753553],[-105.073646114552,39.623277976113],[-105.076115668021,39.6242247987459],[-105.074517226574,39.6242272562084],[-105.076272836654,39.6250946162235],[-105.080231771275,39.6294605708137],[-105.080952007526,39.6313272400164],[-105.081564615349,39.6313010546758],[-105.081564452502,39.6313283929112],[-105.08371247719,39.6313274450708],[-105.083733185868,39.630229375583],[-105.081690819177,39.6302303572952],[-105.081747210559,39.6273184167276],[-105.083812568185,39.6273175157855],[-105.083789423909,39.6285274518221],[-105.085579668538,39.6285269173547],[-105.085625896844,39.6261067012051],[-105.087390689046,39.6260463380246],[-105.087383671474,39.6270902365419],[-105.091163833402,39.6270808030521],[-105.091188378939,39.6242013466752],[-105.100644710043,39.6242230616541],[-105.107537116291,39.6242073963036],[-105.107519236265,39.6270898996177],[-105.107979754733,39.6270888567071],[-105.109967079622,39.6270829151564],[-105.10993804933,39.6314480911319],[-105.109914181339,39.6350707902863],[-105.100534921278,39.6350887453619],[-105.091118426054,39.6350816609514],[-105.091104903789,39.6387022043788],[-105.084993636968,39.638707219005],[-105.081527577935,39.6387098329115],[-105.081421343804,39.6387101729045],[-105.081468883311,39.6362391091937],[-105.081280446205,39.6361682120582],[-105.080854834599,39.6361446044329],[-105.080613375361,39.6361598656258],[-105.08029918518,39.6362094834604],[-105.079961489851,39.6366330323914],[-105.079744756634,39.6366781371818],[-105.079480357057,39.6367256444839],[-105.079047570737,39.6367080801305],[-105.077669316889,39.636454693695],[-105.077223361443,39.6364096508307],[-105.076639402139,39.6364245538232],[-105.075830206495,39.6365199954495],[-105.075242996825,39.6365095106314],[-105.074900702334,39.6366168591283],[-105.07479907294,39.6366820895451],[-105.074783424382,39.6366180390238],[-105.074176295888,39.6367521486917],[-105.073272379927,39.6365438086389],[-105.07327677248,39.6384310511952],[-105.073276964153,39.6385134107098],[-105.073277274509,39.63864674293],[-105.073218377477,39.6387153687899],[-105.073196114881,39.6387413087427],[-105.072254605993,39.6387430655571],[-105.067444399224,39.6387500390298],[-105.065486009043,39.6387356871103],[-105.060868558472,39.6387434612804],[-105.060011366744,39.6387545060514],[-105.059800335834,39.6386747112929],[-105.059058208293,39.6386757034386],[-105.05911557849,39.6383831187039],[-105.059839503889,39.6346910028391],[-105.057060856042,39.6314990322676],[-105.05343393809,39.6292982513905],[-105.053451765748,39.6277053468179],[-105.055780200054,39.6259979789535],[-105.055808994403,39.6242513492651],[-105.05348366658,39.6242541592287],[-105.053516731896,39.620866883653],[-105.054329947051,39.6208222712824],[-105.055349079083,39.6210543416074],[-105.056272633446,39.6211041616024],[-105.057243858974,39.6209129065188],[-105.057385845935,39.6204916826021],[-105.056488680382,39.6199179491511],[-105.05712047673,39.6193678262889],[-105.057086651309,39.6193834858626],[-105.058160418181,39.6173753661976],[-105.058098048254,39.6144088088627],[-105.097009657165,39.6143114089693],[-105.097029540415,39.6184304428542],[-105.065074073717,39.6185179990874]],[[-105.080874170807,39.6350005917129],[-105.080870077601,39.6356865723206],[-105.081483442076,39.6356887587431],[-105.081487529293,39.6350027781146],[-105.080874170807,39.6350005917129]]]},"properties":{"OBJECTID":1,"NBHD_ID":44,"NBHD_NAME":"Marston","TYPOLOGY":null,"NOTES":null,"GLOBALID":"aaf9714d-2197-4ca5-986d-7d011d0711d7"}},{"type":"Feature","id":2,"geometry":{"type":"Polygon","coordinates":[[[-105.034615256867,39.6532759242514],[-105.034631218331,39.6495275608239],[-105.034641196641,39.6458780016849],[-105.034359765485,39.6458779163052],[-105.034361408174,39.6456301549534],[-105.034416841509,39.6455713493386],[-105.034435701736,39.6437975834346],[-105.03275078208,39.6437871209577],[-105.032784557332,39.6428469715748],[-105.029980311549,39.64281931602],[-105.029984054814,39.6422599648565],[-105.029881078284,39.6422595529086],[-105.029904503824,39.6400860110745],[-105.030007477492,39.6400864230035],[-105.030036772141,39.638627039243],[-105.034700818417,39.6386208934029],[-105.034748468169,39.6331694829215],[-105.030059150874,39.6331593993518],[-105.030057939042,39.6329425105105],[-105.029802135367,39.6327019541616],[-105.029772193519,39.6326664878389],[-105.029738769754,39.632620712273],[-105.029711573443,39.6325729028458],[-105.029688826588,39.6325233951808],[-105.029672302053,39.6324725398168],[-105.029661997984,39.6324206796366],[-105.029657021537,39.6323684978453],[-105.029124577114,39.632348863436],[-105.029122804245,39.632348513343],[-105.029066903443,39.6323455437792],[-105.029011030514,39.6323384563915],[-105.02895695584,39.6323279445038],[-105.028903796578,39.6323133181519],[-105.02885243296,39.6322956104819],[-105.028802867552,39.6322744782178],[-105.027382975433,39.6317008279516],[-105.027254634721,39.6316467770601],[-105.027086380186,39.6315884470077],[-105.026911831832,39.6315421024645],[-105.026732766911,39.6315074073739],[-105.026550958562,39.63148471205],[-105.02636640194,39.6314747023866],[-105.026181762105,39.6314770465832],[-105.025400686477,39.6314732076126],[-105.025401256828,39.6313887899008],[-105.025425036918,39.628525811129],[-105.025659369589,39.6285240121895],[-105.025815583945,39.6285239564862],[-105.026367816215,39.6285004461261],[-105.026915859767,39.628439854116],[-105.027454386305,39.6283425018208],[-105.027980725706,39.6282094084103],[-105.02848865947,39.6280412351151],[-105.02887746834,39.6279010654897],[-105.029313111063,39.6277916243321],[-105.031096168656,39.6278018431092],[-105.031611343012,39.6278773368642],[-105.03238520006,39.6280262672623],[-105.032936632229,39.6281221464849],[-105.033491791242,39.6281916138304],[-105.034793825458,39.6281971200394],[-105.03479730616,39.6278055759302],[-105.035784284093,39.6278053618931],[-105.035908513166,39.6278099708755],[-105.036031800594,39.6278228118852],[-105.036153256104,39.6278442252511],[-105.036271994744,39.6278738631923],[-105.036387133285,39.6279110370584],[-105.036496894702,39.6279560823345],[-105.03660217114,39.6280083163777],[-105.036700304234,39.62806704269],[-105.036710024261,39.6280736011053],[-105.036796653381,39.6281271341376],[-105.037385921503,39.6274654203178],[-105.037707761982,39.6271132211538],[-105.038007807321,39.626835746671],[-105.03948020908,39.6277917680539],[-105.03956064719,39.62784218628],[-105.039645557111,39.6278874745444],[-105.03973583272,39.6279266064222],[-105.039795159176,39.6279481155295],[-105.040027094078,39.6280409936479],[-105.040080953907,39.6279485481942],[-105.040144549633,39.6278602591878],[-105.040207156147,39.6277874089608],[-105.040258046954,39.6277416231517],[-105.040635388419,39.6279939569276],[-105.040911255657,39.6277479523504],[-105.04133024682,39.6280107419428],[-105.041709716073,39.6276656203512],[-105.042292146032,39.6280457220758],[-105.042775365409,39.627578146023],[-105.043023956957,39.6277033411264],[-105.043285971816,39.6278117725414],[-105.04355964379,39.6279020604136],[-105.043841429211,39.6279731618403],[-105.044131325713,39.6280254195434],[-105.044153494376,39.6280285940102],[-105.044126816822,39.6314557346927],[-105.0533057469,39.6315052452032],[-105.053235331166,39.6387705561201],[-105.058807344713,39.6387602108612],[-105.058750105785,39.6389693291357],[-105.059155929221,39.6388054450157],[-105.059284927935,39.6387606305014],[-105.059419196444,39.6387247585693],[-105.059556957708,39.6386981643222],[-105.059697321562,39.6386811887536],[-105.059800335834,39.6386747112929],[-105.060011366744,39.6387545060514],[-105.060868558472,39.6387434612804],[-105.065486009043,39.6387356871103],[-105.067444399224,39.6387500390298],[-105.072254605993,39.6387430655571],[-105.073196114881,39.6387413087427],[-105.073218377477,39.6387153687899],[-105.073277274509,39.63864674293],[-105.076909291578,39.6386383825544],[-105.076910864435,39.6391058060316],[-105.076909263425,39.6391882713169],[-105.076902693864,39.6392705893344],[-105.076891170009,39.6393525812354],[-105.076874716878,39.6394340688796],[-105.076853370202,39.6395148752212],[-105.076827176345,39.6395948246944],[-105.076796192199,39.6396737435944],[-105.076760485068,39.6397514604548],[-105.076737103027,39.6397968997002],[-105.076724608513,39.6398223406397],[-105.076088115308,39.6409988308371],[-105.076035960809,39.6411091429478],[-105.075996215795,39.6412225884394],[-105.075969771581,39.6413384840671],[-105.075956636776,39.6414554571749],[-105.075954577793,39.6415024637276],[-105.07594815563,39.6416839768378],[-105.075941290864,39.6417917070267],[-105.075922887768,39.6418990522329],[-105.07589206706,39.6420046370339],[-105.075849722163,39.6421074346846],[-105.075795853223,39.6422074454747],[-105.075779718525,39.642233124647],[-105.074549324524,39.6441339477059],[-105.074463389326,39.6442510000795],[-105.074364176506,39.6443614843092],[-105.074253466451,39.6444647199889],[-105.074131261029,39.6445603642085],[-105.073999341959,39.644647393884],[-105.07385682535,39.6447251196568],[-105.073767487397,39.6447666696165],[-105.07259897775,39.6452772637246],[-105.072522509188,39.645314978649],[-105.07251265728,39.6453197522825],[-105.072449402147,39.6453562411023],[-105.072391445966,39.6453972104386],[-105.072337020607,39.6454416241552],[-105.072288786454,39.6454898351764],[-105.072245859938,39.6455411543228],[-105.072208245507,39.645594894943],[-105.072177718612,39.6456510634557],[-105.07215339524,39.6457089703257],[-105.072135275924,39.645768615408],[-105.072124254379,39.6458289730541],[-105.072119445804,39.6458896962557],[-105.07211970361,39.6459861713043],[-105.072031404979,39.6459864071487],[-105.063236609501,39.6459997076672],[-105.063235431457,39.6460820620404],[-105.063195163831,39.6496265645205],[-105.062606518257,39.6496274633629],[-105.062605318407,39.6496775614043],[-105.05709065677,39.6496907470835],[-105.057069144218,39.6511934039957],[-105.057068482566,39.6512483107545],[-105.055623603684,39.6512506155298],[-105.055624440736,39.6511780797418],[-105.05359306278,39.6511812896232],[-105.053722394486,39.6513954054446],[-105.054190804037,39.6515198170405],[-105.054262874661,39.6515217773494],[-105.054334665261,39.6515270608466],[-105.054405919636,39.6515356486765],[-105.054476383499,39.6515475101917],[-105.054545805384,39.6515626030618],[-105.054613937543,39.6515808734243],[-105.05468053683,39.6516022560773],[-105.054745365568,39.6516266747119],[-105.054808192398,39.6516540421844],[-105.054868793107,39.6516842608276],[-105.054926951423,39.6517172227986],[-105.05498245979,39.6517528104647],[-105.055035120109,39.6517908968223],[-105.055084744442,39.6518313459503],[-105.055131155688,39.6518740134953],[-105.055174188208,39.6519187471867],[-105.055231907336,39.6519924832953],[-105.055302936117,39.6519923472199],[-105.05706417948,39.6519889595347],[-105.057054314487,39.6528451998655],[-105.057058820608,39.6529000967608],[-105.057057552741,39.6529460235759],[-105.057056794773,39.6531665196206],[-105.05378336676,39.6531863632477],[-105.053218639089,39.6531842177211],[-105.053178370378,39.6531840646277],[-105.053091833464,39.6531843845661],[-105.052775971991,39.6531855523887],[-105.052288126653,39.6531873578536],[-105.05021633452,39.6532085513311],[-105.049608653902,39.6532409924024],[-105.048314297762,39.6533100812762],[-105.04609111673,39.6535698731688],[-105.041352678417,39.6541217878393],[-105.039403426971,39.6543558347261],[-105.038652103934,39.6544056598967],[-105.037916262873,39.6544086340676],[-105.037446265177,39.6543598751718],[-105.036832371687,39.6542753633291],[-105.036128476221,39.6540817369773],[-105.035412832142,39.6538200213308],[-105.03533970533,39.6537880061675],[-105.034654440919,39.6534879812978],[-105.034615256867,39.6532759242514]]]},"properties":{"OBJECTID":2,"NBHD_ID":27,"NBHD_NAME":"Fort Logan","TYPOLOGY":null,"NOTES":null,"GLOBALID":"51c3d300-0134-4adb-8d11-0eb9903344db"}},{"type":"Feature","id":3,"geometry":{"type":"Polygon","coordinates":[[[-105.079234064984,39.669325351889],[-105.079051017788,39.6693236368823],[-105.078895284537,39.6693257328308],[-105.078739682333,39.6693310958441],[-105.078602957549,39.6693344035254],[-105.078466248827,39.6693307206268],[-105.078330153976,39.669320063253],[-105.078195268122,39.6693024780073],[-105.078062664501,39.6692817329815],[-105.076688940088,39.6690668127956],[-105.076690405163,39.6694170851342],[-105.076003609866,39.6693096293668],[-105.075921705131,39.6699975542797],[-105.075305707302,39.6700612929901],[-105.074951562956,39.6704889422747],[-105.074504622327,39.6702554610971],[-105.073018977195,39.6698003067031],[-105.072743366084,39.669818845098],[-105.072535299451,39.6694398639955],[-105.071995382875,39.6693710914442],[-105.071991536734,39.6677790310136],[-105.071991005914,39.6677790311887],[-105.068500352399,39.6677801238991],[-105.067384928557,39.6677808283136],[-105.067301449659,39.6677808641898],[-105.062612418599,39.6677820413992],[-105.053233463282,39.6677845172076],[-105.053251446934,39.66638413475],[-105.053249768705,39.6655668359073],[-105.053250105488,39.6647273850259],[-105.053242303622,39.6625740149058],[-105.053233936291,39.6596406566204],[-105.053226830348,39.6579110925111],[-105.053221028264,39.6571732646516],[-105.053216345156,39.6561648268388],[-105.053182398516,39.6539001394483],[-105.053189925318,39.6537514754285],[-105.05321041471,39.6533467189592],[-105.053218639089,39.6531842177211],[-105.05378336676,39.6531863632477],[-105.057056794773,39.6531665196206],[-105.057057552741,39.6529460235759],[-105.057058820608,39.6529000967608],[-105.057054314487,39.6528451998655],[-105.058033171818,39.6528433054596],[-105.058049160714,39.651453818892],[-105.058226682758,39.6514534744097],[-105.0582290507,39.6512476394452],[-105.062002083036,39.651240254409],[-105.061999569273,39.6514597918449],[-105.06199894062,39.6515146994376],[-105.062584763446,39.6515135419331],[-105.062585387721,39.6514586382374],[-105.062598726378,39.6502855549687],[-105.063883690104,39.650283427477],[-105.063893830635,39.6497270460594],[-105.063894980714,39.6496257351615],[-105.063966010891,39.6496256394852],[-105.06429855631,39.6496251909798],[-105.064369565199,39.6496239633412],[-105.070833426907,39.6496130188898],[-105.070828933334,39.6499988878989],[-105.069912715114,39.6499906263448],[-105.069759257204,39.6503187193413],[-105.069690801461,39.6504669246449],[-105.069409002291,39.6508335514843],[-105.069166617458,39.6511529907293],[-105.069120649936,39.6513010826745],[-105.069047349218,39.6513721492913],[-105.068199670899,39.6521876645421],[-105.06805650517,39.6521879097234],[-105.068055836019,39.6522428131534],[-105.068052827202,39.6524896875944],[-105.067490429033,39.6524906491868],[-105.067481218278,39.6532458968062],[-105.067254274144,39.65324629148],[-105.067254472672,39.6533011967781],[-105.067260840494,39.6550622798837],[-105.067268295188,39.6568783475692],[-105.070155884172,39.6568741876059],[-105.070157735287,39.6574421356745],[-105.070112651753,39.6579893218494],[-105.070057984535,39.6590865689871],[-105.071971052211,39.6596041832455],[-105.071972937742,39.6600231967017],[-105.074321771849,39.6597185501624],[-105.076671820587,39.6593326053572],[-105.07667347235,39.6599087039422],[-105.078190525443,39.6607896459523],[-105.078912844359,39.6615819373182],[-105.079213084312,39.6620394698793],[-105.081378204952,39.662036305203],[-105.081388102238,39.6677313093461],[-105.081398768062,39.6701541109606],[-105.081294023002,39.6701193348553],[-105.081283132249,39.6701157908593],[-105.081178185619,39.6700787279355],[-105.081072196286,39.6700434817076],[-105.0809309843,39.6699998275129],[-105.080788174039,39.6699593977732],[-105.080643888751,39.6699222273794],[-105.080498252956,39.6698883484094],[-105.080351392337,39.6698577901006],[-105.080203433637,39.6698305788247],[-105.080054504542,39.6698067380647],[-105.079904733578,39.6697862883952],[-105.079853368231,39.6697800791421],[-105.079681889372,39.6697622908173],[-105.079509737176,39.6697489405849],[-105.079345417631,39.6697412284051],[-105.079197910617,39.6697391292921],[-105.079197598812,39.6697361529524],[-105.079234064984,39.669325351889]],[[-105.064911404422,39.6537759937766],[-105.064909334577,39.6532502535283],[-105.063969937562,39.6532519197682],[-105.063982650846,39.6537783854653],[-105.064911404422,39.6537759937766]],[[-105.063553075431,39.6528945074078],[-105.063559512039,39.6518588515841],[-105.062563343314,39.6518551478832],[-105.062556892015,39.6528908036536],[-105.063553075431,39.6528945074078]]]},"properties":{"OBJECTID":3,"NBHD_ID":6,"NBHD_NAME":"Bear Valley","TYPOLOGY":null,"NOTES":null,"GLOBALID":"845019c6-be39-4c14-833f-a18f40982453"}},{"type":"Feature","id":4,"geometry":{"type":"Polygon","coordinates":[[[-105.025108481786,39.6677159675769],[-105.025110897504,39.6669440100021],[-105.025104590342,39.6658177109797],[-105.025120294156,39.6653335714548],[-105.025123841846,39.6650387972758],[-105.025135256103,39.6640696685336],[-105.025136922906,39.6637253043053],[-105.025148200728,39.662120010918],[-105.025158188864,39.6605022127304],[-105.025180160263,39.6574298670778],[-105.025183907038,39.6568172528639],[-105.025175324147,39.6568029928495],[-105.025349364808,39.6568019786684],[-105.025352019484,39.6568841054521],[-105.032661121696,39.6568778190677],[-105.032555709399,39.6568111459007],[-105.032456439091,39.6567370501262],[-105.032358609462,39.6566502990229],[-105.032279097462,39.6565663640589],[-105.032220316621,39.6564936507775],[-105.032176876303,39.6564318996618],[-105.032134288942,39.6563621430739],[-105.032161645883,39.6532760907637],[-105.034615256867,39.6532759242514],[-105.034654440919,39.6534879812978],[-105.03533970533,39.6537880061675],[-105.035412832142,39.6538200213308],[-105.036128476221,39.6540817369773],[-105.036832371687,39.6542753633291],[-105.037446265177,39.6543598751718],[-105.037916262873,39.6544086340676],[-105.038652103934,39.6544056598967],[-105.039403426971,39.6543558347261],[-105.041352678417,39.6541217878393],[-105.04609111673,39.6535698731688],[-105.048314297762,39.6533100812762],[-105.049608653902,39.6532409924024],[-105.05021633452,39.6532085513311],[-105.052288126653,39.6531873578536],[-105.052775971991,39.6531855523887],[-105.053091833464,39.6531843845661],[-105.053178370378,39.6531840646277],[-105.053218639089,39.6531842177211],[-105.05321041471,39.6533467189592],[-105.053189925318,39.6537514754285],[-105.053182398516,39.6539001394483],[-105.053216345156,39.6561648268388],[-105.053221028264,39.6571732646516],[-105.053226830348,39.6579110925111],[-105.053233936291,39.6596406566204],[-105.053242303622,39.6625740149058],[-105.053250105488,39.6647273850259],[-105.053249768705,39.6655668359073],[-105.053251446934,39.66638413475],[-105.053233463282,39.6677845172076],[-105.051781746397,39.6677776092483],[-105.050794872046,39.6677707623419],[-105.049805901307,39.6677652633241],[-105.048808199128,39.6677538885466],[-105.04781131469,39.6677492276325],[-105.046823585164,39.6677479697391],[-105.046559044371,39.6677466064439],[-105.045826451266,39.6677424057678],[-105.045532567921,39.6677409267375],[-105.044831763954,39.6677368422089],[-105.043838618168,39.6677325267431],[-105.042847051417,39.6677278495822],[-105.041751408246,39.6677190406643],[-105.040682597616,39.6677131530093],[-105.039685627172,39.6677113420167],[-105.038686056902,39.6677019032451],[-105.03776721546,39.6676989272234],[-105.036845869771,39.6676922001306],[-105.035922025451,39.6676858758724],[-105.034961908332,39.6676814414939],[-105.033827389493,39.667677767775],[-105.031885337574,39.6676931120111],[-105.030908622125,39.6677007193065],[-105.029868887328,39.6677064253193],[-105.028872157333,39.6677136605668],[-105.027950336391,39.6677217626558],[-105.026967245339,39.667726388614],[-105.026045330695,39.6677329459146],[-105.025108481786,39.6677159675769]]]},"properties":{"OBJECTID":4,"NBHD_ID":35,"NBHD_NAME":"Harvey Park South","TYPOLOGY":null,"NOTES":null,"GLOBALID":"1ce3d4a2-dbd9-4245-8ed2-a54a3293c6fc"}},{"type":"Feature","id":5,"geometry":{"type":"Polygon","coordinates":[[[-104.90186366587,39.6240934465146],[-104.904038835291,39.6240887045259],[-104.911631685172,39.6240840821983],[-104.913406751507,39.6240830070492],[-104.913389965133,39.6254556192236],[-104.913316782118,39.6313492593142],[-104.913228407885,39.6385669118043],[-104.913227410563,39.6386492678532],[-104.919774191966,39.6437559511825],[-104.920559734067,39.6443686222901],[-104.922267869523,39.6457008000012],[-104.92234412476,39.6457583135152],[-104.922495388997,39.6458782370312],[-104.922496280655,39.6458494940287],[-104.931873448188,39.6458255401185],[-104.931792653183,39.649447318121],[-104.931713250669,39.6530455407173],[-104.931702914445,39.6530455726431],[-104.930517484988,39.6530445860535],[-104.929345686521,39.6530461104165],[-104.928182910865,39.6530496593259],[-104.927195488913,39.6530490319918],[-104.926191100625,39.6530584222686],[-104.926088523136,39.6530576137315],[-104.925197336621,39.6530529575525],[-104.925020952214,39.65305642995],[-104.924204705985,39.6530590400418],[-104.923956302643,39.6530643868347],[-104.922809730771,39.6530806523453],[-104.921735663153,39.653094451893],[-104.920458496612,39.6530912823535],[-104.920074993993,39.6530829387388],[-104.919154185105,39.6530809440694],[-104.918585133704,39.6530796946324],[-104.918448167495,39.6530814698556],[-104.918325875759,39.6528275795044],[-104.9181559723,39.6524748379477],[-104.917489412849,39.6511721135192],[-104.916675702245,39.6496884587258],[-104.91155241604,39.6407954545854],[-104.910423852683,39.6388737196052],[-104.910218483119,39.6385239999048],[-104.909380042137,39.6370961982144],[-104.908457908885,39.635529860157],[-104.908253257593,39.6351008279592],[-104.907389818321,39.6335968103097],[-104.906021077891,39.6312913527787],[-104.904743275695,39.6290300811892],[-104.904533086459,39.6286784213229],[-104.904453590675,39.6285454195425],[-104.904350997991,39.6283502247274],[-104.904288841874,39.6282423766678],[-104.903362132994,39.6266343810712],[-104.902961904201,39.6259954774943],[-104.902369381705,39.6249667183953],[-104.902053277664,39.624429692685],[-104.90186366587,39.6240934465146]],[[-104.903787492516,39.6268280176205],[-104.903917071313,39.626828675175],[-104.903909316276,39.6241861950992],[-104.902903787437,39.6241810884777],[-104.902796238386,39.6243040845575],[-104.903284563214,39.625954488399],[-104.903787492516,39.6268280176205]]]},"properties":{"OBJECTID":5,"NBHD_ID":58,"NBHD_NAME":"Southmoor Park","TYPOLOGY":null,"NOTES":null,"GLOBALID":"069d5b00-96fb-426d-844f-60d0e326928e"}},{"type":"Feature","id":6,"geometry":{"type":"Polygon","coordinates":[[[-104.902053277664,39.624429692685],[-104.902369381705,39.6249667183953],[-104.902961904201,39.6259954774943],[-104.903362132994,39.6266343810712],[-104.904288841874,39.6282423766678],[-104.904350997991,39.6283502247274],[-104.904453590675,39.6285454195425],[-104.904533086459,39.6286784213229],[-104.904743275695,39.6290300811892],[-104.906021077891,39.6312913527787],[-104.907389818321,39.6335968103097],[-104.908253257593,39.6351008279592],[-104.908457908885,39.635529860157],[-104.909380042137,39.6370961982144],[-104.910218483119,39.6385239999048],[-104.910423852683,39.6388737196052],[-104.91155241604,39.6407954545854],[-104.916675702245,39.6496884587258],[-104.917489412849,39.6511721135192],[-104.9181559723,39.6524748379477],[-104.918325875759,39.6528275795044],[-104.918448167495,39.6530814698556],[-104.918378164632,39.6530806615978],[-104.917764686736,39.6530835259471],[-104.916661992716,39.6530749699333],[-104.915346911642,39.6530879954606],[-104.912929962068,39.6530907041698],[-104.912679644474,39.6530915108495],[-104.911054755681,39.6530964198018],[-104.909323318168,39.6531014563421],[-104.909095363704,39.6531014053705],[-104.908839399934,39.6531031421116],[-104.907907087871,39.653105655131],[-104.907374335721,39.653107431163],[-104.907155738789,39.6531080446978],[-104.906933041173,39.6531086368814],[-104.905947451968,39.6531115518135],[-104.904988501412,39.653114250215],[-104.904726187715,39.6531149798214],[-104.904355415142,39.6531161908613],[-104.902277746026,39.6531152511707],[-104.90054283412,39.6531108758933],[-104.898758672735,39.6531139810919],[-104.894550951206,39.6530962064332],[-104.894082642437,39.6530942183848],[-104.891869166802,39.6530882758492],[-104.88797758185,39.6530807722995],[-104.887723399751,39.6530753300021],[-104.887461224114,39.6530729332911],[-104.886426631994,39.6530713838547],[-104.884784806496,39.6530689062289],[-104.882742801803,39.6530640302301],[-104.881420218367,39.6530608531024],[-104.881353222736,39.65306070748],[-104.880221244184,39.6530582421162],[-104.880091481648,39.6530579701157],[-104.880239897556,39.6458994998391],[-104.880332732891,39.6413145167889],[-104.885085010549,39.6389640398318],[-104.885092344935,39.6386332592749],[-104.885173605477,39.6313783106351],[-104.885254803741,39.624128491598],[-104.894640609308,39.6241089428933],[-104.90186366587,39.6240934465146],[-104.902053277664,39.624429692685]]]},"properties":{"OBJECTID":6,"NBHD_ID":33,"NBHD_NAME":"Hampden South","TYPOLOGY":null,"NOTES":null,"GLOBALID":"e32cba27-be8c-4484-b28f-f2424353f4a3"}},{"type":"Feature","id":7,"geometry":{"type":"Polygon","coordinates":[[[-104.903514271068,39.6847919943819],[-104.90350691583,39.684902723007],[-104.903513931858,39.6854831322156],[-104.903538591927,39.6873770494152],[-104.903512227164,39.6893508816369],[-104.898791509426,39.6893393315234],[-104.898795215373,39.6907041852476],[-104.898132230809,39.6907052578046],[-104.898797188768,39.6914309733168],[-104.898801380788,39.6929746965085],[-104.894176297551,39.6929596964239],[-104.89408304354,39.6928822769304],[-104.894071003751,39.6893262872858],[-104.894058835003,39.6856938011337],[-104.889328667713,39.6856847716234],[-104.889308718137,39.682056013393],[-104.894045778986,39.682061305721],[-104.894057424961,39.6784484935002],[-104.896337448205,39.6784519867353],[-104.90353099218,39.6784699612054],[-104.903515406722,39.6820778150183],[-104.903514271068,39.6847919943819]],[[-104.902737200253,39.6857127417584],[-104.898782706531,39.6834136821456],[-104.898786323722,39.6857043425755],[-104.902737200253,39.6857127417584]]]},"properties":{"OBJECTID":7,"NBHD_ID":38,"NBHD_NAME":"Indian Creek","TYPOLOGY":null,"NOTES":null,"GLOBALID":"d492ac79-a176-48f9-a88e-632c40736bbd"}},{"type":"Feature","id":8,"geometry":{"type":"Polygon","coordinates":[[[-104.905638059475,39.6784410357139],[-104.905495449002,39.6783946734141],[-104.905357361488,39.6783387249174],[-104.905226455048,39.6782738902591],[-104.905103614895,39.6782005172778],[-104.904989726883,39.6781189532657],[-104.90488566986,39.6780302325051],[-104.90483809266,39.6779846933474],[-104.903538377356,39.6767612323129],[-104.903546519068,39.6748621803548],[-104.903544997913,39.6733687030902],[-104.903543842508,39.6712050199141],[-104.903540713975,39.6676253049125],[-104.905891981382,39.6676442135203],[-104.907402965566,39.667641202003],[-104.908589948931,39.6676392862811],[-104.909762998751,39.6676369476322],[-104.910931969207,39.6676352614016],[-104.912874165475,39.6676319373459],[-104.914636447607,39.6675920085853],[-104.915615442254,39.6675965843416],[-104.915852236224,39.6675908509059],[-104.916285941698,39.6675858897543],[-104.916378028561,39.6675848362352],[-104.917143507197,39.667584353928],[-104.917544081728,39.6675840996325],[-104.917558791988,39.6729832435836],[-104.919218421984,39.6738802598989],[-104.919234339895,39.6738885745984],[-104.91929805474,39.6739166858995],[-104.919365355912,39.6739406969492],[-104.919434473782,39.6739599126805],[-104.919505407106,39.6739743327328],[-104.91957815355,39.6739843006289],[-104.919651834026,39.6739887824679],[-104.919725551124,39.6739888034264],[-104.919817949544,39.6739851411411],[-104.919920069932,39.6739873608654],[-104.920020353997,39.6739967782444],[-104.920119693361,39.6740130538426],[-104.920217205549,39.6740354974399],[-104.920311108706,39.6740647867262],[-104.920401408326,39.6741002353151],[-104.920487219288,39.6741414953644],[-104.920568541475,39.6741885669332],[-104.920644492581,39.6742407596117],[-104.921049510803,39.6745619013634],[-104.921047252452,39.6748357381323],[-104.92225073852,39.6748337659493],[-104.92225402096,39.67562203868],[-104.922298250208,39.6756438755224],[-104.922353143154,39.6756650785748],[-104.922411625082,39.6756818379716],[-104.922468373068,39.6756934412374],[-104.922529601546,39.675700262237],[-104.922665405699,39.6757108810676],[-104.922732879508,39.6757143008755],[-104.922772857184,39.6757131245303],[-104.922794172665,39.6757132291872],[-104.922817292612,39.6757099110943],[-104.922866194317,39.6757036309473],[-104.922912456764,39.6756942493546],[-104.922950742994,39.6756827692785],[-104.922999712098,39.6756682537552],[-104.923061180323,39.675645906484],[-104.923095036897,39.6756330319801],[-104.923145835765,39.6756120049489],[-104.923230545016,39.6755715835921],[-104.923300116338,39.6755358923137],[-104.923351856496,39.6755083493846],[-104.923414302979,39.675475025239],[-104.923423004681,39.6765783523607],[-104.92446305199,39.6765813896047],[-104.924464342637,39.6762073432668],[-104.924758778746,39.6761528477026],[-104.924753584098,39.6763532322253],[-104.925282945689,39.6763530760181],[-104.925286870761,39.6767415609073],[-104.92574432806,39.6767369329051],[-104.925746474053,39.6765832043479],[-104.925781112122,39.6765833735371],[-104.925773970797,39.6758276834829],[-104.925724234799,39.6758274405391],[-104.925725153897,39.6752807788446],[-104.927581505968,39.675272673924],[-104.927575371154,39.6748268691313],[-104.92925669288,39.6748247488387],[-104.930066712852,39.6748235309816],[-104.926291912135,39.6693995857136],[-104.925469467894,39.6694072365232],[-104.925399268729,39.6694120410475],[-104.92531844925,39.6694123324893],[-104.925237674788,39.669407132914],[-104.925157830203,39.6693967906381],[-104.925079806956,39.6693809664355],[-104.925003602057,39.6693600036822],[-104.924930103179,39.6693339065233],[-104.925085781612,39.6689767431886],[-104.924959117738,39.6688275315652],[-104.924905705605,39.6686261734828],[-104.924711938716,39.6684292761415],[-104.922918925711,39.6678844579156],[-104.922668824149,39.6678434223928],[-104.922664108921,39.6676608336218],[-104.921352359021,39.6676677671255],[-104.921432469803,39.6677532672637],[-104.920701710129,39.6681679909782],[-104.920572257265,39.6680352329412],[-104.921007766843,39.667777600086],[-104.920804373508,39.6675841568664],[-104.920801937293,39.667581839921],[-104.921310603367,39.6675821332492],[-104.921402796549,39.6675822230165],[-104.92190189884,39.6675819331601],[-104.922226648299,39.6675800986608],[-104.922639021748,39.667579722287],[-104.923708283779,39.6675777629658],[-104.923880123878,39.6675339275666],[-104.92505234397,39.6675020442176],[-104.925237511713,39.667497463194],[-104.925664275139,39.6674875208359],[-104.925871050944,39.6677831614305],[-104.926253293817,39.6683323923072],[-104.927342251216,39.6698998624889],[-104.927679399246,39.6703538637867],[-104.928575376791,39.6716515625259],[-104.930273333137,39.6740992771303],[-104.930448428961,39.6743464677862],[-104.930648793071,39.6746092066183],[-104.930759858245,39.6747802607998],[-104.931026157022,39.6751043795015],[-104.932518150456,39.6768301622549],[-104.933106759459,39.6774853311036],[-104.933780759929,39.6782231132607],[-104.933875392685,39.6783306090965],[-104.933976580429,39.6784455506214],[-104.933976164218,39.6784457692939],[-104.933886758271,39.6784451641109],[-104.933699350184,39.6784536093446],[-104.933285388677,39.6784601935971],[-104.933029576536,39.6784610193688],[-104.931616468857,39.6784634615878],[-104.930886286208,39.678464390858],[-104.925437846284,39.6784700579131],[-104.925196439787,39.6784638190361],[-104.923899115085,39.6784708536512],[-104.923424245658,39.6784749176688],[-104.922266095611,39.678471761928],[-104.920980053366,39.6784602873681],[-104.918791549935,39.6784563316011],[-104.915961552478,39.6784633891079],[-104.912811617249,39.6784622844594],[-104.908201322137,39.6784563472795],[-104.906578083262,39.6784571141839],[-104.90641376991,39.6784527926573],[-104.906294281789,39.6784464162296],[-104.906252828677,39.6784429190684],[-104.906115588816,39.6784801677762],[-104.905786082946,39.6784774733651],[-104.905638059475,39.6784410357139]]]},"properties":{"OBJECTID":8,"NBHD_ID":30,"NBHD_NAME":"Goldsmith","TYPOLOGY":null,"NOTES":null,"GLOBALID":"d6e21ea6-2f5b-4cfa-b3d9-21c879f9522a"}},{"type":"Feature","id":10,"geometry":{"type":"Polygon","coordinates":[[[-104.809897981937,39.7728315437287],[-104.809879307823,39.7731883492844],[-104.809897919818,39.7750489014607],[-104.809904610154,39.7765951661346],[-104.80990215947,39.7767604858132],[-104.809876782115,39.7784721865896],[-104.809849005738,39.7803456044267],[-104.809797351864,39.7837554990996],[-104.809769770458,39.7878684438915],[-104.809753888013,39.7902647115845],[-104.809752718576,39.7904311749861],[-104.809721905415,39.7947913592038],[-104.80970988139,39.7967362906219],[-104.809690925165,39.7969845380519],[-104.809632058852,39.7983068031301],[-104.80026922103,39.7983056107599],[-104.790820162424,39.7983039956203],[-104.790818519844,39.7982543357496],[-104.790578062204,39.7982584253045],[-104.790254610967,39.798266453669],[-104.78994389122,39.7982945128712],[-104.789631804,39.7983211215566],[-104.78900084517,39.7983790590228],[-104.788630432962,39.7983984336975],[-104.787927665345,39.7984018680877],[-104.787439485855,39.798394966742],[-104.787301626879,39.7983930163749],[-104.786413543185,39.7983851685106],[-104.786376898471,39.7983873372471],[-104.786315111831,39.7983842980016],[-104.786270473678,39.7983844691806],[-104.785761952559,39.7983864154779],[-104.785464436081,39.798436829273],[-104.784833902414,39.7984442250812],[-104.784140788585,39.7984063450538],[-104.783369968649,39.7983792147094],[-104.782739588464,39.7983716338788],[-104.780508119609,39.7983537217707],[-104.779885717954,39.7983576362559],[-104.779261482447,39.7983445569933],[-104.778336586676,39.7983790276023],[-104.77771577316,39.7984133939174],[-104.776256620546,39.7984511623698],[-104.775133950498,39.7984519758909],[-104.774227482463,39.7984456222389],[-104.77250700474,39.798398294573],[-104.772121142751,39.7983033916314],[-104.771800383609,39.7983014096217],[-104.771325691731,39.7982951740752],[-104.771068946534,39.7983067824729],[-104.770863488518,39.7983220065455],[-104.770670929785,39.7983307110382],[-104.770170543238,39.7983276112157],[-104.769780243678,39.7983006219022],[-104.769579756836,39.7983877280299],[-104.765946103509,39.7984061627424],[-104.765306044779,39.7984158724479],[-104.765018237799,39.7984157879313],[-104.76462874266,39.7984168735676],[-104.764282727809,39.7984170958334],[-104.764001549934,39.7984282180195],[-104.763640852355,39.7984207457626],[-104.762974509616,39.7984333346087],[-104.762900560531,39.7984334995881],[-104.762685423509,39.7983342593369],[-104.753263329988,39.798368684129],[-104.743815463005,39.7983348234042],[-104.734371967286,39.7983081261639],[-104.734456574803,39.7910522548846],[-104.73452989811,39.7837691807686],[-104.734539421388,39.7815939534806],[-104.734563081068,39.7764950906449],[-104.734596298609,39.7692172060692],[-104.744005516726,39.7692550152198],[-104.753434404945,39.7692832749173],[-104.762816421368,39.7692017039059],[-104.76457310171,39.7691862679779],[-104.764548129584,39.7715666153689],[-104.77218437812,39.7714994571262],[-104.772156522138,39.7764095561289],[-104.781560586852,39.7764357469301],[-104.781576548101,39.7727956106038],[-104.790980079627,39.7728261957871],[-104.800403452227,39.7728293817542],[-104.808161009374,39.7728312054387],[-104.809897981937,39.7728315437287]]]},"properties":{"OBJECTID":10,"NBHD_ID":28,"NBHD_NAME":"Gateway - Green Valley Ranch","TYPOLOGY":null,"NOTES":null,"GLOBALID":"8783b4b8-7428-492b-b59b-b480f37bde30"}},{"type":"Feature","id":11,"geometry":{"type":"Polygon","coordinates":[[[-104.762685423509,39.7983342593369],[-104.762900560531,39.7984334995881],[-104.762974509616,39.7984333346087],[-104.763640852355,39.7984207457626],[-104.764001549934,39.7984282180195],[-104.764282727809,39.7984170958334],[-104.76462874266,39.7984168735676],[-104.765018237799,39.7984157879313],[-104.765306044779,39.7984158724479],[-104.765946103509,39.7984061627424],[-104.769579756836,39.7983877280299],[-104.769780243678,39.7983006219022],[-104.770170543238,39.7983276112157],[-104.770670929785,39.7983307110382],[-104.770863488518,39.7983220065455],[-104.771068946534,39.7983067824729],[-104.771325691731,39.7982951740752],[-104.771800383609,39.7983014096217],[-104.772121142751,39.7983033916314],[-104.77250700474,39.798398294573],[-104.774227482463,39.7984456222389],[-104.775133950498,39.7984519758909],[-104.776256620546,39.7984511623698],[-104.77771577316,39.7984133939174],[-104.778336586676,39.7983790276023],[-104.779261482447,39.7983445569933],[-104.779885717954,39.7983576362559],[-104.780508119609,39.7983537217707],[-104.782739588464,39.7983716338788],[-104.783369968649,39.7983792147094],[-104.784140788585,39.7984063450538],[-104.784833902414,39.7984442250812],[-104.785464436081,39.798436829273],[-104.785761952559,39.7983864154779],[-104.786270473678,39.7983844691806],[-104.786315111831,39.7983842980016],[-104.786376898471,39.7983873372471],[-104.786413543185,39.7983851685106],[-104.787301626879,39.7983930163749],[-104.787439485855,39.798394966742],[-104.787927665345,39.7984018680877],[-104.788630432962,39.7983984336975],[-104.78900084517,39.7983790590228],[-104.789631804,39.7983211215566],[-104.78994389122,39.7982945128712],[-104.790254610967,39.798266453669],[-104.790578062204,39.7982584253045],[-104.790818519844,39.7982543357496],[-104.790820162424,39.7983039956203],[-104.790893296746,39.8055844773536],[-104.790966484297,39.8128608209087],[-104.790894049865,39.8201053862535],[-104.790665814821,39.8272632026316],[-104.790745227423,39.8345402100347],[-104.790824919101,39.8418025568682],[-104.781387728291,39.8417960578735],[-104.771950805851,39.8417741638946],[-104.762321628408,39.8417872537965],[-104.762283401521,39.8453967943695],[-104.753089956705,39.8453522139969],[-104.734190185894,39.845227143565],[-104.730952840287,39.8451954002346],[-104.730810648882,39.8564745450166],[-104.730647169075,39.8708654853179],[-104.730482524274,39.8854371708778],[-104.730389741449,39.8961305864697],[-104.71475388862,39.8960464876089],[-104.703311686199,39.8959496691485],[-104.703185881428,39.9069269823992],[-104.692139171327,39.9068513555642],[-104.692053996026,39.9141784708733],[-104.679580459197,39.9141051063037],[-104.679664242855,39.9070084640708],[-104.659205519493,39.9067864655017],[-104.649782523269,39.9067472581612],[-104.630939860785,39.9066457415902],[-104.630940740547,39.8993959012729],[-104.621485422264,39.8993674228323],[-104.612112088998,39.8991968253819],[-104.602700648998,39.8990545141619],[-104.599581003919,39.8990378411936],[-104.599725018047,39.8845638916222],[-104.59981006455,39.8813068601072],[-104.605154862721,39.8813468485921],[-104.60526147229,39.8731139536429],[-104.619151954644,39.8732198933962],[-104.619799494451,39.822341240851],[-104.655390082153,39.8226054206612],[-104.655505964987,39.8130002608602],[-104.666181656262,39.8130753203169],[-104.666061766947,39.822790787306],[-104.762492947184,39.8234507398864],[-104.762542235589,39.8201217721694],[-104.762650673764,39.8128637075799],[-104.762666772565,39.8055841118916],[-104.762681601369,39.7991312940718],[-104.762685423509,39.7983342593369]]]},"properties":{"OBJECTID":11,"NBHD_ID":23,"NBHD_NAME":"DIA","TYPOLOGY":null,"NOTES":null,"GLOBALID":"8d2d15c3-75f2-4a61-9b4a-11b540e70e5e"}},{"type":"Feature","id":12,"geometry":{"type":"Polygon","coordinates":[[[-104.9339795875,39.678448965933],[-104.933976580429,39.6784455506214],[-104.933875392685,39.6783306090965],[-104.933780759929,39.6782231132607],[-104.933106759459,39.6774853311036],[-104.932518150456,39.6768301622549],[-104.931026157022,39.6751043795015],[-104.930759858245,39.6747802607998],[-104.930648793071,39.6746092066183],[-104.930448428961,39.6743464677862],[-104.930273333137,39.6740992771303],[-104.928575376791,39.6716515625259],[-104.927679399246,39.6703538637867],[-104.927342251216,39.6698998624889],[-104.926253293817,39.6683323923072],[-104.925871050944,39.6677831614305],[-104.925664275139,39.6674875208359],[-104.925295442352,39.6669601704947],[-104.924020881035,39.6651202844132],[-104.923710045007,39.6646274854432],[-104.923435095356,39.6641195872014],[-104.923026259333,39.6632994308295],[-104.9226181884,39.6623873942441],[-104.921940329522,39.6608468334537],[-104.921051432146,39.6588282396601],[-104.920123797382,39.65676771296],[-104.91885153122,39.6539188830781],[-104.918586287523,39.653368220125],[-104.918448167495,39.6530814698556],[-104.918585133704,39.6530796946324],[-104.919154185105,39.6530809440694],[-104.920074993993,39.6530829387388],[-104.920458496612,39.6530912823535],[-104.921735663153,39.653094451893],[-104.922809730771,39.6530806523453],[-104.923956302643,39.6530643868347],[-104.924204705985,39.6530590400418],[-104.925020952214,39.65305642995],[-104.925197336621,39.6530529575525],[-104.926088523136,39.6530576137315],[-104.926191100625,39.6530584222686],[-104.927195488913,39.6530490319918],[-104.928182910865,39.6530496593259],[-104.929345686521,39.6530461104165],[-104.930517484988,39.6530445860535],[-104.931702914445,39.6530455726431],[-104.931713250669,39.6530455407173],[-104.931712739416,39.6530687534778],[-104.940679867346,39.6530541577744],[-104.940630012234,39.6536066105908],[-104.940561839448,39.65436206478],[-104.940576492955,39.6548676122456],[-104.940566725968,39.6582208632324],[-104.940556896401,39.6593290778565],[-104.940621375559,39.6597065280058],[-104.940686950199,39.6602808318052],[-104.940686709297,39.6607570374823],[-104.940686359291,39.6624825071583],[-104.94068597458,39.6634614385038],[-104.940679561163,39.6641069177409],[-104.940679361617,39.6648008040036],[-104.940688465752,39.6654988430214],[-104.940679575948,39.6675608422865],[-104.940679666606,39.6683297393997],[-104.940695614336,39.6718880510052],[-104.940707536989,39.6733207355258],[-104.940702365202,39.6743136489461],[-104.940718089956,39.6748153901312],[-104.940731288442,39.6765975533563],[-104.940748368146,39.6784151507823],[-104.940683596734,39.6800984406913],[-104.940687091264,39.6808074149541],[-104.940686768543,39.6816981575268],[-104.940689618979,39.6826273317915],[-104.940687294851,39.6829623157238],[-104.940420206674,39.6828984952706],[-104.940241302593,39.6828557458136],[-104.939468316693,39.682622205919],[-104.939064743846,39.6824786248319],[-104.938764750762,39.6823595918585],[-104.938237320371,39.6821325608423],[-104.937775700045,39.6818951511785],[-104.937165041119,39.6815290806327],[-104.93689562227,39.6813543964849],[-104.936659370659,39.6812012163298],[-104.93620544095,39.6808552995212],[-104.935924924681,39.6806108523183],[-104.935579095983,39.6802850569768],[-104.935226925285,39.679906949925],[-104.934582714078,39.6791418729979],[-104.934223305525,39.6787258085965],[-104.934106379585,39.6785929908949],[-104.9339795875,39.678448965933]],[[-104.931619517116,39.6733622906479],[-104.933885313684,39.6733467998324],[-104.933877822078,39.6711920123751],[-104.933031432508,39.6711930806332],[-104.933028427797,39.670575363622],[-104.931714002212,39.6705772525089],[-104.931716995162,39.671194969753],[-104.931610418929,39.6711951408126],[-104.931606252652,39.6702836659067],[-104.93159448478,39.6675688041159],[-104.930428426719,39.6675703663911],[-104.930428181718,39.6684763301149],[-104.929255892122,39.6684778502358],[-104.929254693659,39.6693899864186],[-104.928074387714,39.6693924858185],[-104.928081411819,39.6689663047428],[-104.927201319323,39.6689651081485],[-104.929651344277,39.6723822793396],[-104.930780123329,39.6723877504355],[-104.930776701014,39.6728098304012],[-104.931616896,39.6728084049963],[-104.931619517116,39.6733622906479]]]},"properties":{"OBJECTID":12,"NBHD_ID":65,"NBHD_NAME":"University Hills","TYPOLOGY":null,"NOTES":null,"GLOBALID":"57fc5ffd-e51d-408e-b690-66e88875eec7"}},{"type":"Feature","id":13,"geometry":{"type":"Polygon","coordinates":[[[-105.025108481786,39.6677159675769],[-105.026045330695,39.6677329459146],[-105.026967245339,39.667726388614],[-105.027950336391,39.6677217626558],[-105.028872157333,39.6677136605668],[-105.029868887328,39.6677064253193],[-105.030908622125,39.6677007193065],[-105.031885337574,39.6676931120111],[-105.033827389493,39.667677767775],[-105.034961908332,39.6676814414939],[-105.035922025451,39.6676858758724],[-105.036845869771,39.6676922001306],[-105.03776721546,39.6676989272234],[-105.038686056902,39.6677019032451],[-105.039685627172,39.6677113420167],[-105.040682597616,39.6677131530093],[-105.041751408246,39.6677190406643],[-105.042847051417,39.6677278495822],[-105.043838618168,39.6677325267431],[-105.044831763954,39.6677368422089],[-105.045532567921,39.6677409267375],[-105.045826451266,39.6677424057678],[-105.046559044371,39.6677466064439],[-105.046823585164,39.6677479697391],[-105.04781131469,39.6677492276325],[-105.048808199128,39.6677538885466],[-105.049805901307,39.6677652633241],[-105.050794872046,39.6677707623419],[-105.051781746397,39.6677776092483],[-105.053233463282,39.6677845172076],[-105.053233494577,39.6750366343437],[-105.062608252263,39.6750080583435],[-105.062622405266,39.6792938951337],[-105.062153816514,39.6788677129428],[-105.061408709179,39.6782324142626],[-105.06100551,39.6780163415131],[-105.060333083951,39.6779298111784],[-105.059330647627,39.6783066724636],[-105.057792121931,39.6786780206269],[-105.057794429456,39.6790889034163],[-105.057792128394,39.6822690633866],[-105.053235265441,39.6822945736527],[-105.053220741436,39.6822922719701],[-105.052110954221,39.6822837009515],[-105.051065638238,39.6822779593361],[-105.050025252381,39.6822712373467],[-105.048975720679,39.6822657120025],[-105.047996243434,39.6822575708354],[-105.047067738152,39.682255097502],[-105.04614519119,39.6822483955288],[-105.045224197547,39.6822424619498],[-105.044264007338,39.6822381329693],[-105.043252410925,39.6822326970957],[-105.042260687861,39.6822303821955],[-105.041259506941,39.682226457633],[-105.04026915636,39.6822210328114],[-105.039202388614,39.6822177717609],[-105.038276097217,39.6822144365283],[-105.037176430728,39.68221193147],[-105.036255851061,39.6822080086844],[-105.035333118383,39.6822048008618],[-105.034373459127,39.6822116816354],[-105.033226017713,39.6822185740277],[-105.032086704423,39.6822239918817],[-105.030953592518,39.6822321299504],[-105.029788922736,39.6822397786786],[-105.028321379183,39.6822502933919],[-105.027371275003,39.6822558959937],[-105.026213641085,39.6822619153793],[-105.025037985049,39.6822707532132],[-105.025030275096,39.6805094081203],[-105.025057704337,39.6786371547352],[-105.025044017399,39.6767664701178],[-105.025066446852,39.6751324055711],[-105.02507279111,39.6733402421079],[-105.025076969186,39.6725125060713],[-105.025061771344,39.6717868535036],[-105.025060049728,39.6711962578176],[-105.025076820987,39.67015379004],[-105.025073143832,39.6685425611389],[-105.025108481786,39.6677159675769]]]},"properties":{"OBJECTID":13,"NBHD_ID":34,"NBHD_NAME":"Harvey Park","TYPOLOGY":null,"NOTES":null,"GLOBALID":"8868aac4-be35-4668-87b0-6b3592e80e7a"}},{"type":"Feature","id":14,"geometry":{"type":"Polygon","coordinates":[[[-105.025059102548,39.6967472809235],[-105.025067070042,39.6949188027579],[-105.025063676261,39.6931094618505],[-105.025062032128,39.6912974723907],[-105.02505936623,39.6908052555007],[-105.025057606804,39.6894864522057],[-105.025051253657,39.6876803005475],[-105.025054254643,39.6858860863383],[-105.025044030703,39.6849723443994],[-105.025042369774,39.6840789578909],[-105.025037985049,39.6822707532132],[-105.026213641085,39.6822619153793],[-105.027371275003,39.6822558959937],[-105.028321379183,39.6822502933919],[-105.029788922736,39.6822397786786],[-105.030953592518,39.6822321299504],[-105.032086704423,39.6822239918817],[-105.033226017713,39.6822185740277],[-105.034373459127,39.6822116816354],[-105.035333118383,39.6822048008618],[-105.036255851061,39.6822080086844],[-105.037176430728,39.68221193147],[-105.038276097217,39.6822144365283],[-105.039202388614,39.6822177717609],[-105.04026915636,39.6822210328114],[-105.041259506941,39.682226457633],[-105.042260687861,39.6822303821955],[-105.043252410925,39.6822326970957],[-105.044264007338,39.6822381329693],[-105.045224197547,39.6822424619498],[-105.04614519119,39.6822483955288],[-105.047067738152,39.682255097502],[-105.047996243434,39.6822575708354],[-105.048975720679,39.6822657120025],[-105.050025252381,39.6822712373467],[-105.051065638238,39.6822779593361],[-105.052110954221,39.6822837009515],[-105.053220741436,39.6822922719701],[-105.053235265441,39.6822945736527],[-105.053234388701,39.6895497390236],[-105.05323083601,39.696770369517],[-105.053224816024,39.6967703538732],[-105.051874505458,39.6967568199555],[-105.050712421036,39.6967575336334],[-105.049560063255,39.6967654789187],[-105.048397981135,39.6967658264045],[-105.047203978165,39.6967564307544],[-105.046048161593,39.6967495727062],[-105.04488612894,39.6967423358596],[-105.043729318122,39.6967379729304],[-105.043638642673,39.6967738717419],[-105.042564415886,39.6967758801282],[-105.041387951785,39.6967680359513],[-105.040221691587,39.6967615965358],[-105.039049852427,39.6967594113849],[-105.037874441604,39.6967599453638],[-105.036706156918,39.6967577510773],[-105.036367900795,39.6968559349944],[-105.035527966557,39.6971782820821],[-105.035389607392,39.6972155151091],[-105.035290556609,39.6972253193831],[-105.035165110008,39.6972350192418],[-105.035072724683,39.6972346540337],[-105.03494741342,39.697223962905],[-105.03478257637,39.6972029198423],[-105.034650801086,39.6971718114842],[-105.034434828089,39.6970970909275],[-105.033997612695,39.6969783408432],[-105.033546922834,39.6968821841448],[-105.033154654546,39.6968185151766],[-105.03277561523,39.6967696534724],[-105.032074152459,39.6967317432168],[-105.031813674288,39.696733570369],[-105.031011417629,39.6967327757271],[-105.029739976116,39.696745199591],[-105.028483735285,39.6967429147894],[-105.02744160824,39.696740790447],[-105.026395002277,39.6967441298748],[-105.025059102548,39.6967472809235]]]},"properties":{"OBJECTID":14,"NBHD_ID":43,"NBHD_NAME":"Mar Lee","TYPOLOGY":"NEST","NOTES":null,"GLOBALID":"5664fe69-5b42-48e0-800e-c6ef0cec423b"}},{"type":"Feature","id":15,"geometry":{"type":"Polygon","coordinates":[[[-105.039697539228,39.7112509287581],[-105.038485540633,39.711237942282],[-105.03728056165,39.711238699037],[-105.036717215472,39.7112323634894],[-105.036082781797,39.7112257450898],[-105.035495391934,39.7112272017696],[-105.034883120778,39.7112285569803],[-105.034287751396,39.7112272306449],[-105.033677275627,39.7112258412564],[-105.032455520766,39.7112103534654],[-105.031835341826,39.7111982781524],[-105.031224935657,39.7111865814955],[-105.030611842505,39.7111779597086],[-105.029940107175,39.7111684141295],[-105.029388339613,39.7111583150798],[-105.028767268475,39.7111469059226],[-105.028159466958,39.7111444693208],[-105.02753478174,39.7111419617613],[-105.026930448245,39.7111522298109],[-105.02632078516,39.7111624744981],[-105.025092622513,39.7111746778025],[-105.02509123917,39.7094097943449],[-105.025089185479,39.7085316358383],[-105.025078232218,39.7076554999969],[-105.025081859373,39.7075134457023],[-105.025089809259,39.7067327847855],[-105.025102172513,39.705693740938],[-105.025099459172,39.7049130360567],[-105.025083776983,39.7039480011467],[-105.025084117195,39.7031100002007],[-105.02508309802,39.702079136847],[-105.025078370714,39.7013334257584],[-105.025080163753,39.7004120415827],[-105.025080163392,39.699230532732],[-105.025081820159,39.6985919135514],[-105.025080660907,39.6975816372646],[-105.025059102548,39.6967472809235],[-105.026395002277,39.6967441298748],[-105.02744160824,39.696740790447],[-105.028483735285,39.6967429147894],[-105.029739976116,39.696745199591],[-105.031011417629,39.6967327757271],[-105.031813674288,39.696733570369],[-105.032074152459,39.6967317432168],[-105.03277561523,39.6967696534724],[-105.033154654546,39.6968185151766],[-105.033546922834,39.6968821841448],[-105.033997612695,39.6969783408432],[-105.034434828089,39.6970970909275],[-105.034650801086,39.6971718114842],[-105.03478257637,39.6972029198423],[-105.03494741342,39.697223962905],[-105.035072724683,39.6972346540337],[-105.035165110008,39.6972350192418],[-105.035290556609,39.6972253193831],[-105.035389607392,39.6972155151091],[-105.035527966557,39.6971782820821],[-105.036367900795,39.6968559349944],[-105.036706156918,39.6967577510773],[-105.037874441604,39.6967599453638],[-105.039049852427,39.6967594113849],[-105.040221691587,39.6967615965358],[-105.041387951785,39.6967680359513],[-105.042564415886,39.6967758801282],[-105.043638642673,39.6967738717419],[-105.043729318122,39.6967379729304],[-105.04488612894,39.6967423358596],[-105.046048161593,39.6967495727062],[-105.047203978165,39.6967564307544],[-105.048397981135,39.6967658264045],[-105.049560063255,39.6967654789187],[-105.050712421036,39.6967575336334],[-105.051874505458,39.6967568199555],[-105.053224816024,39.6967703538732],[-105.05323083601,39.696770369517],[-105.05323081658,39.6968096799977],[-105.053249381873,39.7040813539913],[-105.053264436518,39.7113443705995],[-105.05325023568,39.7113440197073],[-105.052052416306,39.7113367185033],[-105.051045611442,39.7113356255925],[-105.050871462573,39.7113322151299],[-105.05003164148,39.7113433509422],[-105.048500809814,39.7113015202448],[-105.047040889422,39.711287671576],[-105.046087419266,39.7112839959686],[-105.045010447046,39.7112777756445],[-105.043259035234,39.711267556277],[-105.042075399896,39.7112656994001],[-105.040877619151,39.711252794532],[-105.039697539228,39.7112509287581]]]},"properties":{"OBJECTID":15,"NBHD_ID":76,"NBHD_NAME":"Westwood","TYPOLOGY":"NEST","NOTES":null,"GLOBALID":"4da252a6-1505-47ac-b5fd-b927584c8819"}},{"type":"Feature","id":17,"geometry":{"type":"Polygon","coordinates":[[[-105.025136108953,39.7255426045166],[-105.025136261487,39.7254849215862],[-105.025137448465,39.7250340787972],[-105.025133683647,39.7245399139639],[-105.025127434503,39.7234935948545],[-105.025116093256,39.7229369439475],[-105.025115448432,39.722900909652],[-105.025113110912,39.7220646193419],[-105.02510821547,39.7213436206794],[-105.025104069445,39.7211682493593],[-105.025102149978,39.7202701916948],[-105.025108321791,39.7197523876396],[-105.025095868636,39.7193601051987],[-105.025109154777,39.7184476957021],[-105.025113760315,39.7181611754116],[-105.025105539229,39.7175376197707],[-105.0250778346,39.7166415158985],[-105.025094714179,39.7157232860839],[-105.02509442415,39.7149786262424],[-105.02508746269,39.7148252064818],[-105.025082079414,39.7133890554237],[-105.025082066436,39.7129968212496],[-105.025092622513,39.7111746778025],[-105.02632078516,39.7111624744981],[-105.026930448245,39.7111522298109],[-105.02753478174,39.7111419617613],[-105.028159466958,39.7111444693208],[-105.028767268475,39.7111469059226],[-105.029388339613,39.7111583150798],[-105.029940107175,39.7111684141295],[-105.030611842505,39.7111779597086],[-105.031224935657,39.7111865814955],[-105.031835341826,39.7111982781524],[-105.032455520766,39.7112103534654],[-105.033677275627,39.7112258412564],[-105.034287751396,39.7112272306449],[-105.034883120778,39.7112285569803],[-105.035495391934,39.7112272017696],[-105.036082781797,39.7112257450898],[-105.036717215472,39.7112323634894],[-105.03728056165,39.711238699037],[-105.038485540633,39.711237942282],[-105.039697539228,39.7112509287581],[-105.0396940558,39.7117817838865],[-105.039686275597,39.7133740193991],[-105.039700724998,39.7149642823221],[-105.039681322091,39.7165671087028],[-105.039702055769,39.7181477857051],[-105.039701411838,39.7197359275113],[-105.039715828862,39.7213313341134],[-105.039717628442,39.7229534563998],[-105.039450130753,39.722950007465],[-105.039455654955,39.7245453772484],[-105.039455626873,39.725497301266],[-105.039454676845,39.7256420072816],[-105.039454241717,39.7257082847093],[-105.039124543953,39.7257075363316],[-105.0391177645,39.7257075208146],[-105.037016593191,39.7256992709939],[-105.034715606846,39.7256767705182],[-105.033811623797,39.7256832591634],[-105.033364100964,39.7256680617199],[-105.032932255609,39.725646970556],[-105.03284059487,39.7256424938176],[-105.032705576164,39.7256350044287],[-105.032232551388,39.7256087649325],[-105.032123792984,39.7256027320175],[-105.031698066641,39.7255775472461],[-105.030913704718,39.7255677108217],[-105.028935618408,39.7255662318678],[-105.028847259894,39.7255661651641],[-105.026833054035,39.7255513698609],[-105.025385351279,39.7255438933771],[-105.025136108953,39.7255426045166]]]},"properties":{"OBJECTID":17,"NBHD_ID":4,"NBHD_NAME":"Barnum","TYPOLOGY":"NEST","NOTES":null,"GLOBALID":"b675df64-cee0-4a2e-aeeb-9d1d0485872a"}},{"type":"Feature","id":18,"geometry":{"type":"Polygon","coordinates":[[[-105.039454241717,39.7257082847093],[-105.039454676845,39.7256420072816],[-105.039455626873,39.725497301266],[-105.039455654955,39.7245453772484],[-105.039450130753,39.722950007465],[-105.039717628442,39.7229534563998],[-105.039715828862,39.7213313341134],[-105.039701411838,39.7197359275113],[-105.039702055769,39.7181477857051],[-105.039681322091,39.7165671087028],[-105.039700724998,39.7149642823221],[-105.039686275597,39.7133740193991],[-105.0396940558,39.7117817838865],[-105.039697539228,39.7112509287581],[-105.040877619151,39.711252794532],[-105.042075399896,39.7112656994001],[-105.043259035234,39.711267556277],[-105.045010447046,39.7112777756445],[-105.046087419266,39.7112839959686],[-105.047040889422,39.711287671576],[-105.048500809814,39.7113015202448],[-105.05003164148,39.7113433509422],[-105.050871462573,39.7113322151299],[-105.051045611442,39.7113356255925],[-105.052052416306,39.7113367185033],[-105.05325023568,39.7113440197073],[-105.053264436518,39.7113443705995],[-105.053264440116,39.7113461323766],[-105.053280447287,39.7186019734525],[-105.053254027351,39.7258008836296],[-105.051420255516,39.7258087640391],[-105.048897842593,39.7258149415972],[-105.048745331559,39.7258153134813],[-105.048154437777,39.7257929106899],[-105.047741806257,39.7257577677413],[-105.04741163747,39.7257397187789],[-105.04714441663,39.7257319792672],[-105.043194125025,39.7257167075529],[-105.039795086649,39.7257090570484],[-105.039454241717,39.7257082847093]]]},"properties":{"OBJECTID":18,"NBHD_ID":5,"NBHD_NAME":"Barnum West","TYPOLOGY":"NEST","NOTES":null,"GLOBALID":"d35f05a0-0265-45f9-81eb-fbb7e87c8677"}},{"type":"Feature","id":19,"geometry":{"type":"Polygon","coordinates":[[[-105.037469189338,39.7341646243326],[-105.037447659169,39.734183013584],[-105.03741732038,39.7342003959864],[-105.037387026464,39.7342109724515],[-105.037346645252,39.7342234536754],[-105.037302453902,39.7342407815787],[-105.037265857126,39.7342523054419],[-105.0372280009,39.7342638243402],[-105.037185119999,39.7342733788321],[-105.037146030232,39.7342810037921],[-105.037103162403,39.7342886136753],[-105.037071641049,39.7342943235542],[-105.03703763316,39.7342951619648],[-105.037008932035,39.7342933960866],[-105.036966115271,39.7342932275994],[-105.03692453253,39.7342969532141],[-105.036877835251,39.7343123264653],[-105.036813494776,39.7343295748763],[-105.03675290022,39.7343516996763],[-105.03670492442,39.7343699846704],[-105.036650594103,39.7343969957588],[-105.036606383461,39.7344172401698],[-105.036560849108,39.7344472027026],[-105.036531730618,39.7344704235735],[-105.036505079334,39.7345014326769],[-105.036489749124,39.7345344310016],[-105.036478248375,39.7345596658891],[-105.03645916577,39.7345887601668],[-105.036435071852,39.7346139456383],[-105.036393280012,39.7346363901427],[-105.03636557162,39.7346496473618],[-105.036318912549,39.7346591866508],[-105.036269696524,39.7346745497344],[-105.036219221031,39.734689907833],[-105.036175067686,39.7347014015716],[-105.036115789669,39.7347147802963],[-105.036057751782,39.7347310809266],[-105.036007082119,39.7347564988241],[-105.035953432182,39.7347866950055],[-105.035874176832,39.7348602297714],[-105.035843074673,39.7348839989135],[-105.035812015549,39.7349012522411],[-105.035766919699,39.7349141062299],[-105.0357162264,39.7349225941141],[-105.035654021833,39.7349701322549],[-105.035569326727,39.7350154096172],[-105.035507237045,39.7350455722309],[-105.035436751171,39.7350691857866],[-105.035380287584,39.7350993705962],[-105.035289879601,39.7351576570489],[-105.035193830866,39.7352180931745],[-105.035100638261,39.7352720245303],[-105.034993394303,39.7353237283072],[-105.034874897679,39.7353753875051],[-105.034795943115,39.7354033111496],[-105.034697339793,39.735424641067],[-105.034610046575,39.7354373277362],[-105.034539617659,39.735452253029],[-105.034421437661,39.7354561294218],[-105.034325834792,39.7354492351748],[-105.034233001786,39.7354488677396],[-105.034162789089,39.7354312139367],[-105.034056078049,39.7354025556409],[-105.033966260255,39.7353717921826],[-105.033865276708,39.7353279525709],[-105.033745434211,39.7352840367376],[-105.033719524431,39.7352790723901],[-105.033667950098,39.7352701172657],[-105.033613238654,39.7352633964877],[-105.033522902614,39.7352584494269],[-105.033398551054,39.735254464441],[-105.033241122244,39.7352557846784],[-105.033196955373,39.7352692218768],[-105.033151593744,39.735272931168],[-105.033094904516,39.7352756232785],[-105.033060971476,39.735276943734],[-105.033046706001,39.7352768871221],[-105.032992950748,39.7352674401512],[-105.032942674821,39.7352526557708],[-105.032893811535,39.735233549688],[-105.032840921368,39.7352090763508],[-105.032570375971,39.7350668849239],[-105.03245578215,39.7349933171973],[-105.032437360984,39.734986116347],[-105.032402318909,39.7349788507986],[-105.032367238907,39.7349772847308],[-105.032334014285,39.7349743021829],[-105.032289716881,39.7349719198576],[-105.032285646155,39.7349724498072],[-105.032010837924,39.7349701667486],[-105.031925815484,39.7349798067056],[-105.031862938215,39.7349923852585],[-105.031829618468,39.7350036561378],[-105.031790759671,39.7350155885084],[-105.031716590902,39.7350383634303],[-105.031637148093,39.7350627578621],[-105.031562997243,39.7351037992254],[-105.031524080595,39.7351235992816],[-105.031488800516,39.7351519681107],[-105.031460974602,39.7351703870066],[-105.031440600966,39.7351788587777],[-105.031425789707,39.7351845008429],[-105.031415481777,39.735191102391],[-105.031272080586,39.735282941013],[-105.031259340417,39.7352911001355],[-105.031177717696,39.7353449402365],[-105.031176678664,39.7353455573565],[-105.031144340564,39.7353647635929],[-105.031096207377,39.7353816762331],[-105.031046285444,39.7353900302297],[-105.030998268405,39.7353898388478],[-105.030969134765,39.7353889196341],[-105.030946565335,39.7353882075033],[-105.030919732383,39.7353929670285],[-105.030915131235,39.7353937831883],[-105.030865237806,39.7353978614243],[-105.030780216519,39.7354074992042],[-105.030434444489,39.735467412779],[-105.030430492813,39.7354678153143],[-105.030340885796,39.7354769428989],[-105.030283441247,39.7354827943036],[-105.029937784937,39.7355256023871],[-105.029813987424,39.7355336607114],[-105.029740133092,39.735530513665],[-105.029675569639,39.7355188521643],[-105.029597518823,39.7355024544499],[-105.029592575631,39.7355014159501],[-105.029537190142,39.7354983440156],[-105.029503936713,39.7354996363021],[-105.029335691622,39.7355260460816],[-105.029272022766,39.7355363962163],[-105.02906183094,39.735570565211],[-105.029036167299,39.7355747370864],[-105.029018340764,39.7355789805759],[-105.028823832006,39.735625281897],[-105.028772025286,39.7356393297843],[-105.028733155433,39.7356520027591],[-105.028610985087,39.7356928499778],[-105.028316510474,39.7358142557716],[-105.028272146756,39.7358197789198],[-105.028218530409,39.7358281169068],[-105.02817787968,39.7358308044084],[-105.028089905588,39.7358332798275],[-105.028089211614,39.735833299327],[-105.028089095574,39.7358333200906],[-105.027980021698,39.7358528194131],[-105.027909845442,39.7358653648688],[-105.027839569463,39.7358793368381],[-105.027782307172,39.7358805322952],[-105.027736190682,39.7358858343622],[-105.027551808183,39.7359070326469],[-105.027453837439,39.7359194679344],[-105.027391016147,39.7359234927796],[-105.027339293558,39.7359247102716],[-105.027282060103,39.7359216298538],[-105.027230358557,39.7359199954788],[-105.027186042789,39.7359183921647],[-105.027130637859,39.7359181695191],[-105.027089958198,39.7359251336817],[-105.027017872264,39.7359358437874],[-105.026912475772,39.7359515028738],[-105.026638602425,39.7360302240548],[-105.026387530216,39.7361152490256],[-105.026330132938,39.7361363996321],[-105.026254295536,39.7361531987659],[-105.026198562372,39.7361594871754],[-105.026193300692,39.7361600808243],[-105.026135999618,39.7361669777769],[-105.026086086174,39.736173903001],[-105.026036182287,39.7361794029933],[-105.025993550424,39.7362020381596],[-105.02597313729,39.7362162112774],[-105.025948993659,39.7362360689535],[-105.025660586541,39.7363810658939],[-105.025589628989,39.736416739625],[-105.025552404883,39.7364354537749],[-105.025433256554,39.736505652977],[-105.025323143726,39.7365705284295],[-105.025292291591,39.7365755089957],[-105.025175469048,39.7365943677543],[-105.025175679084,39.7365818071994],[-105.025190673846,39.7356856017991],[-105.025164062224,39.7347582796725],[-105.025156667716,39.7338807949323],[-105.025162703,39.7329892933754],[-105.025156181914,39.7311952339146],[-105.025157798215,39.7302999390077],[-105.025154962554,39.7294233675706],[-105.025154636722,39.7293226094333],[-105.025152759182,39.7292175455329],[-105.025137876262,39.728384688416],[-105.025134904705,39.7275106497968],[-105.025146423167,39.7259403991872],[-105.025135755192,39.7256781824054],[-105.025136108953,39.7255426045166],[-105.025385351279,39.7255438933771],[-105.026833054035,39.7255513698609],[-105.028847259894,39.7255661651641],[-105.028935618408,39.7255662318678],[-105.030913704718,39.7255677108217],[-105.031698066641,39.7255775472461],[-105.032123792984,39.7256027320175],[-105.032232551388,39.7256087649325],[-105.032705576164,39.7256350044287],[-105.03284059487,39.7256424938176],[-105.032932255609,39.725646970556],[-105.033364100964,39.7256680617199],[-105.033811623797,39.7256832591634],[-105.034715606846,39.7256767705182],[-105.037016593191,39.7256992709939],[-105.0391177645,39.7257075208146],[-105.039124543953,39.7257075363316],[-105.039454241717,39.7257082847093],[-105.039795086649,39.7257090570484],[-105.043194125025,39.7257167075529],[-105.04714441663,39.7257319792672],[-105.04741163747,39.7257397187789],[-105.047741806257,39.7257577677413],[-105.048154437777,39.7257929106899],[-105.048745331559,39.7258153134813],[-105.048897842593,39.7258149415972],[-105.051420255516,39.7258087640391],[-105.053254027351,39.7258008836296],[-105.053253845929,39.7258497408562],[-105.053242289272,39.7331071548925],[-105.054419217202,39.7331033822247],[-105.054422030149,39.7336400916972],[-105.054674484486,39.7336393316763],[-105.054674861368,39.7337199751281],[-105.055012653541,39.7337188510335],[-105.055009460987,39.7331011546052],[-105.055596147182,39.7330992542155],[-105.055586436512,39.7349124635207],[-105.053232519873,39.7349200207297],[-105.053233020555,39.7348763277673],[-105.05294366342,39.7349024391219],[-105.052890541534,39.7349137057053],[-105.052860098127,39.7349168116951],[-105.052832355252,39.7349098409968],[-105.052811303066,39.7348994631113],[-105.052776864047,39.7348967577496],[-105.052723469954,39.734903420063],[-105.052666763279,39.7349066370993],[-105.052624576861,39.7348987533],[-105.052598925599,39.734912386254],[-105.05256432783,39.7349345667803],[-105.052543127799,39.7349473585087],[-105.052524172681,39.7349567261115],[-105.052514081879,39.7349704182222],[-105.052498455678,39.7349806566707],[-105.052473976037,39.7349848543659],[-105.052448417736,39.7349838989644],[-105.052386170117,39.7349845203707],[-105.052332847122,39.7349800267102],[-105.052289527276,39.7349755711381],[-105.052252843437,39.7349762896906],[-105.052230630501,39.7349736306924],[-105.052194012407,39.7349640515993],[-105.052169620354,39.734954519078],[-105.052159661048,39.734947615904],[-105.052138597926,39.7349389541861],[-105.052106453107,39.734925101343],[-105.052076459948,39.7349224126995],[-105.052024199138,39.7349256463507],[-105.051965269522,39.7349288545858],[-105.051882977169,39.7349354064774],[-105.051827387423,39.7349377692234],[-105.05177964379,39.7349298639539],[-105.051728488921,39.7349339598766],[-105.051688519997,39.7349269423294],[-105.051654026155,39.7349328179782],[-105.051630619525,39.7349430266653],[-105.051612720873,39.7349609797459],[-105.051584791573,39.7349831853463],[-105.051550281235,39.7349916354215],[-105.051496821106,39.7350085947547],[-105.051468941139,39.7350230771575],[-105.051454420733,39.7350341778228],[-105.051381319094,39.7351677714368],[-105.051360041997,39.7351925768147],[-105.051353246923,39.7352122885202],[-105.051343062539,39.7352405687989],[-105.05132514178,39.7352619543588],[-105.051284870764,39.7353021341092],[-105.051254751199,39.7353191823887],[-105.051207954096,39.7353370251906],[-105.051183496218,39.7353377900416],[-105.051163511667,39.7353342812027],[-105.051139059281,39.7353341879257],[-105.051122288331,39.7353495707123],[-105.051108802365,39.7353726894865],[-105.051105325149,39.7353949882532],[-105.051095184576,39.7354164034586],[-105.051079563562,39.7354257835984],[-105.051054005184,39.7354248279446],[-105.051028518151,39.7354127164912],[-105.051005281564,39.7353963228712],[-105.05095650311,39.7353763991653],[-105.050911075587,39.735353913709],[-105.050885649113,39.7353323627683],[-105.050841228681,39.7353261861336],[-105.05079900924,39.7353234504936],[-105.050735666279,39.7353214923268],[-105.050699004232,39.7353187778699],[-105.050652311378,39.7353203158943],[-105.050611186906,39.7353201588377],[-105.050571190445,39.7353174316059],[-105.050528976455,39.7353138377501],[-105.050491268898,39.7353008213575],[-105.050472494906,39.7352818702099],[-105.050452609408,39.7352629148125],[-105.050434974388,39.735239677211],[-105.050408436587,39.7352181219196],[-105.050375224541,39.7351973992579],[-105.050363042349,39.7351904874878],[-105.050347509309,39.7351861373306],[-105.05031641566,39.7351817277539],[-105.050259725157,39.7351823692235],[-105.05015748648,39.7351794039304],[-105.050068508326,39.7351885034631],[-105.050001677003,39.7352105599263],[-105.049983733819,39.7352353778071],[-105.049965807075,39.7352576213287],[-105.049942345093,39.7352764110164],[-105.049907823399,39.7352865767961],[-105.049874435174,39.7352933143429],[-105.049828886882,39.7352897074802],[-105.049801166193,39.7352793035433],[-105.049777929937,39.7352629096802],[-105.049751326225,39.7352516518655],[-105.04970464448,39.7352514732266],[-105.049650193409,39.7352495485034],[-105.049622472763,39.7352391445243],[-105.049597008152,39.7352236002354],[-105.049576963094,39.735229530633],[-105.049560197337,39.735244055079],[-105.049549010999,39.7352551682729],[-105.049521180135,39.7352619269945],[-105.049483368067,39.7352652148343],[-105.049454453239,39.7352676785906],[-105.049430028442,39.7352632942648],[-105.049405614673,39.7352571936966],[-105.049376755044,39.7352510760969],[-105.049343427435,39.7352483739871],[-105.04931673564,39.7352508462238],[-105.049287765669,39.7352618912762],[-105.049257689818,39.7352720739454],[-105.049227635954,39.7352788240818],[-105.049206468368,39.7352864663454],[-105.04919195858,39.7352958504932],[-105.049178532661,39.7353095295409],[-105.049161728191,39.7353300609106],[-105.04915053626,39.7353420321849],[-105.049119199895,39.7353753802135],[-105.049092320408,39.7354070289833],[-105.049054375829,39.7354309119326],[-105.049018720406,39.735444505766],[-105.048979807734,39.7354460729464],[-105.048953176553,39.7354391055954],[-105.048931068451,39.7354201414205],[-105.048933434908,39.7353978384576],[-105.048954690852,39.7353764660449],[-105.048972606845,39.7353559389655],[-105.048987182891,39.7353362572209],[-105.048985081386,39.7353173697397],[-105.048975232641,39.7352933036233],[-105.048965312164,39.7352803932989],[-105.048957647767,39.7352623426326],[-105.048945520889,39.7352468493289],[-105.048934455864,39.7352390835032],[-105.048900060981,39.7352295119576],[-105.048874508223,39.7352276976614],[-105.048846688345,39.735232739936],[-105.048822169692,39.7352429438016],[-105.048777633631,39.7352547871803],[-105.048641608918,39.7353203434905],[-105.048611566084,39.7353253771823],[-105.048591559574,39.7353253004311],[-105.048569374282,39.7353183500487],[-105.048545361119,39.7353042602873],[-105.04852729855,39.7352933021086],[-105.048508447756,39.7352863645087],[-105.048488452305,39.7352845715028],[-105.048467345405,39.7352827741782],[-105.048445115941,39.7352826888716],[-105.04842553573,39.7352808452043],[-105.048409646037,39.7352702988463],[-105.048406352174,39.7352545581415],[-105.048397957186,39.7352401085302],[-105.04838442732,39.7352321925695],[-105.04835730008,39.7352268457599],[-105.048331853527,39.7352241267395],[-105.04830814674,39.7352148610324],[-105.048286154403,39.7352029805583],[-105.048257371828,39.7351910740108],[-105.048228580821,39.7351804780959],[-105.048203168059,39.7351725164893],[-105.048177721531,39.7351697974354],[-105.048150526785,39.7351749356946],[-105.048130105391,39.7351827213035],[-105.048106297315,39.7351891832303],[-105.048077438773,39.7351890723948],[-105.048048554896,39.7351928934709],[-105.048019679461,39.7351954039002],[-105.047990770239,39.7352031568807],[-105.047963592359,39.7352056738176],[-105.047941481822,39.7352121422325],[-105.047922715718,39.7352264875249],[-105.047903958054,39.7352395221746],[-105.047869871627,39.7352603619529],[-105.047856231981,39.7352694842451],[-105.0478324154,39.7352772567558],[-105.047808590365,39.7352863399011],[-105.047789858014,39.7352954426139],[-105.047769411194,39.7353071600783],[-105.047750687284,39.7353149521454],[-105.04773703916,39.7353253850631],[-105.047721668114,39.7353397433724],[-105.047701229721,39.7353501501854],[-105.047687514745,39.7353565940132],[-105.047671255489,39.7353582618923],[-105.047626772283,39.7353639244652],[-105.047597438318,39.7353638116844],[-105.047594903627,39.7353634054651],[-105.047575550724,39.7353588417169],[-105.047545045276,39.735350860387],[-105.047516279676,39.73533633238],[-105.047494321258,39.7353192092007],[-105.047476424318,39.7353029252987],[-105.047471656433,39.7352946962414],[-105.047456766488,39.7352603234183],[-105.047450397424,39.7352459556058],[-105.04744899415,39.7352403945573],[-105.04744673611,39.7352220364644],[-105.047409465861,39.7352100970641],[-105.047372187166,39.7351994682915],[-105.047350186534,39.7351888982819],[-105.047321421041,39.7351743702265],[-105.047296101437,39.7351519913893],[-105.04727077339,39.735130923186],[-105.047240327298,39.7351137672997],[-105.047206553792,39.7350861132242],[-105.047188049873,39.7350598285743],[-105.047166193162,39.7350269776573],[-105.047122319013,39.7349861779619],[-105.04709702493,39.7349598671616],[-105.047069982529,39.7349414136587],[-105.047042897823,39.7349295133475],[-105.047014056319,39.734926780972],[-105.046935917741,39.7349343441595],[-105.046912143505,39.7349355632869],[-105.046851031524,39.7349353279478],[-105.04682724035,39.7349391683371],[-105.046795020677,39.7349338015528],[-105.046766204589,39.7349271371977],[-105.046733942578,39.7349283235945],[-105.046693201262,39.7349281666436],[-105.046674494275,39.7349333372614],[-105.04664902248,39.7349345497954],[-105.04662353374,39.7349383836031],[-105.046598028052,39.7349448386843],[-105.046581010136,39.734951326468],[-105.046558882605,39.7349604159029],[-105.046543545291,39.734969531502],[-105.04652649347,39.734981261836],[-105.046511198517,39.7349838242332],[-105.046490827843,39.7349837457209],[-105.046470499543,39.7349771140074],[-105.046453591783,39.7349665634586],[-105.046445205707,39.7349508030669],[-105.0464419123,39.7349350623053],[-105.046428399664,39.7349245248397],[-105.046409777418,39.7349165890198],[-105.046387692256,39.7349191252248],[-105.046383272898,39.7349239481794],[-105.046366400402,39.7349314973865],[-105.046334868034,39.7349503810638],[-105.046305658129,39.7349515757484],[-105.046281866919,39.7349554160275],[-105.046258101143,39.7349553243832],[-105.046207208398,39.7349498854283],[-105.046169904583,39.7349431881923],[-105.046142622668,39.734938120867],[-105.046104781004,39.7349207010838],[-105.046086927948,39.7349114119884],[-105.046064953046,39.7348969098187],[-105.046039566081,39.7348850158253],[-105.046022658409,39.7348744652142],[-105.046004027738,39.7348678399695],[-105.045987069172,39.7348651531905],[-105.04596669005,39.7348663852271],[-105.045947983026,39.7348715557295],[-105.045917393125,39.7348766803717],[-105.045890215297,39.7348791968299],[-105.045866483492,39.7348738625484],[-105.045834314843,39.7348606316634],[-105.045808860033,39.7348592227366],[-105.045781716159,39.7348564966115],[-105.045754623216,39.734845906643],[-105.045725815751,39.7348379313934],[-105.045691873189,39.7348364896715],[-105.045659619692,39.7348363651342],[-105.04561885296,39.73484013973],[-105.045506721069,39.734854124054],[-105.0454286846,39.7348459585675],[-105.045347278272,39.7348338479909],[-105.045321831978,39.7348311283192],[-105.045292939601,39.7348362593588],[-105.045257265507,39.7348400535095],[-105.045231793721,39.7348412657368],[-105.045191069456,39.7348384869867],[-105.045151983252,39.7348448892613],[-105.045128192015,39.7348487293073],[-105.045107787381,39.7348538931136],[-105.045092441401,39.7348643191635],[-105.04508387713,39.7348760821035],[-105.045073623803,39.7348865278402],[-105.045065059526,39.7348982907788],[-105.045039579213,39.7349008136039],[-105.045017570525,39.7348915537965],[-105.044996894325,39.7348862311546],[-105.044976608708,39.7348730459855],[-105.044950962867,39.734867990331],[-105.044947068585,39.7348682614844],[-105.044927379662,39.7348728555994],[-105.044896815198,39.7348740480579],[-105.044854359354,39.7348765051834],[-105.044825483936,39.7348790148292],[-105.044789835313,39.7348788769197],[-105.044757598811,39.7348761308563],[-105.04472198422,39.7348707503684],[-105.044657477196,39.7348705007532],[-105.044623560168,39.7348651268048],[-105.044591340699,39.7348597594168],[-105.044557457723,39.7348491428915],[-105.044535432092,39.7348425042727],[-105.044501498064,39.7348397515679],[-105.044477757866,39.7348357276456],[-105.044443806818,39.7348355962032],[-105.04441154481,39.7348367819632],[-105.044387745022,39.734841932499],[-105.044363928202,39.7348497043088],[-105.044338396795,39.7348600908188],[-105.044311150797,39.7348730920279],[-105.04428564492,39.734879546608],[-105.044238138974,39.7348754305899],[-105.044217870536,39.734859624011],[-105.044192517966,39.7348424870612],[-105.04417050089,39.7348345377346],[-105.044133129184,39.7348383249681],[-105.044080453943,39.7348459849106],[-105.044062553516,39.7348574664902],[-105.044027583773,39.7348837578724],[-105.044004544925,39.7349175831168],[-105.043983208864,39.7349527362678],[-105.043967107148,39.734972493994],[-105.043952817055,39.7349768431325],[-105.04393857278,39.7349741451989],[-105.043922075235,39.7349670341063],[-105.043910164361,39.7349564171915],[-105.043900561048,39.7349418451839],[-105.043900658426,39.734926870291],[-105.043895581573,39.7349180416643],[-105.043886502952,39.734910518837],[-105.043873972892,39.7349073871533],[-105.043857412419,39.7349099656294],[-105.043844277543,39.7349121169461],[-105.043823161973,39.7349133564463],[-105.043802619712,39.734914157678],[-105.043661123039,39.7349171325927],[-105.043623429786,39.7349235931106],[-105.043593737279,39.734927882414],[-105.043563834793,39.7349304863831],[-105.043524748389,39.7349368881169],[-105.043493882172,39.7349477419123],[-105.043466183367,39.7349579574708],[-105.043441406112,39.7349614675392],[-105.04341152071,39.7349626622469],[-105.043336802675,39.7349663043017],[-105.043245083472,39.7349738123316],[-105.043183945862,39.7349775070058],[-105.043054748686,39.7349945211587],[-105.042962284516,39.7349969074467],[-105.042880467919,39.7350024233588],[-105.042799541845,39.7350075995486],[-105.042747076413,39.7350104838055],[-105.042676891539,39.7350043773032],[-105.042606732748,39.734994153253],[-105.042558732395,39.7349939666526],[-105.042502657449,39.7350050727855],[-105.042444028347,39.7349990110743],[-105.042406749976,39.7349902869621],[-105.042340100273,39.7349872825386],[-105.042273414746,39.7349897683489],[-105.042225375802,39.7349954154003],[-105.042180801072,39.735015145064],[-105.042146872439,39.7350380046689],[-105.042113871337,39.7350550339354],[-105.042080075363,39.7350576476202],[-105.042050758873,39.7350547883187],[-105.042002908606,39.7350316106539],[-105.041969242153,39.7350143217201],[-105.041899373287,39.7349598308583],[-105.041870245447,39.7349281464332],[-105.041851858833,39.7348851801269],[-105.041826508742,39.7348195384037],[-105.041808086056,39.734782062761],[-105.041793217255,39.7347449436787],[-105.041764125613,39.7347077696061],[-105.041716292837,39.7346818460304],[-105.041615997898,39.7346584639272],[-105.041460590915,39.7346348669772],[-105.041405535352,39.7346260732657],[-105.041327357284,39.7346189053244],[-105.04128285634,39.734627310788],[-105.041209003974,39.7346383469981],[-105.041145836091,39.7346466796227],[-105.041090706206,39.7346492100258],[-105.0410276124,39.7346462185249],[-105.040961001457,39.7346373797311],[-105.040931723953,39.7346286867639],[-105.04088298521,39.7346055047696],[-105.040838596214,39.7345967528138],[-105.040787019952,39.734599639666],[-105.040742539371,39.7346049566732],[-105.040687407321,39.7346078302053],[-105.040609204626,39.7346044361731],[-105.040554167173,39.7345928973287],[-105.040476094892,39.7345696008221],[-105.040435335742,39.7345495385378],[-105.040399116482,39.7345150810877],[-105.040365506824,39.7344892131164],[-105.040343378638,39.7344747137888],[-105.040314081234,39.7344691089713],[-105.040261674581,39.7344630702277],[-105.040203007364,39.7344628409863],[-105.040147101981,39.7344482100258],[-105.040106277486,39.73443809912],[-105.040051240508,39.7344265596392],[-105.039955239812,39.7344261843306],[-105.03976180525,39.7344266640686],[-105.039734618776,39.7344304897448],[-105.039708088809,39.7344299186767],[-105.039676068487,39.7344194703805],[-105.039639745668,39.7344012837843],[-105.039593955066,39.7343945512535],[-105.039566828821,39.7343892024157],[-105.039497298475,39.7343784449287],[-105.03939551488,39.7343675611462],[-105.039219263408,39.7343223081762],[-105.03918873353,39.7343182565949],[-105.039153102893,39.7343076090283],[-105.039117609118,39.734291764563],[-105.039087139548,39.7342785384799],[-105.039051594601,39.7342626711599],[-105.039016015214,39.7342520463863],[-105.038987174302,39.7342493120426],[-105.038951517396,39.7342504830036],[-105.038910793723,39.7342477020793],[-105.038875188256,39.7342410091801],[-105.038844701519,39.7342304043127],[-105.038809130798,39.7342184688372],[-105.038770190871,39.7342025881243],[-105.03874992386,39.7341867805996],[-105.038731371632,39.7341683584475],[-105.038711156357,39.7341446870797],[-105.038681493004,39.7341210253894],[-105.038639100095,39.7341050843704],[-105.03861368019,39.734098431329],[-105.038576420664,39.7340851784866],[-105.038540910422,39.7340640684535],[-105.038510466929,39.7340469103018],[-105.038476628387,39.7340297388252],[-105.038441100954,39.7340112500404],[-105.038422505728,39.7339993810355],[-105.038392045041,39.7339848441315],[-105.03835307946,39.7339728951976],[-105.038317457192,39.7339688234089],[-105.038285204106,39.7339686968501],[-105.03825631157,39.7339738261635],[-105.038227384515,39.7339841980275],[-105.038162705733,39.7340101576399],[-105.038140560147,39.7340218667735],[-105.038116656607,39.7340427437149],[-105.038104670307,39.7340584247413],[-105.038089254151,39.7340793349947],[-105.038061946876,39.7341015092358],[-105.038043153152,39.7341197848762],[-105.038015880377,39.734136716549],[-105.037990331023,39.7341497229629],[-105.037957982884,39.7341640133469],[-105.037940432735,39.7341690162366],[-105.037918060126,39.7341743340765],[-105.037905272937,39.734176913084],[-105.037878069188,39.7341833596102],[-105.037845781461,39.7341884754881],[-105.037827102424,39.7341867987579],[-105.037805720909,39.7341817939746],[-105.037786462704,39.7341738250764],[-105.037769573719,39.7341606519981],[-105.037757768709,39.7341488095632],[-105.037744309355,39.7341304072615],[-105.037729126561,39.7341159302069],[-105.03770713636,39.7341040477508],[-105.037681733822,39.7340947732294],[-105.037644431276,39.7340880732885],[-105.037615564564,39.7340892705264],[-105.03758160525,39.7340904477433],[-105.03754935211,39.7340903209828],[-105.037469189338,39.7341646243326]]]},"properties":{"OBJECTID":19,"NBHD_ID":68,"NBHD_NAME":"Villa Park","TYPOLOGY":"NEST","NOTES":null,"GLOBALID":"1cff9242-33bf-414f-86f7-48c3397fdf5b"}},{"type":"Feature","id":20,"geometry":{"type":"Polygon","coordinates":[[[-105.025213503221,39.7463644142577],[-105.025210094737,39.7451606048705],[-105.025218246676,39.743956499418],[-105.025219432646,39.7427307464982],[-105.025218373669,39.7423999370373],[-105.025212868402,39.7406800111519],[-105.025219960896,39.7404202694858],[-105.025221422539,39.7400729999003],[-105.025224878122,39.7398252541428],[-105.025151843701,39.7380072524709],[-105.025175469048,39.7365943677543],[-105.025292291591,39.7365755089957],[-105.025323143726,39.7365705284295],[-105.025433256554,39.736505652977],[-105.025552404883,39.7364354537749],[-105.025589628989,39.736416739625],[-105.025660586541,39.7363810658939],[-105.025948993659,39.7362360689535],[-105.02597313729,39.7362162112774],[-105.025993550424,39.7362020381596],[-105.026036182287,39.7361794029933],[-105.026086086174,39.736173903001],[-105.026135999618,39.7361669777769],[-105.026193300692,39.7361600808243],[-105.026198562372,39.7361594871754],[-105.026254295536,39.7361531987659],[-105.026330132938,39.7361363996321],[-105.026387530216,39.7361152490256],[-105.026638602425,39.7360302240548],[-105.026912475772,39.7359515028738],[-105.027017872264,39.7359358437874],[-105.027089958198,39.7359251336817],[-105.027130637859,39.7359181695191],[-105.027186042789,39.7359183921647],[-105.027230358557,39.7359199954788],[-105.027282060103,39.7359216298538],[-105.027339293558,39.7359247102716],[-105.027391016147,39.7359234927796],[-105.027453837439,39.7359194679344],[-105.027551808183,39.7359070326469],[-105.027736190682,39.7358858343622],[-105.027782307172,39.7358805322952],[-105.027839569463,39.7358793368381],[-105.027909845442,39.7358653648688],[-105.027980021698,39.7358528194131],[-105.028089095574,39.7358333200906],[-105.028089211614,39.735833299327],[-105.028089905588,39.7358332798275],[-105.02817787968,39.7358308044084],[-105.028218530409,39.7358281169068],[-105.028272146756,39.7358197789198],[-105.028316510474,39.7358142557716],[-105.028610985087,39.7356928499778],[-105.028733155433,39.7356520027591],[-105.028772025286,39.7356393297843],[-105.028823832006,39.735625281897],[-105.029018340764,39.7355789805759],[-105.029036167299,39.7355747370864],[-105.029061830875,39.7355705652107],[-105.029272022636,39.7355363962159],[-105.029335691622,39.7355260460816],[-105.029503936713,39.7354996363021],[-105.029537190142,39.7354983440156],[-105.029592575631,39.7355014159501],[-105.029597518823,39.7355024544499],[-105.029675569639,39.7355188521643],[-105.029740133092,39.735530513665],[-105.029813987424,39.7355336607114],[-105.029937784937,39.7355256023871],[-105.030283441247,39.7354827943036],[-105.030340885796,39.7354769428989],[-105.030430492813,39.7354678153143],[-105.030434444489,39.735467412779],[-105.030780216519,39.7354074992042],[-105.030865237806,39.7353978614243],[-105.030915131235,39.7353937831883],[-105.030919732383,39.7353929670285],[-105.030946565335,39.7353882075033],[-105.030969134765,39.7353889196341],[-105.030998268405,39.7353898388478],[-105.031046285444,39.7353900302297],[-105.031096207377,39.7353816762331],[-105.031144340564,39.7353647635929],[-105.031176678664,39.7353455573565],[-105.031177717696,39.7353449402365],[-105.031259340417,39.7352911001355],[-105.031272080521,39.7352829410127],[-105.031415481712,39.7351911023908],[-105.031425789707,39.7351845008429],[-105.031440600966,39.7351788587777],[-105.031460974602,39.7351703870066],[-105.031488800516,39.7351519681107],[-105.031524080595,39.7351235992816],[-105.031562997243,39.7351037992254],[-105.031637148093,39.7350627578621],[-105.031716590836,39.7350383634802],[-105.031790759671,39.7350155885084],[-105.031829618468,39.7350036561378],[-105.031862938215,39.7349923852585],[-105.031925815484,39.7349798067056],[-105.032010837924,39.7349701667486],[-105.032285646155,39.7349724498072],[-105.032289716881,39.7349719198576],[-105.032334014285,39.7349743021829],[-105.032367238907,39.7349772847308],[-105.032402318909,39.7349788507986],[-105.032437360984,39.734986116347],[-105.03245578215,39.7349933171973],[-105.032570375971,39.7350668849239],[-105.032840921368,39.7352090763508],[-105.032893811535,39.735233549688],[-105.032942674821,39.7352526557708],[-105.032992950748,39.7352674401512],[-105.033046706001,39.7352768871221],[-105.033060971476,39.735276943734],[-105.033094904516,39.7352756232785],[-105.033151593744,39.735272931168],[-105.033196955373,39.7352692218768],[-105.033241122244,39.7352557846784],[-105.033398551054,39.735254464441],[-105.033522902614,39.7352584494269],[-105.033613238654,39.7352633964877],[-105.033667950098,39.7352701172657],[-105.033719524431,39.7352790723901],[-105.033745434211,39.7352840367376],[-105.033865276708,39.7353279525709],[-105.033966260255,39.7353717921826],[-105.034056078049,39.7354025556409],[-105.034162789089,39.7354312139367],[-105.034233001786,39.7354488677396],[-105.034325834792,39.7354492351748],[-105.034421437661,39.7354561294218],[-105.034539617659,39.735452253029],[-105.034610046575,39.7354373277362],[-105.034697339793,39.735424641067],[-105.034795943115,39.7354033111496],[-105.034874897679,39.7353753875051],[-105.034993394303,39.7353237283072],[-105.035100638261,39.7352720245303],[-105.035193830866,39.7352180931745],[-105.035289879601,39.7351576570489],[-105.035380287584,39.7350993705962],[-105.035436751171,39.7350691857866],[-105.035507237045,39.7350455722309],[-105.035569326727,39.7350154096172],[-105.035654021833,39.7349701322549],[-105.0357162264,39.7349225941141],[-105.035766919699,39.7349141062299],[-105.035812015549,39.7349012522411],[-105.035843074673,39.7348839989135],[-105.035874176832,39.7348602297714],[-105.035953432182,39.7347866950055],[-105.036007082119,39.7347564988241],[-105.036057751782,39.7347310809266],[-105.036115789669,39.7347147802963],[-105.036175067686,39.7347014015716],[-105.036219221031,39.734689907833],[-105.036269696524,39.7346745497344],[-105.036318912549,39.7346591866508],[-105.03636557162,39.7346496473618],[-105.036393280012,39.7346363901427],[-105.036435071852,39.7346139456383],[-105.03645916577,39.7345887601668],[-105.036478248375,39.7345596658891],[-105.036489749124,39.7345344310016],[-105.036505079334,39.7345014326769],[-105.036531730618,39.7344704235735],[-105.036560849108,39.7344472027026],[-105.036606383461,39.7344172401698],[-105.036650594103,39.7343969957588],[-105.03670492442,39.7343699846704],[-105.03675290022,39.7343516996763],[-105.036813494776,39.7343295748763],[-105.036877835251,39.7343123264653],[-105.03692453253,39.7342969532141],[-105.036966115271,39.7342932275994],[-105.037008932035,39.7342933960866],[-105.03703763316,39.7342951619648],[-105.037071641049,39.7342943235542],[-105.037103162403,39.7342886136753],[-105.037146030232,39.7342810037921],[-105.037185119999,39.7342733788321],[-105.0372280009,39.7342638243402],[-105.037265857126,39.7342523054419],[-105.037302453902,39.7342407815787],[-105.037346645252,39.7342234536754],[-105.037387026464,39.7342109724515],[-105.03741732038,39.7342003959864],[-105.037447659169,39.734183013584],[-105.037469189338,39.7341646243326],[-105.03754935211,39.7340903209828],[-105.03758160525,39.7340904477433],[-105.037615564564,39.7340892705264],[-105.037644431276,39.7340880732885],[-105.037681733822,39.7340947732294],[-105.03770713636,39.7341040477508],[-105.037729126561,39.7341159302069],[-105.037744309355,39.7341304072615],[-105.037757768709,39.7341488095632],[-105.037769573719,39.7341606519981],[-105.037786462704,39.7341738250764],[-105.037805720909,39.7341817939746],[-105.037827102424,39.7341867987579],[-105.037845781461,39.7341884754881],[-105.037878069188,39.7341833596102],[-105.037905272937,39.734176913084],[-105.037918060126,39.7341743340765],[-105.037940432735,39.7341690162366],[-105.037957982884,39.7341640133469],[-105.037990331023,39.7341497229629],[-105.038015880377,39.734136716549],[-105.038043153152,39.7341197848762],[-105.038061946876,39.7341015092358],[-105.038089254151,39.7340793349947],[-105.038104670307,39.7340584247413],[-105.038116656607,39.7340427437149],[-105.038140560147,39.7340218667735],[-105.038162705733,39.7340101576399],[-105.038227384515,39.7339841980275],[-105.03825631157,39.7339738261635],[-105.038285204106,39.7339686968501],[-105.038317457192,39.7339688234089],[-105.03835307946,39.7339728951976],[-105.038392045041,39.7339848441315],[-105.038422505728,39.7339993810355],[-105.038441100954,39.7340112500404],[-105.038476628387,39.7340297388252],[-105.038510466929,39.7340469103018],[-105.038540910422,39.7340640684535],[-105.038576420664,39.7340851784866],[-105.03861368019,39.734098431329],[-105.038639100095,39.7341050843704],[-105.038681493004,39.7341210253894],[-105.038711156357,39.7341446870797],[-105.038731371632,39.7341683584475],[-105.03874992386,39.7341867805996],[-105.038770190871,39.7342025881243],[-105.038809130798,39.7342184688372],[-105.038844701519,39.7342304043127],[-105.038875188256,39.7342410091801],[-105.038910793723,39.7342477020793],[-105.038951517396,39.7342504830036],[-105.038987174302,39.7342493120426],[-105.039016015214,39.7342520463863],[-105.039051594601,39.7342626711599],[-105.039087139548,39.7342785384799],[-105.039117609118,39.734291764563],[-105.039153102893,39.7343076090283],[-105.03918873353,39.7343182565949],[-105.039219263408,39.7343223081762],[-105.03939551488,39.7343675611462],[-105.039497298475,39.7343784449287],[-105.039566828821,39.7343892024157],[-105.039593955066,39.7343945512535],[-105.039639745668,39.7344012837843],[-105.039676068487,39.7344194703805],[-105.039708088809,39.7344299186767],[-105.039734618776,39.7344304897448],[-105.03976180525,39.7344266640686],[-105.039955239812,39.7344261843306],[-105.040051240508,39.7344265596392],[-105.040106277486,39.73443809912],[-105.040147101981,39.7344482100258],[-105.040203007364,39.7344628409863],[-105.040261674581,39.7344630702277],[-105.040314081234,39.7344691089713],[-105.040343378638,39.7344747137888],[-105.040365506824,39.7344892131164],[-105.040399116482,39.7345150810877],[-105.040435335742,39.7345495385378],[-105.040476094892,39.7345696008221],[-105.040554167173,39.7345928973287],[-105.040609204626,39.7346044361731],[-105.040687407321,39.7346078302053],[-105.040742539371,39.7346049566732],[-105.040787019952,39.734599639666],[-105.040838596214,39.7345967528138],[-105.04088298521,39.7346055047696],[-105.040931723953,39.7346286867639],[-105.040961001457,39.7346373797311],[-105.0410276124,39.7346462185249],[-105.041090706206,39.7346492100258],[-105.041145836091,39.7346466796227],[-105.041209003974,39.7346383469981],[-105.04128285634,39.734627310788],[-105.041327357284,39.7346189053244],[-105.041405535352,39.7346260732657],[-105.041460590915,39.7346348669772],[-105.041615997898,39.7346584639272],[-105.041716292837,39.7346818460304],[-105.041764125613,39.7347077696061],[-105.041793217255,39.7347449436787],[-105.041808086056,39.734782062761],[-105.041826508742,39.7348195384037],[-105.041851858833,39.7348851801269],[-105.041870245447,39.7349281464332],[-105.041899373287,39.7349598308583],[-105.041969242153,39.7350143217201],[-105.042002908606,39.7350316106539],[-105.042050758873,39.7350547883187],[-105.042080075363,39.7350576476202],[-105.042113871337,39.7350550339354],[-105.042146872439,39.7350380046689],[-105.042180801072,39.735015145064],[-105.042225375802,39.7349954154003],[-105.042273414746,39.7349897683489],[-105.042340100273,39.7349872825386],[-105.042406749976,39.7349902869621],[-105.042444028347,39.7349990110743],[-105.042502657449,39.7350050727855],[-105.042558732395,39.7349939666526],[-105.042606732748,39.734994153253],[-105.042676891539,39.7350043773032],[-105.042747076413,39.7350104838055],[-105.042799541845,39.7350075995486],[-105.042880467919,39.7350024233588],[-105.042962284516,39.7349969074467],[-105.043054748686,39.7349945211587],[-105.043183945862,39.7349775070058],[-105.043245083472,39.7349738123316],[-105.043336802675,39.7349663043017],[-105.04341152071,39.7349626622469],[-105.043441406112,39.7349614675392],[-105.043466183367,39.7349579574708],[-105.043493882172,39.7349477419123],[-105.043524748389,39.7349368881169],[-105.043563834793,39.7349304863831],[-105.043593737279,39.734927882414],[-105.043623429786,39.7349235931106],[-105.043661123039,39.7349171325927],[-105.043802619712,39.734914157678],[-105.043823161973,39.7349133564463],[-105.043844277543,39.7349121169461],[-105.043857412419,39.7349099656294],[-105.043873972892,39.7349073871533],[-105.043886502952,39.734910518837],[-105.043895581573,39.7349180416643],[-105.043900658426,39.734926870291],[-105.043900561048,39.7349418451839],[-105.043910164361,39.7349564171915],[-105.043922075235,39.7349670341063],[-105.04393857278,39.7349741451989],[-105.043952817055,39.7349768431325],[-105.043967107148,39.734972493994],[-105.043983208864,39.7349527362678],[-105.044004544925,39.7349175831168],[-105.044027583773,39.7348837578724],[-105.044062553516,39.7348574664902],[-105.044080453943,39.7348459849106],[-105.044133129184,39.7348383249681],[-105.04417050089,39.7348345377346],[-105.044192517966,39.7348424870612],[-105.044217870536,39.734859624011],[-105.044238138974,39.7348754305899],[-105.04428564492,39.734879546608],[-105.044311150797,39.7348730920279],[-105.044338396795,39.7348600908188],[-105.044363928202,39.7348497043088],[-105.044387745022,39.734841932499],[-105.04441154481,39.7348367819632],[-105.044443806818,39.7348355962032],[-105.044477757866,39.7348357276456],[-105.044501498064,39.7348397515679],[-105.044535432092,39.7348425042727],[-105.044557457723,39.7348491428915],[-105.044591340699,39.7348597594168],[-105.044623560168,39.7348651268048],[-105.044657477196,39.7348705007532],[-105.04472198422,39.7348707503684],[-105.044757598811,39.7348761308563],[-105.044789835313,39.7348788769197],[-105.044825483936,39.7348790148292],[-105.044854359354,39.7348765051834],[-105.044896815198,39.7348740480579],[-105.044927379662,39.7348728555994],[-105.044947068585,39.7348682614844],[-105.044950962867,39.734867990331],[-105.044976608708,39.7348730459855],[-105.044996894325,39.7348862311546],[-105.045017570525,39.7348915537965],[-105.045039579213,39.7349008136039],[-105.045065059526,39.7348982907788],[-105.045073623803,39.7348865278402],[-105.04508387713,39.7348760821035],[-105.045092441401,39.7348643191635],[-105.045107787381,39.7348538931136],[-105.045128192015,39.7348487293073],[-105.045151983252,39.7348448892613],[-105.045191069456,39.7348384869867],[-105.045231793721,39.7348412657368],[-105.045257265507,39.7348400535095],[-105.045292939601,39.7348362593588],[-105.045321831978,39.7348311283192],[-105.045347278272,39.7348338479909],[-105.0454286846,39.7348459585675],[-105.045506721069,39.734854124054],[-105.04561885296,39.73484013973],[-105.045659619692,39.7348363651342],[-105.045691873189,39.7348364896715],[-105.045725815751,39.7348379313934],[-105.045754623216,39.734845906643],[-105.045781716159,39.7348564966115],[-105.045808860033,39.7348592227366],[-105.045834314843,39.7348606316634],[-105.045866483492,39.7348738625484],[-105.045890215297,39.7348791968299],[-105.045917393125,39.7348766803717],[-105.045947983026,39.7348715557295],[-105.04596669005,39.7348663852271],[-105.045987069172,39.7348651531905],[-105.046004027738,39.7348678399695],[-105.046022658409,39.7348744652142],[-105.046039566081,39.7348850158253],[-105.046064953046,39.7348969098187],[-105.046086927948,39.7349114119884],[-105.046104781004,39.7349207010838],[-105.046142622668,39.734938120867],[-105.046169904583,39.7349431881923],[-105.046207208398,39.7349498854283],[-105.046258101143,39.7349553243832],[-105.046281866919,39.7349554160275],[-105.046305658129,39.7349515757484],[-105.046334868034,39.7349503810638],[-105.046366400402,39.7349314973865],[-105.046383272898,39.7349239481794],[-105.046387692256,39.7349191252248],[-105.046409777418,39.7349165890198],[-105.046428399664,39.7349245248397],[-105.0464419123,39.7349350623053],[-105.046445205707,39.7349508030669],[-105.046453591783,39.7349665634586],[-105.046470499543,39.7349771140074],[-105.046490827843,39.7349837457209],[-105.046511198517,39.7349838242332],[-105.04652649347,39.734981261836],[-105.046543545291,39.734969531502],[-105.046558882605,39.7349604159029],[-105.046581010136,39.734951326468],[-105.046598028052,39.7349448386843],[-105.04662353374,39.7349383836031],[-105.04664902248,39.7349345497954],[-105.046674494275,39.7349333372614],[-105.046693201262,39.7349281666436],[-105.046733942578,39.7349283235945],[-105.046766204589,39.7349271371977],[-105.046795020677,39.7349338015528],[-105.04682724035,39.7349391683371],[-105.046851031524,39.7349353279478],[-105.046912143505,39.7349355632869],[-105.046935917741,39.7349343441595],[-105.047014056319,39.734926780972],[-105.047042897823,39.7349295133475],[-105.047069982529,39.7349414136587],[-105.04709702493,39.7349598671616],[-105.047122319013,39.7349861779619],[-105.047166193162,39.7350269776573],[-105.047188049873,39.7350598285743],[-105.047206553792,39.7350861132242],[-105.047240327298,39.7351137672997],[-105.04727077339,39.735130923186],[-105.047296101437,39.7351519913893],[-105.047321421041,39.7351743702265],[-105.047350186534,39.7351888982819],[-105.047372187166,39.7351994682915],[-105.047409465861,39.7352100970641],[-105.04744673611,39.7352220364644],[-105.04744899415,39.7352403945573],[-105.047450397424,39.7352459556058],[-105.047456766488,39.7352603234183],[-105.047471656433,39.7352946962414],[-105.047476424318,39.7353029252987],[-105.047494321258,39.7353192092007],[-105.047516279676,39.73533633238],[-105.047545045276,39.735350860387],[-105.047575550724,39.7353588417169],[-105.047594903627,39.7353634054651],[-105.047597438318,39.7353638116844],[-105.047626772283,39.7353639244652],[-105.047671255489,39.7353582618923],[-105.047687514745,39.7353565940132],[-105.047701229721,39.7353501501854],[-105.047721668114,39.7353397433724],[-105.04773703916,39.7353253850631],[-105.047750687284,39.7353149521454],[-105.047769411194,39.7353071600783],[-105.047789858014,39.7352954426139],[-105.047808590365,39.7352863399011],[-105.0478324154,39.7352772567558],[-105.047856231981,39.7352694842451],[-105.047869871627,39.7352603619529],[-105.047903958054,39.7352395221746],[-105.047922715718,39.7352264875249],[-105.047941481822,39.7352121422325],[-105.047963592359,39.7352056738176],[-105.047990770239,39.7352031568807],[-105.048019679461,39.7351954039002],[-105.048048554896,39.7351928934709],[-105.048077438773,39.7351890723948],[-105.048106297315,39.7351891832303],[-105.048130105391,39.7351827213035],[-105.048150526785,39.7351749356946],[-105.048177721531,39.7351697974354],[-105.048203168059,39.7351725164893],[-105.048228580821,39.7351804780959],[-105.048257371828,39.7351910740108],[-105.048286154403,39.7352029805583],[-105.04830814674,39.7352148610324],[-105.048331853527,39.7352241267395],[-105.04835730008,39.7352268457599],[-105.04838442732,39.7352321925695],[-105.048397957186,39.7352401085302],[-105.048406352174,39.7352545581415],[-105.048409646037,39.7352702988463],[-105.04842553573,39.7352808452043],[-105.048445115941,39.7352826888716],[-105.048467345405,39.7352827741782],[-105.048488452305,39.7352845715028],[-105.048508447756,39.7352863645087],[-105.04852729855,39.7352933021086],[-105.048545361119,39.7353042602873],[-105.048569374282,39.7353183500487],[-105.048591559574,39.7353253004311],[-105.048611566084,39.7353253771823],[-105.048641608918,39.7353203434905],[-105.048777633631,39.7352547871803],[-105.048822169692,39.7352429438016],[-105.048846688345,39.735232739936],[-105.048874508223,39.7352276976614],[-105.048900060981,39.7352295119576],[-105.048934455864,39.7352390835032],[-105.048945520889,39.7352468493289],[-105.048957647767,39.7352623426326],[-105.048965312164,39.7352803932989],[-105.048975232641,39.7352933036233],[-105.048985081386,39.7353173697397],[-105.048987182891,39.7353362572209],[-105.048972606845,39.7353559389655],[-105.048954690852,39.7353764660449],[-105.048933434908,39.7353978384576],[-105.048931068451,39.7354201414205],[-105.048953176553,39.7354391055954],[-105.048979807734,39.7354460729464],[-105.049018720406,39.735444505766],[-105.049054375829,39.7354309119326],[-105.049092320408,39.7354070289833],[-105.049119199895,39.7353753802135],[-105.04915053626,39.7353420321849],[-105.049161728191,39.7353300609106],[-105.049178532661,39.7353095295409],[-105.04919195858,39.7352958504932],[-105.049206468368,39.7352864663454],[-105.049227635954,39.7352788240818],[-105.049257689818,39.7352720739454],[-105.049287765669,39.7352618912762],[-105.04931673564,39.7352508462238],[-105.049343427435,39.7352483739871],[-105.049376755044,39.7352510760969],[-105.049405614673,39.7352571936966],[-105.049430028442,39.7352632942648],[-105.049454453239,39.7352676785906],[-105.049483368067,39.7352652148343],[-105.049521180135,39.7352619269945],[-105.049549010999,39.7352551682729],[-105.049560197337,39.735244055079],[-105.049576963094,39.735229530633],[-105.049597008152,39.7352236002354],[-105.049622472763,39.7352391445243],[-105.049650193409,39.7352495485034],[-105.04970464448,39.7352514732266],[-105.049751326225,39.7352516518655],[-105.049777929937,39.7352629096802],[-105.049801166193,39.7352793035433],[-105.049828886882,39.7352897074802],[-105.049874435174,39.7352933143429],[-105.049907823399,39.7352865767961],[-105.049942345093,39.7352764110164],[-105.049965807075,39.7352576213287],[-105.049983733819,39.7352353778071],[-105.050001677003,39.7352105599263],[-105.050068508326,39.7351885034631],[-105.05015748648,39.7351794039304],[-105.050259725157,39.7351823692235],[-105.05031641566,39.7351817277539],[-105.050347509309,39.7351861373306],[-105.050363042349,39.7351904874878],[-105.050375224541,39.7351973992579],[-105.050408436587,39.7352181219196],[-105.050434974388,39.735239677211],[-105.050452609408,39.7352629148125],[-105.050472494906,39.7352818702099],[-105.050491268898,39.7353008213575],[-105.050528976455,39.7353138377501],[-105.050571190445,39.7353174316059],[-105.050611186906,39.7353201588377],[-105.050652311378,39.7353203158943],[-105.050699004232,39.7353187778699],[-105.050735666279,39.7353214923268],[-105.05079900924,39.7353234504936],[-105.050841228681,39.7353261861336],[-105.050885649113,39.7353323627683],[-105.050911075587,39.735353913709],[-105.05095650311,39.7353763991653],[-105.051005281564,39.7353963228712],[-105.051028518151,39.7354127164912],[-105.051054005184,39.7354248279446],[-105.051079563562,39.7354257835984],[-105.051095184576,39.7354164034586],[-105.051105325149,39.7353949882532],[-105.051108802365,39.7353726894865],[-105.051122288331,39.7353495707123],[-105.051139059281,39.7353341879257],[-105.051163511667,39.7353342812027],[-105.051183496218,39.7353377900416],[-105.051207954096,39.7353370251906],[-105.051254751199,39.7353191823887],[-105.051284870764,39.7353021341092],[-105.05132514178,39.7352619543588],[-105.051343062539,39.7352405687989],[-105.051353246923,39.7352122885202],[-105.051360041997,39.7351925768147],[-105.051381319094,39.7351677714368],[-105.051454420733,39.7350341778228],[-105.051468941139,39.7350230771575],[-105.051496821106,39.7350085947547],[-105.051550281235,39.7349916354215],[-105.051584791573,39.7349831853463],[-105.051612720873,39.7349609797459],[-105.051630619525,39.7349430266653],[-105.051654026155,39.7349328179782],[-105.051688519997,39.7349269423294],[-105.051728488921,39.7349339598766],[-105.05177964379,39.7349298639539],[-105.051827387423,39.7349377692234],[-105.051882977169,39.7349354064774],[-105.051965269522,39.7349288545858],[-105.052024199138,39.7349256463507],[-105.052076459948,39.7349224126995],[-105.052106453107,39.734925101343],[-105.052138597926,39.7349389541861],[-105.052159661048,39.734947615904],[-105.052169620354,39.734954519078],[-105.052194012407,39.7349640515993],[-105.052230630501,39.7349736306924],[-105.052252843437,39.7349762896906],[-105.052289527276,39.7349755711381],[-105.052332847122,39.7349800267102],[-105.052386170117,39.7349845203707],[-105.052448417736,39.7349838989644],[-105.052473976037,39.7349848543659],[-105.052498455678,39.7349806566707],[-105.052514081879,39.7349704182222],[-105.052524172681,39.7349567261115],[-105.052543127799,39.7349473585087],[-105.05256432783,39.7349345667803],[-105.052598925599,39.734912386254],[-105.052624576861,39.7348987533],[-105.052666763279,39.7349066370993],[-105.052723469954,39.734903420063],[-105.052776864047,39.7348967577496],[-105.052811303066,39.7348994631113],[-105.052832355252,39.7349098409968],[-105.052860098127,39.7349168116951],[-105.052890541534,39.7349137057053],[-105.05294366342,39.7349024391219],[-105.053233020555,39.7348763277673],[-105.053232519873,39.7349200207297],[-105.053204098047,39.7403586148911],[-105.053212133667,39.7439813544038],[-105.052642294027,39.7439760989686],[-105.052087567417,39.7439709005562],[-105.05151678388,39.7439742170453],[-105.050923774631,39.7439774459529],[-105.050321890751,39.7439782362916],[-105.04980891285,39.7439786768],[-105.04926922901,39.7439845035798],[-105.048686868124,39.7439908505209],[-105.048084132438,39.7439857922815],[-105.047516068459,39.7439808640234],[-105.046323044454,39.74397078035],[-105.045754945355,39.743971333846],[-105.045158397421,39.7439717750473],[-105.044587631375,39.7439723130017],[-105.044023087978,39.7439728720481],[-105.042837140799,39.743968270846],[-105.042510871699,39.7439670029006],[-105.039308637289,39.7439545103826],[-105.038731674926,39.7439508778815],[-105.038157307822,39.7439582333243],[-105.037566096652,39.7439583138081],[-105.036985600758,39.7439512270128],[-105.036380165506,39.7439512453717],[-105.03576583782,39.7439515689118],[-105.035772043925,39.7451629371297],[-105.035771103238,39.7463794238283],[-105.035190510674,39.7463839955127],[-105.034939781417,39.7463857499474],[-105.034582300536,39.7463970337733],[-105.033803511778,39.7463915490084],[-105.033048725376,39.7463864974537],[-105.032316167699,39.7463811864748],[-105.031511596793,39.746375584229],[-105.030698992689,39.7463747485902],[-105.029940620617,39.7463741239195],[-105.029284493346,39.7463732171198],[-105.029041776743,39.7463732756671],[-105.028380315134,39.7463723426292],[-105.027778429966,39.7463699284214],[-105.027431705473,39.7463685366321],[-105.026820927498,39.7463660824192],[-105.025213503221,39.7463644142577]]]},"properties":{"OBJECTID":20,"NBHD_ID":74,"NBHD_NAME":"West Colfax","TYPOLOGY":"","NOTES":"Removed NEST Status May 2023","GLOBALID":"4e6a2137-0b29-4b45-bf3d-f1c5919c9e9b"}},{"type":"Feature","id":21,"geometry":{"type":"Polygon","coordinates":[[[-105.025238785725,39.7692890100273],[-105.02525047022,39.7683515621883],[-105.025288118776,39.768156912787],[-105.025287546241,39.767437738901],[-105.025286861255,39.7665121193107],[-105.025287591584,39.7660788472278],[-105.025233456855,39.765610376542],[-105.025282949815,39.7650873672995],[-105.025281305642,39.7646656790431],[-105.025278018549,39.7637791681486],[-105.025244445215,39.7631997621625],[-105.02524248668,39.7624386351436],[-105.025241748557,39.7620223852275],[-105.025223858506,39.7608559298289],[-105.025235912961,39.7602575146916],[-105.025233743069,39.7584768746225],[-105.026094472058,39.7584827455243],[-105.026841383298,39.7584881524014],[-105.027558107781,39.7584865704695],[-105.027597235009,39.7584863843385],[-105.028173404126,39.7584934994327],[-105.029930556585,39.7584864607374],[-105.031089183671,39.7584910821718],[-105.032282489416,39.7584958300069],[-105.033434002583,39.7585004000905],[-105.034613875334,39.7585194836522],[-105.035198125343,39.7585149288789],[-105.035798383131,39.758510091617],[-105.03697132873,39.7585009853527],[-105.03756266278,39.7585009084101],[-105.03813710187,39.7585007614508],[-105.038664410664,39.7585007704975],[-105.038700870262,39.7585005700694],[-105.039303763924,39.7585005294821],[-105.039896889258,39.7584983883853],[-105.040494463488,39.7584959188966],[-105.041075140277,39.758493722863],[-105.041654930087,39.7584911781411],[-105.042248947537,39.7584886854939],[-105.042826956405,39.7584864706437],[-105.043422689504,39.7584935872736],[-105.044005975698,39.7585003096964],[-105.045068641224,39.7584934402439],[-105.045456357125,39.7584911636884],[-105.046325990357,39.758495205261],[-105.046948521478,39.7584835336842],[-105.048423764604,39.7584799375685],[-105.048670902996,39.7584901506208],[-105.049013286732,39.7584849429863],[-105.049301425027,39.7584802127035],[-105.049861692152,39.758471375796],[-105.050894942627,39.7584753227248],[-105.051477397533,39.758473082963],[-105.05151030016,39.7584728649631],[-105.052080305967,39.7584705745819],[-105.052646730927,39.7584720426293],[-105.053239833438,39.7584736092113],[-105.053240324327,39.7584736566435],[-105.053244385016,39.7620853276708],[-105.053240954499,39.7693224289524],[-105.053240880146,39.7693340961897],[-105.052655679719,39.7693342755511],[-105.052079373258,39.7693344865969],[-105.051494999257,39.7693446152986],[-105.050916850844,39.7693547646987],[-105.050336064078,39.7693600972869],[-105.049760616128,39.7693651037056],[-105.048808992726,39.7693662647731],[-105.048598251102,39.7693606524403],[-105.047973010504,39.7693637436795],[-105.047442046957,39.7693661649982],[-105.04628578071,39.7693812738556],[-105.045717477657,39.7693814844037],[-105.045149172698,39.769382035573],[-105.044012694121,39.7693628829795],[-105.043432765315,39.769372989135],[-105.04285639586,39.7693827626831],[-105.042309244502,39.7694125499962],[-105.042264759939,39.769415122209],[-105.041674903835,39.7694471423706],[-105.041086112307,39.7694523982157],[-105.040499101254,39.7694573148945],[-105.039918425453,39.7694454383069],[-105.039337752881,39.7694332162978],[-105.038740890903,39.7694483796007],[-105.038155593843,39.7694632427306],[-105.037579125062,39.769487745728],[-105.036986643829,39.7695128695714],[-105.03641116165,39.7695226148605],[-105.035804549825,39.7695325781671],[-105.035237976712,39.7695399512031],[-105.034642940131,39.7695478948925],[-105.034044551201,39.769524938675],[-105.033644439901,39.7695096280767],[-105.033072724765,39.7694878023962],[-105.032300865402,39.7694716985198],[-105.031537035755,39.7694518468979],[-105.029969417238,39.7694030472831],[-105.027610228272,39.7693603182841],[-105.025953683269,39.769310765133],[-105.025238785725,39.7692890100273]]]},"properties":{"OBJECTID":21,"NBHD_ID":75,"NBHD_NAME":"West Highland","TYPOLOGY":null,"NOTES":null,"GLOBALID":"83ad1e9a-489a-4844-a11d-ab048eeca28f"}},{"type":"Feature","id":22,"geometry":{"type":"Polygon","coordinates":[[[-105.025233743069,39.7584768746225],[-105.025235014828,39.7578961284289],[-105.025234675303,39.7578323504922],[-105.025276998043,39.7577904028326],[-105.025275334257,39.7572522265945],[-105.025269804855,39.7560201686132],[-105.02527377124,39.755468449488],[-105.025223528027,39.7554401713394],[-105.025222817909,39.7548376658727],[-105.025215181054,39.7540466153523],[-105.02528203891,39.7540234869431],[-105.025277160849,39.7536244547461],[-105.025296489681,39.7524163104701],[-105.025299181578,39.7517150673532],[-105.025224920036,39.7516866816378],[-105.025228723538,39.7512074435148],[-105.025229855949,39.7507270644859],[-105.025270169561,39.7506824347528],[-105.025267991465,39.7499992394768],[-105.025272799885,39.7487861580493],[-105.025273873048,39.7481200597545],[-105.025232369079,39.7480883052226],[-105.025229296664,39.7475775373297],[-105.02522364942,39.7470977790137],[-105.025221939483,39.7469567352394],[-105.025213503221,39.7463644142577],[-105.026820927498,39.7463660824192],[-105.027431705473,39.7463685366321],[-105.027778429966,39.7463699284214],[-105.028380315134,39.7463723426292],[-105.029041776743,39.7463732756671],[-105.029284493346,39.7463732171198],[-105.029940620617,39.7463741239195],[-105.030698992689,39.7463747485902],[-105.031511596793,39.746375584229],[-105.032316167699,39.7463811864748],[-105.033048725376,39.7463864974537],[-105.033803511778,39.7463915490084],[-105.034582300536,39.7463970337733],[-105.034939781417,39.7463857499474],[-105.035190510674,39.7463839955127],[-105.035771103238,39.7463794238283],[-105.035772043925,39.7451629371297],[-105.03576583782,39.7439515689118],[-105.036380165506,39.7439512453717],[-105.036985600758,39.7439512270128],[-105.037566096652,39.7439583138081],[-105.038157307822,39.7439582333243],[-105.038731674926,39.7439508778815],[-105.039308637289,39.7439545103826],[-105.042510871699,39.7439670029006],[-105.042837140799,39.743968270846],[-105.044023087978,39.7439728720481],[-105.044587631375,39.7439723130017],[-105.045158397421,39.7439717750473],[-105.045754945355,39.743971333846],[-105.046323044454,39.74397078035],[-105.047516068459,39.7439808640234],[-105.048084132438,39.7439857922815],[-105.048686868124,39.7439908505209],[-105.04926922901,39.7439845035798],[-105.04980891285,39.7439786768],[-105.050321890751,39.7439782362916],[-105.050923774631,39.7439774459529],[-105.05151678388,39.7439742170453],[-105.052087567417,39.7439709005562],[-105.052642294027,39.7439760989686],[-105.053212133667,39.7439813544038],[-105.053220172752,39.747604083666],[-105.053240324327,39.7584736566435],[-105.053239833438,39.7584736092113],[-105.052646730927,39.7584720426293],[-105.052080305967,39.7584705745819],[-105.05151030016,39.7584728649631],[-105.051477397533,39.758473082963],[-105.050894942627,39.7584753227248],[-105.049861692152,39.758471375796],[-105.049301425027,39.7584802127035],[-105.049013286732,39.7584849429863],[-105.048670902996,39.7584901506208],[-105.048423764604,39.7584799375685],[-105.046948521478,39.7584835336842],[-105.046325990357,39.758495205261],[-105.045456357125,39.7584911636884],[-105.045068641224,39.7584934402439],[-105.044005975698,39.7585003096964],[-105.043422689504,39.7584935872736],[-105.042826956405,39.7584864706437],[-105.042248947537,39.7584886854939],[-105.041654930087,39.7584911781411],[-105.041075140277,39.758493722863],[-105.040494463488,39.7584959188966],[-105.039896889258,39.7584983883853],[-105.039303763924,39.7585005294821],[-105.038700870262,39.7585005700694],[-105.038664410664,39.7585007704975],[-105.03813710187,39.7585007614508],[-105.03756266278,39.7585009084101],[-105.03697132873,39.7585009853527],[-105.035798383131,39.758510091617],[-105.035198125343,39.7585149288789],[-105.034613875334,39.7585194836522],[-105.033434002583,39.7585004000905],[-105.032282489416,39.7584958300069],[-105.031089183671,39.7584910821718],[-105.029930556585,39.7584864607374],[-105.028173404126,39.7584934994327],[-105.027597235009,39.7584863843385],[-105.027558107781,39.7584865704695],[-105.026841383298,39.7584881524014],[-105.026094472058,39.7584827455243],[-105.025233743069,39.7584768746225]]]},"properties":{"OBJECTID":22,"NBHD_ID":56,"NBHD_NAME":"Sloan Lake","TYPOLOGY":null,"NOTES":null,"GLOBALID":"1f39cc21-39ac-46f7-a49a-01f81d1d8109"}},{"type":"Feature","id":23,"geometry":{"type":"Polygon","coordinates":[[[-105.025192461689,39.7843847395043],[-105.025191418603,39.7843096956403],[-105.025185957712,39.783916722608],[-105.025193178348,39.7829886101484],[-105.0252409525,39.782571829877],[-105.025242454299,39.7821454512755],[-105.025245024914,39.7809472953286],[-105.025188470007,39.7802628476942],[-105.025250386528,39.7798323522437],[-105.025257343875,39.7790438848326],[-105.025268284432,39.777853547353],[-105.025222770688,39.7766437538929],[-105.025287038353,39.7757673210017],[-105.025285969381,39.7747134982821],[-105.025287282688,39.7734409195425],[-105.02523008812,39.7729370433218],[-105.025291509092,39.7724340552874],[-105.025293748118,39.7720454326451],[-105.025298854159,39.7711358096895],[-105.02529914182,39.7708409088823],[-105.025237798411,39.7702227288492],[-105.025238265321,39.7697594737028],[-105.025238785725,39.7692890100273],[-105.025953683269,39.769310765133],[-105.027610228272,39.7693603182841],[-105.029969417238,39.7694030472831],[-105.031537035755,39.7694518468979],[-105.032300865402,39.7694716985198],[-105.033072724765,39.7694878023962],[-105.033644439901,39.7695096280767],[-105.034044551201,39.769524938675],[-105.034642940131,39.7695478948925],[-105.035237976712,39.7695399512031],[-105.035804549825,39.7695325781671],[-105.03641116165,39.7695226148605],[-105.036986643829,39.7695128695714],[-105.037579125062,39.769487745728],[-105.038155593843,39.7694632427306],[-105.038740890903,39.7694483796007],[-105.039337752881,39.7694332162978],[-105.039918425453,39.7694454383069],[-105.040499101254,39.7694573148945],[-105.041086112307,39.7694523982157],[-105.041674903835,39.7694471423706],[-105.042264759939,39.769415122209],[-105.042309244502,39.7694125499962],[-105.04285639586,39.7693827626831],[-105.043432765315,39.769372989135],[-105.044012694121,39.7693628829795],[-105.045149172698,39.769382035573],[-105.045717477657,39.7693814844037],[-105.04628578071,39.7693812738556],[-105.047442046957,39.7693661649982],[-105.047973010504,39.7693637436795],[-105.048598251102,39.7693606524403],[-105.048808992726,39.7693662647731],[-105.049760616128,39.7693651037056],[-105.050336064078,39.7693600972869],[-105.050916850844,39.7693547646987],[-105.051494999257,39.7693446152986],[-105.052079373258,39.7693344865969],[-105.052655679719,39.7693342755511],[-105.053240880146,39.7693340961897],[-105.053242804803,39.7765681095577],[-105.053243744796,39.7836716601443],[-105.053234469242,39.7836745369219],[-105.052970516964,39.7837490387013],[-105.052613767407,39.7838849696122],[-105.052386048557,39.7839929858024],[-105.051742756758,39.7843195507932],[-105.050917829986,39.7847424662946],[-105.050708725967,39.7848174125081],[-105.050315181477,39.784948461876],[-105.049842082534,39.7850460677582],[-105.049697492963,39.7850697399024],[-105.04941825127,39.7851154564264],[-105.048862727323,39.7851488345769],[-105.04853758717,39.7851381203523],[-105.048249353767,39.7851133446505],[-105.047985786057,39.7850697275959],[-105.047709947098,39.7850260626143],[-105.047403765592,39.7849302061053],[-105.047091510363,39.7848248577635],[-105.04681604023,39.7847243841262],[-105.046485746561,39.7845621569626],[-105.046097241516,39.7843878689473],[-105.045253172507,39.7839727553908],[-105.044745011266,39.7838003681321],[-105.044236451898,39.7836895188822],[-105.044034187832,39.7836555980737],[-105.043785890733,39.7836238650252],[-105.043540615621,39.7835992445879],[-105.043307519663,39.7835888726654],[-105.041009672909,39.7835823047592],[-105.038282169669,39.7835976782791],[-105.037214552673,39.7835934870556],[-105.036625585037,39.7835817022768],[-105.036269712415,39.7835803012696],[-105.035561334128,39.783532536817],[-105.034549474339,39.7834480632233],[-105.033751988179,39.7834212382203],[-105.033377804532,39.7834055543147],[-105.033132407195,39.7833998472556],[-105.032846892452,39.7834294861527],[-105.032656590357,39.783442932589],[-105.032441682118,39.7834657494973],[-105.032110005923,39.7835165057204],[-105.031702539652,39.7835848243589],[-105.030055242577,39.7838610053686],[-105.028090002228,39.7841296489007],[-105.027313028345,39.784235849688],[-105.026594694506,39.7842992397716],[-105.026017674222,39.7843347905519],[-105.025655438297,39.7843664700306],[-105.025373096114,39.7843795341443],[-105.025335730649,39.7843806099123],[-105.025192461689,39.7843847395043]]]},"properties":{"OBJECTID":23,"NBHD_ID":8,"NBHD_NAME":"Berkeley","TYPOLOGY":null,"NOTES":null,"GLOBALID":"fb6cbc49-8e1a-40cd-acad-4ed90581abb0"}},{"type":"Feature","id":24,"geometry":{"type":"Polygon","coordinates":[[[-105.029952649114,39.7920318310308],[-105.029943638594,39.7911254080414],[-105.025239548848,39.7911073362045],[-105.025191453795,39.7911153777474],[-105.025184566589,39.789243117196],[-105.025223302762,39.7874647192303],[-105.025185190597,39.7856057133765],[-105.025196124115,39.7846483635989],[-105.025192462288,39.7843847374993],[-105.025335730389,39.7843806098611],[-105.025373096179,39.7843795340944],[-105.025655438168,39.7843664697792],[-105.026017673507,39.7843347903985],[-105.026594694246,39.78429923962],[-105.027313028475,39.7842358497387],[-105.028090001183,39.7841296494988],[-105.030055242837,39.7838610053697],[-105.031702540235,39.7835848246623],[-105.032110005594,39.7835165061707],[-105.032441682377,39.7834657496991],[-105.032656590033,39.7834429324372],[-105.032846892711,39.7834294863042],[-105.033132407392,39.7833998470055],[-105.033377804664,39.7834055540643],[-105.033751987984,39.7834212382697],[-105.03454947408,39.7834480630717],[-105.034573764796,39.7834500908366],[-105.035561334194,39.7835325366667],[-105.03626971274,39.7835803013211],[-105.036625585427,39.7835817023286],[-105.037214553713,39.78359348716],[-105.038282169539,39.7835976783789],[-105.04100967265,39.7835823045073],[-105.043307519596,39.783588872916],[-105.043540615362,39.7835992443861],[-105.043785890406,39.7836238652247],[-105.043941135432,39.7836437070461],[-105.044034187507,39.7836555980725],[-105.044236451638,39.783689518831],[-105.044745011917,39.7838003679841],[-105.045253172637,39.7839727554916],[-105.046097241646,39.7843878689478],[-105.046485745843,39.7845621572108],[-105.046816039971,39.7847243839245],[-105.047091510557,39.7848248579147],[-105.047403765267,39.7849302061041],[-105.047709946121,39.7850260628114],[-105.047985786254,39.7850697272956],[-105.048249353443,39.7851133444987],[-105.048537587429,39.7851381205039],[-105.048862727191,39.7851488348775],[-105.049418251401,39.7851154562262],[-105.049697492772,39.7850697392994],[-105.04984208221,39.7850460676064],[-105.050315181607,39.7849484619266],[-105.050708725968,39.7848174123073],[-105.050917830121,39.7847424655424],[-105.051742756565,39.7843195505415],[-105.052386048362,39.7839929858016],[-105.052613767537,39.7838849696628],[-105.052970517357,39.7837490383516],[-105.053184076073,39.7836887601737],[-105.053234468136,39.7836745370682],[-105.05324374395,39.7836716601411],[-105.053243745176,39.7836773969152],[-105.053243761198,39.7838141098517],[-105.062659366383,39.7838480855396],[-105.062652631314,39.7883401633198],[-105.064995187149,39.7883432833483],[-105.064991393097,39.7903206868967],[-105.064404393827,39.7903198311418],[-105.06440292827,39.7910803131584],[-105.062646469487,39.7910777346053],[-105.06264758036,39.7905014009985],[-105.061786281338,39.7905001950686],[-105.061455216153,39.7910760521754],[-105.053246475931,39.7910642154829],[-105.044037599965,39.7911037258319],[-105.03464633186,39.7911435119754],[-105.034657050751,39.7920476093883],[-105.029952649114,39.7920318310308]]]},"properties":{"OBJECTID":24,"NBHD_ID":52,"NBHD_NAME":"Regis","TYPOLOGY":null,"NOTES":null,"GLOBALID":"1039ba4d-590a-43cf-b371-551668db322a"}},{"type":"Feature","id":25,"geometry":{"type":"Polygon","coordinates":[[[-105.020556087066,39.7928953813404],[-105.020544169928,39.7910886560292],[-105.015847901624,39.7910701280926],[-105.006410792859,39.7910460500411],[-104.99812708057,39.7910221948699],[-104.998121811145,39.7910221794385],[-104.998175518856,39.7825648301854],[-104.998356821673,39.7826106344203],[-104.999342798666,39.782875201095],[-105.000292002232,39.783134869673],[-105.001415524522,39.783473379809],[-105.002046628339,39.7835991342171],[-105.002420570997,39.7836480553135],[-105.002837632156,39.7836734869138],[-105.002951437319,39.7836667579368],[-105.003172180166,39.7836535961313],[-105.003509845967,39.7836266163086],[-105.004259107185,39.7835303593799],[-105.005039145038,39.7834200247925],[-105.005693348719,39.783316257489],[-105.005969788645,39.7832700780321],[-105.006204613919,39.7832674398392],[-105.00627660621,39.7832666310192],[-105.006635043117,39.7832640666748],[-105.006693866664,39.7832636461138],[-105.007043634516,39.7832603768357],[-105.007681247678,39.7833340542667],[-105.008380252172,39.7834032511038],[-105.008873794504,39.783459751771],[-105.009732264175,39.7835390732341],[-105.009893965098,39.7835504730025],[-105.010517272019,39.7835944133082],[-105.011081659529,39.7836109600044],[-105.014817888689,39.7836879565024],[-105.016228943834,39.7837174324716],[-105.018281460644,39.7837092782874],[-105.019266294558,39.7837062023921],[-105.019481045029,39.7837070789652],[-105.019763224139,39.7837176982632],[-105.020100494906,39.7837474772067],[-105.020333426226,39.783781564304],[-105.020762604437,39.7838306518373],[-105.021847275118,39.7840338893828],[-105.022215497692,39.784093678397],[-105.023327468163,39.7842742239475],[-105.023603417864,39.7842990104102],[-105.023934524697,39.784333487526],[-105.024388412845,39.7843589916268],[-105.025012409821,39.7843848460131],[-105.025084648972,39.7843878391929],[-105.025192461689,39.7843847395043],[-105.025196124115,39.7846483635989],[-105.025185190597,39.7856057133765],[-105.025223302762,39.7874647192303],[-105.025184566589,39.789243117196],[-105.025189443709,39.7911056465911],[-105.025242461719,39.7911070486913],[-105.02526444549,39.7939581358796],[-105.025228531546,39.7939682858025],[-105.02503370799,39.7940233461452],[-105.024977268231,39.7940378118281],[-105.024919793349,39.7940496054212],[-105.024724031991,39.7940691233031],[-105.02467590218,39.7940692305245],[-105.024627823772,39.794067511721],[-105.024579913118,39.7940639710522],[-105.024532286165,39.7940586170867],[-105.024485058172,39.7940514627813],[-105.024438343432,39.7940425254498],[-105.024392254998,39.7940318267208],[-105.024346904405,39.7940193924858],[-105.024302401403,39.7940052528362],[-105.02425885369,39.7939894419903],[-105.024216366653,39.7939719982111],[-105.024175043112,39.7939529637132],[-105.02413498307,39.7939323845607],[-105.024096283472,39.7939103105558],[-105.024059037972,39.7938867951183],[-105.024023336703,39.7938618951562],[-105.023974054517,39.7938230877589],[-105.023928518809,39.7937816462074],[-105.023800620999,39.793656379349],[-105.023762910969,39.7936218464885],[-105.023722338267,39.7935893017145],[-105.023679078602,39.793558885967],[-105.02363331932,39.7935307309655],[-105.02358525859,39.7935049586392],[-105.023535104549,39.7934816805984],[-105.023483074396,39.7934609976518],[-105.023429393455,39.7934429993692],[-105.0233742942,39.7934277636945],[-105.023318015245,39.7934153566075],[-105.023260800312,39.7934058318385],[-105.023202897177,39.7933992306355],[-105.023144556596,39.7933955815858],[-105.02308603122,39.793394900492],[-105.023027574498,39.7933971903036],[-105.022969439584,39.7934024411045],[-105.022969370181,39.7934024489032],[-105.022969335636,39.7934024489138],[-105.022969233125,39.7934024557755],[-105.022905295031,39.7934117516826],[-105.022842408905,39.7934246283042],[-105.022780911254,39.7934410167375],[-105.022721131151,39.7934608292881],[-105.022648981746,39.7934903955892],[-105.022580653417,39.7935249440017],[-105.022516722642,39.7935641830476],[-105.0224577288,39.7936077816745],[-105.022207088139,39.7938107535443],[-105.022171975363,39.7938409345757],[-105.022139247766,39.7938726707503],[-105.022109020851,39.7939058500665],[-105.022081401298,39.7939403554298],[-105.022039546164,39.7939965368266],[-105.022014943502,39.7940386584045],[-105.02199379133,39.7940818807959],[-105.021976171874,39.7941260359919],[-105.021962153629,39.7941709523576],[-105.021916257285,39.7943237844558],[-105.021861469975,39.7944748637983],[-105.021106397026,39.794280252541],[-105.021568612489,39.7932141540032],[-105.020672293076,39.7930203289327],[-105.020556087066,39.7928953813404]]]},"properties":{"OBJECTID":25,"NBHD_ID":11,"NBHD_NAME":"Chaffee Park","TYPOLOGY":null,"NOTES":null,"GLOBALID":"3dd14fcc-6a4b-4b67-84ce-e226d7ca9782"}},{"type":"Feature","id":26,"geometry":{"type":"Polygon","coordinates":[[[-104.998175518856,39.7825648301854],[-104.99820236239,39.7783370219772],[-104.998194711237,39.776548130401],[-104.998192510408,39.7754888061237],[-104.998191798562,39.7742215362472],[-104.998210483623,39.7729780261396],[-104.998209631472,39.7717303143631],[-104.998197991935,39.7704986841549],[-104.998204327003,39.7693867426434],[-104.998203286901,39.7692973043426],[-104.998381209987,39.7692960201866],[-105.000435707267,39.7693200025075],[-105.000588374324,39.7692872192716],[-105.001174482728,39.7692845568535],[-105.001759701771,39.7692818879541],[-105.00235915002,39.7692792762966],[-105.002966602591,39.7692766951811],[-105.003557985641,39.7692826217686],[-105.003614011559,39.7692832011905],[-105.004137807999,39.7692884973429],[-105.0047052375,39.769286081589],[-105.005287788471,39.7692833839264],[-105.005861411853,39.7692854501675],[-105.006048172701,39.7692862339417],[-105.006458156055,39.7692879534685],[-105.00703713282,39.7692876339682],[-105.007438234902,39.7692875971814],[-105.008033216883,39.7692876828701],[-105.009618062837,39.7692870892391],[-105.010217492179,39.7692871824643],[-105.010614147348,39.7692871163052],[-105.011202017252,39.7692868134918],[-105.011801441034,39.7692875849226],[-105.012199870908,39.7692882069236],[-105.012368849297,39.7692882208919],[-105.01279486482,39.7692865532883],[-105.012965612565,39.7692879459087],[-105.013374694872,39.7692913533291],[-105.013535659893,39.7692927050854],[-105.013785568271,39.7692930510159],[-105.014108404115,39.769293354519],[-105.0143992241,39.7692935250275],[-105.014711385772,39.7692941259679],[-105.014951530405,39.7692916844006],[-105.015288621612,39.769288268611],[-105.015868522677,39.7692827625065],[-105.017422303839,39.769273013637],[-105.017995054688,39.7692726149245],[-105.0183943804,39.7692721901632],[-105.018975137637,39.7692714763147],[-105.020523550923,39.769266125716],[-105.021122052818,39.7692716503394],[-105.022061158888,39.7692802709746],[-105.022906891544,39.7692874760769],[-105.023624639159,39.769282490134],[-105.024216937177,39.7692848854214],[-105.02460557689,39.7692864554836],[-105.025238785725,39.7692890100273],[-105.025238265321,39.7697594737028],[-105.025237798411,39.7702227288492],[-105.02529914182,39.7708409088823],[-105.025298854159,39.7711358096895],[-105.025293748118,39.7720454326451],[-105.025291509092,39.7724340552874],[-105.02523008812,39.7729370433218],[-105.025287282688,39.7734409195425],[-105.025285969381,39.7747134982821],[-105.025287038353,39.7757673210017],[-105.025222770688,39.7766437538929],[-105.025268284432,39.777853547353],[-105.025257343875,39.7790438848326],[-105.025250386528,39.7798323522437],[-105.025188470007,39.7802628476942],[-105.025245024914,39.7809472953286],[-105.025242454299,39.7821454512755],[-105.0252409525,39.782571829877],[-105.025193178348,39.7829886101484],[-105.025185957712,39.783916722608],[-105.025191418603,39.7843096956403],[-105.025192461689,39.7843847395043],[-105.025084648972,39.7843878391929],[-105.025012409821,39.7843848460131],[-105.024388412845,39.7843589916268],[-105.023934524697,39.784333487526],[-105.023603417864,39.7842990104102],[-105.023327468163,39.7842742239475],[-105.022215497692,39.784093678397],[-105.021847275118,39.7840338893828],[-105.020762604437,39.7838306518373],[-105.020333426226,39.783781564304],[-105.020100494906,39.7837474772067],[-105.019763224139,39.7837176982632],[-105.019481045029,39.7837070789652],[-105.019266294558,39.7837062023921],[-105.018281460644,39.7837092782874],[-105.016228943834,39.7837174324716],[-105.014817888689,39.7836879565024],[-105.011081659529,39.7836109600044],[-105.010517272019,39.7835944133082],[-105.009893965098,39.7835504730025],[-105.009732264175,39.7835390732341],[-105.008873794504,39.783459751771],[-105.008380252172,39.7834032511038],[-105.007681247678,39.7833340542667],[-105.007043634516,39.7832603768357],[-105.006693866664,39.7832636461138],[-105.006635043117,39.7832640666748],[-105.00627660621,39.7832666310192],[-105.006204613919,39.7832674398392],[-105.005969788645,39.7832700780321],[-105.005693348719,39.783316257489],[-105.005039145038,39.7834200247925],[-105.004259107185,39.7835303593799],[-105.003509845967,39.7836266163086],[-105.003172180166,39.7836535961313],[-105.002951437319,39.7836667579368],[-105.002837632156,39.7836734869138],[-105.002420570997,39.7836480553135],[-105.002046628339,39.7835991342171],[-105.001415524522,39.783473379809],[-105.000292002232,39.783134869673],[-104.999342798666,39.782875201095],[-104.998356821673,39.7826106344203],[-104.998175518856,39.7825648301854]]]},"properties":{"OBJECTID":26,"NBHD_ID":62,"NBHD_NAME":"Sunnyside","TYPOLOGY":null,"NOTES":null,"GLOBALID":"e8589431-c5f5-4b2b-ac2c-f040fc602432"}},{"type":"Feature","id":27,"geometry":{"type":"Polygon","coordinates":[[[-104.998203286901,39.7692973043426],[-104.998205108362,39.7691530073545],[-104.998206650425,39.7680465389713],[-104.998246599334,39.762119586281],[-104.998314126178,39.7621001209151],[-104.998440543461,39.7620804135761],[-104.998558955203,39.7620610149208],[-104.998666737447,39.7620357371819],[-104.998707514934,39.7620236440866],[-104.99875228902,39.762010365083],[-104.998826299797,39.7619821983997],[-104.998971697125,39.7619196766559],[-104.999042212124,39.7618829160782],[-104.999198484186,39.7617919585123],[-104.999332460339,39.761709827758],[-104.999451157572,39.7616502806106],[-104.999596615402,39.7615791794701],[-104.999811633732,39.761480235105],[-105.000023906089,39.7613922598253],[-105.000462570587,39.7612311232849],[-105.000848482834,39.761109910839],[-105.001030171773,39.7610705321454],[-105.001208159699,39.7610513835582],[-105.001353104185,39.7610519976719],[-105.001482084147,39.7610467101001],[-105.001620036631,39.7610301365121],[-105.001726905481,39.7610079408156],[-105.001857018086,39.7609683421068],[-105.001976521216,39.7609201198371],[-105.002136158458,39.7608552520152],[-105.002269990785,39.7607926777287],[-105.002462570188,39.7607221156619],[-105.002518713172,39.760705194945],[-105.002648703514,39.7606827530073],[-105.002785865635,39.7606521054633],[-105.002837562451,39.7606351658633],[-105.002882186693,39.7606123628766],[-105.002967977999,39.7605526732024],[-105.003019847392,39.7605113701502],[-105.003168867383,39.7604060402373],[-105.0034300667,39.760221419422],[-105.003586348283,39.7601277107175],[-105.003716759837,39.7600455603254],[-105.003816910735,39.7599670566357],[-105.003917938465,39.7598902724719],[-105.004025229704,39.7598080240893],[-105.004114901042,39.7597023669924],[-105.004186804514,39.7595942326678],[-105.004249757875,39.7594942964113],[-105.004294713361,39.7594244820799],[-105.004422235169,39.7592476074207],[-105.004538012487,39.7590967635589],[-105.004728707582,39.7589143205534],[-105.004866531912,39.7587893054268],[-105.005074926835,39.7586186041],[-105.005157239198,39.758547230326],[-105.005496716794,39.7581982954238],[-105.005612308607,39.7580731857448],[-105.005653574161,39.7580218861391],[-105.0056985396,39.757950354915],[-105.005755383196,39.757833577897],[-105.005796061926,39.7577393807286],[-105.00581169342,39.7576663538926],[-105.0058273924,39.7575837194278],[-105.005838587403,39.7575093018151],[-105.00586924299,39.757449378038],[-105.005943770774,39.7573467442155],[-105.006033433657,39.7572414284224],[-105.006115944364,39.7571415731757],[-105.006175183678,39.7570632393238],[-105.006328523327,39.7568806372474],[-105.006440796582,39.7567521715383],[-105.006507808419,39.7566754954356],[-105.006597510384,39.7565643459057],[-105.006645936376,39.7565062123709],[-105.006747400183,39.7563662867804],[-105.0068371212,39.7562523919486],[-105.007023515865,39.756047279105],[-105.007154438928,39.7558906620662],[-105.007583783118,39.7554034615937],[-105.008186492835,39.7547920755573],[-105.008217839532,39.7547827026077],[-105.008270251521,39.7547670320051],[-105.008344130202,39.7547560163507],[-105.008436662233,39.7547478239482],[-105.008540752827,39.7547396797375],[-105.008578157208,39.7547312570203],[-105.008629930017,39.7547026479187],[-105.00871932583,39.7546343899222],[-105.009006163067,39.754432781586],[-105.009069623876,39.7543856907066],[-105.009154611656,39.7543119234054],[-105.009271142033,39.7541778920991],[-105.009330425744,39.75409235043],[-105.009356491976,39.7540523095932],[-105.009397712131,39.7540068419368],[-105.009489391761,39.7539270019333],[-105.010120304969,39.7542626124329],[-105.010406687124,39.7543974018663],[-105.011707715337,39.7550097322334],[-105.011765407552,39.7550307728281],[-105.013152386576,39.7555365976651],[-105.014639455913,39.7560788986208],[-105.014880927544,39.7561450114517],[-105.015621536729,39.7563477799517],[-105.015835427918,39.7563038198805],[-105.016726835845,39.7566279909685],[-105.016916646375,39.7566974011049],[-105.017811739201,39.757004420991],[-105.018479623473,39.7572501094042],[-105.019296455693,39.7575605725476],[-105.020538077197,39.7580395346766],[-105.021368398434,39.7584608771968],[-105.022071761413,39.7584627058197],[-105.02262305311,39.758466658713],[-105.02308453554,39.7584702451689],[-105.023613597329,39.7584741036],[-105.024374763298,39.7584754658455],[-105.025233743069,39.7584768746225],[-105.025235912961,39.7602575146916],[-105.025223858506,39.7608559298289],[-105.025241748557,39.7620223852275],[-105.02524248668,39.7624386351436],[-105.025244445215,39.7631997621625],[-105.025278018549,39.7637791681486],[-105.025281305642,39.7646656790431],[-105.025282949815,39.7650873672995],[-105.025233456855,39.765610376542],[-105.025287591584,39.7660788472278],[-105.025286861255,39.7665121193107],[-105.025287546241,39.767437738901],[-105.025288118776,39.768156912787],[-105.02525047022,39.7683515621883],[-105.025238785725,39.7692890100273],[-105.02460557689,39.7692864554836],[-105.024216937177,39.7692848854214],[-105.023624639159,39.769282490134],[-105.022906891544,39.7692874760769],[-105.022061158888,39.7692802709746],[-105.021122052818,39.7692716503394],[-105.020523550923,39.769266125716],[-105.018975137637,39.7692714763147],[-105.0183943804,39.7692721901632],[-105.017995054688,39.7692726149245],[-105.017422303839,39.769273013637],[-105.015868522677,39.7692827625065],[-105.015288621612,39.769288268611],[-105.014951530405,39.7692916844006],[-105.014711385772,39.7692941259679],[-105.0143992241,39.7692935250275],[-105.014108404115,39.769293354519],[-105.013785568271,39.7692930510159],[-105.013535659893,39.7692927050854],[-105.013374694872,39.7692913533291],[-105.012965612565,39.7692879459087],[-105.01279486482,39.7692865532883],[-105.012368849297,39.7692882208919],[-105.012199870908,39.7692882069236],[-105.011801441034,39.7692875849226],[-105.011202017252,39.7692868134918],[-105.010614147348,39.7692871163052],[-105.010217492179,39.7692871824643],[-105.009618062837,39.7692870892391],[-105.008033216883,39.7692876828701],[-105.007438234902,39.7692875971814],[-105.00703713282,39.7692876339682],[-105.006458156055,39.7692879534685],[-105.006048172701,39.7692862339417],[-105.005861411853,39.7692854501675],[-105.005287788471,39.7692833839264],[-105.0047052375,39.769286081589],[-105.004137807999,39.7692884973429],[-105.003614011559,39.7692832011905],[-105.003557985641,39.7692826217686],[-105.002966602591,39.7692766951811],[-105.00235915002,39.7692792762966],[-105.001759701771,39.7692818879541],[-105.001174482728,39.7692845568535],[-105.000588374324,39.7692872192716],[-105.000435707267,39.7693200025075],[-104.998381209987,39.7692960201866],[-104.998203286901,39.7692973043426]]]},"properties":{"OBJECTID":27,"NBHD_ID":36,"NBHD_NAME":"Highland","TYPOLOGY":null,"NOTES":null,"GLOBALID":"1244b527-730b-40f5-8491-9474c7d91749"}},{"type":"Feature","id":28,"geometry":{"type":"Polygon","coordinates":[[[-104.968823900892,39.7910015805381],[-104.969181628743,39.7907544083119],[-104.969345335746,39.7906350426617],[-104.969520542561,39.7905243074374],[-104.969751077463,39.7903908300007],[-104.970015577665,39.7902362296332],[-104.970187267425,39.7901196443399],[-104.97034752003,39.7899861924148],[-104.970567550101,39.7898296748693],[-104.970768799817,39.789686112623],[-104.971689244296,39.7890197255915],[-104.972259387076,39.7885603986936],[-104.97275152556,39.7881810179544],[-104.973690507207,39.7875287676051],[-104.973810190411,39.7874651328654],[-104.974092278604,39.787334965546],[-104.974155674747,39.7873036787911],[-104.974274565672,39.7872270003148],[-104.974363992671,39.7871646027056],[-104.974494640385,39.787062239904],[-104.974606565724,39.7869652838978],[-104.974737382181,39.7868402738278],[-104.974861020442,39.7867234670364],[-104.974961486242,39.7866123902396],[-104.975054898932,39.7864927031492],[-104.975156446342,39.7863558951666],[-104.975208746641,39.7862617607288],[-104.975265643639,39.7861477447125],[-104.975325340111,39.7860162397894],[-104.975370618753,39.7859093782257],[-104.975409264245,39.7857379738727],[-104.975426034906,39.785517744725],[-104.97542654856,39.7854491162931],[-104.975412369367,39.7853231160104],[-104.97539828467,39.7851844193766],[-104.975385144065,39.7850385209568],[-104.975375184908,39.7848240057143],[-104.975376618118,39.7846325331015],[-104.975381257473,39.7844880863987],[-104.975394126592,39.7843138217979],[-104.975421422556,39.7841135419796],[-104.975445201453,39.7839077559894],[-104.97548229984,39.7837451684229],[-104.975502222998,39.7836578515736],[-104.975556694867,39.7833921506922],[-104.975613361639,39.7831895995803],[-104.975707615956,39.7829566751378],[-104.975816785855,39.7827512691799],[-104.975914917499,39.7825945419552],[-104.975955596563,39.7825075619833],[-104.975990210839,39.7823989366333],[-104.976046770581,39.7822104539804],[-104.976100297189,39.782070685529],[-104.9761561617,39.7819751944135],[-104.976209178138,39.781903710921],[-104.97626828969,39.7818497559406],[-104.976361201861,39.7817959506523],[-104.976405912333,39.7817645795453],[-104.976469417676,39.7817178500427],[-104.976525863347,39.7816635395048],[-104.976589698031,39.7815725446812],[-104.976645722636,39.7814554350514],[-104.976698166381,39.7813413984179],[-104.976751414308,39.7812386888758],[-104.976796552263,39.781150012887],[-104.97689001882,39.7810217459],[-104.9769950485,39.780893529595],[-104.97706608519,39.7807908989618],[-104.977114659921,39.7807183662985],[-104.977208189567,39.7805815200918],[-104.97737763987,39.7802833856224],[-104.977452573621,39.7801351328601],[-104.977523801162,39.7800067662797],[-104.977561649806,39.7799410486922],[-104.977655241468,39.7797956239428],[-104.977684892881,39.7797556062919],[-104.977797449503,39.7795718322636],[-104.977823586157,39.7795259655244],[-104.977846247319,39.7794691024834],[-104.977907333555,39.7792689716576],[-104.977998237055,39.779006519094],[-104.978014221405,39.7788906043796],[-104.978029643608,39.7787307627716],[-104.978013793969,39.7784702390319],[-104.977993367243,39.7782271954155],[-104.977932654375,39.7778995577503],[-104.977868589074,39.7775444524659],[-104.977839337654,39.7774115221346],[-104.977829451688,39.7773057870359],[-104.977826832153,39.7771798377322],[-104.977792213434,39.7768121664986],[-104.977797006047,39.77664644438],[-104.977797709038,39.776552080179],[-104.977802768942,39.7765098535482],[-104.977810038402,39.7764491887487],[-104.97783295675,39.7763576684445],[-104.977881836624,39.7762436144795],[-104.977930621773,39.7761422576283],[-104.978103669775,39.7758369313688],[-104.978197359563,39.775677436831],[-104.978212781663,39.7756506185325],[-104.978336129655,39.775436128346],[-104.978414635684,39.7753058873622],[-104.978523444892,39.7751253738179],[-104.978609667492,39.7750128582938],[-104.978725505977,39.7748647854044],[-104.97885294946,39.7747109301428],[-104.978939076713,39.7746111105036],[-104.97906641223,39.7744716668439],[-104.979166769412,39.774371909794],[-104.979241173286,39.774293656896],[-104.979428459077,39.7741057502227],[-104.979604245235,39.7739092137626],[-104.979678765035,39.773815175727],[-104.979772153136,39.7736954845158],[-104.979846662559,39.7736028189105],[-104.97995175972,39.7734632762018],[-104.980108865413,39.7732666562346],[-104.980176322635,39.7731653804147],[-104.980378427884,39.7728972398316],[-104.980483543341,39.7727549512731],[-104.981096650203,39.7719927642126],[-104.981253772176,39.771793054409],[-104.981583171416,39.7713885534428],[-104.981714179961,39.7712319656086],[-104.982222035516,39.7706278459945],[-104.98241671432,39.7703998177798],[-104.982835804083,39.7698913885242],[-104.983160677953,39.7694950991952],[-104.983262161902,39.7693613711912],[-104.983319727481,39.7692756070791],[-104.983411435199,39.7691389755725],[-104.983539236922,39.7689336433328],[-104.983752704428,39.7685684333865],[-104.983887808263,39.7683373963578],[-104.984022994615,39.7680950354717],[-104.984105655437,39.7679807837238],[-104.984207009159,39.7678642121613],[-104.984355793945,39.7677073557964],[-104.984438115682,39.767639085414],[-104.984605174221,39.7675368703195],[-104.985330597974,39.7672113018114],[-104.985442003405,39.7671788457378],[-104.986552696367,39.7668264711585],[-104.987540156216,39.7665418374856],[-104.987633655682,39.7665156707626],[-104.988717360448,39.7662123803187],[-104.988851024904,39.7661758999226],[-104.989103217895,39.7661052751961],[-104.989414970688,39.7660379964327],[-104.989618806524,39.7660131439088],[-104.990620090387,39.7659032105726],[-104.99072776752,39.7658937245956],[-104.990850636425,39.7658740102465],[-104.990976253585,39.7658433265226],[-104.991377151148,39.7657462306523],[-104.991652563856,39.7656616312079],[-104.991786287594,39.7656165692693],[-104.991971799359,39.7655429051214],[-104.992143121447,39.7654636895506],[-104.992392101808,39.7653446590031],[-104.992529558205,39.7652752478909],[-104.992816281972,39.7651018176129],[-104.992957428725,39.7650138917641],[-104.993087926134,39.7649228315307],[-104.993199768089,39.7648289453008],[-104.993382336674,39.7646698210492],[-104.993628292125,39.7644763099776],[-104.993799919953,39.7643541985289],[-104.993930476443,39.764254558729],[-104.994053112066,39.7641435605296],[-104.994187430475,39.7640154546013],[-104.99467254714,39.7635827605899],[-104.995175092504,39.7631988671567],[-104.995324339349,39.7630965604042],[-104.995420798881,39.7630386374984],[-104.995506517769,39.7629902765764],[-104.995670676254,39.7629165155066],[-104.995990015793,39.7627806211744],[-104.996209440263,39.7626885654245],[-104.996387761177,39.7626237857654],[-104.996599048258,39.7625502247714],[-104.99677716404,39.762513925263],[-104.996955158668,39.762494440002],[-104.997046580855,39.7624920644006],[-104.997136605129,39.7624897251134],[-104.997270095648,39.762475882739],[-104.99734135864,39.7624590293168],[-104.997485704527,39.7624194965698],[-104.997608767591,39.7623716369573],[-104.997705196937,39.7623174866512],[-104.997813287632,39.7622493170197],[-104.997909591325,39.7622126669391],[-104.998128775695,39.7621535492568],[-104.998246599334,39.762119586281],[-104.998206650425,39.7680465389713],[-104.998205108362,39.7691530073545],[-104.998203286901,39.7692973043426],[-104.998204327003,39.7693867426434],[-104.998197991935,39.7704986841549],[-104.998209631472,39.7717303143631],[-104.998210483623,39.7729780261396],[-104.998191798562,39.7742215362472],[-104.998192510408,39.7754888061237],[-104.998194711237,39.776548130401],[-104.99820236239,39.7783370219772],[-104.998175518856,39.7825648301854],[-104.998121811145,39.7910221794385],[-104.996984387971,39.7910188584304],[-104.993242305449,39.7910257874021],[-104.993240410003,39.792042346988],[-104.990629441248,39.7920470371798],[-104.990263011981,39.7915181694278],[-104.990262805736,39.7910311312993],[-104.98754787292,39.7910358216631],[-104.986370672516,39.791038146796],[-104.986366156697,39.7918683491701],[-104.985780785237,39.7918704965375],[-104.985781906587,39.791664661142],[-104.985194864852,39.7916668116456],[-104.985198283237,39.7910403313394],[-104.978169901258,39.7910532032689],[-104.978166415256,39.7918765538445],[-104.977721709011,39.7918759421269],[-104.977725111867,39.791052603769],[-104.975957076582,39.79105015074],[-104.975951244797,39.7924223879259],[-104.973065384756,39.7924183337826],[-104.973057103286,39.7941139252839],[-104.974675825623,39.7941248956138],[-104.974665390775,39.7957103097491],[-104.971161002003,39.7956865383249],[-104.971157967532,39.7961448539618],[-104.971656052149,39.7961482411643],[-104.97164168489,39.7983163547524],[-104.968724238348,39.798296504715],[-104.968617971467,39.7982957540923],[-104.968638204078,39.7956634918838],[-104.968651871963,39.7932173672661],[-104.968373732034,39.7932085596338],[-104.96834953963,39.7932727323756],[-104.967533387927,39.793271700079],[-104.967538647123,39.793240650328],[-104.967695021605,39.7928066335852],[-104.967798954681,39.7926055450227],[-104.967931690624,39.7918375075246],[-104.968314724737,39.7918379913049],[-104.968442221905,39.7917044717207],[-104.968617801971,39.7915490077564],[-104.968770807968,39.7914333696117],[-104.96877104071,39.7913896206981],[-104.968772901786,39.7910397834293],[-104.968823900892,39.7910015805381]]]},"properties":{"OBJECTID":28,"NBHD_ID":29,"NBHD_NAME":"Globeville","TYPOLOGY":"NEST","NOTES":null,"GLOBALID":"87f529da-31ac-4cad-bb74-8cd8e7186320"}},{"type":"Feature","id":29,"geometry":{"type":"Polygon","coordinates":[[[-105.009489391761,39.7539270019333],[-105.009763609015,39.7536882016494],[-105.009920148171,39.7535543363194],[-105.010020131725,39.7534974454953],[-105.010169156739,39.7534208556563],[-105.010269197484,39.753355729081],[-105.010523000288,39.7531721670061],[-105.010652601989,39.7530755924249],[-105.010824193286,39.7529503675592],[-105.011185462809,39.7526560678545],[-105.011319590057,39.7525478442555],[-105.011394754656,39.7524795247025],[-105.011487839745,39.7523913770882],[-105.011536270753,39.7523315257303],[-105.011607139714,39.7522415694902],[-105.011677977687,39.7521560743411],[-105.012054584169,39.7518288925269],[-105.012233681471,39.75164638935],[-105.012527907027,39.7514019083931],[-105.012773584864,39.7512340929472],[-105.012963839395,39.7511089417709],[-105.013111945329,39.7510354327369],[-105.013301860779,39.7509590083038],[-105.013375834737,39.7509335774709],[-105.013439161392,39.7509050140049],[-105.013498897745,39.7508812402045],[-105.013588126917,39.7508356257145],[-105.014398479619,39.750398702518],[-105.014602805071,39.7502952257143],[-105.0146849977,39.7502382574658],[-105.014781535667,39.7501641905375],[-105.014956766074,39.7500249048757],[-105.015083828962,39.7499080689524],[-105.015139405449,39.7498427549777],[-105.015158304141,39.7498098899469],[-105.015192523653,39.7497472331546],[-105.015267475215,39.7495800814351],[-105.015309203653,39.7494601485565],[-105.015374265886,39.7491800575354],[-105.015443920525,39.7487500258588],[-105.015475253807,39.748461559896],[-105.015543437106,39.7477295439412],[-105.015556348439,39.7475457748434],[-105.015575975995,39.747266416102],[-105.01559307411,39.7469792641571],[-105.015609275622,39.7466931377127],[-105.015618322142,39.7465418427271],[-105.015619656543,39.7463486510157],[-105.015621630878,39.7460628091194],[-105.01563021567,39.7458497433713],[-105.015678449584,39.7453022637072],[-105.015699507994,39.7449564479711],[-105.015730831422,39.7446690109314],[-105.015750508517,39.7445232499202],[-105.015799640175,39.7443604524927],[-105.01584020166,39.7442506170977],[-105.015844939222,39.7442377884495],[-105.015950316337,39.7440409067764],[-105.01607003536,39.7438269255184],[-105.01626133778,39.7433899314107],[-105.016313296635,39.7434266615794],[-105.016833294826,39.7439719251565],[-105.017415548699,39.7445596848615],[-105.017564004068,39.7447577032135],[-105.017864836699,39.7451589667314],[-105.018081064471,39.74554607623],[-105.018219412113,39.7458906230284],[-105.018317970469,39.7463375974141],[-105.018320310089,39.7463802851791],[-105.018981866961,39.7463854332461],[-105.01962909219,39.7463880769229],[-105.020482931537,39.7463924484],[-105.020490236356,39.746831515984],[-105.020508987431,39.7475999204415],[-105.022068494186,39.7475925379276],[-105.023616412243,39.7475895485568],[-105.023619661733,39.7471112011416],[-105.023624748004,39.7463624535271],[-105.025213503221,39.7463644142577],[-105.025221939483,39.7469567352394],[-105.02522364942,39.7470977790137],[-105.025229296664,39.7475775373297],[-105.025232369079,39.7480883052226],[-105.025273873048,39.7481200597545],[-105.025272799885,39.7487861580493],[-105.025267991465,39.7499992394768],[-105.025270169561,39.7506824347528],[-105.025229855949,39.7507270644859],[-105.025228723538,39.7512074435148],[-105.025224920036,39.7516866816378],[-105.025299181578,39.7517150673532],[-105.025296489681,39.7524163104701],[-105.025277160849,39.7536244547461],[-105.02528203891,39.7540234869431],[-105.025215181054,39.7540466153523],[-105.025222817909,39.7548376658727],[-105.025223528027,39.7554401713394],[-105.02527377124,39.755468449488],[-105.025269804855,39.7560201686132],[-105.025275334257,39.7572522265945],[-105.025276998043,39.7577904028326],[-105.025234675303,39.7578323504922],[-105.025235014828,39.7578961284289],[-105.025233743069,39.7584768746225],[-105.024374763298,39.7584754658455],[-105.023613597329,39.7584741036],[-105.02308453554,39.7584702451689],[-105.02262305311,39.758466658713],[-105.022071761413,39.7584627058197],[-105.021368398434,39.7584608771968],[-105.020538077197,39.7580395346766],[-105.019296455693,39.7575605725476],[-105.018479623473,39.7572501094042],[-105.017811739201,39.757004420991],[-105.016916646375,39.7566974011049],[-105.016726835845,39.7566279909685],[-105.015835427918,39.7563038198805],[-105.015621536729,39.7563477799517],[-105.014880927544,39.7561450114517],[-105.014639455913,39.7560788986208],[-105.013152386576,39.7555365976651],[-105.011765407552,39.7550307728281],[-105.011707715337,39.7550097322334],[-105.010406687124,39.7543974018663],[-105.010120304969,39.7542626124329],[-105.009489391761,39.7539270019333]]]},"properties":{"OBJECTID":29,"NBHD_ID":39,"NBHD_NAME":"Jefferson Park","TYPOLOGY":null,"NOTES":null,"GLOBALID":"bc5ed825-8c81-4ffa-949c-0585180fdfe7"}},{"type":"Feature","id":30,"geometry":{"type":"Polygon","coordinates":[[[-105.01626133778,39.7433899314107],[-105.016337402691,39.7432161754775],[-105.016412176874,39.7430733859249],[-105.016439260919,39.7430134446613],[-105.0164918286,39.7428678188454],[-105.016593525398,39.7425593948333],[-105.017061721649,39.7413146258444],[-105.017219991066,39.7409233893382],[-105.017329309292,39.740669214388],[-105.017385186303,39.7405155357056],[-105.017461143064,39.7403066295439],[-105.017465231169,39.7402953870568],[-105.017552274108,39.7400483270909],[-105.017838454674,39.739283228596],[-105.01786917906,39.7392106049477],[-105.01791434615,39.7391061269243],[-105.017963194094,39.7389834764472],[-105.017982373899,39.7389090896912],[-105.01801312428,39.7387033207782],[-105.018043992383,39.7384803944375],[-105.018060478751,39.7382804007956],[-105.018061737889,39.7380971597367],[-105.018043932856,39.7379714911692],[-105.01799365303,39.7377852933741],[-105.017953509803,39.7376763477874],[-105.017855835734,39.7374014212687],[-105.017680782376,39.7370033265526],[-105.017428381423,39.7364776028745],[-105.017212640825,39.7360505154458],[-105.017155054486,39.7358931123585],[-105.017085871911,39.7356124681665],[-105.017025815044,39.7352975452941],[-105.016995609079,39.7347785656933],[-105.017005634712,39.7338390389182],[-105.016998463165,39.7333314777626],[-105.017003361362,39.7329410245385],[-105.017014226716,39.7320748952634],[-105.016994557978,39.7311877487459],[-105.01698316745,39.7306475698363],[-105.016966558534,39.7298324991515],[-105.016956442547,39.7297525014118],[-105.016934753672,39.7296752016195],[-105.016898171725,39.7295662697449],[-105.016832572942,39.7294115788686],[-105.016734480362,39.7291997899608],[-105.016675588162,39.7291038067292],[-105.016539990958,39.7289172571512],[-105.01639981062,39.728750935257],[-105.016091267892,39.7283807703697],[-105.015985537992,39.7282458167937],[-105.015919606513,39.728139852799],[-105.015824127936,39.7279363094208],[-105.015722802687,39.7276785229947],[-105.015682073542,39.7275354514351],[-105.015675074042,39.7275108645211],[-105.015650403143,39.7273508510446],[-105.015637388167,39.7271761288677],[-105.015642165844,39.7269990782915],[-105.015639648584,39.726848764448],[-105.015659320061,39.7265743175183],[-105.015676352977,39.7262957421199],[-105.015676801039,39.7262901328787],[-105.015700676734,39.7259911166257],[-105.015716615458,39.7258710762085],[-105.015743602995,39.7256954897776],[-105.015743978981,39.7256925902762],[-105.015768559304,39.725503093526],[-105.01685801453,39.7254235784527],[-105.017634119493,39.725369714604],[-105.018012336095,39.7253511302706],[-105.018277517526,39.7253387929205],[-105.018677544492,39.7253197007382],[-105.019427031054,39.7253334268596],[-105.020213331443,39.7253769055509],[-105.021922643764,39.7254912493064],[-105.022298412478,39.7255129099853],[-105.022924107445,39.7255288721799],[-105.023880146952,39.7255361009397],[-105.024604377972,39.7255398527312],[-105.024885181932,39.7255413063171],[-105.025136108953,39.7255426045166],[-105.025135755192,39.7256781824054],[-105.025146423167,39.7259403991872],[-105.025134904705,39.7275106497968],[-105.025137876262,39.728384688416],[-105.025152759182,39.7292175455329],[-105.025154636722,39.7293226094333],[-105.025154962554,39.7294233675706],[-105.025157798215,39.7302999390077],[-105.025156181914,39.7311952339146],[-105.025162703,39.7329892933754],[-105.025156667716,39.7338807949323],[-105.025164062224,39.7347582796725],[-105.025190673846,39.7356856017991],[-105.025175679084,39.7365818071994],[-105.025151843701,39.7380072524709],[-105.025224878122,39.7398252541428],[-105.025221422539,39.7400729999003],[-105.025219960896,39.7404202694858],[-105.025212868402,39.7406800111519],[-105.025218373669,39.7423999370373],[-105.025219432646,39.7427307464982],[-105.025218246676,39.743956499418],[-105.025210094737,39.7451606048705],[-105.025213503221,39.7463644142577],[-105.023624748004,39.7463624535271],[-105.023619661733,39.7471112011416],[-105.023616412243,39.7475895485568],[-105.022068494186,39.7475925379276],[-105.020508987431,39.7475999204415],[-105.020490236356,39.746831515984],[-105.020482931537,39.7463924484],[-105.01962909219,39.7463880769229],[-105.018981866961,39.7463854332461],[-105.018320310089,39.7463802851791],[-105.018317970469,39.7463375974141],[-105.018219412113,39.7458906230284],[-105.018081064471,39.74554607623],[-105.017864836699,39.7451589667314],[-105.017564004068,39.7447577032135],[-105.017415548699,39.7445596848615],[-105.016833294826,39.7439719251565],[-105.016313296635,39.7434266615794],[-105.01626133778,39.7433899314107]]]},"properties":{"OBJECTID":30,"NBHD_ID":61,"NBHD_NAME":"Sun Valley","TYPOLOGY":"NEST","NOTES":null,"GLOBALID":"0e795b03-edb8-46dd-9bdb-d2b837f55e18"}},{"type":"Feature","id":31,"geometry":{"type":"Polygon","coordinates":[[[-105.015768559304,39.725503093526],[-105.015817765268,39.7251237476469],[-105.01582558553,39.7250208317403],[-105.015838106426,39.7248808744575],[-105.015846263256,39.7247292314204],[-105.015836080861,39.7246591848026],[-105.015792352971,39.724556056928],[-105.015729883123,39.724464176145],[-105.015677148243,39.7243965501518],[-105.015667332302,39.7243839624789],[-105.015513042509,39.7242031681611],[-105.015392152111,39.7240767306225],[-105.015270133406,39.7239849473922],[-105.015144434352,39.7239113364778],[-105.014521081322,39.7235714394332],[-105.014325478991,39.7234532713646],[-105.014049495051,39.7232633935922],[-105.013887526082,39.7231656104882],[-105.013219138592,39.722785370703],[-105.013019994753,39.7226658129461],[-105.012943071862,39.7226081869535],[-105.012883902659,39.7225537225714],[-105.012810513449,39.7224991994709],[-105.012699837867,39.722438687856],[-105.012551797025,39.722383512216],[-105.012459606524,39.7223488142036],[-105.012267126979,39.7222937971556],[-105.012056893839,39.7222356173529],[-105.010881109176,39.7219733646824],[-105.010418856615,39.7218599146248],[-105.010204201898,39.7217989683172],[-105.010057031774,39.7217468814881],[-105.009953409468,39.7216949756833],[-105.009633017226,39.7215035299438],[-105.00938185875,39.7213250689081],[-105.009216646273,39.7211843704709],[-105.008775226853,39.7207621564369],[-105.008484881505,39.7204692572947],[-105.008061286451,39.7200412815287],[-105.007120467887,39.7191053195214],[-105.007028798046,39.718997525664],[-105.006841133497,39.7187651059494],[-105.006768014281,39.7186735184271],[-105.006676253071,39.7185787645239],[-105.006587828478,39.7185152521811],[-105.006491526213,39.7184409356927],[-105.00639601782,39.7183672314225],[-105.006280320417,39.7182927303872],[-105.006141222679,39.7182031605722],[-105.005780250317,39.7179727565398],[-105.005496351594,39.7177773346806],[-105.005053886355,39.7175095238689],[-105.004575072094,39.717229890746],[-105.004114031756,39.7169506744894],[-105.003763593289,39.7167405547606],[-105.003368928266,39.7165014216333],[-105.003273457319,39.7164296412882],[-105.00302255688,39.716219596241],[-105.002717821814,39.7159568196497],[-105.002548274876,39.7158044255588],[-105.002463610768,39.7157127864037],[-105.002360550959,39.7155836651107],[-105.002041741917,39.7151760133206],[-105.0019607558,39.7150672314978],[-105.00182548774,39.7148436035942],[-105.001771135248,39.7147387094892],[-105.001672748596,39.714452439168],[-105.001531573175,39.7140599508686],[-105.001466000632,39.7139083388268],[-105.001257555506,39.7134785034324],[-105.001060156623,39.713120091932],[-105.000906783846,39.7128191748515],[-105.000600632142,39.7121342976393],[-105.00051671848,39.7119383392817],[-105.000418884689,39.7117004557344],[-105.000367312711,39.7115801301764],[-105.000283985373,39.7114267261038],[-105.000143070363,39.7112032568691],[-105.000649931042,39.7112007640358],[-105.001564508984,39.7111751309389],[-105.003885452951,39.7111955815585],[-105.006273270399,39.7111840096857],[-105.008653768576,39.7112022136694],[-105.011009595921,39.7111904118126],[-105.014523283541,39.7111809453139],[-105.015700642194,39.7111909461799],[-105.016319159139,39.7111859416321],[-105.01691457271,39.7111808389476],[-105.017500192996,39.7111784385609],[-105.018076929014,39.71117565583],[-105.018652767251,39.7111742388625],[-105.019160181057,39.7111728823071],[-105.01982933617,39.7111697822957],[-105.020334977711,39.7111677273304],[-105.020982806271,39.7111645339869],[-105.021506221106,39.7111622030372],[-105.022135380091,39.7111602998118],[-105.022706777292,39.7111585017767],[-105.023865569491,39.711154618609],[-105.025092622513,39.7111746778025],[-105.025082066436,39.7129968212496],[-105.025082079414,39.7133890554237],[-105.02508746269,39.7148252064818],[-105.02509442415,39.7149786262424],[-105.025094714179,39.7157232860839],[-105.0250778346,39.7166415158985],[-105.025105539229,39.7175376197707],[-105.025113760315,39.7181611754116],[-105.025109154777,39.7184476957021],[-105.025095868636,39.7193601051987],[-105.025108321791,39.7197523876396],[-105.025102149978,39.7202701916948],[-105.025104069445,39.7211682493593],[-105.02510821547,39.7213436206794],[-105.025113110912,39.7220646193419],[-105.025115448432,39.722900909652],[-105.025116093256,39.7229369439475],[-105.025127434503,39.7234935948545],[-105.025133683647,39.7245399139639],[-105.025137448465,39.7250340787972],[-105.025136261487,39.7254849215862],[-105.025136108953,39.7255426045166],[-105.024885181932,39.7255413063171],[-105.024604377972,39.7255398527312],[-105.023880146952,39.7255361009397],[-105.022924107445,39.7255288721799],[-105.022298412478,39.7255129099853],[-105.021922643764,39.7254912493064],[-105.020213331443,39.7253769055509],[-105.019427031054,39.7253334268596],[-105.018677544492,39.7253197007382],[-105.018277517526,39.7253387929205],[-105.018012336095,39.7253511302706],[-105.017634119493,39.725369714604],[-105.01685801453,39.7254235784527],[-105.015768559304,39.725503093526]]]},"properties":{"OBJECTID":31,"NBHD_ID":67,"NBHD_NAME":"Valverde","TYPOLOGY":"NEST","NOTES":null,"GLOBALID":"2e09e7c4-1157-4af1-90fa-f854a2eb161f"}},{"type":"Feature","id":32,"geometry":{"type":"Polygon","coordinates":[[[-104.992384178404,39.6966609723715],[-104.992945755934,39.6966619702776],[-104.994440051504,39.6966708060927],[-104.995618089163,39.6966758646338],[-104.996792555471,39.6966832981606],[-104.997964374477,39.6966883065863],[-104.999149520111,39.6966933600936],[-105.000314214983,39.6967007172814],[-105.001515352064,39.6967058148927],[-105.006166677739,39.6967235285833],[-105.006595340482,39.6967251515884],[-105.008709791995,39.6967288843287],[-105.009362777133,39.6967316104917],[-105.010708710639,39.6967396202886],[-105.011706419017,39.6967413651556],[-105.012707647157,39.6967479202763],[-105.013873210764,39.6967583473643],[-105.015690202797,39.6967635877165],[-105.017014742326,39.6967581394889],[-105.018061365759,39.6967524816965],[-105.019223466553,39.6967496886674],[-105.020359835574,39.6967419752263],[-105.021553919073,39.6967392895602],[-105.022725789808,39.6967368452037],[-105.023717595395,39.6967344894755],[-105.025059102548,39.6967472809235],[-105.025080660907,39.6975816372646],[-105.025081820159,39.6985919135514],[-105.025080163392,39.699230532732],[-105.025080163753,39.7004120415827],[-105.025078370714,39.7013334257584],[-105.02508309802,39.702079136847],[-105.025084117195,39.7031100002007],[-105.025083776983,39.7039480011467],[-105.025099459172,39.7049130360567],[-105.025102172513,39.705693740938],[-105.025089809259,39.7067327847855],[-105.025081859373,39.7075134457023],[-105.025078232218,39.7076554999969],[-105.025089185479,39.7085316358383],[-105.02509123917,39.7094097943449],[-105.025092622513,39.7111746778025],[-105.023865569491,39.711154618609],[-105.022706777292,39.7111585017767],[-105.022135380091,39.7111602998118],[-105.021506221106,39.7111622030372],[-105.020982806271,39.7111645339869],[-105.020334977711,39.7111677273304],[-105.01982933617,39.7111697822957],[-105.019160181057,39.7111728823071],[-105.018652767251,39.7111742388625],[-105.018076929014,39.71117565583],[-105.017500192996,39.7111784385609],[-105.01691457271,39.7111808389476],[-105.016319159139,39.7111859416321],[-105.015700642194,39.7111909461799],[-105.014523283541,39.7111809453139],[-105.011009595921,39.7111904118126],[-105.008653768576,39.7112022136694],[-105.006273270399,39.7111840096857],[-105.003885452951,39.7111955815585],[-105.001564508984,39.7111751309389],[-105.000649931042,39.7112007640358],[-105.000143070363,39.7112032568691],[-105.000135391574,39.7111910793033],[-105.000001923077,39.7109794171796],[-104.999950126829,39.7108906613677],[-104.999924807948,39.7108274118384],[-104.999884849738,39.7106985563111],[-104.999834512435,39.710529850047],[-104.999715273752,39.7101789744035],[-104.999649711404,39.7100270177688],[-104.999609458105,39.7099396834925],[-104.999390250248,39.7095269565774],[-104.999177889393,39.709151319351],[-104.999071677611,39.7089679618263],[-104.99895864733,39.7087440820256],[-104.998743758956,39.7082253345079],[-104.998663850374,39.7079676224432],[-104.998638869097,39.7078573608983],[-104.998610260195,39.7077573785273],[-104.998566651791,39.7076425765618],[-104.998500846394,39.7075252778727],[-104.998372918403,39.7072728512608],[-104.998063056199,39.7066167753779],[-104.997993914306,39.7064692639143],[-104.997928420339,39.7063087273258],[-104.997873751383,39.7061255883647],[-104.997841961294,39.7059737750484],[-104.997805553703,39.7058463061423],[-104.997754856915,39.705729071258],[-104.997714608182,39.705641735947],[-104.997604628386,39.7054895886409],[-104.997557220327,39.7054094293218],[-104.997483547761,39.7052745946989],[-104.997407229175,39.7051370038241],[-104.997355421119,39.7050509916429],[-104.997293932581,39.7049518979567],[-104.997209495292,39.7048314299489],[-104.997113650201,39.7046910099867],[-104.996986249682,39.7044904013132],[-104.996920206323,39.7044070738272],[-104.996827139147,39.7043204632202],[-104.996747207183,39.7042460765933],[-104.996470950145,39.7039875220372],[-104.996414337427,39.7039380461372],[-104.996129231655,39.7036888792753],[-104.995389302774,39.703040904326],[-104.995014359292,39.7026686789152],[-104.994830912019,39.702479151567],[-104.99474640807,39.7023689764392],[-104.994669850835,39.702265698705],[-104.994347023648,39.7018137380298],[-104.994119866569,39.7015255337144],[-104.993686368421,39.7010202479682],[-104.993451108875,39.7007474497158],[-104.993267608835,39.7005664984057],[-104.993175828092,39.7004803121674],[-104.993087703493,39.7003800720435],[-104.992922656557,39.700104829873],[-104.992813161832,39.6998881647588],[-104.992700741461,39.6995846664895],[-104.992675482285,39.6995145524861],[-104.992649945564,39.6994828710091],[-104.992580150186,39.6994283501706],[-104.992491843338,39.6993535026691],[-104.992436305717,39.6992932094401],[-104.992392399405,39.6992216420105],[-104.992348741938,39.6991157591712],[-104.992319962114,39.6990411686747],[-104.992290613927,39.6989223074431],[-104.992270493336,39.6986332766119],[-104.992264719014,39.698448972916],[-104.992255174992,39.6982945084019],[-104.99226426877,39.6980200167996],[-104.99226956031,39.6977798252865],[-104.99229005945,39.697525286041],[-104.992317012777,39.6973610273857],[-104.992363109393,39.6971295907986],[-104.992378966978,39.6970253374047],[-104.992379505598,39.6969508734149],[-104.992380250235,39.6968479275537],[-104.99238125301,39.6967092936829],[-104.992384178404,39.6966609723715]]]},"properties":{"OBJECTID":32,"NBHD_ID":1,"NBHD_NAME":"Athmar Park","TYPOLOGY":"NEST","NOTES":null,"GLOBALID":"a34a6308-757b-496d-9d96-1a42e66c5f37"}},{"type":"Feature","id":33,"geometry":{"type":"Polygon","coordinates":[[[-104.896776799625,39.6966033595421],[-104.896816332689,39.6966023239905],[-104.896827852632,39.6966015826843],[-104.896877058853,39.6965961444104],[-104.896925366874,39.6965870976527],[-104.896971272846,39.6965748531056],[-104.897015497838,39.6965593500788],[-104.897057655257,39.6965407240927],[-104.897097376583,39.696519137967],[-104.897134314593,39.6964947803974],[-104.897168146397,39.6964678643062],[-104.897198576257,39.6964386249806],[-104.897225338174,39.6964073180163],[-104.897247644727,39.6963751146117],[-104.897323935545,39.6962511810088],[-104.897882231872,39.6959907266258],[-104.899050956893,39.6953219090435],[-104.899455729474,39.6957438041653],[-104.899532277757,39.6956853075263],[-104.900407125511,39.6965971519648],[-104.899786190645,39.6971547893189],[-104.90350892918,39.6985192326789],[-104.903544625034,39.6985359762641],[-104.903530918115,39.6997102187107],[-104.903526208275,39.7001342659686],[-104.903524086047,39.7003253776381],[-104.903502017867,39.7038825035252],[-104.903510710557,39.7075081045448],[-104.903511193238,39.7080784462393],[-104.903510897027,39.7085314218136],[-104.903510721997,39.7085520108985],[-104.903511219426,39.7096432752769],[-104.903511730977,39.7108374892309],[-104.903511057634,39.7111257434741],[-104.903494676757,39.7112824179375],[-104.90335952665,39.7112112249235],[-104.901709273093,39.7112084419509],[-104.892909879488,39.7111932127983],[-104.892559010494,39.7111552725503],[-104.892370799434,39.7111203145009],[-104.892126426292,39.711036536166],[-104.891860353388,39.7109186682411],[-104.891585285899,39.7107510007545],[-104.890994623489,39.7103790499077],[-104.889847145974,39.7096709196464],[-104.889291239907,39.709327850181],[-104.888675816307,39.708944359558],[-104.887559676487,39.7082488360902],[-104.887309856569,39.7080931573525],[-104.886815797894,39.7077904136295],[-104.886509807622,39.7075963191689],[-104.886240996744,39.7074347388626],[-104.886009615218,39.7073049038998],[-104.885821839851,39.7072189802648],[-104.885555621743,39.7071205125986],[-104.885371801697,39.7070641304424],[-104.885150720361,39.707007162654],[-104.884938952624,39.7069664102825],[-104.884730905788,39.7069366011759],[-104.884425859773,39.7069152356255],[-104.884109519934,39.7069119822192],[-104.883809539056,39.706929576579],[-104.883613266441,39.7069563865937],[-104.883130191439,39.7070569794761],[-104.878979574507,39.7080434205942],[-104.875373456781,39.7088980366835],[-104.870665226809,39.710033245596],[-104.870665482095,39.7099350471066],[-104.865974146644,39.7110525916798],[-104.865969458312,39.7039409113271],[-104.866031277198,39.7039080585219],[-104.866095339395,39.7038778787417],[-104.866161451392,39.7038504631485],[-104.866229413486,39.7038258945549],[-104.866578750686,39.7037086340447],[-104.866772018897,39.7036455759828],[-104.866966911394,39.7035855751081],[-104.867163347137,39.7035286563687],[-104.867361244448,39.7034748434308],[-104.868295273601,39.7032291577826],[-104.868429974289,39.7031826112057],[-104.868493189812,39.7031519656337],[-104.868552415232,39.7031168850771],[-104.868607130766,39.7030776774174],[-104.868656856217,39.7030346867568],[-104.868702327363,39.702986922259],[-104.868741627153,39.7029359949808],[-104.868774389703,39.7028823790761],[-104.868800309997,39.7028265737301],[-104.869322169071,39.701508244402],[-104.869354322265,39.7014360380364],[-104.869392775436,39.7013656935833],[-104.869437349517,39.7012975385859],[-104.869487836942,39.7012318903918],[-104.869532598646,39.7011810958373],[-104.869580906721,39.7011322783998],[-104.869632615128,39.7010855856509],[-104.86968756755,39.7010411587393],[-104.869745597864,39.7009991319638],[-104.869806530645,39.7009596323676],[-104.869870181693,39.7009227793543],[-104.869936358595,39.700888684327],[-104.870100968038,39.7008088737716],[-104.870177988756,39.7007747887761],[-104.870258293453,39.7007455740709],[-104.870341367066,39.7007214170343],[-104.870426676772,39.7007024726057],[-104.870622892159,39.7006654638106],[-104.870653522081,39.7006596866006],[-104.870657296926,39.7006589746119],[-104.870655376153,39.6983704998021],[-104.868203412083,39.6983698627842],[-104.868204489173,39.7001819589599],[-104.867138879737,39.700183607513],[-104.867138355139,39.6992775594422],[-104.865965395036,39.6992793628255],[-104.865962934428,39.6965592657909],[-104.867132138136,39.6965587007192],[-104.870647733451,39.6965580072372],[-104.875310684118,39.6965564349056],[-104.875317407721,39.6984352596045],[-104.87772759275,39.6984374274325],[-104.877720640412,39.6965584973129],[-104.884648723814,39.696564156783],[-104.894095364542,39.6965936053659],[-104.894092350808,39.6958675311209],[-104.894765575015,39.6958699519804],[-104.894768595847,39.6965960260577],[-104.896776799625,39.6966033595421]]]},"properties":{"OBJECTID":33,"NBHD_ID":78,"NBHD_NAME":"Windsor","TYPOLOGY":"NEST","NOTES":null,"GLOBALID":"4aecb570-2f9d-4348-9ac5-41fb97b6b461"}},{"type":"Feature","id":34,"geometry":{"type":"Polygon","coordinates":[[[-104.884657378065,39.7474552875354],[-104.884649400916,39.7401572543159],[-104.884700198943,39.732847155326],[-104.884708734459,39.7328472017688],[-104.885868189264,39.7328513351513],[-104.88704721658,39.7328533659964],[-104.888226440762,39.7328531894107],[-104.889422395697,39.7328505469567],[-104.890595364297,39.7328550490189],[-104.893369186899,39.7328550155453],[-104.89519999923,39.7328609078942],[-104.895981140784,39.7328634136425],[-104.896513183836,39.7328651170615],[-104.896870257101,39.7328662590601],[-104.897588552106,39.7328685530164],[-104.897759373749,39.7328690980113],[-104.898763546456,39.7328722961533],[-104.899892804304,39.7328739439453],[-104.900976539967,39.7328753491475],[-104.902039871883,39.7328725905294],[-104.903458717005,39.7328950518737],[-104.903453802657,39.7341716646873],[-104.90345461902,39.7346955738578],[-104.903458247784,39.735626602305],[-104.903457632757,39.7372700528639],[-104.903464635856,39.7387014078577],[-104.903455093546,39.7401463078847],[-104.903455110856,39.741479655158],[-104.903452699071,39.74197836599],[-104.903458736821,39.7426023431004],[-104.903455067448,39.7437852236436],[-104.903463754119,39.7456156373936],[-104.903447773996,39.7474419395358],[-104.90343654875,39.7486315800728],[-104.903422847111,39.7498227696462],[-104.90342757858,39.7510165703017],[-104.902237232694,39.7510186654716],[-104.901062970721,39.7510175704262],[-104.899890083189,39.7510206200117],[-104.898734944157,39.751016749994],[-104.898749603014,39.749825748908],[-104.898767376843,39.7474425992407],[-104.897560561332,39.7474446070272],[-104.896375655316,39.7474506624124],[-104.894015040578,39.7474580966034],[-104.892846753843,39.7474607175148],[-104.891681144011,39.7474620727962],[-104.890505371402,39.7474640520621],[-104.889330364641,39.7474643646297],[-104.888174541234,39.7474648816321],[-104.887001445283,39.7474656402917],[-104.885826739317,39.7474663763967],[-104.884664081656,39.7474684820316],[-104.884657378065,39.7474552875354]]]},"properties":{"OBJECTID":34,"NBHD_ID":24,"NBHD_NAME":"East Colfax","TYPOLOGY":"NEST","NOTES":null,"GLOBALID":"4531120b-6358-410e-befe-2778840d77b9"}},{"type":"Feature","id":35,"geometry":{"type":"Polygon","coordinates":[[[-104.903510614306,39.7838233737775],[-104.903534610222,39.7828358882415],[-104.903542103622,39.781467223843],[-104.90353135311,39.7793356928984],[-104.903539269894,39.779284500285],[-104.903549703148,39.7791539419768],[-104.903571493216,39.7786601089437],[-104.903569520023,39.7784898415091],[-104.903568839809,39.7784311494644],[-104.903567439453,39.7783097134356],[-104.903568052716,39.7782376407184],[-104.903568499366,39.7781851489104],[-104.903560570455,39.7774409537162],[-104.903496844312,39.7773932610476],[-104.903565413619,39.7773110902318],[-104.90358677517,39.7765274370443],[-104.903583955848,39.7752325323951],[-104.903660106327,39.7748202653129],[-104.90365740119,39.774733637632],[-104.903654965377,39.7746134796034],[-104.903642237047,39.7744825915002],[-104.903619246012,39.7743383022031],[-104.903556824491,39.7739481826834],[-104.903540748827,39.7738039283743],[-104.903531121922,39.773715773349],[-104.903511611327,39.7735688313074],[-104.903505825373,39.7734353096029],[-104.903499951203,39.7733124632248],[-104.903497518669,39.7727333974809],[-104.903492028448,39.7717692487286],[-104.903493164134,39.771101628357],[-104.903495186934,39.7692772720205],[-104.903513298545,39.7684755813881],[-104.903516910233,39.7681918610164],[-104.9034582834,39.7680471543856],[-104.903452079069,39.7674606385782],[-104.903447094582,39.7667264312796],[-104.903449261707,39.7656435790183],[-104.903429001385,39.7638359291653],[-104.903439419912,39.7619838090708],[-104.905791681027,39.7619746935142],[-104.906948392762,39.7619749667317],[-104.908180357663,39.7619774676774],[-104.909408871172,39.7619762499056],[-104.910573369546,39.7619765217515],[-104.911729986482,39.7619767677824],[-104.912431040101,39.7619741693292],[-104.912851305663,39.7619958343642],[-104.914052641046,39.7619992036838],[-104.915212829066,39.7619984618578],[-104.916376204858,39.7619977081419],[-104.917586829431,39.7619932492761],[-104.918812642671,39.7619915133888],[-104.919974246394,39.7619959320954],[-104.921134989304,39.7619938011803],[-104.92197352876,39.7619953128014],[-104.922135840456,39.7619961097364],[-104.922291588995,39.7620073122648],[-104.922445107517,39.7620145917119],[-104.924034459422,39.7620184640796],[-104.925815625864,39.7620109299853],[-104.927593969233,39.7620058417496],[-104.929355750573,39.7619978797322],[-104.931852991731,39.7620003314971],[-104.933167048858,39.7620025256397],[-104.934391973527,39.762001544458],[-104.935015078501,39.761999658917],[-104.935621026818,39.7619978225193],[-104.936852573316,39.7619954665029],[-104.93808285394,39.7619903422981],[-104.939314516118,39.761994837867],[-104.939526601428,39.7619985991136],[-104.939679923531,39.7619952028279],[-104.940578188696,39.7619582011064],[-104.940571935111,39.7637666829277],[-104.940569837975,39.7644752910951],[-104.94057007319,39.7656710464317],[-104.940625753669,39.7657964343447],[-104.940630533491,39.7669086006691],[-104.940618395088,39.7680960717866],[-104.940607070612,39.7691825395929],[-104.94061724378,39.7728776562268],[-104.940617164245,39.7728876558967],[-104.940609537538,39.7738476056525],[-104.940650608225,39.7750801444044],[-104.940657249977,39.777569786634],[-104.940666159677,39.7780899829367],[-104.940680943974,39.7790238928909],[-104.940676223277,39.7797316817388],[-104.94066848932,39.7800298660891],[-104.940642042134,39.7805809493567],[-104.940637244675,39.7810681696594],[-104.94061130643,39.7813573435952],[-104.940596156433,39.7814987240666],[-104.940556792378,39.7822698854397],[-104.940518986662,39.7837744358918],[-104.940562449154,39.7872449552179],[-104.940568522285,39.7879330067929],[-104.940551335318,39.7884299903558],[-104.94054954318,39.7886544977114],[-104.940547848789,39.7888667586534],[-104.94052967763,39.7891544609431],[-104.94049542129,39.789468619538],[-104.940435181225,39.7897234650178],[-104.940391116811,39.7899294234364],[-104.940380215307,39.7899803755633],[-104.940325412491,39.7902168770031],[-104.940249378445,39.7904614414625],[-104.940162305304,39.7907631027981],[-104.940088427907,39.7909752659433],[-104.931660842407,39.7910164786542],[-104.92695833819,39.7910392815943],[-104.92698092177,39.7837759030472],[-104.922274114237,39.7837999155021],[-104.912898974917,39.783819772619],[-104.903510614306,39.7838233737775]]]},"properties":{"OBJECTID":35,"NBHD_ID":49,"NBHD_NAME":"Northeast Park Hill","TYPOLOGY":"","NOTES":"Removed NEST Status May 2023","GLOBALID":"c05fc42c-3b3e-4322-a31b-7cc7371c8cda"}},{"type":"Feature","id":36,"geometry":{"type":"Polygon","coordinates":[[[-104.940088427907,39.7909752659433],[-104.940162305304,39.7907631027981],[-104.940249378445,39.7904614414625],[-104.940325412491,39.7902168770031],[-104.940380215307,39.7899803755633],[-104.940391116811,39.7899294234364],[-104.940435181225,39.7897234650178],[-104.94049542129,39.789468619538],[-104.94052967763,39.7891544609431],[-104.940547848789,39.7888667586534],[-104.94054954318,39.7886544977114],[-104.940551335318,39.7884299903558],[-104.940568522285,39.7879330067929],[-104.940562449154,39.7872449552179],[-104.940518986662,39.7837744358918],[-104.940556792378,39.7822698854397],[-104.940596156433,39.7814987240666],[-104.94061130643,39.7813573435952],[-104.940637244675,39.7810681696594],[-104.940642042134,39.7805809493567],[-104.94066848932,39.7800298660891],[-104.940676223277,39.7797316817388],[-104.940680943974,39.7790238928909],[-104.940666159677,39.7780899829367],[-104.940657249977,39.777569786634],[-104.940650608225,39.7750801444044],[-104.940609537538,39.7738476056525],[-104.940617164245,39.7728876558967],[-104.94061724378,39.7728776562268],[-104.940992850913,39.7728774115287],[-104.941688379341,39.7728762511227],[-104.942933507808,39.7728821495715],[-104.946401217092,39.7728950750251],[-104.946978450753,39.7728943564658],[-104.947540561363,39.7728939070825],[-104.948640694629,39.7729024959461],[-104.949187675665,39.7729033405829],[-104.949276615822,39.7729034137468],[-104.949824483345,39.772904602544],[-104.950290541871,39.772903691318],[-104.950844653486,39.7729025022626],[-104.951944760655,39.7729144920059],[-104.952504246978,39.7729085161417],[-104.953053060111,39.7729024884355],[-104.953610686766,39.7729067934565],[-104.954153194182,39.7729110259881],[-104.957170045515,39.772914680031],[-104.958261365973,39.7729128439749],[-104.959400845284,39.7728940609725],[-104.964705243625,39.7728994256092],[-104.965937174393,39.7728864896349],[-104.968476249539,39.7729113635644],[-104.969723996185,39.7719832664745],[-104.971915695062,39.7703010200568],[-104.972366834204,39.7706252670396],[-104.972810022108,39.7709432982171],[-104.973680130698,39.7716153135794],[-104.974550148267,39.7723017346488],[-104.974985275365,39.7726300157348],[-104.975425709064,39.7729627799382],[-104.975859926515,39.7732948286148],[-104.976300342843,39.773631020769],[-104.977180304038,39.7743027103886],[-104.978046077979,39.7749708982682],[-104.978302399377,39.7751878781789],[-104.978414635684,39.7753058873622],[-104.978336129655,39.775436128346],[-104.978212781663,39.7756506185325],[-104.978197359563,39.775677436831],[-104.978103669775,39.7758369313688],[-104.977930621773,39.7761422576283],[-104.977881836624,39.7762436144795],[-104.97783295675,39.7763576684445],[-104.977810038402,39.7764491887487],[-104.977802768942,39.7765098535482],[-104.977797709038,39.776552080179],[-104.977797006047,39.77664644438],[-104.977792213434,39.7768121664986],[-104.977826832153,39.7771798377322],[-104.977829451688,39.7773057870359],[-104.977839337654,39.7774115221346],[-104.977868589074,39.7775444524659],[-104.977932654375,39.7778995577503],[-104.977993367243,39.7782271954155],[-104.978013793969,39.7784702390319],[-104.978029643608,39.7787307627716],[-104.978014221405,39.7788906043796],[-104.977998237055,39.779006519094],[-104.977907333555,39.7792689716576],[-104.977846247319,39.7794691024834],[-104.977823586157,39.7795259655244],[-104.977797449503,39.7795718322636],[-104.977684892881,39.7797556062919],[-104.977655241468,39.7797956239428],[-104.977561649806,39.7799410486922],[-104.977523801162,39.7800067662797],[-104.977452573621,39.7801351328601],[-104.97737763987,39.7802833856224],[-104.977208189567,39.7805815200918],[-104.977114659921,39.7807183662985],[-104.97706608519,39.7807908989618],[-104.9769950485,39.780893529595],[-104.97689001882,39.7810217459],[-104.976796552263,39.781150012887],[-104.976751414308,39.7812386888758],[-104.976698166381,39.7813413984179],[-104.976645722636,39.7814554350514],[-104.976589698031,39.7815725446812],[-104.976525863347,39.7816635395048],[-104.976469417676,39.7817178500427],[-104.976405912333,39.7817645795453],[-104.976361201861,39.7817959506523],[-104.97626828969,39.7818497559406],[-104.976209178138,39.781903710921],[-104.9761561617,39.7819751944135],[-104.976100297189,39.782070685529],[-104.976046770581,39.7822104539804],[-104.975990210839,39.7823989366333],[-104.975955596563,39.7825075619833],[-104.975914917499,39.7825945419552],[-104.975816785855,39.7827512691799],[-104.975707615956,39.7829566751378],[-104.975613361639,39.7831895995803],[-104.975556694867,39.7833921506922],[-104.975502222998,39.7836578515736],[-104.97548229984,39.7837451684229],[-104.975445201453,39.7839077559894],[-104.975421422556,39.7841135419796],[-104.975394126592,39.7843138217979],[-104.975381257473,39.7844880863987],[-104.975376618118,39.7846325331015],[-104.975375184908,39.7848240057143],[-104.975385144065,39.7850385209568],[-104.97539828467,39.7851844193766],[-104.975412369367,39.7853231160104],[-104.97542654856,39.7854491162931],[-104.975426034906,39.785517744725],[-104.975409264245,39.7857379738727],[-104.975370618753,39.7859093782257],[-104.975325340111,39.7860162397894],[-104.975265643639,39.7861477447125],[-104.975208746641,39.7862617607288],[-104.975156446342,39.7863558951666],[-104.975054898932,39.7864927031492],[-104.974961486242,39.7866123902396],[-104.974861020442,39.7867234670364],[-104.974737382181,39.7868402738278],[-104.974606565724,39.7869652838978],[-104.974494640385,39.787062239904],[-104.974363992671,39.7871646027056],[-104.974274565672,39.7872270003148],[-104.974155674747,39.7873036787911],[-104.974092278604,39.787334965546],[-104.973810190411,39.7874651328654],[-104.973690507207,39.7875287676051],[-104.97275152556,39.7881810179544],[-104.972259387076,39.7885603986936],[-104.971689244296,39.7890197255915],[-104.970768799817,39.789686112623],[-104.970567550101,39.7898296748693],[-104.97034752003,39.7899861924148],[-104.970187267425,39.7901196443399],[-104.970015577665,39.7902362296332],[-104.969751077463,39.7903908300007],[-104.969520542561,39.7905243074374],[-104.969345335746,39.7906350426617],[-104.969181628743,39.7907544083119],[-104.968823900892,39.7910015805381],[-104.968772644608,39.7910399058767],[-104.960190656627,39.7910254624527],[-104.959347734687,39.791658143305],[-104.955453985027,39.7946246034946],[-104.949896734569,39.7946389191067],[-104.940476296974,39.794596143158],[-104.940487315502,39.790973300351],[-104.940088427907,39.7909752659433]]]},"properties":{"OBJECTID":36,"NBHD_ID":25,"NBHD_NAME":"Elyria Swansea","TYPOLOGY":"NEST","NOTES":null,"GLOBALID":"00c9b7f8-bda9-4b45-bedb-867a28532ce6"}},{"type":"Feature","id":37,"geometry":{"type":"Polygon","coordinates":[[[-104.940630012234,39.6536066105908],[-104.940679867346,39.6530541577744],[-104.940697449888,39.6530542024563],[-104.950077877903,39.6530747920357],[-104.953528871385,39.653081680593],[-104.95363541623,39.6530818916513],[-104.954964763524,39.653084516956],[-104.954398575316,39.6557901837036],[-104.953562039279,39.6558699512813],[-104.953573786249,39.6560438710302],[-104.953800932971,39.6567071515043],[-104.959453500397,39.6567184314837],[-104.959453249619,39.6568007904421],[-104.959442461121,39.6603440082758],[-104.959439314578,39.6615662151537],[-104.959445111201,39.6619112260646],[-104.959442073908,39.6630485827213],[-104.95943410436,39.6639251972683],[-104.959399346472,39.6660256240594],[-104.959379283456,39.6675952557254],[-104.957961320303,39.6675886781718],[-104.956541962895,39.667582225623],[-104.955123214556,39.6675800327215],[-104.95383715821,39.6675805701314],[-104.953295432781,39.6675753334799],[-104.952370960142,39.6675760037435],[-104.95145198263,39.6675723487547],[-104.950782754749,39.6675446229074],[-104.950624674132,39.6674961711208],[-104.950404718484,39.6673610702417],[-104.950257988196,39.667281338617],[-104.950109190383,39.6672179630595],[-104.949995357609,39.6671815033145],[-104.949816774138,39.6671234118356],[-104.949644277679,39.6670764815505],[-104.949545645212,39.6670513796789],[-104.949316038836,39.6670049183698],[-104.949212290339,39.6669848709306],[-104.949143112731,39.6669732227311],[-104.949073027001,39.6669639698766],[-104.94900291997,39.6669574665845],[-104.948914154711,39.6669522430518],[-104.948683584036,39.6669436121173],[-104.948508923842,39.6669407256024],[-104.948296951375,39.6669520932827],[-104.948069386707,39.6669795102894],[-104.947931127961,39.6669959351102],[-104.947789437347,39.6670179659154],[-104.947407480738,39.6671153550271],[-104.947175413924,39.6671912273072],[-104.946944831768,39.667276565362],[-104.946461159288,39.667438426595],[-104.946183193225,39.6675290884053],[-104.946064974622,39.6675589250639],[-104.945986281601,39.6675636198858],[-104.945822363301,39.6675661093341],[-104.945362551962,39.6675649709224],[-104.944843864544,39.6675631478995],[-104.944367596762,39.6675648255828],[-104.943823225458,39.6675626852821],[-104.942798644424,39.667559303832],[-104.941773137934,39.6675587754482],[-104.940679575948,39.6675608422865],[-104.940688465752,39.6654988430214],[-104.940679361617,39.6648008040036],[-104.940679561163,39.6641069177409],[-104.94068597458,39.6634614385038],[-104.940686359291,39.6624825071583],[-104.940686709297,39.6607570374823],[-104.940686950199,39.6602808318052],[-104.940621375559,39.6597065280058],[-104.940556896401,39.6593290778565],[-104.940566725968,39.6582208632324],[-104.940576492955,39.6548676122456],[-104.940561839448,39.65436206478],[-104.940630012234,39.6536066105908]]]},"properties":{"OBJECTID":37,"NBHD_ID":73,"NBHD_NAME":"Wellshire","TYPOLOGY":null,"NOTES":null,"GLOBALID":"bcb81ae6-0fd9-408f-a55a-7ccbbcebe0c2"}},{"type":"Feature","id":38,"geometry":{"type":"Polygon","coordinates":[[[-104.959447130438,39.684728733927],[-104.959446846444,39.6846045109689],[-104.959446411255,39.6844134922073],[-104.95943461888,39.6832970950314],[-104.959425125807,39.6827876787821],[-104.959386117535,39.6824860600236],[-104.959378368129,39.6820356463668],[-104.959388503043,39.6802529682204],[-104.959393323142,39.6784258440753],[-104.959391523955,39.6766313321753],[-104.959381221088,39.6748427414679],[-104.9593851349,39.6730295871045],[-104.959390234305,39.6712145941514],[-104.959394435777,39.6694079550403],[-104.959379283456,39.6675952557254],[-104.959399346472,39.6660256240594],[-104.95943410436,39.6639251972683],[-104.959442073908,39.6630485827213],[-104.959445111201,39.6619112260646],[-104.959439314578,39.6615662151537],[-104.963078944385,39.6615880268842],[-104.963085297835,39.6603779359709],[-104.968827792578,39.660431066673],[-104.968804740127,39.6658389284554],[-104.969964320545,39.6658544800714],[-104.971134753207,39.6658573498739],[-104.973500706887,39.6658756313849],[-104.97348596618,39.6676757453338],[-104.973485932281,39.667684941828],[-104.973474913151,39.6694921816504],[-104.973465030733,39.6712794368437],[-104.973451455046,39.6731109874813],[-104.973445519127,39.6748492483171],[-104.973456612528,39.6767023086702],[-104.973430647025,39.6785129456353],[-104.97341638802,39.6803325346894],[-104.973402184302,39.6820786367115],[-104.973422598952,39.6821450704486],[-104.973425228865,39.6839810216536],[-104.973421632289,39.6857473124248],[-104.97342408625,39.6875610730225],[-104.973419609083,39.6888818957179],[-104.973424011346,39.6890397382413],[-104.973433023649,39.6893627171022],[-104.973429276471,39.6896847706919],[-104.973424217202,39.6898239730851],[-104.973282403106,39.689754416259],[-104.969913350297,39.6881018146877],[-104.968842021691,39.6875742283513],[-104.968607838646,39.687458900541],[-104.968191387925,39.6872538090281],[-104.965299643467,39.6858239153804],[-104.964645964321,39.6855143427373],[-104.964237657169,39.6853418758346],[-104.963701519728,39.6851465716764],[-104.963168226652,39.6849982567412],[-104.96261822608,39.6848765687957],[-104.962156822658,39.6848094285916],[-104.961744320763,39.6847679800115],[-104.961170170695,39.6847319701654],[-104.960048385118,39.6847304693683],[-104.959447130438,39.684728733927]]]},"properties":{"OBJECTID":38,"NBHD_ID":64,"NBHD_NAME":"University","TYPOLOGY":null,"NOTES":null,"GLOBALID":"d11b827a-3a2c-4893-9093-5e1924f8266c"}},{"type":"Feature","id":39,"geometry":{"type":"Polygon","coordinates":[[[-104.973430647025,39.6785129456353],[-104.973456612528,39.6767023086702],[-104.973445519127,39.6748492483171],[-104.973451455046,39.6731109874813],[-104.973465030733,39.6712794368437],[-104.973474913151,39.6694921816504],[-104.973485932281,39.667684941828],[-104.97348596618,39.6676757453338],[-104.978185508289,39.6677018141047],[-104.987571892828,39.6676828908103],[-104.987584278019,39.6694851434227],[-104.987584065662,39.6712879721121],[-104.987581411415,39.6730892257809],[-104.987574510998,39.6748917156657],[-104.987574054384,39.6767060781296],[-104.987567216355,39.6785195191448],[-104.98636968782,39.6785544746044],[-104.985224010195,39.6785609369693],[-104.984074729297,39.6785616105029],[-104.982885580238,39.6785647849541],[-104.981680103929,39.6785693567891],[-104.980523181547,39.6785697035495],[-104.979360530909,39.6785460382578],[-104.978127740827,39.6785322994884],[-104.976910970235,39.6785292411091],[-104.975751649672,39.6785269074791],[-104.974593879779,39.6785196287106],[-104.973430647025,39.6785129456353]]]},"properties":{"OBJECTID":39,"NBHD_ID":53,"NBHD_NAME":"Rosedale","TYPOLOGY":null,"NOTES":null,"GLOBALID":"33aa7f34-ebc5-4f60-8714-c432c26d7ee0"}},{"type":"Feature","id":40,"geometry":{"type":"Polygon","coordinates":[[[-104.960192494408,39.7291094077256],[-104.960770250616,39.7291093114873],[-104.96135067323,39.7291092254225],[-104.961931992806,39.7291081107608],[-104.962506201409,39.7291069605403],[-104.963088409756,39.7291058437736],[-104.963664393823,39.7291050395828],[-104.964241292374,39.7291008047545],[-104.96482263252,39.7290969304797],[-104.965881278869,39.7290941916697],[-104.966563949884,39.7290900824593],[-104.967141732247,39.7290865237739],[-104.967730153907,39.7290864420646],[-104.968307021108,39.7290863049961],[-104.968887444042,39.7290861813513],[-104.969461641967,39.7290863699508],[-104.97062157753,39.729088849533],[-104.971778929194,39.7290803243839],[-104.97293533762,39.7290789906636],[-104.972948115667,39.7304540906363],[-104.972979680224,39.7320499251538],[-104.972978767332,39.733709440987],[-104.972998994731,39.735158007487],[-104.973008305617,39.7368765909982],[-104.973019073456,39.738401294569],[-104.972999809768,39.7395452999685],[-104.97299165463,39.7400390691633],[-104.972755205964,39.7400359512584],[-104.972136532023,39.7400273438439],[-104.971876947523,39.7400272085249],[-104.971290219203,39.7400262897647],[-104.970787947843,39.7400250611854],[-104.970311443352,39.7400256624349],[-104.970140755013,39.7400259234077],[-104.96968825263,39.7400266302086],[-104.968461560065,39.7400111437373],[-104.96784814528,39.7400124893015],[-104.967232068792,39.7400131331131],[-104.966605358188,39.7400092645008],[-104.965990202014,39.7400057879621],[-104.965381263332,39.7400030229593],[-104.964766102034,39.7400002265017],[-104.964124271857,39.7399973053819],[-104.963466440248,39.7399943078029],[-104.962851258336,39.7399942468555],[-104.962237850967,39.7399945335769],[-104.961632468756,39.7399917654267],[-104.961013751417,39.7399889330824],[-104.960402124872,39.7399888751642],[-104.95978160542,39.7399891160668],[-104.959780851861,39.7397248806165],[-104.959777038522,39.7383892878792],[-104.959784746988,39.7368114761445],[-104.959793042823,39.7350418407802],[-104.959795488302,39.7334547380559],[-104.959799177952,39.7322832070734],[-104.959833724017,39.7319525590962],[-104.959844436703,39.7314848811955],[-104.959839550684,39.7310806163669],[-104.959897577796,39.7309326374927],[-104.960094200284,39.7306782285852],[-104.960169400666,39.7304932671426],[-104.960192494408,39.7291094077256]]]},"properties":{"OBJECTID":40,"NBHD_ID":12,"NBHD_NAME":"Cheesman Park","TYPOLOGY":null,"NOTES":null,"GLOBALID":"bd5cd10b-12c7-49ea-853b-92435815a8a4"}},{"type":"Feature","id":41,"geometry":{"type":"Polygon","coordinates":[[[-104.910236800857,39.711201983284],[-104.911124434298,39.7112054081364],[-104.911812684266,39.7112026437004],[-104.912791852741,39.7112117557423],[-104.912918209828,39.7112129308202],[-104.914125689801,39.7112077241084],[-104.915284127948,39.7111863991382],[-104.916455650522,39.7111964986181],[-104.917622530872,39.7111985479136],[-104.918786635579,39.7111909441685],[-104.919952119895,39.7111967622895],[-104.921121768697,39.7111989927782],[-104.922285899032,39.7112149344184],[-104.923454572877,39.7112001995828],[-104.924624551981,39.7111751882251],[-104.925802914235,39.7111809670011],[-104.92697832522,39.7111798408127],[-104.928148488695,39.7111821260416],[-104.9293194058,39.7111878062894],[-104.931565521268,39.711209261464],[-104.931673749135,39.7110949817361],[-104.940686363142,39.7110760707139],[-104.940704692328,39.7115637933913],[-104.940684770232,39.7130595452377],[-104.940695236136,39.7146450071117],[-104.940697796079,39.7150649294493],[-104.940704863636,39.7162242866966],[-104.940707945237,39.717456609552],[-104.940708788236,39.7177937301815],[-104.940708512935,39.7183500309336],[-104.940707994079,39.7193988954015],[-104.940702645734,39.7209616295031],[-104.940700736605,39.7225387919086],[-104.940702963148,39.7231513460282],[-104.940694416978,39.7241118144445],[-104.940696119473,39.7243441429091],[-104.94068852175,39.7252970658801],[-104.940691440635,39.7255997479797],[-104.939471325686,39.7256062100793],[-104.93831185923,39.7256043273114],[-104.937156076221,39.725610600667],[-104.936017385612,39.7256089205486],[-104.934927336584,39.7256123746578],[-104.933817518794,39.7256157477722],[-104.932715133874,39.7256137416114],[-104.931618924786,39.7256171590031],[-104.930521663247,39.7256163983186],[-104.929413468824,39.725621452741],[-104.928312508225,39.725621255055],[-104.927210775891,39.725623681946],[-104.926104937191,39.7256260784388],[-104.925001156009,39.7256275514018],[-104.9239019717,39.7256276424219],[-104.922798781187,39.7256320795329],[-104.921662013081,39.7256363659844],[-104.920562536427,39.7256343396951],[-104.919461213193,39.7256340580459],[-104.918357417987,39.7256351531332],[-104.91725685772,39.7256359691769],[-104.916154697898,39.7256370278099],[-104.915049018712,39.7256377132816],[-104.913952113007,39.7256388538896],[-104.912793747142,39.7256394314067],[-104.912451130775,39.7256406358991],[-104.911636656995,39.7256395287769],[-104.910499229456,39.725640086585],[-104.909360322982,39.7256408930176],[-104.908154814882,39.7256403803644],[-104.906943013618,39.7256425144707],[-104.905802984147,39.7256433954333],[-104.904627411415,39.7256433542551],[-104.904364232939,39.7256430543559],[-104.903407530046,39.7256419597829],[-104.903493838875,39.7252547278241],[-104.903510703307,39.7250399806131],[-104.903519999565,39.724831001571],[-104.903528929062,39.7232751021167],[-104.903534036598,39.722385127451],[-104.903536627419,39.7219956121455],[-104.903734720045,39.7219956844698],[-104.904772727583,39.7220023912027],[-104.905789790528,39.7220045709245],[-104.906007500564,39.7220091017373],[-104.906521604629,39.7220084594459],[-104.90666075169,39.7220082804489],[-104.906865168321,39.7220082815827],[-104.90794414194,39.7220071965848],[-104.908145003527,39.7220071778542],[-104.908146121008,39.721874722894],[-104.908146847726,39.7216832413986],[-104.908148309703,39.7215099519991],[-104.908157866986,39.7200610300806],[-104.908164978643,39.7187966480932],[-104.908165511324,39.7186281576154],[-104.908166915297,39.7184617307961],[-104.908169465532,39.7183701192795],[-104.908222789769,39.7183700442145],[-104.908276113681,39.7183699690735],[-104.908329437394,39.7183698943591],[-104.908356097804,39.7183700284504],[-104.908382758475,39.718370162537],[-104.908777141654,39.7183660159084],[-104.909729114961,39.7183625599022],[-104.910691626989,39.7183629947403],[-104.911643452793,39.7183624960007],[-104.912781294402,39.7183638738903],[-104.912695047449,39.7182802173449],[-104.912697438742,39.7162508502445],[-104.912699153925,39.7147952686225],[-104.910146662208,39.7148010472167],[-104.90743191312,39.7147834876253],[-104.907454441069,39.7147547825184],[-104.90746042289,39.714747160633],[-104.907687465757,39.7144578698895],[-104.908765085807,39.7130847761381],[-104.909096556927,39.7126624012713],[-104.909977513352,39.7115397915077],[-104.910097472819,39.7113837873579],[-104.910236800857,39.711201983284]]]},"properties":{"OBJECTID":41,"NBHD_ID":37,"NBHD_NAME":"Hilltop","TYPOLOGY":null,"NOTES":null,"GLOBALID":"1f322e11-efe7-46ef-ba7a-69d2855a8fac"}},{"type":"Feature","id":42,"geometry":{"type":"Polygon","coordinates":[[[-104.903455093546,39.7401463078847],[-104.903464635856,39.7387014078577],[-104.903457632757,39.7372700528639],[-104.903458247784,39.735626602305],[-104.90345461902,39.7346955738578],[-104.903453802657,39.7341716646873],[-104.903458717005,39.7328950518737],[-104.90346331452,39.7316872901669],[-104.903464836454,39.7307177346749],[-104.903467623858,39.7300455185375],[-104.903468066612,39.7298768563642],[-104.903468825736,39.729576021645],[-104.90346774415,39.7292849896942],[-104.903464081865,39.7286733993831],[-104.903460478271,39.7280717063383],[-104.903464936222,39.7270188023765],[-104.903459580994,39.7268808333948],[-104.903454722485,39.7266993842102],[-104.903407530046,39.7256419597829],[-104.904364232939,39.7256430543559],[-104.904627411415,39.7256433542551],[-104.905802984147,39.7256433954333],[-104.906943013618,39.7256425144707],[-104.908154814882,39.7256403803644],[-104.909360322982,39.7256408930176],[-104.910499229456,39.725640086585],[-104.911636656995,39.7256395287769],[-104.912451130775,39.7256406358991],[-104.912793747142,39.7256394314067],[-104.913952113007,39.7256388538896],[-104.915049018712,39.7256377132816],[-104.916154697898,39.7256370278099],[-104.91725685772,39.7256359691769],[-104.918357417987,39.7256351531332],[-104.919461213193,39.7256340580459],[-104.920562536427,39.7256343396951],[-104.921662013081,39.7256363659844],[-104.922798781187,39.7256320795329],[-104.9228110817,39.7280667194912],[-104.922808325451,39.7292558230916],[-104.922313891524,39.7292620433615],[-104.922314162791,39.7304814320993],[-104.922312539986,39.7310673336256],[-104.922324797325,39.7316724591563],[-104.922319660033,39.7328803604692],[-104.9223300282,39.733653566604],[-104.922324700514,39.7347062646626],[-104.922331470987,39.7351054728629],[-104.922334443066,39.7366803348762],[-104.922324920459,39.7382992583002],[-104.922321255429,39.7401429843041],[-104.921661737893,39.7401411474685],[-104.921133232531,39.7401398266334],[-104.920560939096,39.7401425947487],[-104.91994925121,39.740143013835],[-104.91945708493,39.7401458263961],[-104.918773351339,39.740146226633],[-104.918359399249,39.7401447733507],[-104.917555768691,39.7401456024959],[-104.917254761335,39.740146170727],[-104.916322716747,39.7401470423486],[-104.915055674711,39.7401468549908],[-104.91394861684,39.7401493126109],[-104.912802989691,39.7401547349036],[-104.912430415932,39.7401539407018],[-104.911640562729,39.7401493652122],[-104.91050010159,39.7401494938393],[-104.909356247632,39.7401481221007],[-104.908156778466,39.7401550769775],[-104.906941481173,39.7401597860867],[-104.905797388687,39.7401540732681],[-104.904652531971,39.7401587710879],[-104.903455093546,39.7401463078847]]]},"properties":{"OBJECTID":42,"NBHD_ID":46,"NBHD_NAME":"Montclair","TYPOLOGY":null,"NOTES":null,"GLOBALID":"59ff9262-6fad-47b4-a700-25bf6ee33797"}},{"type":"Feature","id":43,"geometry":{"type":"Polygon","coordinates":[[[-104.922321255429,39.7401429843041],[-104.922324920459,39.7382992583002],[-104.922334443066,39.7366803348762],[-104.922331470987,39.7351054728629],[-104.922324700514,39.7347062646626],[-104.9223300282,39.733653566604],[-104.922319660033,39.7328803604692],[-104.922324797325,39.7316724591563],[-104.922312539986,39.7310673336256],[-104.922314162791,39.7304814320993],[-104.922313891524,39.7292620433615],[-104.922808325451,39.7292558230916],[-104.9228110817,39.7280667194912],[-104.922798781187,39.7256320795329],[-104.9239019717,39.7256276424219],[-104.925001156009,39.7256275514018],[-104.926104937191,39.7256260784388],[-104.927210775891,39.725623681946],[-104.928312508225,39.725621255055],[-104.929413468824,39.725621452741],[-104.930521663247,39.7256163983186],[-104.931618924786,39.7256171590031],[-104.932715133874,39.7256137416114],[-104.933817518794,39.7256157477722],[-104.934927336584,39.7256123746578],[-104.936017385612,39.7256089205486],[-104.937156076221,39.725610600667],[-104.93831185923,39.7256043273114],[-104.939471325686,39.7256062100793],[-104.940691440635,39.7255997479797],[-104.940700783792,39.7268804701477],[-104.940699160762,39.7273070116872],[-104.940692735206,39.7292276526697],[-104.940688969685,39.7304801718998],[-104.940688152997,39.7310285384313],[-104.940682501322,39.7320717193623],[-104.940678100438,39.7328465550628],[-104.940673557171,39.7336392335224],[-104.940667839131,39.7346906494153],[-104.940661976562,39.7350914324488],[-104.940670412945,39.736708785658],[-104.940664110581,39.7382793981149],[-104.940663578845,39.740129369815],[-104.939489130913,39.7401357632106],[-104.938944088826,39.7401304484292],[-104.938385404478,39.740132349724],[-104.937237137499,39.7401385044255],[-104.93614841445,39.7401373028027],[-104.93551759264,39.7401377105271],[-104.935002769188,39.7401376440098],[-104.933801093515,39.7401365658394],[-104.932691420177,39.7401370562174],[-104.93208740189,39.7401339312092],[-104.931534774481,39.7401358302157],[-104.930934402879,39.7401345384865],[-104.930379668879,39.7401349418213],[-104.929799659722,39.7401355640495],[-104.929220845787,39.7401358474441],[-104.928658525036,39.740136206718],[-104.928067182754,39.7401385845024],[-104.927526195475,39.7401387006814],[-104.926900542612,39.7401430716418],[-104.925776349802,39.740150709612],[-104.924609372332,39.7401464080622],[-104.923431145661,39.7401504597689],[-104.922321255429,39.7401429843041]]]},"properties":{"OBJECTID":43,"NBHD_ID":31,"NBHD_NAME":"Hale","TYPOLOGY":null,"NOTES":null,"GLOBALID":"ef45a14f-b09e-41de-a840-c12ba3f94a75"}},{"type":"Feature","id":44,"geometry":{"type":"Polygon","coordinates":[[[-104.903424647649,39.7522130106541],[-104.90342757858,39.7510165703017],[-104.904642547297,39.7510167846776],[-104.905812836378,39.7510153228954],[-104.906954138465,39.7510139401452],[-104.90816466071,39.7510128940353],[-104.909372938116,39.7510099755822],[-104.910507364858,39.751011956592],[-104.91168234212,39.7510085034008],[-104.912132027006,39.7510094921087],[-104.912275333529,39.7510131580631],[-104.912386109207,39.7510269561208],[-104.912849228955,39.7510812869992],[-104.913987759328,39.7510849666955],[-104.915156665424,39.7510794541651],[-104.916333223845,39.7510832342432],[-104.917549988087,39.7510756771782],[-104.918762034585,39.7510768686585],[-104.91993330037,39.751075365037],[-104.921107596647,39.7510768892148],[-104.92228341935,39.7510714071769],[-104.923472494461,39.7510682643141],[-104.924636931472,39.7510655233287],[-104.925785654349,39.7510656128091],[-104.92698954409,39.7510649286505],[-104.928161413012,39.7510633959175],[-104.929332400168,39.7510584253661],[-104.930503391503,39.7510579278113],[-104.931701131473,39.7510558434834],[-104.932833003886,39.7510527482788],[-104.933933803108,39.7510449890426],[-104.93503898945,39.7510475517112],[-104.936139758052,39.7510487140465],[-104.937242275093,39.7510491837284],[-104.938343965039,39.7510431273238],[-104.939447353533,39.7510418643778],[-104.940621034984,39.751036810207],[-104.940614647834,39.7528404190121],[-104.940608274072,39.7544196008691],[-104.940608095259,39.7546649576682],[-104.940606243855,39.7550084498409],[-104.940602160097,39.7559661828897],[-104.940600529479,39.7565049322522],[-104.940593357474,39.758295492561],[-104.940585468111,39.7601759556294],[-104.94057847481,39.7618009513034],[-104.940578188696,39.7619582011064],[-104.939679923531,39.7619952028279],[-104.939526601428,39.7619985991136],[-104.939314516118,39.761994837867],[-104.93808285394,39.7619903422981],[-104.936852573316,39.7619954665029],[-104.935621026818,39.7619978225193],[-104.935015078501,39.761999658917],[-104.934391973527,39.762001544458],[-104.933167048858,39.7620025256397],[-104.931852991731,39.7620003314971],[-104.929355750573,39.7619978797322],[-104.927593969233,39.7620058417496],[-104.925815625864,39.7620109299853],[-104.924034459422,39.7620184640796],[-104.922445107517,39.7620145917119],[-104.922291588995,39.7620073122648],[-104.922135840456,39.7619961097364],[-104.92197352876,39.7619953128014],[-104.921134989304,39.7619938011803],[-104.919974246394,39.7619959320954],[-104.918812642671,39.7619915133888],[-104.917586829431,39.7619932492761],[-104.916376204858,39.7619977081419],[-104.915212829066,39.7619984618578],[-104.914052641046,39.7619992036838],[-104.912851305663,39.7619958343642],[-104.912431040101,39.7619741693292],[-104.911729986482,39.7619767677824],[-104.910573369546,39.7619765217515],[-104.909408871172,39.7619762499056],[-104.908180357663,39.7619774676774],[-104.906948392762,39.7619749667317],[-104.905791681027,39.7619746935142],[-104.903439419912,39.7619838090708],[-104.903456516909,39.761424142924],[-104.903461861237,39.7602196616086],[-104.903458937319,39.7584100508932],[-104.903393728135,39.7580154427718],[-104.903403318563,39.754730697285],[-104.90342363715,39.7534079249994],[-104.903424647649,39.7522130106541]]]},"properties":{"OBJECTID":44,"NBHD_ID":48,"NBHD_NAME":"North Park Hill","TYPOLOGY":null,"NOTES":null,"GLOBALID":"a0a0c8b0-d495-416f-a8e5-c6c9c170e748"}},{"type":"Feature","id":45,"geometry":{"type":"Polygon","coordinates":[[[-104.90342757858,39.7510165703017],[-104.903422847111,39.7498227696462],[-104.90343654875,39.7486315800728],[-104.903447773996,39.7474419395358],[-104.903463754119,39.7456156373936],[-104.903455067448,39.7437852236436],[-104.903458736821,39.7426023431004],[-104.903452699071,39.74197836599],[-104.903455110856,39.741479655158],[-104.903455093546,39.7401463078847],[-104.904652531971,39.7401587710879],[-104.905797388687,39.7401540732681],[-104.906941481173,39.7401597860867],[-104.908156778466,39.7401550769775],[-104.909356247632,39.7401481221007],[-104.91050010159,39.7401494938393],[-104.911640562729,39.7401493652122],[-104.912430415932,39.7401539407018],[-104.912802989691,39.7401547349036],[-104.91394861684,39.7401493126109],[-104.915055674711,39.7401468549908],[-104.916322716747,39.7401470423486],[-104.917254761335,39.740146170727],[-104.917555768691,39.7401456024959],[-104.918359399249,39.7401447733507],[-104.918773351339,39.740146226633],[-104.91945708493,39.7401458263961],[-104.91994925121,39.740143013835],[-104.920560939096,39.7401425947487],[-104.921133232531,39.7401398266334],[-104.921661737893,39.7401411474685],[-104.922321255429,39.7401429843041],[-104.923431145661,39.7401504597689],[-104.924609372332,39.7401464080622],[-104.925776349802,39.740150709612],[-104.926900542612,39.7401430716418],[-104.927526195475,39.7401387006814],[-104.928067182754,39.7401385845024],[-104.928658525036,39.740136206718],[-104.929220845787,39.7401358474441],[-104.929799659722,39.7401355640495],[-104.930379668879,39.7401349418213],[-104.930934402879,39.7401345384865],[-104.931534774481,39.7401358302157],[-104.93208740189,39.7401339312092],[-104.932691420177,39.7401370562174],[-104.933801093515,39.7401365658394],[-104.935002769188,39.7401376440098],[-104.93551759264,39.7401377105271],[-104.93614841445,39.7401373028027],[-104.937237137499,39.7401385044255],[-104.938385404478,39.740132349724],[-104.938944088826,39.7401304484292],[-104.939489130913,39.7401357632106],[-104.940663578845,39.740129369815],[-104.940657992083,39.7413873646213],[-104.940656861339,39.7417521374787],[-104.940656233865,39.7419422445504],[-104.940653900625,39.7425691853849],[-104.940650831146,39.743399959001],[-104.940653346083,39.7437534249349],[-104.940644642174,39.7449561555685],[-104.940639756734,39.7461259605793],[-104.940634999574,39.7473911639065],[-104.940628217594,39.7492445301947],[-104.940621034984,39.751036810207],[-104.939447353533,39.7510418643778],[-104.938343965039,39.7510431273238],[-104.937242275093,39.7510491837284],[-104.936139758052,39.7510487140465],[-104.93503898945,39.7510475517112],[-104.933933803108,39.7510449890426],[-104.932833003886,39.7510527482788],[-104.931701131473,39.7510558434834],[-104.930503391503,39.7510579278113],[-104.929332400168,39.7510584253661],[-104.928161413012,39.7510633959175],[-104.92698954409,39.7510649286505],[-104.925785654349,39.7510656128091],[-104.924636931472,39.7510655233287],[-104.923472494461,39.7510682643141],[-104.92228341935,39.7510714071769],[-104.921107596647,39.7510768892148],[-104.91993330037,39.751075365037],[-104.918762034585,39.7510768686585],[-104.917549988087,39.7510756771782],[-104.916333223845,39.7510832342432],[-104.915156665424,39.7510794541651],[-104.913987759328,39.7510849666955],[-104.912849228955,39.7510812869992],[-104.912386109207,39.7510269561208],[-104.912275333529,39.7510131580631],[-104.912132027006,39.7510094921087],[-104.91168234212,39.7510085034008],[-104.910507364858,39.751011956592],[-104.909372938116,39.7510099755822],[-104.90816466071,39.7510128940353],[-104.906954138465,39.7510139401452],[-104.905812836378,39.7510153228954],[-104.904642547297,39.7510167846776],[-104.90342757858,39.7510165703017]]]},"properties":{"OBJECTID":45,"NBHD_ID":57,"NBHD_NAME":"South Park Hill","TYPOLOGY":null,"NOTES":null,"GLOBALID":"c06a55de-af4e-4472-8056-c276c5076a8a"}},{"type":"Feature","id":46,"geometry":{"type":"Polygon","coordinates":[[[-104.940687294851,39.6829623157238],[-104.940689618979,39.6826273317915],[-104.940686768543,39.6816981575268],[-104.940687091264,39.6808074149541],[-104.940683596734,39.6800984406913],[-104.940748368146,39.6784151507823],[-104.940731288442,39.6765975533563],[-104.940718089956,39.6748153901312],[-104.940702365202,39.6743136489461],[-104.940707536989,39.6733207355258],[-104.940695614336,39.6718880510052],[-104.940679666606,39.6683297393997],[-104.940679575948,39.6675608422865],[-104.941773137934,39.6675587754482],[-104.942798644424,39.667559303832],[-104.943823225458,39.6675626852821],[-104.944367596762,39.6675648255828],[-104.944843864544,39.6675631478995],[-104.945362551962,39.6675649709224],[-104.945822363301,39.6675661093341],[-104.945986281601,39.6675636198858],[-104.946064974622,39.6675589250639],[-104.946183193225,39.6675290884053],[-104.946461159288,39.667438426595],[-104.946944831768,39.667276565362],[-104.947175413924,39.6671912273072],[-104.947407480738,39.6671153550271],[-104.947789437347,39.6670179659154],[-104.947931127961,39.6669959351102],[-104.948069386707,39.6669795102894],[-104.948296951375,39.6669520932827],[-104.948508923842,39.6669407256024],[-104.948683584036,39.6669436121173],[-104.948914154711,39.6669522430518],[-104.94900291997,39.6669574665845],[-104.949073027001,39.6669639698766],[-104.949143112731,39.6669732227311],[-104.949212290339,39.6669848709306],[-104.949316038836,39.6670049183698],[-104.949545645212,39.6670513796789],[-104.949644277679,39.6670764815505],[-104.949816774138,39.6671234118356],[-104.949995357609,39.6671815033145],[-104.950109190383,39.6672179630595],[-104.950257988196,39.667281338617],[-104.950404718484,39.6673610702417],[-104.950624674132,39.6674961711208],[-104.950782754749,39.6675446229074],[-104.95145198263,39.6675723487547],[-104.952370960142,39.6675760037435],[-104.953295432781,39.6675753334799],[-104.95383715821,39.6675805701314],[-104.955123214556,39.6675800327215],[-104.956541962895,39.667582225623],[-104.957961320303,39.6675886781718],[-104.959379283456,39.6675952557254],[-104.959394435777,39.6694079550403],[-104.959390234305,39.6712145941514],[-104.9593851349,39.6730295871045],[-104.959381221088,39.6748427414679],[-104.959391523955,39.6766313321753],[-104.959393323142,39.6784258440753],[-104.959388503043,39.6802529682204],[-104.959378368129,39.6820356463668],[-104.959386117535,39.6824860600236],[-104.959425125807,39.6827876787821],[-104.95943461888,39.6832970950314],[-104.959446411255,39.6844134922073],[-104.959446846444,39.6846045109689],[-104.959447130438,39.684728733927],[-104.95856369428,39.6847261782749],[-104.955493954147,39.6847298608999],[-104.953747934044,39.6847392209004],[-104.95123154872,39.6847372565504],[-104.950602946306,39.6847272299181],[-104.950328388412,39.6847228494494],[-104.950078693083,39.684718865076],[-104.949599123284,39.6847003641811],[-104.948619148779,39.6846372491074],[-104.947858112789,39.6845588980257],[-104.946870290103,39.684424202983],[-104.946176917607,39.6843038922491],[-104.944899840483,39.6840312633774],[-104.943765815453,39.6837389623171],[-104.94306037088,39.6835738851246],[-104.941939084531,39.6832922077145],[-104.941246713746,39.6831224651759],[-104.940985474307,39.6830476784628],[-104.940687294851,39.6829623157238]]]},"properties":{"OBJECTID":46,"NBHD_ID":66,"NBHD_NAME":"University Park","TYPOLOGY":null,"NOTES":null,"GLOBALID":"f01887e2-bdd7-4b91-b128-fbebd486061e"}},{"type":"Feature","id":47,"geometry":{"type":"Polygon","coordinates":[[[-104.973424217202,39.6898239730851],[-104.973429276471,39.6896847706919],[-104.973433023649,39.6893627171022],[-104.973424011346,39.6890397382413],[-104.973419609083,39.6888818957179],[-104.97342408625,39.6875610730225],[-104.973421632289,39.6857473124248],[-104.973425228865,39.6839810216536],[-104.973422598952,39.6821450704486],[-104.973402184302,39.6820786367115],[-104.97341638802,39.6803325346894],[-104.973430647025,39.6785129456353],[-104.974593879779,39.6785196287106],[-104.975751649672,39.6785269074791],[-104.976910970235,39.6785292411091],[-104.978127740827,39.6785322994884],[-104.979360530909,39.6785460382578],[-104.980523181547,39.6785697035495],[-104.981680103929,39.6785693567891],[-104.982885580238,39.6785647849541],[-104.984074729297,39.6785616105029],[-104.985224010195,39.6785609369693],[-104.98636968782,39.6785544746044],[-104.987567216355,39.6785195191448],[-104.987571394983,39.6803277885629],[-104.987568648741,39.6821492696303],[-104.98754551589,39.6839661424412],[-104.987533896023,39.685777713272],[-104.987512696759,39.6875744712452],[-104.987499843456,39.6894000986667],[-104.987480258076,39.6911686296008],[-104.987468280824,39.6930193014376],[-104.987449325419,39.6947988700878],[-104.987430740281,39.6966343058692],[-104.986219401112,39.6966282116502],[-104.985070486918,39.6966253482029],[-104.983942651417,39.6966204137444],[-104.982769559986,39.6966595761057],[-104.982218069053,39.6966577485325],[-104.982027445619,39.696489191259],[-104.981170409621,39.695742379916],[-104.981050153057,39.6956411801129],[-104.980272819239,39.6950277408959],[-104.979884312559,39.6947000472745],[-104.979414176061,39.6942845191396],[-104.979107541344,39.6940134978314],[-104.979098519324,39.6940053582571],[-104.978139475282,39.6931401117973],[-104.976797709079,39.6919295250271],[-104.976160986262,39.6913949951416],[-104.975787636898,39.691120086432],[-104.975176304595,39.6907242699102],[-104.974740664419,39.6904826362084],[-104.973605648544,39.689912966484],[-104.973560070844,39.6898906112431],[-104.973424217202,39.6898239730851]]]},"properties":{"OBJECTID":47,"NBHD_ID":51,"NBHD_NAME":"Platt Park","TYPOLOGY":null,"NOTES":null,"GLOBALID":"c62659dc-fb26-47a4-a12c-c10df091722a"}},{"type":"Feature","id":48,"geometry":{"type":"Polygon","coordinates":[[[-105.001394754114,39.6821678305556],[-105.001347642956,39.6820475229507],[-105.001194560662,39.6817150326381],[-105.00113921217,39.6816290063379],[-105.001040565039,39.6815112251689],[-105.000940886611,39.6814136866382],[-105.000826915736,39.6813274110785],[-105.000450826463,39.681128493763],[-105.000070983424,39.6809580422653],[-104.999837900865,39.6808842993459],[-104.999583533782,39.6808060049902],[-104.999435549196,39.6807566453132],[-104.999354905966,39.6807305643499],[-104.99925480156,39.6806930764505],[-104.99915921298,39.6806453123535],[-104.999062887646,39.6805762691281],[-104.998923427256,39.6804528214838],[-104.998728438862,39.6802690832561],[-104.998640353769,39.6801657578223],[-104.998563795411,39.6800652269973],[-104.998450565719,39.6798760028319],[-104.99835167034,39.6796696816377],[-104.99817697434,39.679257137326],[-104.998086523458,39.678988052679],[-104.99802850873,39.6787788166045],[-104.998000425432,39.6786071141481],[-104.99793051043,39.6780749086598],[-104.997897802781,39.6779289231529],[-104.997861727061,39.6777571862744],[-104.99782689749,39.6775353524357],[-104.997802959748,39.6772809644975],[-104.99778634034,39.6765001906972],[-104.997790855244,39.6763656886949],[-104.997788449153,39.6762054200879],[-104.997771371767,39.6759853775605],[-104.99775388642,39.6758222990401],[-104.997714342577,39.6756388793658],[-104.997685851769,39.675524483204],[-104.997667917635,39.6754242022797],[-104.997668980869,39.6752756159931],[-104.997680048364,39.6752183545193],[-104.997669901684,39.6751469323066],[-104.997626783596,39.6749665858906],[-104.997612844292,39.6749035517038],[-104.997547634341,39.6746086685358],[-104.99750102585,39.6744197277679],[-104.997442952962,39.674219413737],[-104.997418077031,39.6740964536008],[-104.997414976169,39.6740332978271],[-104.997415568236,39.6739505970464],[-104.99741242607,39.6738932754242],[-104.997397880761,39.6738160006189],[-104.997347413395,39.6736699390503],[-104.997314156207,39.6736011637735],[-104.997314586215,39.6735411111394],[-104.997349563278,39.673369677781],[-104.997376301921,39.673232525645],[-104.997380571717,39.6731323390728],[-104.997392976861,39.6730122838975],[-104.99740463681,39.6728723219967],[-104.997413192238,39.6727937735402],[-104.997428488264,39.6726421591569],[-104.997444116427,39.6725681019735],[-104.997466862012,39.6724923593909],[-104.997508636119,39.672363850615],[-104.997564907316,39.6721952532198],[-104.997632968567,39.6719923893427],[-104.997780142259,39.6716556856513],[-104.997881265879,39.6714244802912],[-104.997949080588,39.6712559317695],[-104.997997957657,39.671127452906],[-104.998058858148,39.6709321081963],[-104.998104550501,39.6707521404608],[-104.998131215274,39.6706249395229],[-104.998150991037,39.6704675105305],[-104.998158667086,39.6703875853663],[-104.998177775549,39.6703234946907],[-104.998226418551,39.6702276157245],[-104.998301752977,39.6701249873137],[-104.998361182848,39.6700109664933],[-104.998470294882,39.6697797942009],[-104.998508248398,39.6696883305958],[-104.99854196492,39.6695683660822],[-104.998569362094,39.6694627879024],[-104.998629180359,39.6692942045781],[-104.998685924665,39.6691829173884],[-104.998753142444,39.6690974123751],[-104.998891045764,39.668938084588],[-104.999028787108,39.6688014049802],[-104.999152022589,39.6687061864461],[-104.999281476728,39.6686106510857],[-104.999434108073,39.6685028605822],[-104.999605432227,39.6683889723784],[-104.999772130084,39.6683011448728],[-104.999987772263,39.6681991121232],[-105.000195319166,39.6681114576154],[-105.00017043632,39.6676742758524],[-105.002666576691,39.6668958034816],[-105.00275470871,39.666865634582],[-105.00298091871,39.6667749656306],[-105.003195690752,39.6666691485703],[-105.003398126828,39.6665495524081],[-105.003586448108,39.6664165124775],[-105.003623963983,39.6663857859707],[-105.003685647927,39.6663280511954],[-105.003741142436,39.6662665154733],[-105.003788668745,39.666201514539],[-105.003829112717,39.6661333948243],[-105.00386158131,39.6660628395388],[-105.003886069632,39.6659905345365],[-105.003902577706,39.6659164800731],[-105.003910208175,39.665842045004],[-105.003909851172,39.6657668898524],[-105.004467672567,39.664548887562],[-105.004714384165,39.664010178059],[-105.004876801201,39.6636500254801],[-105.005054237594,39.6636450302109],[-105.004962936657,39.6617566146495],[-105.004935460707,39.6614974073135],[-105.004878659414,39.6612411646869],[-105.004793410296,39.6609896068031],[-105.004679698793,39.6607447924514],[-105.004558040834,39.6605363343878],[-105.006389102623,39.6605442446452],[-105.010898332703,39.6605654254165],[-105.008175332249,39.6640936868466],[-105.008104292162,39.6640933895765],[-105.00805949053,39.6641505108281],[-105.007654910116,39.6647322015118],[-105.007316748603,39.6653392199216],[-105.00714265125,39.6657245531025],[-105.006321861758,39.6677003874659],[-105.00635970677,39.6677006548066],[-105.006356555973,39.6749692501424],[-105.00635608106,39.6767840089167],[-105.008693899269,39.6767962914851],[-105.008693869161,39.6786157885376],[-105.015704962221,39.6786664765221],[-105.015709628535,39.6749992295086],[-105.015714377549,39.6677447145221],[-105.015824686683,39.6605060587914],[-105.022801561782,39.6604971764995],[-105.022834246385,39.6568027499045],[-105.025175323877,39.6568029942537],[-105.025183907038,39.6568172528639],[-105.025180160263,39.6574298670778],[-105.025158188864,39.6605022127304],[-105.025148200728,39.662120010918],[-105.025136922906,39.6637253043053],[-105.025135256103,39.6640696685336],[-105.025123841846,39.6650387972758],[-105.025120294156,39.6653335714548],[-105.025104590342,39.6658177109797],[-105.025110897504,39.6669440100021],[-105.025108481786,39.6677159675769],[-105.025073143832,39.6685425611389],[-105.025076820987,39.67015379004],[-105.025060049728,39.6711962578176],[-105.025061771344,39.6717868535036],[-105.025076969186,39.6725125060713],[-105.02507279111,39.6733402421079],[-105.025066446852,39.6751324055711],[-105.025044017399,39.6767664701178],[-105.025057704337,39.6786371547352],[-105.025030275096,39.6805094081203],[-105.025037985049,39.6822707532132],[-105.023745856228,39.6822730966396],[-105.022701561733,39.6822801276407],[-105.021537539078,39.682286990073],[-105.020366548837,39.6822960443499],[-105.019192617096,39.6823017450405],[-105.018029935947,39.6823123178127],[-105.01686440726,39.6823196442401],[-105.015692727129,39.6823391358352],[-105.014736517822,39.6823366430637],[-105.013818630344,39.682326202415],[-105.013371993747,39.6823209479841],[-105.01288831984,39.682315513522],[-105.011041509917,39.6822951020169],[-105.00998610136,39.6822861121207],[-105.008916366523,39.6822716726492],[-105.00868982849,39.6822677386027],[-105.006790236871,39.682248924984],[-105.006363987127,39.6822418659297],[-105.006186707453,39.6822332162276],[-105.00524176531,39.6822163395895],[-105.004078816753,39.6822035474471],[-105.002424165303,39.6821790548921],[-105.001827775212,39.6821777185225],[-105.001394754114,39.6821678305556]]]},"properties":{"OBJECTID":48,"NBHD_ID":19,"NBHD_NAME":"College View - South Platte","TYPOLOGY":"NEST","NOTES":null,"GLOBALID":"ba7d2bdb-60fe-4e82-b667-7de0e9e69959"}},{"type":"Feature","id":49,"geometry":{"type":"Polygon","coordinates":[[[-104.987430740281,39.6966343058692],[-104.987449325419,39.6947988700878],[-104.987468280824,39.6930193014376],[-104.987480258076,39.6911686296008],[-104.987499843456,39.6894000986667],[-104.987512696759,39.6875744712452],[-104.987533896023,39.685777713272],[-104.98754551589,39.6839661424412],[-104.987568648741,39.6821492696303],[-104.987571394983,39.6803277885629],[-104.987567216355,39.6785195191448],[-104.987574054384,39.6767060781296],[-104.987574510998,39.6748917156657],[-104.987581411415,39.6730892257809],[-104.987584065662,39.6712879721121],[-104.987584278019,39.6694851434227],[-104.987571892828,39.6676828908103],[-104.997005012309,39.6676606546757],[-105.00017043632,39.6676742758524],[-105.000195319166,39.6681114576154],[-104.999987772263,39.6681991121232],[-104.999772130084,39.6683011448728],[-104.999605432227,39.6683889723784],[-104.999434108073,39.6685028605822],[-104.999281476728,39.6686106510857],[-104.999152022589,39.6687061864461],[-104.999028787108,39.6688014049802],[-104.998891045764,39.668938084588],[-104.998753142444,39.6690974123751],[-104.998685924665,39.6691829173884],[-104.998629180359,39.6692942045781],[-104.998569362094,39.6694627879024],[-104.99854196492,39.6695683660822],[-104.998508248398,39.6696883305958],[-104.998470294882,39.6697797942009],[-104.998361182848,39.6700109664933],[-104.998301752977,39.6701249873137],[-104.998226418551,39.6702276157245],[-104.998177775549,39.6703234946907],[-104.998158667086,39.6703875853663],[-104.998150991037,39.6704675105305],[-104.998131215274,39.6706249395229],[-104.998104550501,39.6707521404608],[-104.998058858148,39.6709321081963],[-104.997997957657,39.671127452906],[-104.997949080588,39.6712559317695],[-104.997881265879,39.6714244802912],[-104.997780142259,39.6716556856513],[-104.997632968567,39.6719923893427],[-104.997564907316,39.6721952532198],[-104.997508636119,39.672363850615],[-104.997466862012,39.6724923593909],[-104.997444116427,39.6725681019735],[-104.997428488264,39.6726421591569],[-104.997413192238,39.6727937735402],[-104.99740463681,39.6728723219967],[-104.997392976861,39.6730122838975],[-104.997380571717,39.6731323390728],[-104.997376301921,39.673232525645],[-104.997349563278,39.673369677781],[-104.997314586215,39.6735411111394],[-104.997314156207,39.6736011637735],[-104.997347413395,39.6736699390503],[-104.997397880761,39.6738160006189],[-104.99741242607,39.6738932754242],[-104.997415568236,39.6739505970464],[-104.997414976169,39.6740332978271],[-104.997418077031,39.6740964536008],[-104.997442952962,39.674219413737],[-104.99750102585,39.6744197277679],[-104.997547634341,39.6746086685358],[-104.997612844292,39.6749035517038],[-104.997626783596,39.6749665858906],[-104.997669901684,39.6751469323066],[-104.997680048364,39.6752183545193],[-104.997668980869,39.6752756159931],[-104.997667917635,39.6754242022797],[-104.997685851769,39.675524483204],[-104.997714342577,39.6756388793658],[-104.99775388642,39.6758222990401],[-104.997771371767,39.6759853775605],[-104.997788449153,39.6762054200879],[-104.997790855244,39.6763656886949],[-104.99778634034,39.6765001906972],[-104.997802959748,39.6772809644975],[-104.99782689749,39.6775353524357],[-104.997861727061,39.6777571862744],[-104.997897802781,39.6779289231529],[-104.99793051043,39.6780749086598],[-104.998000425432,39.6786071141481],[-104.99802850873,39.6787788166045],[-104.998086523458,39.678988052679],[-104.99817697434,39.679257137326],[-104.99835167034,39.6796696816377],[-104.998450565719,39.6798760028319],[-104.998563795411,39.6800652269973],[-104.998640353769,39.6801657578223],[-104.998728438862,39.6802690832561],[-104.998923427256,39.6804528214838],[-104.999062887646,39.6805762691281],[-104.99915921298,39.6806453123535],[-104.99925480156,39.6806930764505],[-104.999354905966,39.6807305643499],[-104.999435549196,39.6807566453132],[-104.999583533782,39.6808060049902],[-104.999837900865,39.6808842993459],[-105.000070983424,39.6809580422653],[-105.000450826463,39.681128493763],[-105.000826915736,39.6813274110785],[-105.000940886611,39.6814136866382],[-105.001040565039,39.6815112251689],[-105.00113921217,39.6816290063379],[-105.001194560662,39.6817150326381],[-105.001347642956,39.6820475229507],[-105.001394754114,39.6821678305556],[-105.0014126756,39.6822708560565],[-105.001432373361,39.6826240566178],[-105.00143034303,39.6829099045948],[-105.001409454681,39.683224498337],[-105.001393745516,39.6833102229888],[-105.001348114106,39.6834816123516],[-105.001302543427,39.6836444223725],[-105.000901563295,39.6849453753561],[-105.000532150926,39.6863020532631],[-105.000498287803,39.6864419204802],[-105.000471570026,39.6865763273676],[-105.000425690778,39.6867820315894],[-105.000394225789,39.6869593136307],[-105.000348692683,39.6871162900627],[-105.000315173068,39.6872077723782],[-105.000285370877,39.6872762788098],[-105.00023218926,39.6873844926718],[-105.000179790679,39.6875074661286],[-105.000108231903,39.6877013928516],[-105.000092620352,39.6877730481953],[-105.000092192637,39.6878330999387],[-105.000091266321,39.6879631557113],[-105.0000908606,39.6880201191536],[-105.000083374946,39.6880732779393],[-105.000079496465,39.6881189022482],[-105.000052175201,39.6882131563221],[-104.999988873992,39.6883700563514],[-104.999916709131,39.6885241736355],[-104.999860491624,39.6886841921478],[-104.999814518467,39.6889025921835],[-104.999784306386,39.6890284051898],[-104.999723424343,39.6892196321995],[-104.99967796848,39.6893652834237],[-104.999657681792,39.6894199237798],[-104.999610038191,39.6895482443925],[-104.999546193673,39.6896564124426],[-104.999501388331,39.6897107852018],[-104.999419153333,39.6897818130281],[-104.999352142076,39.6898357478102],[-104.999302126307,39.6898732828309],[-104.999125282212,39.6900063638007],[-104.99891364585,39.6901598862185],[-104.998690337134,39.690330516442],[-104.998493095497,39.6904583621564],[-104.998321860644,39.690552001839],[-104.998162295907,39.6906285331252],[-104.997932368514,39.6907305008391],[-104.997668599811,39.690843991078],[-104.997449434073,39.6909315908732],[-104.997144841533,39.6910390720123],[-104.996885797655,39.6911383621295],[-104.996414369085,39.6913190561224],[-104.996124855882,39.6914293444521],[-104.995775597586,39.6915706034562],[-104.995451984366,39.6917281006163],[-104.994983890927,39.6919635609896],[-104.99483580643,39.6920487157542],[-104.994679501953,39.6921650633668],[-104.994533886438,39.6922773382812],[-104.994191325413,39.6925977535684],[-104.994034562933,39.6927772402572],[-104.993915297104,39.6929311510219],[-104.993746313873,39.6932035823463],[-104.993551132975,39.6935359538965],[-104.993322307501,39.693975247742],[-104.99319475332,39.6942921247842],[-104.993107567704,39.6945549555164],[-104.993076546984,39.6946677228207],[-104.993042769074,39.6947931753983],[-104.993004175176,39.6949704245243],[-104.992928331309,39.6952617870904],[-104.992886472937,39.695398872029],[-104.992860193701,39.6954701367208],[-104.992754596818,39.6956985714879],[-104.99269044643,39.6958468847222],[-104.992615406105,39.6960267216784],[-104.992525312399,39.6961996306884],[-104.992435272653,39.6963649904618],[-104.992405386904,39.6964434460766],[-104.992393361316,39.6965092814608],[-104.992384178404,39.6966609723715],[-104.991874293874,39.6966621496522],[-104.991275557553,39.6966520116755],[-104.990238084962,39.6966475190335],[-104.990125949703,39.6966470328981],[-104.989993038644,39.6966464067697],[-104.987430740281,39.6966343058692]]]},"properties":{"OBJECTID":49,"NBHD_ID":50,"NBHD_NAME":"Overland","TYPOLOGY":null,"NOTES":null,"GLOBALID":"fd47777d-586b-4c69-b020-31702855f132"}},{"type":"Feature","id":50,"geometry":{"type":"Polygon","coordinates":[[[-104.992384178404,39.6966609723715],[-104.992393361316,39.6965092814608],[-104.992405386904,39.6964434460766],[-104.992435272653,39.6963649904618],[-104.992525312399,39.6961996306884],[-104.992615406105,39.6960267216784],[-104.99269044643,39.6958468847222],[-104.992754596818,39.6956985714879],[-104.992860193701,39.6954701367208],[-104.992886472937,39.695398872029],[-104.992928331309,39.6952617870904],[-104.993004175176,39.6949704245243],[-104.993042769074,39.6947931753983],[-104.993076546984,39.6946677228207],[-104.993107567704,39.6945549555164],[-104.99319475332,39.6942921247842],[-104.993322307501,39.693975247742],[-104.993551132975,39.6935359538965],[-104.993746313873,39.6932035823463],[-104.993915297104,39.6929311510219],[-104.994034562933,39.6927772402572],[-104.994191325413,39.6925977535684],[-104.994533886438,39.6922773382812],[-104.994679501953,39.6921650633668],[-104.99483580643,39.6920487157542],[-104.994983890927,39.6919635609896],[-104.995451984366,39.6917281006163],[-104.995775597586,39.6915706034562],[-104.996124855882,39.6914293444521],[-104.996414369085,39.6913190561224],[-104.996885797655,39.6911383621295],[-104.997144841533,39.6910390720123],[-104.997449434073,39.6909315908732],[-104.997668599811,39.690843991078],[-104.997932368514,39.6907305008391],[-104.998162295907,39.6906285331252],[-104.998321860644,39.690552001839],[-104.998493095497,39.6904583621564],[-104.998690337134,39.690330516442],[-104.99891364585,39.6901598862185],[-104.999125282212,39.6900063638007],[-104.999302126307,39.6898732828309],[-104.999352142076,39.6898357478102],[-104.999419153333,39.6897818130281],[-104.999501388331,39.6897107852018],[-104.999546193673,39.6896564124426],[-104.999610038191,39.6895482443925],[-104.999657681792,39.6894199237798],[-104.99967796848,39.6893652834237],[-104.999723424343,39.6892196321995],[-104.999784306386,39.6890284051898],[-104.999814518467,39.6889025921835],[-104.999860491624,39.6886841921478],[-104.999916709131,39.6885241736355],[-104.999988873992,39.6883700563514],[-105.000052175201,39.6882131563221],[-105.000079496465,39.6881189022482],[-105.000083374946,39.6880732779393],[-105.0000908606,39.6880201191536],[-105.000091266321,39.6879631557113],[-105.000092192637,39.6878330999387],[-105.000092620352,39.6877730481953],[-105.000108231903,39.6877013928516],[-105.000179790679,39.6875074661286],[-105.00023218926,39.6873844926718],[-105.000285370877,39.6872762788098],[-105.000315173068,39.6872077723782],[-105.000348692683,39.6871162900627],[-105.000394225789,39.6869593136307],[-105.000425690778,39.6867820315894],[-105.000471570026,39.6865763273676],[-105.000498287803,39.6864419204802],[-105.000532150926,39.6863020532631],[-105.000901563295,39.6849453753561],[-105.001302543427,39.6836444223725],[-105.001348114106,39.6834816123516],[-105.001393745516,39.6833102229888],[-105.001409454681,39.683224498337],[-105.00143034303,39.6829099045948],[-105.001432373361,39.6826240566178],[-105.0014126756,39.6822708560565],[-105.001394754114,39.6821678305556],[-105.001827775212,39.6821777185225],[-105.002424165303,39.6821790548921],[-105.004078816753,39.6822035474471],[-105.00524176531,39.6822163395895],[-105.006186707453,39.6822332162276],[-105.006363987127,39.6822418659297],[-105.006790236871,39.682248924984],[-105.00868982849,39.6822677386027],[-105.008916366523,39.6822716726492],[-105.00998610136,39.6822861121207],[-105.011041509917,39.6822951020169],[-105.01288831984,39.682315513522],[-105.013371993747,39.6823209479841],[-105.013818630344,39.682326202415],[-105.014736517822,39.6823366430637],[-105.015692727129,39.6823391358352],[-105.01686440726,39.6823196442401],[-105.018029935947,39.6823123178127],[-105.019192617096,39.6823017450405],[-105.020366548837,39.6822960443499],[-105.021537539078,39.682286990073],[-105.022701561733,39.6822801276407],[-105.023745856228,39.6822730966396],[-105.025037985049,39.6822707532132],[-105.025042369774,39.6840789578909],[-105.025044030703,39.6849723443994],[-105.025054254643,39.6858860863383],[-105.025051253657,39.6876803005475],[-105.025057606804,39.6894864522057],[-105.02505936623,39.6908052555007],[-105.025062032128,39.6912974723907],[-105.025063676261,39.6931094618505],[-105.025067070042,39.6949188027579],[-105.025059102548,39.6967472809235],[-105.023717595395,39.6967344894755],[-105.022725789808,39.6967368452037],[-105.021553919073,39.6967392895602],[-105.020359835574,39.6967419752263],[-105.019223466553,39.6967496886674],[-105.018061365759,39.6967524816965],[-105.017014742326,39.6967581394889],[-105.015690202797,39.6967635877165],[-105.013873210764,39.6967583473643],[-105.012707647157,39.6967479202763],[-105.011706419017,39.6967413651556],[-105.010708710639,39.6967396202886],[-105.009362777133,39.6967316104917],[-105.008709791995,39.6967288843287],[-105.006595340482,39.6967251515884],[-105.006166677739,39.6967235285833],[-105.001515352064,39.6967058148927],[-105.000314214983,39.6967007172814],[-104.999149520111,39.6966933600936],[-104.997964374477,39.6966883065863],[-104.996792555471,39.6966832981606],[-104.995618089163,39.6966758646338],[-104.994440051504,39.6966708060927],[-104.992945755934,39.6966619702776],[-104.992384178404,39.6966609723715]]]},"properties":{"OBJECTID":50,"NBHD_ID":54,"NBHD_NAME":"Ruby Hill","TYPOLOGY":"NEST","NOTES":null,"GLOBALID":"91bb90f5-0ba9-4faf-be8e-b16fbe3f48c0"}},{"type":"Feature","id":51,"geometry":{"type":"Polygon","coordinates":[[[-104.854477485927,39.6601527784035],[-104.854226967397,39.6600743160149],[-104.853063679914,39.6597704069183],[-104.852007295278,39.6595999422696],[-104.85168321886,39.6594519956478],[-104.849245673692,39.6590760617222],[-104.848872947058,39.6591165495028],[-104.848676991529,39.6590860177162],[-104.848625435872,39.6590779846434],[-104.848627125208,39.6578346153704],[-104.848552540918,39.6578342019892],[-104.848558822198,39.6570614137775],[-104.84725079928,39.6570692557881],[-104.84792272647,39.6568094297804],[-104.848621746901,39.656595734967],[-104.849298040954,39.6564385336313],[-104.851386184509,39.6559898826124],[-104.85230456097,39.6557701701434],[-104.853195078972,39.6554895551692],[-104.854049729534,39.6551497109995],[-104.854864043361,39.6547537020779],[-104.855161237503,39.6545885514823],[-104.867161288605,39.6476105169012],[-104.867663738647,39.6473215249804],[-104.868196053693,39.6470676952384],[-104.86875466829,39.6468507235228],[-104.869107266508,39.6467369680854],[-104.870062247558,39.6462767491679],[-104.871188417946,39.6462292459132],[-104.873041307667,39.6458283687688],[-104.874066568395,39.6455469421883],[-104.875055136875,39.645197706603],[-104.875570197139,39.6449825300943],[-104.875554082245,39.6458963129912],[-104.8754504244,39.6516624267842],[-104.876680252691,39.6530498789951],[-104.875658086522,39.653050483514],[-104.872000539062,39.6530386924002],[-104.870924565363,39.6530488530516],[-104.87038380425,39.6530459572188],[-104.8701097182,39.6530556360481],[-104.869878693579,39.6530878398563],[-104.869676558899,39.653114624419],[-104.869430963515,39.6531634702819],[-104.869156326443,39.6532344547234],[-104.868838127081,39.6533386464446],[-104.868586331059,39.6534280860663],[-104.868408117669,39.6535105308502],[-104.868237425594,39.6535862354676],[-104.868056217633,39.6536911620113],[-104.867882118879,39.6538072731978],[-104.867722490246,39.6539178886827],[-104.867540979544,39.6540562544595],[-104.867402829674,39.6541837063235],[-104.86730829254,39.6542723769664],[-104.867206344718,39.6543833018004],[-104.867118967186,39.6544775841787],[-104.867016917505,39.6545996561826],[-104.86693659934,39.6547106975199],[-104.866856029463,39.6548496061058],[-104.866775409466,39.6549940877525],[-104.866702250094,39.6551107413828],[-104.86659148039,39.6553999770077],[-104.866516962798,39.6556671130991],[-104.866479251567,39.6558508417703],[-104.866456011243,39.6560290748869],[-104.866432318215,39.6562574690078],[-104.866429904423,39.6565249934451],[-104.866421474961,39.6569961230309],[-104.866369453109,39.6593979056157],[-104.866333775015,39.6603099117445],[-104.866022441209,39.6602711923311],[-104.864956834814,39.6602733324149],[-104.85666197499,39.660289650419],[-104.856479933548,39.6602900265137],[-104.85641420982,39.6602913824437],[-104.856314681312,39.6602994164891],[-104.856215089591,39.6603143139868],[-104.856118102344,39.6603357455589],[-104.856024609836,39.6603633735027],[-104.85593372464,39.6603971926625],[-104.855847222334,39.6604372128256],[-104.855765993655,39.6604830956442],[-104.85559814678,39.6602913720519],[-104.855026273578,39.6602923540059],[-104.854923696175,39.6602925296412],[-104.854477485927,39.6601527784035]]]},"properties":{"OBJECTID":51,"NBHD_ID":40,"NBHD_NAME":"Kennedy","TYPOLOGY":"NEST","NOTES":null,"GLOBALID":"339ce9af-b1b5-462f-b6be-2e43fc469b08"}},{"type":"Feature","id":52,"geometry":{"type":"Polygon","coordinates":[[[-104.866022441209,39.6602711923311],[-104.866333775015,39.6603099117445],[-104.866369453109,39.6593979056157],[-104.866421474961,39.6569961230309],[-104.866429904423,39.6565249934451],[-104.866432318215,39.6562574690078],[-104.866456011243,39.6560290748869],[-104.866479251567,39.6558508417703],[-104.866516962798,39.6556671130991],[-104.86659148039,39.6553999770077],[-104.866702250094,39.6551107413828],[-104.866775409466,39.6549940877525],[-104.866856029463,39.6548496061058],[-104.86693659934,39.6547106975199],[-104.867016917505,39.6545996561826],[-104.867118967186,39.6544775841787],[-104.867206344718,39.6543833018004],[-104.86730829254,39.6542723769664],[-104.867402829674,39.6541837063235],[-104.867540979544,39.6540562544595],[-104.867722490246,39.6539178886827],[-104.867882118879,39.6538072731978],[-104.868056217633,39.6536911620113],[-104.868237425594,39.6535862354676],[-104.868408117669,39.6535105308502],[-104.868586331059,39.6534280860663],[-104.868838127081,39.6533386464446],[-104.869156326443,39.6532344547234],[-104.869430963515,39.6531634702819],[-104.869676558899,39.653114624419],[-104.869878693579,39.6530878398563],[-104.8701097182,39.6530556360481],[-104.87038380425,39.6530459572188],[-104.870924565363,39.6530488530516],[-104.872000539062,39.6530386924002],[-104.875658086522,39.653050483514],[-104.876680252691,39.6530498789951],[-104.880091481648,39.6530579701157],[-104.880221244184,39.6530582421162],[-104.881353222736,39.65306070748],[-104.881420218367,39.6530608531024],[-104.882742801803,39.6530640302301],[-104.884784806496,39.6530689062289],[-104.886426631994,39.6530713838547],[-104.887461224114,39.6530729332911],[-104.887723399751,39.6530753300021],[-104.88797758185,39.6530807722995],[-104.891869166802,39.6530882758492],[-104.894082642437,39.6530942183848],[-104.894550951206,39.6530962064332],[-104.898758672735,39.6531139810919],[-104.90054283412,39.6531108758933],[-104.902277746026,39.6531152511707],[-104.904355415142,39.6531161908613],[-104.904726187715,39.6531149798214],[-104.904988501412,39.653114250215],[-104.905947451968,39.6531115518135],[-104.906933041173,39.6531086368814],[-104.907155738789,39.6531080446978],[-104.907374335721,39.653107431163],[-104.907907087871,39.653105655131],[-104.908839399934,39.6531031421116],[-104.909095363704,39.6531014053705],[-104.909323318168,39.6531014563421],[-104.911054755681,39.6530964198018],[-104.912679644474,39.6530915108495],[-104.912929962068,39.6530907041698],[-104.915346911642,39.6530879954606],[-104.916661992716,39.6530749699333],[-104.917764686736,39.6530835259471],[-104.918378164632,39.6530806615978],[-104.918448167495,39.6530814698556],[-104.918586287523,39.653368220125],[-104.91885153122,39.6539188830781],[-104.920123797382,39.65676771296],[-104.921051432146,39.6588282396601],[-104.921940329522,39.6608468334537],[-104.9226181884,39.6623873942441],[-104.923026259333,39.6632994308295],[-104.923435095356,39.6641195872014],[-104.923710045007,39.6646274854432],[-104.924020881035,39.6651202844132],[-104.925295442352,39.6669601704947],[-104.925664275139,39.6674875208359],[-104.925237511713,39.667497463194],[-104.92505234397,39.6675020442176],[-104.923880123878,39.6675339275666],[-104.923708283779,39.6675777629658],[-104.922639021748,39.667579722287],[-104.922226648299,39.6675800986608],[-104.92190189884,39.6675819331601],[-104.921402796549,39.6675822230165],[-104.921310603367,39.6675821332492],[-104.920801937293,39.667581839921],[-104.920772907568,39.6675542302041],[-104.92030812508,39.6671121793457],[-104.920583084394,39.6669385188272],[-104.92222061906,39.6669465792372],[-104.922239740306,39.6637596623046],[-104.92215296522,39.6637290367354],[-104.922161076055,39.6637146638572],[-104.922167413054,39.663699938519],[-104.922171977444,39.66368486143],[-104.922174768447,39.6636694327369],[-104.922176671478,39.6636539994275],[-104.922175910587,39.6636385530224],[-104.92217337375,39.6636230979369],[-104.922169948942,39.6636076384359],[-104.922163854309,39.6635928521336],[-104.922156868882,39.6635784046388],[-104.922148105012,39.6635642917379],[-104.922137556406,39.6635511993724],[-104.921620206266,39.6629673260445],[-104.92160525175,39.6629500940026],[-104.921582435537,39.6629170374652],[-104.921562294609,39.6628826214402],[-104.921546605085,39.6628468546701],[-104.921535360982,39.6628104232503],[-104.921527677286,39.662772980041],[-104.921524433601,39.6627355587328],[-104.921525632554,39.6626978161014],[-104.921531271572,39.6626600951206],[-104.92154045362,39.662623421037],[-104.921554072954,39.6625871121775],[-104.921572123786,39.6625518545855],[-104.921593715127,39.6625179873124],[-104.921618844152,39.6624858527771],[-104.921647511113,39.6624554517313],[-104.921865884179,39.6622492516489],[-104.921015833424,39.6603380744646],[-104.918874900255,39.6603378037111],[-104.918885457349,39.6599205614295],[-104.918613723456,39.659921962909],[-104.918247307706,39.6593473994787],[-104.917892877856,39.6591486650456],[-104.917812477189,39.6593140180858],[-104.916757423708,39.6590102293749],[-104.916863101673,39.6587952427798],[-104.915897606697,39.6585080199746],[-104.915931993004,39.6584306344789],[-104.916252734642,39.6580876852296],[-104.916032116819,39.6574956502867],[-104.916028553823,39.6574970052346],[-104.916000080591,39.657504070352],[-104.915971621818,39.6575094197451],[-104.915942294866,39.6575123624514],[-104.915912982182,39.657513589633],[-104.915883684033,39.6575131006387],[-104.915511647786,39.6575112510621],[-104.91551128678,39.6571279283901],[-104.915895591875,39.6571490563753],[-104.916023515914,39.6569283474131],[-104.916571884785,39.6561191300332],[-104.915863017545,39.6560480044242],[-104.91585725067,39.6561008239684],[-104.9158415485,39.6561738414239],[-104.915818754425,39.6562454506219],[-104.915787092919,39.6563156430839],[-104.915770824788,39.656349879217],[-104.915250188688,39.6561733026253],[-104.913088895161,39.6561807174194],[-104.913054770276,39.6631314540366],[-104.915038537838,39.6631403139234],[-104.915587295569,39.663251828134],[-104.915938904421,39.6634711454818],[-104.915950351703,39.6661516971228],[-104.916389035273,39.6661538759997],[-104.916378028561,39.6675848362352],[-104.916285941698,39.6675858897543],[-104.915852236224,39.6675908509059],[-104.915615442254,39.6675965843416],[-104.914636447607,39.6675920085853],[-104.912874165475,39.6676319373459],[-104.910931969207,39.6676352614016],[-104.909762998751,39.6676369476322],[-104.908589948931,39.6676392862811],[-104.907402965566,39.667641202003],[-104.905891981382,39.6676442135203],[-104.903540713975,39.6676253049125],[-104.90354069473,39.6676031017476],[-104.903455078337,39.6676029658524],[-104.898817952976,39.6675955149162],[-104.894095211477,39.6675877383368],[-104.894020613346,39.6675876969809],[-104.890216283076,39.6644966540738],[-104.888351800097,39.6656736484686],[-104.888846870699,39.6657270126623],[-104.888887683655,39.6657313430068],[-104.888927584467,39.6657384138452],[-104.888966573722,39.6657482252819],[-104.889004654022,39.6657604340935],[-104.889040934254,39.6657753789872],[-104.889075420523,39.6657923737718],[-104.889108107254,39.6658121040422],[-104.889138114556,39.6658335366178],[-104.889154873542,39.6658466640368],[-104.889668799402,39.6662851592669],[-104.889737513853,39.666349002516],[-104.889799087616,39.6664169266035],[-104.889852633907,39.6664889269375],[-104.889891164419,39.6665515838978],[-104.89045860102,39.6675788890841],[-104.885163979609,39.6675660708116],[-104.879525721002,39.66392752868],[-104.876211557302,39.6639320894325],[-104.876091828312,39.6640145014441],[-104.875981799879,39.66410451437],[-104.875882363094,39.6642017900309],[-104.875793527126,39.6643052988368],[-104.875717961972,39.6644143688161],[-104.875653900935,39.664527960995],[-104.87560401099,39.6646457467722],[-104.875566528703,39.6647663435425],[-104.875543239064,39.6648887316877],[-104.875534144873,39.6650125678416],[-104.875536021924,39.6651011156641],[-104.875533192074,39.6659185319373],[-104.875436158427,39.667542240315],[-104.875378029766,39.6684859917462],[-104.875380998068,39.6686514152295],[-104.875403510058,39.6688162562247],[-104.875436899438,39.6689564471991],[-104.876265903128,39.670909709305],[-104.876311135445,39.6710166750879],[-104.876368831294,39.6711202751464],[-104.876438112252,39.6712194754917],[-104.876518095865,39.6713135849986],[-104.876608785595,39.6714022604265],[-104.876708417572,39.6714841199507],[-104.876741948634,39.6715086627738],[-104.877228998949,39.6718691693976],[-104.877459050375,39.6720666811493],[-104.875435904196,39.6720631564804],[-104.875419177851,39.6748739193339],[-104.870739248184,39.6748615209782],[-104.866353816737,39.6712746789756],[-104.865965929116,39.6709548122754],[-104.865946365677,39.6675158002852],[-104.865984405244,39.6638934984961],[-104.866022441209,39.6602711923311]]]},"properties":{"OBJECTID":52,"NBHD_ID":32,"NBHD_NAME":"Hampden","TYPOLOGY":null,"NOTES":null,"GLOBALID":"2f50554b-8af6-44dd-9d5b-54d26b75a10a"}},{"type":"Feature","id":53,"geometry":{"type":"Polygon","coordinates":[[[-104.987435451655,39.7256383616786],[-104.987458785904,39.7248776768896],[-104.987481971663,39.7241372382555],[-104.987485667738,39.7225364104219],[-104.987450197413,39.7209439900356],[-104.987498139397,39.7193694329567],[-104.987497523512,39.7183588213823],[-104.987505845643,39.7174628636658],[-104.987501661586,39.7165757737825],[-104.987505806382,39.7161300252419],[-104.987510917471,39.7156736422316],[-104.987525442193,39.7147801133799],[-104.987536334919,39.7138972057775],[-104.987542954271,39.7129909444187],[-104.98754937295,39.7121121348137],[-104.987575003439,39.7111579131304],[-104.987581714757,39.7102389544269],[-104.987598080243,39.7093365090183],[-104.987601803919,39.7084614614041],[-104.987622781722,39.70753570066],[-104.987557771209,39.705730382186],[-104.987488644723,39.7038807766559],[-104.987488044435,39.7033547053726],[-104.987487911308,39.702642984607],[-104.987528056323,39.7021342479868],[-104.987561937499,39.7019964455056],[-104.98755751849,39.7019205540474],[-104.987546274413,39.701727470265],[-104.987540358745,39.7015305112844],[-104.987528987081,39.7014092719538],[-104.987494895213,39.7012672235],[-104.987475311938,39.701185627888],[-104.987469590148,39.7010152820029],[-104.987477147944,39.7003454600562],[-104.987475490398,39.7002129076095],[-104.987430740281,39.6966343058692],[-104.989993038644,39.6966464067697],[-104.990125949703,39.6966470328981],[-104.990238084962,39.6966475190335],[-104.991275557553,39.6966520116755],[-104.991874293874,39.6966621496522],[-104.992384178404,39.6966609723715],[-104.99238125301,39.6967092936829],[-104.992380250235,39.6968479275537],[-104.992379505598,39.6969508734149],[-104.992378966978,39.6970253374047],[-104.992363109393,39.6971295907986],[-104.992317012777,39.6973610273857],[-104.99229005945,39.697525286041],[-104.99226956031,39.6977798252865],[-104.99226426877,39.6980200167996],[-104.992255174992,39.6982945084019],[-104.992264719014,39.698448972916],[-104.992270493336,39.6986332766119],[-104.992290613927,39.6989223074431],[-104.992319962114,39.6990411686747],[-104.992348741938,39.6991157591712],[-104.992392399405,39.6992216420105],[-104.992436305717,39.6992932094401],[-104.992491843338,39.6993535026691],[-104.992580150186,39.6994283501706],[-104.992649945564,39.6994828710091],[-104.992675482285,39.6995145524861],[-104.992700741461,39.6995846664895],[-104.992813161832,39.6998881647588],[-104.992922656557,39.700104829873],[-104.993087703493,39.7003800720435],[-104.993175828092,39.7004803121674],[-104.993267608835,39.7005664984057],[-104.993451108875,39.7007474497158],[-104.993686368421,39.7010202479682],[-104.994119866569,39.7015255337144],[-104.994347023648,39.7018137380298],[-104.994669850835,39.702265698705],[-104.99474640807,39.7023689764392],[-104.994830912019,39.702479151567],[-104.995014359292,39.7026686789152],[-104.995389302774,39.703040904326],[-104.996129231655,39.7036888792753],[-104.996414337427,39.7039380461372],[-104.996470950145,39.7039875220372],[-104.996747207183,39.7042460765933],[-104.996827139147,39.7043204632202],[-104.996920206323,39.7044070738272],[-104.996986249682,39.7044904013132],[-104.997113650201,39.7046910099867],[-104.997209495292,39.7048314299489],[-104.997293932581,39.7049518979567],[-104.997355421119,39.7050509916429],[-104.997407229175,39.7051370038241],[-104.997483547761,39.7052745946989],[-104.997557220327,39.7054094293218],[-104.997604628386,39.7054895886409],[-104.997714608182,39.705641735947],[-104.997754856915,39.705729071258],[-104.997805553703,39.7058463061423],[-104.997841961294,39.7059737750484],[-104.997873751383,39.7061255883647],[-104.997928420339,39.7063087273258],[-104.997993914306,39.7064692639143],[-104.998063056199,39.7066167753779],[-104.998372918403,39.7072728512608],[-104.998500846394,39.7075252778727],[-104.998566651791,39.7076425765618],[-104.998610260195,39.7077573785273],[-104.998638869097,39.7078573608983],[-104.998663850374,39.7079676224432],[-104.998743758956,39.7082253345079],[-104.99895864733,39.7087440820256],[-104.999071677611,39.7089679618263],[-104.999177889393,39.709151319351],[-104.999390250248,39.7095269565774],[-104.999609458105,39.7099396834925],[-104.999649711404,39.7100270177688],[-104.999715273752,39.7101789744035],[-104.999834512435,39.710529850047],[-104.999884849738,39.7106985563111],[-104.999924807948,39.7108274118384],[-104.999950126829,39.7108906613677],[-105.000001923077,39.7109794171796],[-105.000135391574,39.7111910793033],[-105.000143070363,39.7112032568691],[-105.000283985373,39.7114267261038],[-105.000367312711,39.7115801301764],[-105.000418884689,39.7117004557344],[-105.00051671848,39.7119383392817],[-105.000600632142,39.7121342976393],[-105.000906783846,39.7128191748515],[-105.001060156623,39.713120091932],[-105.001257555506,39.7134785034324],[-105.001466000632,39.7139083388268],[-105.001531573175,39.7140599508686],[-105.001672748596,39.714452439168],[-105.001771135248,39.7147387094892],[-105.00182548774,39.7148436035942],[-105.0019607558,39.7150672314978],[-105.002041741917,39.7151760133206],[-105.002360550959,39.7155836651107],[-105.002463610768,39.7157127864037],[-105.002548274876,39.7158044255588],[-105.002717821814,39.7159568196497],[-105.00302255688,39.716219596241],[-105.003273457319,39.7164296412882],[-105.003368928266,39.7165014216333],[-105.003763593289,39.7167405547606],[-105.004114031756,39.7169506744894],[-105.004575072094,39.717229890746],[-105.005053886355,39.7175095238689],[-105.005496351594,39.7177773346806],[-105.005780250317,39.7179727565398],[-105.006141222679,39.7182031605722],[-105.006280320417,39.7182927303872],[-105.00639601782,39.7183672314225],[-105.006491526213,39.7184409356927],[-105.006587828478,39.7185152521811],[-105.006676253071,39.7185787645239],[-105.006768014281,39.7186735184271],[-105.006841133497,39.7187651059494],[-105.007028798046,39.718997525664],[-105.007120467887,39.7191053195214],[-105.008061286451,39.7200412815287],[-105.008484881505,39.7204692572947],[-105.008775226853,39.7207621564369],[-105.009216646273,39.7211843704709],[-105.00938185875,39.7213250689081],[-105.009633017226,39.7215035299438],[-105.009953409468,39.7216949756833],[-105.010057031774,39.7217468814881],[-105.010204201898,39.7217989683172],[-105.010418856615,39.7218599146248],[-105.010881109176,39.7219733646824],[-105.012056893839,39.7222356173529],[-105.012267126979,39.7222937971556],[-105.012459606524,39.7223488142036],[-105.012551797025,39.722383512216],[-105.012699837867,39.722438687856],[-105.012810513449,39.7224991994709],[-105.012883902659,39.7225537225714],[-105.012943071862,39.7226081869535],[-105.013019994753,39.7226658129461],[-105.013219138592,39.722785370703],[-105.013887526082,39.7231656104882],[-105.014049495051,39.7232633935922],[-105.014325478991,39.7234532713646],[-105.014521081322,39.7235714394332],[-105.015144434352,39.7239113364778],[-105.015270133406,39.7239849473922],[-105.015392152111,39.7240767306225],[-105.015513042509,39.7242031681611],[-105.015667332302,39.7243839624789],[-105.015677148243,39.7243965501518],[-105.015729883123,39.724464176145],[-105.015792352971,39.724556056928],[-105.015836080861,39.7246591848026],[-105.015846263256,39.7247292314204],[-105.015838106426,39.7248808744575],[-105.01582558553,39.7250208317403],[-105.015817765268,39.7251237476469],[-105.015768559304,39.725503093526],[-105.015676368156,39.7255098218452],[-105.014812258186,39.7255728815642],[-105.014321255073,39.7256093204972],[-105.013655663799,39.7256587124456],[-105.013455691619,39.7256705322401],[-105.013044560069,39.7256864564606],[-105.012990985802,39.725688888529],[-105.012436262785,39.7257140695648],[-105.011953651566,39.7257456264853],[-105.011645009979,39.725757768594],[-105.011323330635,39.7257698563413],[-105.010725743369,39.7257740842534],[-105.009687015438,39.7257831830361],[-105.009484208352,39.7257956033235],[-105.009430499184,39.7257988926083],[-105.009039194051,39.7258241064361],[-105.009007222779,39.7258257124372],[-105.008545762457,39.7258488929953],[-105.008289292753,39.7258578883882],[-105.008050229151,39.7258636006162],[-105.007776493445,39.7258557440276],[-105.007355073459,39.7258372014475],[-105.00707556558,39.7258200364984],[-105.007003208886,39.7258155925994],[-105.006362422928,39.7257827038949],[-105.00459590016,39.7257719225201],[-105.000869422006,39.7257561718882],[-105.00014847492,39.7257081615461],[-104.999449874651,39.7257075933701],[-104.999337885207,39.7257074600197],[-104.998572624329,39.7257069463138],[-104.998077592415,39.725702089975],[-104.998043818692,39.7257019458811],[-104.997547009322,39.7256970799264],[-104.996963916488,39.7257017945821],[-104.996378250382,39.7256934551763],[-104.995793437482,39.7256902639783],[-104.995192628135,39.7256866580583],[-104.994602491942,39.7256820653366],[-104.994007911425,39.7256774508913],[-104.993420427327,39.7256749227135],[-104.992823165777,39.725672349452],[-104.992157468508,39.7256694777664],[-104.991529100231,39.7256667636547],[-104.990890066593,39.7256640000338],[-104.990281280589,39.7256572459602],[-104.989189875159,39.7256501102018],[-104.988877895693,39.7256511573137],[-104.988371307915,39.7256465532525],[-104.987435451655,39.7256383616786]]]},"properties":{"OBJECTID":53,"NBHD_ID":3,"NBHD_NAME":"Baker","TYPOLOGY":null,"NOTES":null,"GLOBALID":"e9be7a29-a82d-44a0-a8b9-58df4aaf59f2"}},{"type":"Feature","id":54,"geometry":{"type":"Polygon","coordinates":[[[-104.99856693318,39.7401937178919],[-104.998410530986,39.7399236797805],[-104.998379016185,39.7398552571747],[-104.998350922999,39.7398057228241],[-104.998313029211,39.7397592350155],[-104.998263657017,39.7397017170196],[-104.998196528525,39.7396410349988],[-104.998150555383,39.7396054934614],[-104.998116141664,39.739569658283],[-104.998066848353,39.7395011593526],[-104.998021131051,39.7394299308478],[-104.99799648351,39.7393958530731],[-104.997968545008,39.7393246997879],[-104.997941439517,39.739261443099],[-104.997906272318,39.7392067308048],[-104.997870986664,39.7391684895445],[-104.997800359541,39.7390998999036],[-104.997761639002,39.7390448289699],[-104.997709777909,39.7389625929211],[-104.997660623314,39.7388748778328],[-104.997636123616,39.7388202111383],[-104.99758683156,39.738751711989],[-104.997545442135,39.7386969732082],[-104.99749251561,39.7386394396833],[-104.997464345119,39.7386008857505],[-104.997397195721,39.7385432914876],[-104.997217935622,39.7383757504586],[-104.997162881876,39.7382430564017],[-104.997064242739,39.7381139502661],[-104.997040098017,39.7380850321014],[-104.996983154442,39.7380168326578],[-104.996860690078,39.7378632608747],[-104.996678387017,39.737624672217],[-104.996482118101,39.7373503352527],[-104.996391460001,39.7372243510388],[-104.996299953266,39.7370928728944],[-104.995949657345,39.7366047738714],[-104.995879113349,39.7365252021031],[-104.995808628976,39.7364373945091],[-104.995728679707,39.7363059649943],[-104.995654894045,39.7361827982244],[-104.995599521965,39.7360950553157],[-104.995497281905,39.7359731386604],[-104.995406629756,39.7358468106586],[-104.9952974269,39.7357042749646],[-104.99518220012,39.7355342598364],[-104.995048333691,39.7353603903518],[-104.994978760179,39.7352698409099],[-104.994887201284,39.7351462539893],[-104.994800005817,39.7350340097039],[-104.994719015936,39.7349241944848],[-104.994550840766,39.7347007619035],[-104.994494562577,39.7346157596871],[-104.994452387544,39.7345472898701],[-104.994407467076,39.7344897894951],[-104.994305144511,39.7343798820454],[-104.994217930873,39.7342703824249],[-104.994122799604,39.7341495247107],[-104.99403570561,39.7340235542231],[-104.993975932273,39.7339303008594],[-104.99392312147,39.733857667319],[-104.993793993284,39.7336440101387],[-104.993734061818,39.7335727180248],[-104.993597469575,39.7334081002806],[-104.993537667612,39.7333189645685],[-104.993502506304,39.7332642511882],[-104.993425941964,39.7331575421823],[-104.993327377125,39.7330201973376],[-104.993249267403,39.7329080370904],[-104.993247317465,39.732905237305],[-104.993124080483,39.7327379308628],[-104.993033364928,39.7326215523569],[-104.992948944012,39.7324952491178],[-104.992833648536,39.7323362126134],[-104.992668932007,39.7321278910777],[-104.9925809247,39.7320060330337],[-104.992462194422,39.7318305096155],[-104.992335425775,39.7316604424666],[-104.992213002499,39.7315041195048],[-104.992132007802,39.7313960180431],[-104.992083595293,39.7313302655713],[-104.992013180275,39.7312342199408],[-104.991935893401,39.7311052015295],[-104.991859374159,39.7309930011592],[-104.991806567501,39.7309203663389],[-104.991732638003,39.730818815158],[-104.991631529658,39.7306653290267],[-104.991539860787,39.730558553604],[-104.991403378828,39.730380206867],[-104.991323248645,39.7302758832308],[-104.991249267744,39.7301815374668],[-104.991116123711,39.730033403108],[-104.991035184692,39.7299180944838],[-104.990919818356,39.729770036838],[-104.990845911022,39.7296657397226],[-104.990747203917,39.7295493243048],[-104.990677741384,39.729445046312],[-104.990593285971,39.72932457507],[-104.990527319241,39.7292285475214],[-104.990463919729,39.7291462577504],[-104.990414541497,39.7290914816223],[-104.990221347737,39.7288898962049],[-104.990171912773,39.7288430124057],[-104.990105747845,39.7287744368951],[-104.990035098867,39.7287113323494],[-104.989985681359,39.7286620462499],[-104.989926649572,39.7285904132061],[-104.989863328184,39.7284974852698],[-104.989799790342,39.7284344116084],[-104.989708818699,39.7283547472514],[-104.989648718969,39.7283078167628],[-104.98959932251,39.7282557853621],[-104.989547172082,39.7282157527079],[-104.989465778527,39.7281635824199],[-104.9893676174,39.7280948676242],[-104.989250851273,39.7280178359635],[-104.989064366722,39.7278722130282],[-104.988952215571,39.72777186597],[-104.988892014009,39.7277390044245],[-104.988792727743,39.7277028844774],[-104.988736833219,39.7276889151385],[-104.9886872175,39.7276670805239],[-104.988543119708,39.7275597311659],[-104.988313935681,39.7274194120168],[-104.988077564486,39.7272896985963],[-104.987774711591,39.7271353311402],[-104.987531438615,39.7270028086074],[-104.987423599543,39.7269440636269],[-104.9874297021,39.7266685034999],[-104.987429989742,39.7266169701484],[-104.987435451655,39.7256383616786],[-104.988371307915,39.7256465532525],[-104.988877895693,39.7256511573137],[-104.989189875159,39.7256501102018],[-104.990281280589,39.7256572459602],[-104.990890066593,39.7256640000338],[-104.991529100231,39.7256667636547],[-104.992157468508,39.7256694777664],[-104.992823165777,39.725672349452],[-104.993420427327,39.7256749227135],[-104.994007911425,39.7256774508913],[-104.994602491942,39.7256820653366],[-104.995192628135,39.7256866580583],[-104.995793437482,39.7256902639783],[-104.996378250382,39.7256934551763],[-104.996963916488,39.7257017945821],[-104.997547009322,39.7256970799264],[-104.998043818692,39.7257019458811],[-104.998077592415,39.725702089975],[-104.998572624329,39.7257069463138],[-104.999337885207,39.7257074600197],[-104.999449874651,39.7257075933701],[-105.00014847492,39.7257081615461],[-105.000869422006,39.7257561718882],[-105.00459590016,39.7257719225201],[-105.006362422928,39.7257827038949],[-105.007003208886,39.7258155925994],[-105.00707556558,39.7258200364984],[-105.007355073459,39.7258372014475],[-105.007776493445,39.7258557440276],[-105.008050229151,39.7258636006162],[-105.008289292753,39.7258578883882],[-105.008545762457,39.7258488929953],[-105.009007222779,39.7258257124372],[-105.009039194051,39.7258241064361],[-105.009430499184,39.7257988926083],[-105.009484208352,39.7257956033235],[-105.009687015438,39.7257831830361],[-105.010725743369,39.7257740842534],[-105.011323330635,39.7257698563413],[-105.011645009979,39.725757768594],[-105.011953651566,39.7257456264853],[-105.012436262785,39.7257140695648],[-105.012990985802,39.725688888529],[-105.013044560069,39.7256864564606],[-105.013455691619,39.7256705322401],[-105.013655663799,39.7256587124456],[-105.014321255073,39.7256093204972],[-105.014812258186,39.7255728815642],[-105.015676368156,39.7255098218452],[-105.015768559304,39.725503093526],[-105.015743978981,39.7256925902762],[-105.015743602995,39.7256954897776],[-105.015716615458,39.7258710762085],[-105.015700676734,39.7259911166257],[-105.015676801039,39.7262901328787],[-105.015676352977,39.7262957421199],[-105.015659320061,39.7265743175183],[-105.015639648584,39.726848764448],[-105.015642165844,39.7269990782915],[-105.015637388167,39.7271761288677],[-105.015650403143,39.7273508510446],[-105.015675074042,39.7275108645211],[-105.015682073542,39.7275354514351],[-105.015722802687,39.7276785229947],[-105.015824127936,39.7279363094208],[-105.015919606513,39.728139852799],[-105.015985537992,39.7282458167937],[-105.016091267892,39.7283807703697],[-105.01639981062,39.728750935257],[-105.016539990958,39.7289172571512],[-105.016675588162,39.7291038067292],[-105.016734480362,39.7291997899608],[-105.016832572942,39.7294115788686],[-105.016898171725,39.7295662697449],[-105.016934753672,39.7296752016195],[-105.016956442547,39.7297525014118],[-105.016966558534,39.7298324991515],[-105.01698316745,39.7306475698363],[-105.016994557978,39.7311877487459],[-105.017014226716,39.7320748952634],[-105.017003361362,39.7329410245385],[-105.016998463165,39.7333314777626],[-105.017005634712,39.7338390389182],[-105.016995609079,39.7347785656933],[-105.017025815044,39.7352975452941],[-105.017085871911,39.7356124681665],[-105.017155054486,39.7358931123585],[-105.017212640825,39.7360505154458],[-105.017428381423,39.7364776028745],[-105.017680782376,39.7370033265526],[-105.017855835734,39.7374014212687],[-105.017953509803,39.7376763477874],[-105.01799365303,39.7377852933741],[-105.018043932856,39.7379714911692],[-105.018061737889,39.7380971597367],[-105.018060478751,39.7382804007956],[-105.018043992383,39.7384803944375],[-105.01801312428,39.7387033207782],[-105.017982373899,39.7389090896912],[-105.017963194094,39.7389834764472],[-105.01791434615,39.7391061269243],[-105.01786917906,39.7392106049477],[-105.017838454674,39.739283228596],[-105.017552274108,39.7400483270909],[-105.017465231169,39.7402953870568],[-105.017461143064,39.7403066295439],[-105.017385186303,39.7405155357056],[-105.01532281791,39.740466436238],[-105.014577891668,39.7404483442178],[-105.010866674241,39.7403728869412],[-105.009346658439,39.7403350115877],[-105.006433308958,39.7402623633054],[-105.005886946988,39.7402383848614],[-105.005234368496,39.7402097421598],[-105.004777404987,39.7401896832034],[-105.004417590418,39.7401656347595],[-105.004125826119,39.7401493833242],[-105.003546923537,39.7401506979641],[-105.00282160754,39.7401588464055],[-105.00172496505,39.740171164177],[-105.0015695738,39.7401746795014],[-105.000145847328,39.7402068795971],[-105.000116937001,39.7402075330237],[-105.000049587937,39.7402079691361],[-104.999969994775,39.7402084845199],[-104.999066122729,39.7402143313403],[-104.998911720187,39.7402079190999],[-104.99856693318,39.7401937178919]]]},"properties":{"OBJECTID":54,"NBHD_ID":41,"NBHD_NAME":"Lincoln Park","TYPOLOGY":"NEST","NOTES":null,"GLOBALID":"a58f1523-11c0-4a1b-be9a-2134aac23cf8"}},{"type":"Feature","id":55,"geometry":{"type":"Polygon","coordinates":[[[-105.000421583231,39.7455198840416],[-105.00041452108,39.7453856692614],[-105.000411238816,39.7453472218016],[-105.000405311879,39.7451807649944],[-105.000398950026,39.7450753887305],[-105.000389081314,39.7449631344181],[-105.000365394169,39.7447938571817],[-105.000341728426,39.7446214917428],[-105.000324891587,39.7444889613735],[-105.000301595964,39.7442647804458],[-105.000295926627,39.7440622935939],[-105.000290273855,39.7438574043676],[-105.000287292479,39.7437767495304],[-105.000271044506,39.7436864300422],[-105.000254002622,39.7435827242849],[-105.000219143945,39.7434840899355],[-105.000184148867,39.7434046719703],[-105.000135066072,39.743305976973],[-105.000096495734,39.7432292889426],[-105.000044724216,39.7431336710084],[-105.000009575189,39.7430758713342],[-104.9999886186,39.7430225927335],[-104.999946589933,39.7429321637787],[-104.999908117103,39.7428417497159],[-104.999874224313,39.7427324814958],[-104.999839425845,39.7426256116413],[-104.999793861088,39.7425324220315],[-104.999744992921,39.7424038733193],[-104.999702925579,39.7423189342985],[-104.999654567239,39.7422435772806],[-104.999542335639,39.742024508286],[-104.999524818314,39.7419877161397],[-104.999487062159,39.7419216692255],[-104.999434344687,39.7418342829132],[-104.999385206041,39.7417438231164],[-104.999336145127,39.7416423830047],[-104.999298524079,39.7415574627287],[-104.99911946501,39.7412355048427],[-104.999113338125,39.7412220959091],[-104.999095774143,39.7411918229758],[-104.999074691102,39.7411563879735],[-104.999057186236,39.7411178796667],[-104.99904319742,39.7410848769383],[-104.999025729358,39.7410412213449],[-104.998979970858,39.7409754834987],[-104.998951798091,39.7409369299529],[-104.998930734811,39.7408987497986],[-104.998910619612,39.7408523377064],[-104.99888975498,39.7407863622949],[-104.998865390965,39.7407124796819],[-104.998854995429,39.7406743453921],[-104.998837549656,39.7406276012748],[-104.998816544866,39.7405811851719],[-104.998777889116,39.7405168500884],[-104.998749753496,39.7404731494069],[-104.99869427798,39.7403987906925],[-104.998623921369,39.7402921120616],[-104.998613704608,39.7402744729069],[-104.99856693318,39.7401937178919],[-104.998911720187,39.7402079190999],[-104.999066122729,39.7402143313403],[-104.999969994775,39.7402084845199],[-105.000049587937,39.7402079691361],[-105.000116937001,39.7402075330237],[-105.000145847328,39.7402068795971],[-105.0015695738,39.7401746795014],[-105.00172496505,39.740171164177],[-105.00282160754,39.7401588464055],[-105.003546923537,39.7401506979641],[-105.004125826119,39.7401493833242],[-105.004417590418,39.7401656347595],[-105.004777404987,39.7401896832034],[-105.005234368496,39.7402097421598],[-105.005886946988,39.7402383848614],[-105.006433308958,39.7402623633054],[-105.009346658439,39.7403350115877],[-105.010866674241,39.7403728869412],[-105.014577891668,39.7404483442178],[-105.01532281791,39.740466436238],[-105.017385186303,39.7405155357056],[-105.017329309292,39.740669214388],[-105.017219991066,39.7409233893382],[-105.017061721649,39.7413146258444],[-105.016593525398,39.7425593948333],[-105.0164918286,39.7428678188454],[-105.016439260919,39.7430134446613],[-105.016412176874,39.7430733859249],[-105.016337402691,39.7432161754775],[-105.01626133778,39.7433899314107],[-105.01607003536,39.7438269255184],[-105.015950316337,39.7440409067764],[-105.015844939222,39.7442377884495],[-105.01584020166,39.7442506170977],[-105.015799640175,39.7443604524927],[-105.015750508517,39.7445232499202],[-105.015730831422,39.7446690109314],[-105.015699507994,39.7449564479711],[-105.015678449584,39.7453022637072],[-105.01563021567,39.7458497433713],[-105.015621630878,39.7460628091194],[-105.015619656543,39.7463486510157],[-105.015618322142,39.7465418427271],[-105.015609275622,39.7466931377127],[-105.01559307411,39.7469792641571],[-105.015575975995,39.747266416102],[-105.015556348439,39.7475457748434],[-105.015543437106,39.7477295439412],[-105.015475253807,39.748461559896],[-105.015443920525,39.7487500258588],[-105.015374265886,39.7491800575354],[-105.015309203653,39.7494601485565],[-105.015267475215,39.7495800814351],[-105.015192523653,39.7497472331546],[-105.015158304141,39.7498098899469],[-105.015139405449,39.7498427549777],[-105.015083828962,39.7499080689524],[-105.014956766074,39.7500249048757],[-105.014781535667,39.7501641905375],[-105.0146849977,39.7502382574658],[-105.014602805071,39.7502952257143],[-105.014398479619,39.750398702518],[-105.013588126917,39.7508356257145],[-105.013498897745,39.7508812402045],[-105.013439161392,39.7509050140049],[-105.013375834737,39.7509335774709],[-105.013301860779,39.7509590083038],[-105.013111945329,39.7510354327369],[-105.012963839395,39.7511089417709],[-105.012773584864,39.7512340929472],[-105.012527907027,39.7514019083931],[-105.012233681471,39.75164638935],[-105.012054584169,39.7518288925269],[-105.011677977687,39.7521560743411],[-105.011607139714,39.7522415694902],[-105.011536270753,39.7523315257303],[-105.011487839745,39.7523913770882],[-105.011394754656,39.7524795247025],[-105.011319590057,39.7525478442555],[-105.011185462809,39.7526560678545],[-105.010824193286,39.7529503675592],[-105.010652601989,39.7530755924249],[-105.010523000288,39.7531721670061],[-105.010269197484,39.753355729081],[-105.010169156739,39.7534208556563],[-105.010020131725,39.7534974454953],[-105.009920148171,39.7535543363194],[-105.009763609015,39.7536882016494],[-105.009489391761,39.7539270019333],[-105.009397712131,39.7540068419368],[-105.009356491976,39.7540523095932],[-105.009330425744,39.75409235043],[-105.009271142033,39.7541778920991],[-105.009154611656,39.7543119234054],[-105.009069623876,39.7543856907066],[-105.009006163067,39.754432781586],[-105.00871932583,39.7546343899222],[-105.008629930017,39.7547026479187],[-105.008578157208,39.7547312570203],[-105.008540752827,39.7547396797375],[-105.008436662233,39.7547478239482],[-105.008344130202,39.7547560163507],[-105.008270251521,39.7547670320051],[-105.008217839532,39.7547827026077],[-105.008186492835,39.7547920755573],[-105.008186106127,39.7547826706342],[-105.008183453776,39.7547182840734],[-105.008173282485,39.7546472083261],[-105.00816687681,39.7545462936317],[-105.008132213308,39.7544174653075],[-105.008107938329,39.7543288294836],[-105.008038885271,39.7541590215393],[-105.007983111595,39.7539975049822],[-105.007948504344,39.7538607844089],[-105.007917617718,39.7537007442385],[-105.007889721569,39.7536213586033],[-105.007859023198,39.7535611781383],[-105.00782738037,39.7535088858656],[-105.007770916373,39.7534458520331],[-105.00760918328,39.7533058541987],[-105.007566716972,39.7532754788605],[-105.007510137909,39.7532289159205],[-105.007387192156,39.7531367788637],[-105.007257256759,39.7530271108291],[-105.00711580416,39.7529115610543],[-105.006968164205,39.7527908382225],[-105.006763833238,39.7526396793504],[-105.006577179494,39.7525036933388],[-105.006503787991,39.7524457357131],[-105.006445657635,39.7524017253913],[-105.006355203257,39.7523332432507],[-105.00617923024,39.7521959289875],[-105.005928997277,39.751997906661],[-105.005799037309,39.7518923554427],[-105.005707961426,39.7518205964698],[-105.005587714863,39.7517246935816],[-105.005411744879,39.7515873777383],[-105.005056184836,39.7513219960703],[-105.004897863157,39.7512039703631],[-105.004774064579,39.751107708646],[-105.004608691788,39.7509810742064],[-105.00444335597,39.7508492922143],[-105.003950667914,39.7504879318599],[-105.003784367716,39.7503671258279],[-105.003608520744,39.7502133363812],[-105.003404437814,39.7500292296576],[-105.003274449359,39.7499288222399],[-105.003214299595,39.749884987681],[-105.003055928589,39.7497748520151],[-105.002940133977,39.7496789652679],[-105.00278537872,39.7495606087553],[-105.002654415016,39.749472550246],[-105.002517227476,39.7493844656795],[-105.002291636542,39.7492249731569],[-105.002193509207,39.7491456318981],[-105.00203431083,39.7490272557709],[-105.001932571188,39.7489557918217],[-105.001795444337,39.7488594707009],[-105.001714095736,39.7487963284693],[-105.001524227187,39.7486150236807],[-105.001467773055,39.7485519869119],[-105.001405270999,39.7484642169538],[-105.00130691799,39.748291878839],[-105.001205570939,39.7481655104693],[-105.00113881723,39.7480506129692],[-105.001040845753,39.7478247433813],[-105.001017173178,39.7477779737756],[-105.000953800428,39.7476877977812],[-105.000918687444,39.7476245080924],[-105.000866310061,39.747526642079],[-105.000866042319,39.747526141789],[-105.00080748647,39.7473838263406],[-105.000769049693,39.7472879224766],[-105.000737597947,39.7472098924292],[-105.000709517577,39.7471579565743],[-105.000667331313,39.7470891459854],[-105.000626051335,39.74701793715],[-105.000594356277,39.7469742219263],[-105.000548513712,39.7469194652499],[-105.000471661034,39.7467249120861],[-105.000448240984,39.7466427982336],[-105.000423912146,39.7465634255156],[-105.000413808507,39.7464841133296],[-105.000414177635,39.7464322982075],[-105.000414478318,39.7463900908956],[-105.000442681238,39.7459255757893],[-105.000436446373,39.7458023557361],[-105.000421583231,39.7455198840416]]]},"properties":{"OBJECTID":55,"NBHD_ID":2,"NBHD_NAME":"Auraria","TYPOLOGY":null,"NOTES":null,"GLOBALID":"e03bad7f-f2b5-49c1-aa53-b0d27a306a44"}},{"type":"Feature","id":56,"geometry":{"type":"Polygon","coordinates":[[[-104.940696653426,39.6954045047206],[-104.940695895778,39.6947624271797],[-104.940632850525,39.694762471493],[-104.940632920786,39.6947564275324],[-104.940629953095,39.6929418291689],[-104.940647994091,39.6911297804946],[-104.940628959292,39.6893214025379],[-104.94065139814,39.6874931697676],[-104.940692957716,39.6856869549725],[-104.940708408604,39.6848925618427],[-104.940688958264,39.6844420394712],[-104.940688110818,39.6834338144661],[-104.940687394974,39.683128279689],[-104.940686780163,39.6830432110722],[-104.940687294851,39.6829623157238],[-104.940985474307,39.6830476784628],[-104.941246713746,39.6831224651759],[-104.941939084531,39.6832922077145],[-104.94306037088,39.6835738851246],[-104.943765815453,39.6837389623171],[-104.944899840483,39.6840312633774],[-104.946176917607,39.6843038922491],[-104.946870290103,39.684424202983],[-104.947858112789,39.6845588980257],[-104.948619148779,39.6846372491074],[-104.949599123284,39.6847003641811],[-104.950078693083,39.684718865076],[-104.950328388412,39.6847228494494],[-104.950602946306,39.6847272299181],[-104.95123154872,39.6847372565504],[-104.953747934044,39.6847392209004],[-104.955493954147,39.6847298608999],[-104.95856369428,39.6847261782749],[-104.959447130438,39.684728733927],[-104.959447441017,39.6848656318114],[-104.959446801725,39.6850220745941],[-104.959446304838,39.6851436966793],[-104.959444208413,39.6863686739021],[-104.959394675788,39.6875066709161],[-104.959352683553,39.6893052049589],[-104.959344193039,39.6911481523059],[-104.959343141282,39.6929629305505],[-104.959337181333,39.6947744702023],[-104.959321475005,39.696582531861],[-104.958103414793,39.6965834462993],[-104.956963531004,39.6965847074899],[-104.955822811151,39.6965794344031],[-104.954669616717,39.6965788965546],[-104.953516392645,39.6965821224166],[-104.952355164648,39.6965863287923],[-104.951193147667,39.6965778232237],[-104.950018617407,39.6965788562069],[-104.948844138382,39.6965733575336],[-104.947686512948,39.6965713580611],[-104.946528862705,39.6965724352672],[-104.945371212686,39.6965735012793],[-104.944188711419,39.6965713496479],[-104.943026619165,39.6965723717848],[-104.941881458359,39.6965669424263],[-104.941316393863,39.6965687206966],[-104.94069803089,39.6965695558555],[-104.940696653426,39.6954045047206]]]},"properties":{"OBJECTID":56,"NBHD_ID":21,"NBHD_NAME":"Cory - Merrill","TYPOLOGY":null,"NOTES":null,"GLOBALID":"38444651-81f0-4505-802a-34acf14fa6d2"}},{"type":"Feature","id":57,"geometry":{"type":"Polygon","coordinates":[[[-104.940704692328,39.7115637933913],[-104.940686363142,39.7110760707139],[-104.94069094063,39.703813379736],[-104.940696788438,39.6977287605985],[-104.940027752574,39.6977320969315],[-104.940026197307,39.6979270070673],[-104.938562856513,39.6979327269984],[-104.938564151563,39.696660278125],[-104.939553005414,39.696658474587],[-104.93955372066,39.6965689122814],[-104.940611841059,39.696571204845],[-104.94069803089,39.6965695558555],[-104.941316393863,39.6965687206966],[-104.941881458359,39.6965669424263],[-104.943026619165,39.6965723717848],[-104.944188711419,39.6965713496479],[-104.945371212686,39.6965735012793],[-104.946528862705,39.6965724352672],[-104.947686512948,39.6965713580611],[-104.948844138382,39.6965733575336],[-104.950018617407,39.6965788562069],[-104.951193147667,39.6965778232237],[-104.952355164648,39.6965863287923],[-104.953516392645,39.6965821224166],[-104.954669616717,39.6965788965546],[-104.955822811151,39.6965794344031],[-104.956963531004,39.6965847074899],[-104.958103414793,39.6965834462993],[-104.959321475005,39.696582531861],[-104.959328816888,39.6983972185376],[-104.959328067571,39.7002242208383],[-104.959333683836,39.7020323770836],[-104.959359555683,39.7038639604058],[-104.959328782475,39.7056667996573],[-104.959323140734,39.7073215067981],[-104.959328059781,39.7074903656416],[-104.959327434822,39.7093012337026],[-104.959308641053,39.7109328862474],[-104.959261006209,39.7111179752914],[-104.959314248854,39.7111876199906],[-104.959314842285,39.7117262100668],[-104.959307664419,39.7129706198084],[-104.959301765566,39.71399333787],[-104.959300725499,39.7141736022136],[-104.959302567156,39.7145133061004],[-104.959306901283,39.7153129482674],[-104.959308766433,39.7156570653317],[-104.958971589301,39.7156920278838],[-104.958903987108,39.7156999524005],[-104.95880791721,39.7157118651714],[-104.958655767137,39.7157358723622],[-104.958478755579,39.7157570202713],[-104.958351553449,39.71577256287],[-104.958114155785,39.7157879418821],[-104.95790156552,39.7158130422244],[-104.957798396822,39.7158235480848],[-104.957660531111,39.7158390409351],[-104.95755112014,39.7158522630373],[-104.95740882945,39.7158653333293],[-104.957210616624,39.7158699097528],[-104.957072875238,39.715869274086],[-104.956793826522,39.7158693581699],[-104.956687166548,39.7158716108165],[-104.956613429616,39.715868524979],[-104.956482078567,39.7158459559282],[-104.956365810874,39.7158265445569],[-104.956284140171,39.7158151857782],[-104.9561003586,39.7157923740929],[-104.955991160595,39.7157781427884],[-104.955905956501,39.7157640217146],[-104.955807451672,39.7157460648198],[-104.955725780307,39.7157347057997],[-104.955598703011,39.7157341177475],[-104.955495619113,39.7157336406241],[-104.9554387882,39.7157278869151],[-104.955343829825,39.7157109756893],[-104.955265777837,39.7156913972395],[-104.955089167814,39.7156607240408],[-104.954951639606,39.7156326337298],[-104.954792763306,39.7156071900035],[-104.954721767052,39.7155945067409],[-104.954630404027,39.7155724643042],[-104.95450635559,39.7155252187371],[-104.954365356276,39.7154864741129],[-104.954245580684,39.7154612105565],[-104.954107036931,39.7154495869826],[-104.95403332114,39.7154437541824],[-104.953944560651,39.7154299585567],[-104.953846005779,39.7154185199004],[-104.953778575613,39.7154044802542],[-104.95369703349,39.7153766484302],[-104.953630585294,39.7153506026592],[-104.953503089995,39.7152896138659],[-104.953351684906,39.7152178758905],[-104.953196811005,39.71513514018],[-104.953063157619,39.7150662293836],[-104.952903777306,39.7149917084487],[-104.952812587245,39.7149477029185],[-104.952702927629,39.7148789032663],[-104.952657853198,39.7148471225701],[-104.952594125306,39.7148142255603],[-104.952502070629,39.7147671271394],[-104.952421415694,39.71473964213],[-104.952220187594,39.714675563071],[-104.952117359843,39.7146424837104],[-104.952033131961,39.7146173838509],[-104.951933794465,39.7145925565109],[-104.951860102241,39.714583977261],[-104.951732373966,39.7145531833843],[-104.951683606254,39.7145392297121],[-104.951609258324,39.7145007922248],[-104.951534977537,39.7144537760991],[-104.951500554108,39.7144237599618],[-104.951429903071,39.7143671519977],[-104.951296722849,39.7142381881339],[-104.951194347051,39.7141474587396],[-104.951117678105,39.7140650851352],[-104.951015428791,39.7139582277472],[-104.950928053443,39.7138812947272],[-104.950878845741,39.7138100302575],[-104.950776428195,39.7137247907691],[-104.950717274389,39.7136754426757],[-104.950660702946,39.7136367439979],[-104.95063237484,39.7136228853361],[-104.950509282894,39.7135677476139],[-104.950452668647,39.7135345393188],[-104.950403161391,39.7135017077342],[-104.950326248658,39.7134505601067],[-104.950205801816,39.7133981798647],[-104.950121702582,39.7133569499887],[-104.950061663635,39.7133072540867],[-104.950030143714,39.7132470532572],[-104.950034190814,39.7131842735256],[-104.95002012284,39.7131649904989],[-104.950014262622,39.7131640091391],[-104.949952674342,39.7131536941929],[-104.949896796197,39.7131400492452],[-104.949787207171,39.7130630116563],[-104.949646646153,39.7129693565918],[-104.949590075865,39.7129306579915],[-104.949467072633,39.7128645384478],[-104.949385661742,39.7128205755727],[-104.949315870303,39.7127680881793],[-104.949252339806,39.7127104825014],[-104.949203027651,39.7126529436186],[-104.949147818192,39.7125541971402],[-104.949130452419,39.7125022984648],[-104.94909559536,39.7124146283945],[-104.949064055047,39.7123571726802],[-104.949039518942,39.7123131329527],[-104.948997272587,39.712261117507],[-104.948903091834,39.7121460598995],[-104.948853653154,39.7121046486961],[-104.948800614092,39.7120690544184],[-104.948723694091,39.7120192784925],[-104.948642305699,39.7119725699442],[-104.948599933614,39.7119366824434],[-104.948551618486,39.7118654211172],[-104.948509480909,39.7117996796231],[-104.94845650699,39.7117558496063],[-104.948365153699,39.7117334587039],[-104.948255096325,39.7117164706848],[-104.948201953129,39.711694259084],[-104.948117867843,39.7116516555797],[-104.948032883348,39.7116104200152],[-104.947973649559,39.7115717083111],[-104.947892457187,39.7115002921967],[-104.946182772544,39.7114946566121],[-104.945579403187,39.7114931873868],[-104.944974253725,39.711492049245],[-104.944383324024,39.7114906319798],[-104.943768402942,39.7114890982446],[-104.943164098549,39.7114934456787],[-104.942559793305,39.7114977895527],[-104.942185108085,39.7114695815],[-104.941349415171,39.7114431703319],[-104.940908704355,39.7114635213741],[-104.940704692328,39.7115637933913]]]},"properties":{"OBJECTID":57,"NBHD_ID":7,"NBHD_NAME":"Belcaro","TYPOLOGY":null,"NOTES":null,"GLOBALID":"cf4c6a60-8241-4cd6-a855-6522282238c3"}},{"type":"Feature","id":58,"geometry":{"type":"Polygon","coordinates":[[[-104.959308766433,39.7156570653317],[-104.959306901283,39.7153129482674],[-104.959302567156,39.7145133061004],[-104.959300725499,39.7141736022136],[-104.959301765566,39.71399333787],[-104.959307664419,39.7129706198084],[-104.959314842285,39.7117262100668],[-104.959314248854,39.7111876199906],[-104.959261006209,39.7111179752914],[-104.959308641053,39.7109328862474],[-104.959327434822,39.7093012337026],[-104.959328059781,39.7074903656416],[-104.959323140734,39.7073215067981],[-104.959328782475,39.7056667996573],[-104.959359555683,39.7038639604058],[-104.959333683836,39.7020323770836],[-104.959328067571,39.7002242208383],[-104.959328816888,39.6983972185376],[-104.959321475005,39.696582531861],[-104.959337181333,39.6947744702023],[-104.959343141282,39.6929629305505],[-104.959344193039,39.6911481523059],[-104.959352683553,39.6893052049589],[-104.959394675788,39.6875066709161],[-104.959444208413,39.6863686739021],[-104.959446304838,39.6851436966793],[-104.959446801725,39.6850220745941],[-104.959447441017,39.6848656318114],[-104.959447130438,39.684728733927],[-104.960048385118,39.6847304693683],[-104.961170170695,39.6847319701654],[-104.961744320763,39.6847679800115],[-104.962156822658,39.6848094285916],[-104.96261822608,39.6848765687957],[-104.963168226652,39.6849982567412],[-104.963701519728,39.6851465716764],[-104.964237657169,39.6853418758346],[-104.964645964321,39.6855143427373],[-104.965299643467,39.6858239153804],[-104.968191387925,39.6872538090281],[-104.968607838646,39.687458900541],[-104.968842021691,39.6875742283513],[-104.969913350297,39.6881018146877],[-104.973282403106,39.689754416259],[-104.973424217202,39.6898239730851],[-104.973417745598,39.6900020428467],[-104.973426401899,39.6904720044737],[-104.97342685219,39.6907469386071],[-104.973426292153,39.6911335639374],[-104.973413938236,39.6929715983997],[-104.973412615744,39.6947470604149],[-104.973388017133,39.6966044981944],[-104.973381101023,39.6983549467132],[-104.973400960816,39.6984315614017],[-104.973389440163,39.7002036075979],[-104.973383525457,39.7020573507087],[-104.973378867255,39.7038620258944],[-104.973373268797,39.7056735590254],[-104.973373845925,39.7074909520046],[-104.973376292905,39.7092959988354],[-104.97339289853,39.7111090002799],[-104.973394067722,39.7115451648229],[-104.9733971053,39.7129164545034],[-104.973392387749,39.7147290149441],[-104.973145332862,39.7147296254585],[-104.973145981275,39.7165367174964],[-104.973150950422,39.7180051281699],[-104.973232162978,39.7181966328986],[-104.973247941422,39.7184035580954],[-104.97313747985,39.7183787706087],[-104.973021268118,39.7183507969778],[-104.972953943696,39.7183356823421],[-104.972873101852,39.718317532809],[-104.972763111261,39.7182895869993],[-104.972703672236,39.7182755942623],[-104.972106634419,39.7181335928681],[-104.971852003081,39.71807651455],[-104.971773902256,39.7180624375525],[-104.971682533313,39.7180400648111],[-104.971551274094,39.718004129615],[-104.971413673173,39.7179842944019],[-104.971325858582,39.717961937353],[-104.971208881093,39.7179178303044],[-104.971110423911,39.7178926798677],[-104.970982740935,39.7178540148774],[-104.97089516493,39.7178000878812],[-104.970795961531,39.7177560601606],[-104.970750783803,39.7177366395161],[-104.970683368477,39.7177198646306],[-104.970587533462,39.7177005593],[-104.970485625505,39.7176616664324],[-104.97033405266,39.7176091667175],[-104.970245454322,39.7175730791533],[-104.970136476154,39.7175290064479],[-104.970090472102,39.7175013465721],[-104.9700197799,39.7174478378968],[-104.969939280691,39.7173984030403],[-104.96986500556,39.7173486530481],[-104.969790769432,39.7172937560435],[-104.969721038946,39.7172306428433],[-104.96962934082,39.7171344874334],[-104.969538510583,39.7170410810463],[-104.969429140366,39.71693146258],[-104.969355938758,39.716857352604],[-104.969278335921,39.7167777318],[-104.969214806104,39.7167173922977],[-104.969145058014,39.7166566807148],[-104.969077881198,39.7166086781876],[-104.968990191143,39.7165701913481],[-104.968905294858,39.7165149023102],[-104.968841724361,39.7164600526356],[-104.96879319823,39.7164135065722],[-104.968733327934,39.7163394565916],[-104.968714241258,39.7163189960179],[-104.968620491338,39.7162184970028],[-104.968490882495,39.7160827054935],[-104.968459242041,39.7160362359809],[-104.968400221796,39.715967337153],[-104.968343885851,39.7158960477161],[-104.96826981864,39.7158191876266],[-104.968196682102,39.7157368412716],[-104.968119018795,39.7156654559496],[-104.968037801635,39.7155940540505],[-104.967971649503,39.7155282107053],[-104.96790096064,39.7154747013198],[-104.967756982954,39.7153590904561],[-104.967567084912,39.7152051808703],[-104.967398035371,39.7151145068846],[-104.967291897978,39.7150481393612],[-104.967161949928,39.7149576422507],[-104.96701423233,39.7148667215998],[-104.966883211155,39.7148005840751],[-104.9667885019,39.7147507394084],[-104.966675253856,39.7146846820108],[-104.966548854124,39.7145952300328],[-104.96645073391,39.7145264955787],[-104.966365860695,39.7144688024422],[-104.966309319133,39.7144249643832],[-104.966242984891,39.71438348412],[-104.966150940157,39.7143339940478],[-104.96605619027,39.7142896390707],[-104.965960486066,39.7142538589307],[-104.965875323546,39.7142342552341],[-104.965833578832,39.7142313202332],[-104.965762550616,39.7142227619961],[-104.965684392843,39.7142169165195],[-104.965649756816,39.7142140137436],[-104.965596459594,39.7142110264292],[-104.965543204463,39.7142025483523],[-104.965507708587,39.7141958671502],[-104.965451850376,39.7141791415374],[-104.965380926851,39.714156856949],[-104.965313536653,39.7141373334168],[-104.965250485922,39.7141315563203],[-104.96517579879,39.7141367072386],[-104.965108137111,39.7141528713639],[-104.965002201163,39.7141770972944],[-104.964906042536,39.7142010242266],[-104.964839269349,39.7142171922392],[-104.964743087566,39.7142442077535],[-104.964661973182,39.7142764388103],[-104.964601378221,39.7142981256849],[-104.964515775838,39.7143361700716],[-104.964384614481,39.7144052347737],[-104.964281962761,39.7144648206379],[-104.964192661128,39.714521722035],[-104.964121255661,39.714562576391],[-104.964068576877,39.7145949366282],[-104.964043590188,39.7146085491271],[-104.963979524223,39.7146192385598],[-104.963936806772,39.714627279961],[-104.963891423254,39.7146353088445],[-104.963827233989,39.7146621262358],[-104.963777259942,39.7146893509219],[-104.963709453403,39.7147243876758],[-104.963585722212,39.7147512766383],[-104.963465545939,39.7147781814348],[-104.963376442718,39.714809002596],[-104.963319317397,39.7148416859441],[-104.963198639403,39.7149341318285],[-104.963119916228,39.7150020621886],[-104.963060085169,39.715039879755],[-104.963024350305,39.7150644243296],[-104.962956666481,39.7150833325564],[-104.962864991341,39.7151017880146],[-104.96276527384,39.7151260401268],[-104.962634390247,39.7151583856491],[-104.96247156048,39.7151847516412],[-104.962290828635,39.7152278503364],[-104.962144777237,39.715268019116],[-104.962081525086,39.715288319321],[-104.962006668342,39.7153154302663],[-104.961900648306,39.715350290996],[-104.961751060079,39.7153880404473],[-104.961588082173,39.7154336215599],[-104.961457239672,39.7154604755356],[-104.961361141821,39.7154761643366],[-104.961255329064,39.7154839154783],[-104.961159323118,39.7154875937917],[-104.961049955858,39.7154953286168],[-104.960940567158,39.7155058082798],[-104.960848041857,39.7155191110256],[-104.960742229237,39.7155268618575],[-104.960617754922,39.7155345270745],[-104.960472801668,39.71554724573],[-104.960334933866,39.7155630848814],[-104.960206883531,39.7155734784461],[-104.960143684063,39.7155869151579],[-104.960093824116,39.7155990400923],[-104.960051063176,39.7156125701608],[-104.959990553057,39.7156229303654],[-104.959927395574,39.7156308765264],[-104.959831357656,39.7156386712169],[-104.959743381098,39.7156382671887],[-104.959690167353,39.7156242962314],[-104.959579932162,39.715629280717],[-104.959488316486,39.7156398408835],[-104.959399387836,39.7156476680892],[-104.959330342211,39.7156548278888],[-104.959308766433,39.7156570653317]]]},"properties":{"OBJECTID":58,"NBHD_ID":70,"NBHD_NAME":"Washington Park","TYPOLOGY":null,"NOTES":null,"GLOBALID":"0d0dc7d8-0fea-4fce-9442-6672759e977d"}},{"type":"Feature","id":59,"geometry":{"type":"Polygon","coordinates":[[[-104.973424217202,39.6898239730851],[-104.973560070844,39.6898906112431],[-104.973605648544,39.689912966484],[-104.974740664419,39.6904826362084],[-104.975176304595,39.6907242699102],[-104.975787636898,39.691120086432],[-104.976160986262,39.6913949951416],[-104.976797709079,39.6919295250271],[-104.978139475282,39.6931401117973],[-104.979098519324,39.6940053582571],[-104.979107541344,39.6940134978314],[-104.979414176061,39.6942845191396],[-104.979884312559,39.6947000472745],[-104.980272819239,39.6950277408959],[-104.981050153057,39.6956411801129],[-104.981170409621,39.695742379916],[-104.982027445619,39.696489191259],[-104.982218069053,39.6966577485325],[-104.982769559986,39.6966595761057],[-104.983942651417,39.6966204137444],[-104.985070486918,39.6966253482029],[-104.986219401112,39.6966282116502],[-104.987430740281,39.6966343058692],[-104.987475490398,39.7002129076095],[-104.987477147944,39.7003454600562],[-104.987469590148,39.7010152820029],[-104.987475311938,39.701185627888],[-104.987494895213,39.7012672235],[-104.987528987081,39.7014092719538],[-104.987540358745,39.7015305112844],[-104.987546274413,39.701727470265],[-104.98755751849,39.7019205540474],[-104.987561937499,39.7019964455056],[-104.987528056323,39.7021342479868],[-104.987487911308,39.702642984607],[-104.987488044435,39.7033547053726],[-104.987488644723,39.7038807766559],[-104.987557771209,39.705730382186],[-104.987622781722,39.70753570066],[-104.987601803919,39.7084614614041],[-104.987598080243,39.7093365090183],[-104.987581714757,39.7102389544269],[-104.987575003439,39.7111579131304],[-104.986963623135,39.711158679808],[-104.986369126332,39.7111595166338],[-104.98577909749,39.7111569386408],[-104.985194400941,39.711154381026],[-104.984612382315,39.7111501166903],[-104.98401436903,39.7111457790595],[-104.983432337853,39.7111432243774],[-104.982781885362,39.7111403659689],[-104.982135925431,39.7111306602942],[-104.982127928229,39.7111306250842],[-104.982104824749,39.7111305233615],[-104.981531723172,39.7111221649327],[-104.980969236369,39.7111203705189],[-104.980382755067,39.7111188105981],[-104.979798078866,39.7111134810071],[-104.979225843619,39.7111082035923],[-104.978662485998,39.7111039920309],[-104.978082245541,39.71109970301],[-104.977497518306,39.7111012250558],[-104.976907460167,39.7111027204874],[-104.976320958551,39.7111038852119],[-104.975736231763,39.7111053985044],[-104.975153284411,39.7111065736502],[-104.974560562499,39.7111077018915],[-104.973966954495,39.7111084803546],[-104.97339289853,39.7111090002799],[-104.973376292905,39.7092959988354],[-104.973373845925,39.7074909520046],[-104.973373268797,39.7056735590254],[-104.973378867255,39.7038620258944],[-104.973383525457,39.7020573507087],[-104.973389440163,39.7002036075979],[-104.973400960816,39.6984315614017],[-104.973381101023,39.6983549467132],[-104.973388017133,39.6966044981944],[-104.973412615744,39.6947470604149],[-104.973413938236,39.6929715983997],[-104.973426292153,39.6911335639374],[-104.97342685219,39.6907469386071],[-104.973426401899,39.6904720044737],[-104.973417745598,39.6900020428467],[-104.973424217202,39.6898239730851]]]},"properties":{"OBJECTID":59,"NBHD_ID":71,"NBHD_NAME":"Washington Park West","TYPOLOGY":null,"NOTES":null,"GLOBALID":"387db3a4-d0f7-4036-9f8d-e4520c211372"}},{"type":"Feature","id":60,"geometry":{"type":"Polygon","coordinates":[[[-104.973247941422,39.7184035580954],[-104.973232162978,39.7181966328986],[-104.973150950422,39.7180051281699],[-104.973145981275,39.7165367174964],[-104.973145332862,39.7147296254585],[-104.973392387749,39.7147290149441],[-104.9733971053,39.7129164545034],[-104.973394067722,39.7115451648229],[-104.97339289853,39.7111090002799],[-104.973966954495,39.7111084803546],[-104.974560562499,39.7111077018915],[-104.975153284411,39.7111065736502],[-104.975736231763,39.7111053985044],[-104.976320958551,39.7111038852119],[-104.976907460167,39.7111027204874],[-104.977497518306,39.7111012250558],[-104.978082245541,39.71109970301],[-104.978662485998,39.7111039920309],[-104.979225843619,39.7111082035923],[-104.979798078866,39.7111134810071],[-104.980382755067,39.7111188105981],[-104.980969236369,39.7111203705189],[-104.981531723172,39.7111221649327],[-104.982104824749,39.7111305233615],[-104.982127928229,39.7111306250842],[-104.982135925431,39.7111306602942],[-104.982781885362,39.7111403659689],[-104.983432337853,39.7111432243774],[-104.98401436903,39.7111457790595],[-104.984612382315,39.7111501166903],[-104.985194400941,39.711154381026],[-104.98577909749,39.7111569386408],[-104.986369126332,39.7111595166338],[-104.986963623135,39.711158679808],[-104.987575003439,39.7111579131304],[-104.98754937295,39.7121121348137],[-104.987542954271,39.7129909444187],[-104.987536334919,39.7138972057775],[-104.987525442193,39.7147801133799],[-104.987510917471,39.7156736422316],[-104.987505806382,39.7161300252419],[-104.987501661586,39.7165757737825],[-104.987505845643,39.7174628636658],[-104.987497523512,39.7183588213823],[-104.987498139397,39.7193694329567],[-104.987450197413,39.7209439900356],[-104.987485667738,39.7225364104219],[-104.987481971663,39.7241372382555],[-104.987458785904,39.7248776768896],[-104.987435451655,39.7256383616786],[-104.987429989742,39.7266169701484],[-104.9874297021,39.7266685034999],[-104.987423599543,39.7269440636269],[-104.987415487434,39.7272758350611],[-104.986149778615,39.7272778629277],[-104.984892960583,39.7272795737299],[-104.983622785043,39.7272846432054],[-104.982978411352,39.7272807839549],[-104.982364257375,39.727277053988],[-104.981750121145,39.7272709187979],[-104.981138648834,39.7272651349264],[-104.979937807551,39.7272694414939],[-104.979356536619,39.7272661843045],[-104.97877082412,39.7272625612371],[-104.977558464155,39.7272619883462],[-104.976407313643,39.7272774604228],[-104.97525003567,39.7272801970711],[-104.97408209229,39.72728287446],[-104.973506123498,39.7272837301041],[-104.972939045678,39.7272842794308],[-104.972914543489,39.7255769464624],[-104.97291590513,39.7237396702431],[-104.972910661022,39.7219534945905],[-104.972911156622,39.7202315143663],[-104.972930763203,39.7201060047555],[-104.972994900793,39.7199679986188],[-104.97310008251,39.719808213677],[-104.97318386612,39.7196575977414],[-104.973248638877,39.719434832863],[-104.973251678903,39.7193770385578],[-104.973251908898,39.7187625946398],[-104.973270996352,39.7187060579962],[-104.973247941422,39.7184035580954]]]},"properties":{"OBJECTID":60,"NBHD_ID":59,"NBHD_NAME":"Speer","TYPOLOGY":null,"NOTES":null,"GLOBALID":"db326da2-f50a-49b7-9acc-118705ea3716"}},{"type":"Feature","id":61,"geometry":{"type":"Polygon","coordinates":[[[-104.940704692328,39.7115637933913],[-104.940908704355,39.7114635213741],[-104.941349415171,39.7114431703319],[-104.942185108085,39.7114695815],[-104.942559793305,39.7114977895527],[-104.943164098549,39.7114934456787],[-104.943768402942,39.7114890982446],[-104.944383324024,39.7114906319798],[-104.944974253725,39.711492049245],[-104.945579403187,39.7114931873868],[-104.946182772544,39.7114946566121],[-104.947892457187,39.7115002921967],[-104.947973649559,39.7115717083111],[-104.948032883348,39.7116104200152],[-104.948117867843,39.7116516555797],[-104.948201953129,39.711694259084],[-104.948255096325,39.7117164706848],[-104.948365153699,39.7117334587039],[-104.94845650699,39.7117558496063],[-104.948509480909,39.7117996796231],[-104.948551618486,39.7118654211172],[-104.948599933614,39.7119366824434],[-104.948642305699,39.7119725699442],[-104.948723694091,39.7120192784925],[-104.948800614092,39.7120690544184],[-104.948853653154,39.7121046486961],[-104.948903091834,39.7121460598995],[-104.948997272587,39.712261117507],[-104.949039518942,39.7123131329527],[-104.949064055047,39.7123571726802],[-104.94909559536,39.7124146283945],[-104.949130452419,39.7125022984648],[-104.949147818192,39.7125541971402],[-104.949203027651,39.7126529436186],[-104.949252339806,39.7127104825014],[-104.949315870303,39.7127680881793],[-104.949385661742,39.7128205755727],[-104.949467072633,39.7128645384478],[-104.949590075865,39.7129306579915],[-104.949646646153,39.7129693565918],[-104.949787207171,39.7130630116563],[-104.949896796197,39.7131400492452],[-104.949952674342,39.7131536941929],[-104.950014262622,39.7131640091391],[-104.95002012284,39.7131649904989],[-104.950034190814,39.7131842735256],[-104.950030143714,39.7132470532572],[-104.950061663635,39.7133072540867],[-104.950121702582,39.7133569499887],[-104.950205801816,39.7133981798647],[-104.950326248658,39.7134505601067],[-104.950403161391,39.7135017077342],[-104.950452668647,39.7135345393188],[-104.950509282894,39.7135677476139],[-104.95063237484,39.7136228853361],[-104.950660702946,39.7136367439979],[-104.950717274389,39.7136754426757],[-104.950776428195,39.7137247907691],[-104.950878845741,39.7138100302575],[-104.950928053443,39.7138812947272],[-104.951015428791,39.7139582277472],[-104.951117678105,39.7140650851352],[-104.951194347051,39.7141474587396],[-104.951296722849,39.7142381881339],[-104.951429903071,39.7143671519977],[-104.951500554108,39.7144237599618],[-104.951534977537,39.7144537760991],[-104.951609258324,39.7145007922248],[-104.951683606254,39.7145392297121],[-104.951732373966,39.7145531833843],[-104.951860102241,39.714583977261],[-104.951933794465,39.7145925565109],[-104.952033131961,39.7146173838509],[-104.952117359843,39.7146424837104],[-104.952220187594,39.714675563071],[-104.952421415694,39.71473964213],[-104.952502070629,39.7147671271394],[-104.952594125306,39.7148142255603],[-104.952657853198,39.7148471225701],[-104.952702927629,39.7148789032663],[-104.952812587245,39.7149477029185],[-104.952903777306,39.7149917084487],[-104.953063157619,39.7150662293836],[-104.953196811005,39.71513514018],[-104.953351684906,39.7152178758905],[-104.953503089995,39.7152896138659],[-104.953630585294,39.7153506026592],[-104.95369703349,39.7153766484302],[-104.953778575613,39.7154044802542],[-104.953846005779,39.7154185199004],[-104.953944560651,39.7154299585567],[-104.95403332114,39.7154437541824],[-104.954107036931,39.7154495869826],[-104.954245580684,39.7154612105565],[-104.954365356276,39.7154864741129],[-104.95450635559,39.7155252187371],[-104.954630404027,39.7155724643042],[-104.954721767052,39.7155945067409],[-104.954792763306,39.7156071900035],[-104.954951639606,39.7156326337298],[-104.955089167814,39.7156607240408],[-104.955265777837,39.7156913972395],[-104.955343829825,39.7157109756893],[-104.9554387882,39.7157278869151],[-104.955495619113,39.7157336406241],[-104.955598703011,39.7157341177475],[-104.955725780307,39.7157347057997],[-104.955807451672,39.7157460648198],[-104.955905956501,39.7157640217146],[-104.955991160595,39.7157781427884],[-104.9561003586,39.7157923740929],[-104.956284140171,39.7158151857782],[-104.956365810874,39.7158265445569],[-104.956482078567,39.7158459559282],[-104.956613429616,39.715868524979],[-104.956687166548,39.7158716108165],[-104.956793826522,39.7158693581699],[-104.957072875238,39.715869274086],[-104.957210616624,39.7158699097528],[-104.95740882945,39.7158653333293],[-104.95755112014,39.7158522630373],[-104.957660531111,39.7158390409351],[-104.957798396822,39.7158235480848],[-104.95790156552,39.7158130422244],[-104.958114155785,39.7157879418821],[-104.958351553449,39.71577256287],[-104.958478755579,39.7157570202713],[-104.958655767137,39.7157358723622],[-104.95880791721,39.7157118651714],[-104.958903987108,39.7156999524005],[-104.958971589301,39.7156920278838],[-104.959308766433,39.7156570653317],[-104.959311027047,39.7160740867549],[-104.959319960364,39.7181868617443],[-104.959310678599,39.7183449329781],[-104.959304384763,39.7184526408029],[-104.959438741416,39.7194212566789],[-104.959434711972,39.7209822797829],[-104.959443064081,39.7225512520173],[-104.95945490755,39.7241284752404],[-104.959459158331,39.7249610031305],[-104.959785457756,39.7251776640711],[-104.959931394856,39.7252706439513],[-104.960050642242,39.7253669333427],[-104.960112307273,39.725438593894],[-104.960149105281,39.7255077378539],[-104.960170556254,39.7256076973093],[-104.959592797173,39.7256119070453],[-104.959451460697,39.7256140037716],[-104.958884387233,39.7256155137461],[-104.958228452593,39.7256145540949],[-104.957856926688,39.72561490154],[-104.957649833755,39.7256149764693],[-104.957281866255,39.7256149953739],[-104.957050772976,39.7256153017094],[-104.956705022008,39.7256157646673],[-104.956449051228,39.7256149254483],[-104.956128193713,39.7256144720334],[-104.955838446954,39.7256138185171],[-104.955539817213,39.7256124368708],[-104.955226067388,39.7256123570677],[-104.954961203642,39.72561215999],[-104.954627898502,39.7256123311225],[-104.954386121161,39.7256149847467],[-104.954033262576,39.7256150635604],[-104.953811951439,39.7256147226221],[-104.953418209452,39.7256146097295],[-104.952823616285,39.7256118457927],[-104.952658303547,39.7256110768108],[-104.952213914512,39.7256090085036],[-104.95161307598,39.7256092979784],[-104.951496640838,39.725609441493],[-104.95100157207,39.7256095343647],[-104.950394512798,39.7256097883364],[-104.950334073033,39.7256098493485],[-104.950013210461,39.7256100655403],[-104.949794563206,39.7256100726768],[-104.949507487408,39.725608729752],[-104.949193738386,39.7256086340661],[-104.948954648435,39.7256085438804],[-104.948582237237,39.7256085147114],[-104.948400959004,39.7256035469187],[-104.947380593045,39.7256049351542],[-104.946777979717,39.7256048482195],[-104.946751313778,39.7256050662031],[-104.946170919884,39.7256050807965],[-104.945650063176,39.7256067455431],[-104.945098100197,39.7256082614716],[-104.944553270877,39.7256067198797],[-104.943996887778,39.725605121212],[-104.943455613867,39.7256035913395],[-104.943152535111,39.7256028433096],[-104.942916117435,39.7256020672427],[-104.942541925506,39.7256023541017],[-104.942389047282,39.7256026588441],[-104.941941973482,39.7256029410635],[-104.941848645489,39.7256031832303],[-104.941334932013,39.7256007449146],[-104.940691440635,39.7255997479797],[-104.94068852175,39.7252970658801],[-104.940696119473,39.7243441429091],[-104.940694416978,39.7241118144445],[-104.940702963148,39.7231513460282],[-104.940700736605,39.7225387919086],[-104.940702645734,39.7209616295031],[-104.940707994079,39.7193988954015],[-104.940708512935,39.7183500309336],[-104.940708788236,39.7177937301815],[-104.940707945237,39.717456609552],[-104.940704863636,39.7162242866966],[-104.940697796079,39.7150649294493],[-104.940695236136,39.7146450071117],[-104.940684770232,39.7130595452377],[-104.940704692328,39.7115637933913]]]},"properties":{"OBJECTID":61,"NBHD_ID":13,"NBHD_NAME":"Cherry Creek","TYPOLOGY":null,"NOTES":null,"GLOBALID":"921c4cc0-a027-47d2-b17a-149066a6515e"}},{"type":"Feature","id":62,"geometry":{"type":"Polygon","coordinates":[[[-104.960170556254,39.7256076973093],[-104.960149105281,39.7255077378539],[-104.960112307273,39.725438593894],[-104.960050642242,39.7253669333427],[-104.959931394856,39.7252706439513],[-104.959785457756,39.7251776640711],[-104.959459158331,39.7249610031305],[-104.95945490755,39.7241284752404],[-104.959443064081,39.7225512520173],[-104.959434711972,39.7209822797829],[-104.959438741416,39.7194212566789],[-104.959304384763,39.7184526408029],[-104.959310678599,39.7183449329781],[-104.959319960364,39.7181868617443],[-104.959311027047,39.7160740867549],[-104.959308766433,39.7156570653317],[-104.959330342211,39.7156548278888],[-104.959399387836,39.7156476680892],[-104.959488316486,39.7156398408835],[-104.959579932162,39.715629280717],[-104.959690167353,39.7156242962314],[-104.959743381098,39.7156382671887],[-104.959831357656,39.7156386712169],[-104.959927395574,39.7156308765264],[-104.959990553057,39.7156229303654],[-104.960051063176,39.7156125701608],[-104.960093824116,39.7155990400923],[-104.960143684063,39.7155869151579],[-104.960206883531,39.7155734784461],[-104.960334933866,39.7155630848814],[-104.960472801668,39.71554724573],[-104.960617754922,39.7155345270745],[-104.960742229237,39.7155268618575],[-104.960848041857,39.7155191110256],[-104.960940567158,39.7155058082798],[-104.961049955858,39.7154953286168],[-104.961159323118,39.7154875937917],[-104.961255329064,39.7154839154783],[-104.961361141821,39.7154761643366],[-104.961457239672,39.7154604755356],[-104.961588082173,39.7154336215599],[-104.961751060079,39.7153880404473],[-104.961900648306,39.715350290996],[-104.962006668342,39.7153154302663],[-104.962081525086,39.715288319321],[-104.962144777237,39.715268019116],[-104.962290828635,39.7152278503364],[-104.96247156048,39.7151847516412],[-104.962634390247,39.7151583856491],[-104.96276527384,39.7151260401268],[-104.962864991341,39.7151017880146],[-104.962956666481,39.7150833325564],[-104.963024350305,39.7150644243296],[-104.963060085169,39.715039879755],[-104.963119916228,39.7150020621886],[-104.963198639403,39.7149341318285],[-104.963319317397,39.7148416859441],[-104.963376442718,39.714809002596],[-104.963465545939,39.7147781814348],[-104.963585722212,39.7147512766383],[-104.963709453403,39.7147243876758],[-104.963777259942,39.7146893509219],[-104.963827233989,39.7146621262358],[-104.963891423254,39.7146353088445],[-104.963936806772,39.714627279961],[-104.963979524223,39.7146192385598],[-104.964043590188,39.7146085491271],[-104.964068576877,39.7145949366282],[-104.964121255661,39.714562576391],[-104.964192661128,39.714521722035],[-104.964281962761,39.7144648206379],[-104.964384614481,39.7144052347737],[-104.964515775838,39.7143361700716],[-104.964601378221,39.7142981256849],[-104.964661973182,39.7142764388103],[-104.964743087566,39.7142442077535],[-104.964839269349,39.7142171922392],[-104.964906042536,39.7142010242266],[-104.965002201163,39.7141770972944],[-104.965108137111,39.7141528713639],[-104.96517579879,39.7141367072386],[-104.965250485922,39.7141315563203],[-104.965313536653,39.7141373334168],[-104.965380926851,39.714156856949],[-104.965451850376,39.7141791415374],[-104.965507708587,39.7141958671502],[-104.965543204463,39.7142025483523],[-104.965596459594,39.7142110264292],[-104.965649756816,39.7142140137436],[-104.965684392843,39.7142169165195],[-104.965762550616,39.7142227619961],[-104.965833578832,39.7142313202332],[-104.965875323546,39.7142342552341],[-104.965960486066,39.7142538589307],[-104.96605619027,39.7142896390707],[-104.966150940157,39.7143339940478],[-104.966242984891,39.71438348412],[-104.966309319133,39.7144249643832],[-104.966365860695,39.7144688024422],[-104.96645073391,39.7145264955787],[-104.966548854124,39.7145952300328],[-104.966675253856,39.7146846820108],[-104.9667885019,39.7147507394084],[-104.966883211155,39.7148005840751],[-104.96701423233,39.7148667215998],[-104.967161949928,39.7149576422507],[-104.967291897978,39.7150481393612],[-104.967398035371,39.7151145068846],[-104.967567084912,39.7152051808703],[-104.967756982954,39.7153590904561],[-104.96790096064,39.7154747013198],[-104.967971649503,39.7155282107053],[-104.968037801635,39.7155940540505],[-104.968119018795,39.7156654559496],[-104.968196682102,39.7157368412716],[-104.96826981864,39.7158191876266],[-104.968343885851,39.7158960477161],[-104.968400221796,39.715967337153],[-104.968459242041,39.7160362359809],[-104.968490882495,39.7160827054935],[-104.968620491338,39.7162184970028],[-104.968714241258,39.7163189960179],[-104.968733327934,39.7163394565916],[-104.96879319823,39.7164135065722],[-104.968841724361,39.7164600526356],[-104.968905294858,39.7165149023102],[-104.968990191143,39.7165701913481],[-104.969077881198,39.7166086781876],[-104.969145058014,39.7166566807148],[-104.969214806104,39.7167173922977],[-104.969278335921,39.7167777318],[-104.969355938758,39.716857352604],[-104.969429140366,39.71693146258],[-104.969538510583,39.7170410810463],[-104.96962934082,39.7171344874334],[-104.969721038946,39.7172306428433],[-104.969790769432,39.7172937560435],[-104.96986500556,39.7173486530481],[-104.969939280691,39.7173984030403],[-104.9700197799,39.7174478378968],[-104.970090472102,39.7175013465721],[-104.970136476154,39.7175290064479],[-104.970245454322,39.7175730791533],[-104.97033405266,39.7176091667175],[-104.970485625505,39.7176616664324],[-104.970587533462,39.7177005593],[-104.970683368477,39.7177198646306],[-104.970750783803,39.7177366395161],[-104.970795961531,39.7177560601606],[-104.97089516493,39.7178000878812],[-104.970982740935,39.7178540148774],[-104.971110423911,39.7178926798677],[-104.971208881093,39.7179178303044],[-104.971325858582,39.717961937353],[-104.971413673173,39.7179842944019],[-104.971551274094,39.718004129615],[-104.971682533313,39.7180400648111],[-104.971773902256,39.7180624375525],[-104.971852003081,39.71807651455],[-104.972106634419,39.7181335928681],[-104.972703672236,39.7182755942623],[-104.972763111261,39.7182895869993],[-104.972873101852,39.718317532809],[-104.972953943696,39.7183356823421],[-104.973021268118,39.7183507969778],[-104.97313747985,39.7183787706087],[-104.973247941422,39.7184035580954],[-104.973270996352,39.7187060579962],[-104.973251908898,39.7187625946398],[-104.973251678903,39.7193770385578],[-104.973248638877,39.719434832863],[-104.97318386612,39.7196575977414],[-104.97310008251,39.719808213677],[-104.972994900793,39.7199679986188],[-104.972930763203,39.7201060047555],[-104.972911156622,39.7202315143663],[-104.972910661022,39.7219534945905],[-104.97291590513,39.7237396702431],[-104.972914543489,39.7255769464624],[-104.972939045678,39.7272842794308],[-104.97293533762,39.7290789906636],[-104.971778929194,39.7290803243839],[-104.97062157753,39.729088849533],[-104.969461641967,39.7290863699508],[-104.968887444042,39.7290861813513],[-104.968307021108,39.7290863049961],[-104.967730153907,39.7290864420646],[-104.967141732247,39.7290865237739],[-104.966563949884,39.7290900824593],[-104.965881278869,39.7290941916697],[-104.96482263252,39.7290969304797],[-104.964241292374,39.7291008047545],[-104.963664393823,39.7291050395828],[-104.963088409756,39.7291058437736],[-104.962506201409,39.7291069605403],[-104.961931992806,39.7291081107608],[-104.96135067323,39.7291092254225],[-104.960770250616,39.7291093114873],[-104.960192494408,39.7291094077256],[-104.960181384352,39.7273190884152],[-104.960162901836,39.7271155091767],[-104.960170556254,39.7256076973093]]]},"properties":{"OBJECTID":62,"NBHD_ID":22,"NBHD_NAME":"Country Club","TYPOLOGY":null,"NOTES":null,"GLOBALID":"193bfe3a-f90f-4dde-81e8-ccb2cf788024"}},{"type":"Feature","id":63,"geometry":{"type":"Polygon","coordinates":[[[-104.940663578845,39.740129369815],[-104.940664110581,39.7382793981149],[-104.940670412945,39.736708785658],[-104.940661976562,39.7350914324488],[-104.940667839131,39.7346906494153],[-104.940673557171,39.7336392335224],[-104.940678100438,39.7328465550628],[-104.940682501322,39.7320717193623],[-104.940688152997,39.7310285384313],[-104.940688969685,39.7304801718998],[-104.940692735206,39.7292276526697],[-104.940699160762,39.7273070116872],[-104.940700783792,39.7268804701477],[-104.940691440635,39.7255997479797],[-104.941334932013,39.7256007449146],[-104.941848645489,39.7256031832303],[-104.941941973482,39.7256029410635],[-104.942389047282,39.7256026588441],[-104.942541925506,39.7256023541017],[-104.942916117435,39.7256020672427],[-104.943152535111,39.7256028433096],[-104.943455613867,39.7256035913395],[-104.943996887778,39.725605121212],[-104.944553270877,39.7256067198797],[-104.945098100197,39.7256082614716],[-104.945650063176,39.7256067455431],[-104.946170919884,39.7256050807965],[-104.946751313778,39.7256050662031],[-104.946777979717,39.7256048482195],[-104.947380593045,39.7256049351542],[-104.948400959004,39.7256035469187],[-104.948582237237,39.7256085147114],[-104.948954648435,39.7256085438804],[-104.949193738386,39.7256086340661],[-104.949507487408,39.725608729752],[-104.949794563206,39.7256100726768],[-104.950013210461,39.7256100655403],[-104.950334073033,39.7256098493485],[-104.950394512798,39.7256097883364],[-104.95100157207,39.7256095343647],[-104.951496640838,39.725609441493],[-104.95161307598,39.7256092979784],[-104.952213914512,39.7256090085036],[-104.952658303547,39.7256110768108],[-104.952823616285,39.7256118457927],[-104.953418209452,39.7256146097295],[-104.953811951439,39.7256147226221],[-104.954033262576,39.7256150635604],[-104.954386121161,39.7256149847467],[-104.954627898502,39.7256123311225],[-104.954961203642,39.72561215999],[-104.955226067388,39.7256123570677],[-104.955539817213,39.7256124368708],[-104.955838446954,39.7256138185171],[-104.956128193713,39.7256144720334],[-104.956449051228,39.7256149254483],[-104.956705022008,39.7256157646673],[-104.957050772976,39.7256153017094],[-104.957281866255,39.7256149953739],[-104.957649833755,39.7256149764693],[-104.957856926688,39.72561490154],[-104.958228452593,39.7256145540949],[-104.958884387233,39.7256155137461],[-104.959451460697,39.7256140037716],[-104.959592797173,39.7256119070453],[-104.960170556254,39.7256076973093],[-104.960162901836,39.7271155091767],[-104.960181384352,39.7273190884152],[-104.960192494408,39.7291094077256],[-104.960169400666,39.7304932671426],[-104.960094200284,39.7306782285852],[-104.959897577796,39.7309326374927],[-104.959839550684,39.7310806163669],[-104.959844436703,39.7314848811955],[-104.959833724017,39.7319525590962],[-104.959799177952,39.7322832070734],[-104.959795488302,39.7334547380559],[-104.959793042823,39.7350418407802],[-104.959784746988,39.7368114761445],[-104.959777038522,39.7383892878792],[-104.959780851861,39.7397248806165],[-104.95978160542,39.7399891160668],[-104.95946942526,39.7400079293577],[-104.959282528631,39.7400348665163],[-104.959139242039,39.7400554841746],[-104.958797374744,39.7401194553634],[-104.958443225943,39.7401620936789],[-104.95811047276,39.7401969367934],[-104.957991303629,39.7402025648853],[-104.957892589144,39.7402072576106],[-104.957427730114,39.7401961926314],[-104.956851687036,39.7401928490655],[-104.956270307948,39.7401898207488],[-104.95568270818,39.7401864178587],[-104.955175374918,39.7401833838962],[-104.95474306046,39.7401837833732],[-104.954193678646,39.7401815797618],[-104.954165218617,39.7401831637361],[-104.953598959475,39.7401791627234],[-104.953566956762,39.7401790145192],[-104.95298824718,39.7401756392554],[-104.952399742735,39.7401742748774],[-104.951822817022,39.7401702156785],[-104.951239641134,39.7401695566251],[-104.950701815751,39.7401673904018],[-104.950651163589,39.7401647517063],[-104.950059981947,39.7401647356855],[-104.949470605064,39.740161293518],[-104.949421703901,39.7401620943562],[-104.948930102181,39.7401604794785],[-104.948846539906,39.7401600881203],[-104.948369180727,39.7401561353678],[-104.948261599744,39.7401576898576],[-104.947824224815,39.7401563246036],[-104.947682879783,39.7401556612607],[-104.947273062584,39.7401544235026],[-104.946539663251,39.7401516628284],[-104.946165423262,39.7401481861],[-104.945945822764,39.7401505840507],[-104.945616004289,39.7401507459921],[-104.945366197705,39.7401505985098],[-104.944791047245,39.7401468565282],[-104.944509251589,39.740144840705],[-104.94416027934,39.7401425063075],[-104.94305029513,39.7401419554185],[-104.941870798578,39.7401340715016],[-104.941316083843,39.7401317822697],[-104.940663578845,39.740129369815]]]},"properties":{"OBJECTID":63,"NBHD_ID":20,"NBHD_NAME":"Congress Park","TYPOLOGY":null,"NOTES":null,"GLOBALID":"24dc5070-2d8e-4d84-a718-9d61d35f62f9"}},{"type":"Feature","id":64,"geometry":{"type":"Polygon","coordinates":[[[-104.940621034984,39.751036810207],[-104.940628217594,39.7492445301947],[-104.940634999574,39.7473911639065],[-104.940639756734,39.7461259605793],[-104.940644642174,39.7449561555685],[-104.940653346083,39.7437534249349],[-104.940650831146,39.743399959001],[-104.940653900625,39.7425691853849],[-104.940656233865,39.7419422445504],[-104.940656861339,39.7417521374787],[-104.940657992083,39.7413873646213],[-104.940663578845,39.740129369815],[-104.941316083843,39.7401317822697],[-104.941870798578,39.7401340715016],[-104.94305029513,39.7401419554185],[-104.94416027934,39.7401425063075],[-104.944509251589,39.740144840705],[-104.944791047245,39.7401468565282],[-104.945366197705,39.7401505985098],[-104.945616004289,39.7401507459921],[-104.945945822764,39.7401505840507],[-104.946165423262,39.7401481861],[-104.946539663251,39.7401516628284],[-104.947273062584,39.7401544235026],[-104.947682879783,39.7401556612607],[-104.947824224815,39.7401563246036],[-104.948261599744,39.7401576898576],[-104.948369180727,39.7401561353678],[-104.948846539906,39.7401600881203],[-104.948930102181,39.7401604794785],[-104.949421703901,39.7401620943562],[-104.949470605064,39.740161293518],[-104.950059981947,39.7401647356855],[-104.950651163589,39.7401647517063],[-104.950701815751,39.7401673904018],[-104.951239641134,39.7401695566251],[-104.951822817022,39.7401702156785],[-104.952399742735,39.7401742748774],[-104.95298824718,39.7401756392554],[-104.953566956762,39.7401790145192],[-104.953598959475,39.7401791627234],[-104.954165218617,39.7401831637361],[-104.954193678646,39.7401815797618],[-104.95474306046,39.7401837833732],[-104.955175374918,39.7401833838962],[-104.95568270818,39.7401864178587],[-104.956270307948,39.7401898207488],[-104.956851687036,39.7401928490655],[-104.957427730114,39.7401961926314],[-104.957892589144,39.7402072576106],[-104.957991303629,39.7402025648853],[-104.95811047276,39.7401969367934],[-104.958443225943,39.7401620936789],[-104.958797374744,39.7401194553634],[-104.959139242039,39.7400554841746],[-104.959282528631,39.7400348665163],[-104.95946942526,39.7400079293577],[-104.95978160542,39.7399891160668],[-104.95977705746,39.7416184142091],[-104.959783083735,39.7432597702405],[-104.959790138596,39.7447676411143],[-104.959784100856,39.7469363738369],[-104.959767250061,39.7482004907531],[-104.959761133234,39.7494560778137],[-104.959766530048,39.7507175501221],[-104.959222362907,39.7507201986194],[-104.958786527897,39.7507411867999],[-104.958378966287,39.7507852947412],[-104.957868040178,39.750858437422],[-104.957259312556,39.7509311265089],[-104.956662208464,39.7509952871766],[-104.955296338359,39.7511306976545],[-104.954944972181,39.7511510331076],[-104.954504738514,39.7511654650411],[-104.949863610947,39.7511551153883],[-104.949061484076,39.7511533076278],[-104.945730023154,39.7511457433955],[-104.943243108146,39.7511463581803],[-104.942402083422,39.7511341409666],[-104.940621034984,39.751036810207]]]},"properties":{"OBJECTID":64,"NBHD_ID":14,"NBHD_NAME":"City Park","TYPOLOGY":null,"NOTES":null,"GLOBALID":"d706c82c-6d9a-4e51-9371-09c85214d074"}},{"type":"Feature","id":65,"geometry":{"type":"Polygon","coordinates":[[[-104.940578188696,39.7619582011064],[-104.940715808318,39.7619438043222],[-104.941149331676,39.7619173577388],[-104.941349292294,39.7619005119825],[-104.941660902525,39.7618575040553],[-104.942072657389,39.7617853120734],[-104.942322713708,39.7617509079672],[-104.942534202372,39.7617341148168],[-104.942711106028,39.7617171578024],[-104.942910947616,39.761715137905],[-104.943110766157,39.7617160834239],[-104.943287528076,39.7617169195588],[-104.943502599211,39.7617327656206],[-104.943725308957,39.7617545782635],[-104.943978642092,39.761791364665],[-104.944239566974,39.7618400491681],[-104.944561951441,39.7618919887788],[-104.944838435621,39.7619170195096],[-104.945026632742,39.761929770167],[-104.945276405778,39.7619309473181],[-104.945888102915,39.7619338290304],[-104.94626195896,39.7619355887388],[-104.947101674647,39.7619395349743],[-104.947493233266,39.7619390489882],[-104.947601245203,39.7619389146428],[-104.948723397945,39.7619366229203],[-104.94892319395,39.7619362137702],[-104.949699319282,39.7619517079545],[-104.949914348945,39.7619544065205],[-104.950075878443,39.7619564334467],[-104.951183402977,39.7619635952734],[-104.952415028086,39.7619715466835],[-104.953646556715,39.7619794848081],[-104.954874478105,39.7619874493493],[-104.955019458155,39.7619800250662],[-104.955500187697,39.7619781482612],[-104.956104833276,39.7619857479438],[-104.956721110912,39.7619841328066],[-104.957336496902,39.7619828536571],[-104.957953629412,39.7619856971212],[-104.958564537229,39.7619885087179],[-104.959174563489,39.7619902836214],[-104.959752576191,39.7619919084873],[-104.959754457763,39.7632482117108],[-104.959760011456,39.7644894325047],[-104.959746773705,39.7657456653635],[-104.959745437953,39.766957685041],[-104.959745991363,39.768155300262],[-104.959742600663,39.7692876972637],[-104.95974158151,39.7711510250547],[-104.959739550517,39.7714145589406],[-104.959730353131,39.7719155230901],[-104.95965605321,39.7722085795969],[-104.959400845284,39.7728940609725],[-104.958261365973,39.7729128439749],[-104.957170045515,39.772914680031],[-104.954153194182,39.7729110259881],[-104.953610686766,39.7729067934565],[-104.953053060111,39.7729024884355],[-104.952504246978,39.7729085161417],[-104.951944760655,39.7729144920059],[-104.950844653486,39.7729025022626],[-104.950290541871,39.772903691318],[-104.949824483345,39.772904602544],[-104.949276615822,39.7729034137468],[-104.949187675665,39.7729033405829],[-104.948640694629,39.7729024959461],[-104.947540561363,39.7728939070825],[-104.946978450753,39.7728943564658],[-104.946401217092,39.7728950750251],[-104.942933507808,39.7728821495715],[-104.941688379341,39.7728762511227],[-104.940992850913,39.7728774115287],[-104.94061724378,39.7728776562268],[-104.940607070612,39.7691825395929],[-104.940618395088,39.7680960717866],[-104.940630533491,39.7669086006691],[-104.940625753669,39.7657964343447],[-104.94057007319,39.7656710464317],[-104.940569837975,39.7644752910951],[-104.940571935111,39.7637666829277],[-104.940578188696,39.7619582011064]]]},"properties":{"OBJECTID":65,"NBHD_ID":17,"NBHD_NAME":"Clayton","TYPOLOGY":"NEST","NOTES":null,"GLOBALID":"5c40090b-add0-4c17-b091-be4ee1d689ab"}},{"type":"Feature","id":66,"geometry":{"type":"Polygon","coordinates":[[[-104.940621034984,39.751036810207],[-104.942402083422,39.7511341409666],[-104.943243108146,39.7511463581803],[-104.945730023154,39.7511457433955],[-104.949061484076,39.7511533076278],[-104.949863610947,39.7511551153883],[-104.954504738514,39.7511654650411],[-104.954944972181,39.7511510331076],[-104.955296338359,39.7511306976545],[-104.956662208464,39.7509952871766],[-104.957259312556,39.7509311265089],[-104.957868040178,39.750858437422],[-104.958378966287,39.7507852947412],[-104.958786527897,39.7507411867999],[-104.959222362907,39.7507201986194],[-104.959766530048,39.7507175501221],[-104.959768484026,39.7519642509519],[-104.95977043814,39.7532109510544],[-104.959758089645,39.7544675360515],[-104.959759019343,39.7557317310559],[-104.959765414153,39.7569791362938],[-104.959762892819,39.7582295879458],[-104.959753284643,39.7594765751954],[-104.959758608571,39.7607476511895],[-104.959752576191,39.7619919084873],[-104.959174563489,39.7619902836214],[-104.958564537229,39.7619885087179],[-104.957953629412,39.7619856971212],[-104.957336496902,39.7619828536571],[-104.956721110912,39.7619841328066],[-104.956104833276,39.7619857479438],[-104.955500187697,39.7619781482612],[-104.955019458155,39.7619800250662],[-104.954874478105,39.7619874493493],[-104.953646556715,39.7619794848081],[-104.952415028086,39.7619715466835],[-104.951183402977,39.7619635952734],[-104.950075878443,39.7619564334467],[-104.949914348945,39.7619544065205],[-104.949699319282,39.7619517079545],[-104.94892319395,39.7619362137702],[-104.948723397945,39.7619366229203],[-104.947601245203,39.7619389146428],[-104.947493233266,39.7619390489882],[-104.947101674647,39.7619395349743],[-104.94626195896,39.7619355887388],[-104.945888102915,39.7619338290304],[-104.945276405778,39.7619309473181],[-104.945026632742,39.761929770167],[-104.944838435621,39.7619170195096],[-104.944561951441,39.7618919887788],[-104.944239566974,39.7618400491681],[-104.943978642092,39.761791364665],[-104.943725308957,39.7617545782635],[-104.943502599211,39.7617327656206],[-104.943287528076,39.7617169195588],[-104.943110766157,39.7617160834239],[-104.942910947616,39.761715137905],[-104.942711106028,39.7617171578024],[-104.942534202372,39.7617341148168],[-104.942322713708,39.7617509079672],[-104.942072657389,39.7617853120734],[-104.941660902525,39.7618575040553],[-104.941349292294,39.7619005119825],[-104.941149331676,39.7619173577388],[-104.940715808318,39.7619438043222],[-104.940578188696,39.7619582011064],[-104.94057847481,39.7618009513034],[-104.940585468111,39.7601759556294],[-104.940593357474,39.758295492561],[-104.940600529479,39.7565049322522],[-104.940602160097,39.7559661828897],[-104.940606243855,39.7550084498409],[-104.940608095259,39.7546649576682],[-104.940608274072,39.7544196008691],[-104.940614647834,39.7528404190121],[-104.940621034984,39.751036810207]]]},"properties":{"OBJECTID":66,"NBHD_ID":55,"NBHD_NAME":"Skyland","TYPOLOGY":null,"NOTES":null,"GLOBALID":"8d62c6a6-6bf3-4744-a4cf-55817c0deef4"}},{"type":"Feature","id":67,"geometry":{"type":"Polygon","coordinates":[[[-104.959752576191,39.7619919084873],[-104.960365298409,39.7619902577523],[-104.960981576245,39.7619886204613],[-104.961593404727,39.7619873026161],[-104.962217685758,39.7619856956608],[-104.962833918754,39.7619898818229],[-104.963449262406,39.7619940609057],[-104.964104656105,39.761993958403],[-104.96471914202,39.7619940089549],[-104.965340742489,39.7619940886146],[-104.965955231083,39.7619937898029],[-104.966573252997,39.7619965921097],[-104.967179715143,39.7619993388462],[-104.967809331418,39.761997726436],[-104.968419384335,39.7619960214586],[-104.970879967904,39.7619999016535],[-104.971489971615,39.7620047009941],[-104.972115979018,39.7620099122688],[-104.972712682758,39.7620094982208],[-104.972887840538,39.762013371229],[-104.973340221549,39.7620476528681],[-104.973344513388,39.7624234276265],[-104.973336473571,39.763256917335],[-104.973330660986,39.763793930096],[-104.973335556266,39.7642077974563],[-104.973340378437,39.7645128845718],[-104.973328503539,39.7651466398754],[-104.973319406305,39.7657656517578],[-104.973322360171,39.7658459632523],[-104.973328760473,39.7660594344559],[-104.973352176024,39.7664939740094],[-104.973348559461,39.7669754047104],[-104.973346066285,39.7671888360338],[-104.973337902783,39.7679204064428],[-104.973343187107,39.7681640702508],[-104.973347056101,39.7691880623325],[-104.971915695062,39.7703010200568],[-104.969723996185,39.7719832664745],[-104.968476249539,39.7729113635644],[-104.965937174393,39.7728864896349],[-104.964705243625,39.7728994256092],[-104.959400845284,39.7728940609725],[-104.95965605321,39.7722085795969],[-104.959730353131,39.7719155230901],[-104.959739550517,39.7714145589406],[-104.95974158151,39.7711510250547],[-104.959742600663,39.7692876972637],[-104.959745991363,39.768155300262],[-104.959745437953,39.766957685041],[-104.959746773705,39.7657456653635],[-104.959760011456,39.7644894325047],[-104.959754457763,39.7632482117108],[-104.959752576191,39.7619919084873]]]},"properties":{"OBJECTID":67,"NBHD_ID":18,"NBHD_NAME":"Cole","TYPOLOGY":null,"NOTES":null,"GLOBALID":"b2023b47-7349-4fa2-b2dc-1535ba0e219a"}},{"type":"Feature","id":68,"geometry":{"type":"Polygon","coordinates":[[[-104.95978160542,39.7399891160668],[-104.960402124872,39.7399888751642],[-104.961013751417,39.7399889330824],[-104.961632468756,39.7399917654267],[-104.962237850967,39.7399945335769],[-104.962851258336,39.7399942468555],[-104.963466440248,39.7399943078029],[-104.964124271857,39.7399973053819],[-104.964766102034,39.7400002265017],[-104.965381263332,39.7400030229593],[-104.965990202014,39.7400057879621],[-104.966605358188,39.7400092645008],[-104.967232068792,39.7400131331131],[-104.96784814528,39.7400124893015],[-104.968461560065,39.7400111437373],[-104.96968825263,39.7400266302086],[-104.970140755013,39.7400259234077],[-104.970311443352,39.7400256624349],[-104.970787947843,39.7400250611854],[-104.971290219203,39.7400262897647],[-104.971876947523,39.7400272085249],[-104.972136532023,39.7400273438439],[-104.972755205964,39.7400359512584],[-104.97299165463,39.7400390691633],[-104.973412216403,39.7400299708927],[-104.973392020901,39.741654050283],[-104.973388730365,39.7426841971539],[-104.973387156355,39.7432490286936],[-104.973383172756,39.7437795337829],[-104.973390360207,39.744835120401],[-104.973384908124,39.7450873172117],[-104.973365886318,39.7459432495882],[-104.973338951913,39.7469641021224],[-104.973335064284,39.747529103641],[-104.973334341687,39.7481191250988],[-104.973356768381,39.748360917429],[-104.973359056075,39.7494772196137],[-104.97335769536,39.7507239044621],[-104.972733525231,39.7507241981523],[-104.972113803335,39.7507241654596],[-104.971500291997,39.750725873018],[-104.970877892754,39.7507271941946],[-104.970272427396,39.7507230981487],[-104.969650069419,39.7507189225145],[-104.9690356825,39.7507188974535],[-104.968425737852,39.7507192326759],[-104.967807814995,39.7507164400826],[-104.967178333644,39.7507135919167],[-104.966566614267,39.7507135662939],[-104.965942444466,39.7507138237184],[-104.965329811682,39.7507168758498],[-104.964710066283,39.7507198922417],[-104.964093011406,39.7507198294949],[-104.963451951412,39.7507196538762],[-104.962838439905,39.7507213164323],[-104.96222670711,39.7507229839683],[-104.961610572839,39.750718794207],[-104.960995330942,39.750714262332],[-104.960378263371,39.7507158957774],[-104.959766530048,39.7507175501221],[-104.959761133234,39.7494560778137],[-104.959767250061,39.7482004907531],[-104.959784100856,39.7469363738369],[-104.959790138596,39.7447676411143],[-104.959783083735,39.7432597702405],[-104.95977705746,39.7416184142091],[-104.95978160542,39.7399891160668]]]},"properties":{"OBJECTID":68,"NBHD_ID":15,"NBHD_NAME":"City Park West","TYPOLOGY":null,"NOTES":null,"GLOBALID":"4019547b-e6ea-4577-a09d-7b9682425bae"}},{"type":"Feature","id":69,"geometry":{"type":"Polygon","coordinates":[[[-104.959766530048,39.7507175501221],[-104.960378263371,39.7507158957774],[-104.960995330942,39.750714262332],[-104.961610572839,39.750718794207],[-104.96222670711,39.7507229839683],[-104.962838439905,39.7507213164323],[-104.963451951412,39.7507196538762],[-104.964093011406,39.7507198294949],[-104.964710066283,39.7507198922417],[-104.965329811682,39.7507168758498],[-104.965942444466,39.7507138237184],[-104.966566614267,39.7507135662939],[-104.967178333644,39.7507135919167],[-104.967807814995,39.7507164400826],[-104.968425737852,39.7507192326759],[-104.9690356825,39.7507188974535],[-104.969650069419,39.7507189225145],[-104.970272427396,39.7507230981487],[-104.970877892754,39.7507271941946],[-104.971500291997,39.750725873018],[-104.972113803335,39.7507241654596],[-104.972733525231,39.7507241981523],[-104.97335769536,39.7507239044621],[-104.973363359538,39.7519822876681],[-104.973364687062,39.7532262380376],[-104.973359202677,39.7545483976737],[-104.973360774958,39.7549310243075],[-104.973361190118,39.7551125561695],[-104.973367671702,39.7553150479111],[-104.973360919412,39.7557405317495],[-104.973361473351,39.756377090134],[-104.973363130443,39.7569851712337],[-104.973354898718,39.7577260092818],[-104.973349251691,39.7582410615944],[-104.973324616117,39.7595082279808],[-104.973337317626,39.7604217666696],[-104.973341897516,39.7607591095758],[-104.973350509764,39.7611517177092],[-104.973343124397,39.7617796610459],[-104.973340221549,39.7620476528681],[-104.972887840538,39.762013371229],[-104.972712682758,39.7620094982208],[-104.972115979018,39.7620099122688],[-104.971489971615,39.7620047009941],[-104.970879967904,39.7619999016535],[-104.968419384335,39.7619960214586],[-104.967809331418,39.761997726436],[-104.967179715143,39.7619993388462],[-104.966573252997,39.7619965921097],[-104.965955231083,39.7619937898029],[-104.965340742489,39.7619940886146],[-104.96471914202,39.7619940089549],[-104.964104656105,39.761993958403],[-104.963449262406,39.7619940609057],[-104.962833918754,39.7619898818229],[-104.962217685758,39.7619856956608],[-104.961593404727,39.7619873026161],[-104.960981576245,39.7619886204613],[-104.960365298409,39.7619902577523],[-104.959752576191,39.7619919084873],[-104.959758608571,39.7607476511895],[-104.959753284643,39.7594765751954],[-104.959762892819,39.7582295879458],[-104.959765414153,39.7569791362938],[-104.959759019343,39.7557317310559],[-104.959758089645,39.7544675360515],[-104.95977043814,39.7532109510544],[-104.959768484026,39.7519642509519],[-104.959766530048,39.7507175501221]]]},"properties":{"OBJECTID":69,"NBHD_ID":77,"NBHD_NAME":"Whittier","TYPOLOGY":null,"NOTES":null,"GLOBALID":"4790bb24-d3b0-4bc7-a955-4ffe6cacc9ff"}},{"type":"Feature","id":70,"geometry":{"type":"Polygon","coordinates":[[[-104.973412216403,39.7400299708927],[-104.97299165463,39.7400390691633],[-104.972999809768,39.7395452999685],[-104.973019073456,39.738401294569],[-104.973008305617,39.7368765909982],[-104.972998994731,39.735158007487],[-104.972978767332,39.733709440987],[-104.972979680224,39.7320499251538],[-104.972948115667,39.7304540906363],[-104.97293533762,39.7290789906636],[-104.972939045678,39.7272842794308],[-104.973506123498,39.7272837301041],[-104.97408209229,39.72728287446],[-104.97525003567,39.7272801970711],[-104.976407313643,39.7272774604228],[-104.977558464155,39.7272619883462],[-104.97877082412,39.7272625612371],[-104.979356536619,39.7272661843045],[-104.979937807551,39.7272694414939],[-104.981138648834,39.7272651349264],[-104.981750121145,39.7272709187979],[-104.982364257375,39.727277053988],[-104.982978411352,39.7272807839549],[-104.983622785043,39.7272846432054],[-104.984892960583,39.7272795737299],[-104.986149778615,39.7272778629277],[-104.987415487434,39.7272758350611],[-104.987403972278,39.7290948753113],[-104.987402930399,39.7304537833038],[-104.987402860116,39.7320446705432],[-104.987415396873,39.7338566062509],[-104.987400692912,39.7352604063219],[-104.987393518605,39.7368502303383],[-104.987413072016,39.7384319342796],[-104.987394648639,39.7396147214104],[-104.987390687512,39.7400130196941],[-104.987388831495,39.7401071102541],[-104.986258206966,39.7401140436174],[-104.986135225032,39.7400632271935],[-104.985479159964,39.7400617327974],[-104.984855986587,39.7400603789411],[-104.984223074702,39.7400534884792],[-104.983583940587,39.7400465677076],[-104.982963552851,39.7400290876187],[-104.982327060329,39.7400256029375],[-104.981727876858,39.7400260537806],[-104.981102021804,39.7400267275406],[-104.980495743777,39.7400247385901],[-104.979910803956,39.740022497652],[-104.979332091611,39.7400195955101],[-104.978742709506,39.7400169861838],[-104.978205794095,39.7400122043344],[-104.977640434145,39.7400069507946],[-104.97647586569,39.7400055502411],[-104.976096196708,39.7400148414793],[-104.975444517995,39.7400212037228],[-104.975321828154,39.7400223725196],[-104.974792001617,39.7400206950385],[-104.974151059782,39.7400178325757],[-104.973412216403,39.7400299708927]]]},"properties":{"OBJECTID":70,"NBHD_ID":9,"NBHD_NAME":"Capitol Hill","TYPOLOGY":null,"NOTES":null,"GLOBALID":"14f36913-b418-43aa-acc8-91d83c99bcff"}},{"type":"Feature","id":71,"geometry":{"type":"Polygon","coordinates":[[[-104.973383172756,39.7437795337829],[-104.973387156355,39.7432490286936],[-104.973388730365,39.7426841971539],[-104.973392020901,39.741654050283],[-104.973412216403,39.7400299708927],[-104.974151059782,39.7400178325757],[-104.974792001617,39.7400206950385],[-104.975321828154,39.7400223725196],[-104.975444517995,39.7400212037228],[-104.976096196708,39.7400148414793],[-104.97647586569,39.7400055502411],[-104.977640434145,39.7400069507946],[-104.978205794095,39.7400122043344],[-104.978742709506,39.7400169861838],[-104.979332091611,39.7400195955101],[-104.979910803956,39.740022497652],[-104.980495743777,39.7400247385901],[-104.981102021804,39.7400267275406],[-104.981727876858,39.7400260537806],[-104.982327060329,39.7400256029375],[-104.982963552851,39.7400290876187],[-104.983583940587,39.7400465677076],[-104.984223074702,39.7400534884792],[-104.984855986587,39.7400603789411],[-104.985479159964,39.7400617327974],[-104.986135225032,39.7400632271935],[-104.986258206966,39.7401140436174],[-104.987388831495,39.7401071102541],[-104.987383821613,39.7408527899192],[-104.98739707386,39.7414722481987],[-104.987406131771,39.741692595389],[-104.987411415936,39.7419535600086],[-104.987416583393,39.7422087507282],[-104.987386673731,39.7430595639292],[-104.987376177189,39.7433581541635],[-104.987419619209,39.7448342656433],[-104.987407278273,39.7450630982887],[-104.987407504977,39.7454673574069],[-104.987407765558,39.7459324626634],[-104.987407911701,39.7461927764095],[-104.987400795913,39.7466796858671],[-104.987396865762,39.7469740979751],[-104.98740027988,39.747358465168],[-104.987307427566,39.7474214162399],[-104.987201831828,39.7475234758523],[-104.98610542858,39.7475267831338],[-104.985675993508,39.747527652147],[-104.985574129952,39.7475968682567],[-104.985479753424,39.7475769778966],[-104.985376371059,39.7475658408057],[-104.985218626544,39.7475558248453],[-104.985091068569,39.7475482721162],[-104.984938785924,39.7475457683077],[-104.984851652271,39.7475491725959],[-104.984760331914,39.747547990564],[-104.984217665951,39.7475583308763],[-104.98393671077,39.7475588153218],[-104.983590018427,39.7475518037733],[-104.983123861139,39.7475517509376],[-104.982948098059,39.7475517304461],[-104.982310622952,39.7475516735233],[-104.981687393223,39.7475489303341],[-104.98107483221,39.7475462308877],[-104.979885313326,39.7475354890264],[-104.978721536316,39.7475303399225],[-104.978364135068,39.7475287562991],[-104.978206051738,39.7475054070164],[-104.978177634981,39.7475008200884],[-104.977544156362,39.746964399134],[-104.976993304866,39.7465559967287],[-104.97648667457,39.7461797017146],[-104.976141770741,39.7459084861863],[-104.974777280235,39.744835484815],[-104.973980769166,39.7442320868221],[-104.973383172756,39.7437795337829]]]},"properties":{"OBJECTID":71,"NBHD_ID":47,"NBHD_NAME":"North Capitol Hill","TYPOLOGY":null,"NOTES":null,"GLOBALID":"c967f821-5965-488f-8254-0fd4dd6b6ee6"}},{"type":"Feature","id":72,"geometry":{"type":"Polygon","coordinates":[[[-104.987388831495,39.7401071102541],[-104.987390687512,39.7400130196941],[-104.987394648639,39.7396147214104],[-104.987413072016,39.7384319342796],[-104.987393518605,39.7368502303383],[-104.987400692912,39.7352604063219],[-104.987415396873,39.7338566062509],[-104.987402860116,39.7320446705432],[-104.987402930399,39.7304537833038],[-104.987403972278,39.7290948753113],[-104.987415487434,39.7272758350611],[-104.987423599543,39.7269440636269],[-104.987531438615,39.7270028086074],[-104.987774711591,39.7271353311402],[-104.988077564486,39.7272896985963],[-104.988313935681,39.7274194120168],[-104.988543119708,39.7275597311659],[-104.9886872175,39.7276670805239],[-104.988736833219,39.7276889151385],[-104.988792727743,39.7277028844774],[-104.988892014009,39.7277390044245],[-104.988952215571,39.72777186597],[-104.989064366722,39.7278722130282],[-104.989250851273,39.7280178359635],[-104.9893676174,39.7280948676242],[-104.989465778527,39.7281635824199],[-104.989547172082,39.7282157527079],[-104.98959932251,39.7282557853621],[-104.989648718969,39.7283078167628],[-104.989708818699,39.7283547472514],[-104.989799790342,39.7284344116084],[-104.989863328184,39.7284974852698],[-104.989926649572,39.7285904132061],[-104.989985681359,39.7286620462499],[-104.990035098867,39.7287113323494],[-104.990105747845,39.7287744368951],[-104.990171912773,39.7288430124057],[-104.990221347737,39.7288898962049],[-104.990414541497,39.7290914816223],[-104.990463919729,39.7291462577504],[-104.990527319241,39.7292285475214],[-104.990593285971,39.72932457507],[-104.990677741384,39.729445046312],[-104.990747203917,39.7295493243048],[-104.990845911022,39.7296657397226],[-104.990919818356,39.729770036838],[-104.991035184692,39.7299180944838],[-104.991116123711,39.730033403108],[-104.991249267744,39.7301815374668],[-104.991323248645,39.7302758832308],[-104.991403378828,39.730380206867],[-104.991539860787,39.730558553604],[-104.991631529658,39.7306653290267],[-104.991732638003,39.730818815158],[-104.991806567501,39.7309203663389],[-104.991859374159,39.7309930011592],[-104.991935893401,39.7311052015295],[-104.992013180275,39.7312342199408],[-104.992083595293,39.7313302655713],[-104.992132007802,39.7313960180431],[-104.992213002499,39.7315041195048],[-104.992335425775,39.7316604424666],[-104.992462194422,39.7318305096155],[-104.9925809247,39.7320060330337],[-104.992668932007,39.7321278910777],[-104.992833648536,39.7323362126134],[-104.992948944012,39.7324952491178],[-104.993033364928,39.7326215523569],[-104.993124080483,39.7327379308628],[-104.993247317465,39.732905237305],[-104.993249267403,39.7329080370904],[-104.993327377125,39.7330201973376],[-104.993425941964,39.7331575421823],[-104.993502506304,39.7332642511882],[-104.993537667612,39.7333189645685],[-104.993597469575,39.7334081002806],[-104.993734061818,39.7335727180248],[-104.993793993284,39.7336440101387],[-104.99392312147,39.733857667319],[-104.993975932273,39.7339303008594],[-104.99403570561,39.7340235542231],[-104.994122799604,39.7341495247107],[-104.994217930873,39.7342703824249],[-104.994305144511,39.7343798820454],[-104.994407467076,39.7344897894951],[-104.994452387544,39.7345472898701],[-104.994494562577,39.7346157596871],[-104.994550840766,39.7347007619035],[-104.994719015936,39.7349241944848],[-104.994800005817,39.7350340097039],[-104.994887201284,39.7351462539893],[-104.994978760179,39.7352698409099],[-104.995048333691,39.7353603903518],[-104.99518220012,39.7355342598364],[-104.9952974269,39.7357042749646],[-104.995406629756,39.7358468106586],[-104.995497281905,39.7359731386604],[-104.995599521965,39.7360950553157],[-104.995654894045,39.7361827982244],[-104.995728679707,39.7363059649943],[-104.995808628976,39.7364373945091],[-104.995879113349,39.7365252021031],[-104.995949657345,39.7366047738714],[-104.996299953266,39.7370928728944],[-104.996391460001,39.7372243510388],[-104.996482118101,39.7373503352527],[-104.996678387017,39.737624672217],[-104.996860690078,39.7378632608747],[-104.996983154442,39.7380168326578],[-104.997040098017,39.7380850321014],[-104.997064242739,39.7381139502661],[-104.997162881876,39.7382430564017],[-104.997217935622,39.7383757504586],[-104.997397195721,39.7385432914876],[-104.997464345119,39.7386008857505],[-104.99749251561,39.7386394396833],[-104.997545442135,39.7386969732082],[-104.99758683156,39.738751711989],[-104.997636123616,39.7388202111383],[-104.997660623314,39.7388748778328],[-104.997709777909,39.7389625929211],[-104.997761639002,39.7390448289699],[-104.997800359541,39.7390998999036],[-104.997870986664,39.7391684895445],[-104.997906272318,39.7392067308048],[-104.997941439517,39.739261443099],[-104.997968545008,39.7393246997879],[-104.99799648351,39.7393958530731],[-104.998021131051,39.7394299308478],[-104.998066848353,39.7395011593526],[-104.998116141664,39.739569658283],[-104.998150555383,39.7396054934614],[-104.998196528525,39.7396410349988],[-104.998263657017,39.7397017170196],[-104.998313029211,39.7397592350155],[-104.998350922999,39.7398057228241],[-104.998379016185,39.7398552571747],[-104.998410530986,39.7399236797805],[-104.99856693318,39.7401937178919],[-104.998253965336,39.7401808245635],[-104.998126304387,39.7401791073494],[-104.996936721,39.7401638384887],[-104.996512580455,39.7401583666801],[-104.996441867084,39.7401575079292],[-104.99526990934,39.7401476203815],[-104.994360104456,39.7401397466648],[-104.993534072479,39.7401353600049],[-104.992919582081,39.7401320897524],[-104.992504308079,39.7401298786891],[-104.991655142153,39.7401252009527],[-104.990423449976,39.7401168503194],[-104.990076976194,39.7401118769571],[-104.989940691429,39.7401225522469],[-104.989818775765,39.7401633330519],[-104.989677158958,39.7402378333039],[-104.989554591435,39.7403687452895],[-104.989427402334,39.7404658395095],[-104.989305185017,39.7405479316006],[-104.98910530186,39.7406071546063],[-104.988939662367,39.7406402365388],[-104.98875483653,39.740635676066],[-104.988534009081,39.740565238738],[-104.988532017635,39.7405640891896],[-104.988403211002,39.7404895593904],[-104.988282339706,39.7403876338495],[-104.988122549524,39.7402855351246],[-104.988102215588,39.7402736209428],[-104.98796754467,39.7401947264587],[-104.98791909249,39.7401682262015],[-104.987846263159,39.7401491313628],[-104.987768566797,39.7401300158949],[-104.987510913159,39.7401063621487],[-104.987388831495,39.7401071102541]]]},"properties":{"OBJECTID":72,"NBHD_ID":16,"NBHD_NAME":"Civic Center","TYPOLOGY":null,"NOTES":null,"GLOBALID":"d412399d-56d2-4e94-ac0e-bbe35e28e1d0"}},{"type":"Feature","id":73,"geometry":{"type":"Polygon","coordinates":[[[-104.98740027988,39.747358465168],[-104.987396865762,39.7469740979751],[-104.987400795913,39.7466796858671],[-104.987407911701,39.7461927764095],[-104.987407765558,39.7459324626634],[-104.987407504977,39.7454673574069],[-104.987407278273,39.7450630982887],[-104.987419619209,39.7448342656433],[-104.987376177189,39.7433581541635],[-104.987386673731,39.7430595639292],[-104.987416583393,39.7422087507282],[-104.987411415936,39.7419535600086],[-104.987406131771,39.741692595389],[-104.98739707386,39.7414722481987],[-104.987383821613,39.7408527899192],[-104.987388831495,39.7401071102541],[-104.987510913159,39.7401063621487],[-104.987768566797,39.7401300158949],[-104.987846263159,39.7401491313628],[-104.98791909249,39.7401682262015],[-104.98796754467,39.7401947264587],[-104.988102215588,39.7402736209428],[-104.988122549524,39.7402855351246],[-104.988282339706,39.7403876338495],[-104.988403211002,39.7404895593904],[-104.988532017635,39.7405640891896],[-104.988534009081,39.740565238738],[-104.98875483653,39.740635676066],[-104.988939662367,39.7406402365388],[-104.98910530186,39.7406071546063],[-104.989305185017,39.7405479316006],[-104.989427402334,39.7404658395095],[-104.989554591435,39.7403687452895],[-104.989677158958,39.7402378333039],[-104.989818775765,39.7401633330519],[-104.989940691429,39.7401225522469],[-104.990076976194,39.7401118769571],[-104.990423449976,39.7401168503194],[-104.991655142153,39.7401252009527],[-104.992504308079,39.7401298786891],[-104.992919582081,39.7401320897524],[-104.993534072479,39.7401353600049],[-104.994360104456,39.7401397466648],[-104.99526990934,39.7401476203815],[-104.996441867084,39.7401575079292],[-104.996512580455,39.7401583666801],[-104.996936721,39.7401638384887],[-104.998126304387,39.7401791073494],[-104.998253965336,39.7401808245635],[-104.99856693318,39.7401937178919],[-104.998613704608,39.7402744729069],[-104.998623921369,39.7402921120616],[-104.99869427798,39.7403987906925],[-104.998749753496,39.7404731494069],[-104.998777889116,39.7405168500884],[-104.998816544866,39.7405811851719],[-104.998837549656,39.7406276012748],[-104.998854995429,39.7406743453921],[-104.998865390965,39.7407124796819],[-104.99888975498,39.7407863622949],[-104.998910619612,39.7408523377064],[-104.998930734811,39.7408987497986],[-104.998951798091,39.7409369299529],[-104.998979970858,39.7409754834987],[-104.999025729358,39.7410412213449],[-104.99904319742,39.7410848769383],[-104.999057186236,39.7411178796667],[-104.999074691102,39.7411563879735],[-104.999095774143,39.7411918229758],[-104.999113338125,39.7412220959091],[-104.99911946501,39.7412355048427],[-104.999298524079,39.7415574627287],[-104.999336145127,39.7416423830047],[-104.999385206041,39.7417438231164],[-104.999434344687,39.7418342829132],[-104.999487062159,39.7419216692255],[-104.999524818314,39.7419877161397],[-104.999542335639,39.742024508286],[-104.999654567239,39.7422435772806],[-104.999702925579,39.7423189342985],[-104.999744992921,39.7424038733193],[-104.999793861088,39.7425324220315],[-104.999839425845,39.7426256116413],[-104.999874224313,39.7427324814958],[-104.999908117103,39.7428417497159],[-104.999946589933,39.7429321637787],[-104.9999886186,39.7430225927335],[-105.000009575189,39.7430758713342],[-105.000044724216,39.7431336710084],[-105.000096495734,39.7432292889426],[-105.000135066072,39.743305976973],[-105.000184148867,39.7434046719703],[-105.000219143945,39.7434840899355],[-105.000254002622,39.7435827242849],[-105.000271044506,39.7436864300422],[-105.000287292479,39.7437767495304],[-105.000290273855,39.7438574043676],[-105.000295926627,39.7440622935939],[-105.000301595964,39.7442647804458],[-105.000324891587,39.7444889613735],[-105.000341728426,39.7446214917428],[-105.000365394169,39.7447938571817],[-105.000389081314,39.7449631344181],[-105.000398950026,39.7450753887305],[-105.000405311879,39.7451807649944],[-105.000411238816,39.7453472218016],[-105.00041452108,39.7453856692614],[-105.000421583231,39.7455198840416],[-105.00014873602,39.7457537782756],[-104.998958874989,39.7466659782739],[-104.99774836582,39.7476017552709],[-104.996552990166,39.7485303785992],[-104.995333576622,39.7494588863762],[-104.994127316965,39.7504083702858],[-104.992928269053,39.7513396857058],[-104.991690824997,39.7522890101521],[-104.990830758177,39.7515903997388],[-104.989975676103,39.7509422485252],[-104.989101339942,39.7502542012116],[-104.988670733982,39.7499256455064],[-104.988226867915,39.7495870792344],[-104.987525738607,39.7490483597404],[-104.987396921799,39.7489125945655],[-104.98739847203,39.7482139330102],[-104.98740027988,39.747358465168]]]},"properties":{"OBJECTID":73,"NBHD_ID":10,"NBHD_NAME":"CBD","TYPOLOGY":null,"NOTES":null,"GLOBALID":"3923a2e5-9bba-4091-937b-4868902696f6"}},{"type":"Feature","id":74,"geometry":{"type":"Polygon","coordinates":[[[-104.991690824997,39.7522890101521],[-104.992928269053,39.7513396857058],[-104.994127316965,39.7504083702858],[-104.995333576622,39.7494588863762],[-104.996552990166,39.7485303785992],[-104.99774836582,39.7476017552709],[-104.998958874989,39.7466659782739],[-105.00014873602,39.7457537782756],[-105.000421583231,39.7455198840416],[-105.000436446373,39.7458023557361],[-105.000442681238,39.7459255757893],[-105.000414478318,39.7463900908956],[-105.000414177635,39.7464322982075],[-105.000413808507,39.7464841133296],[-105.000423912146,39.7465634255156],[-105.000448240984,39.7466427982336],[-105.000471661034,39.7467249120861],[-105.000548513712,39.7469194652499],[-105.000594356277,39.7469742219263],[-105.000626051335,39.74701793715],[-105.000667331313,39.7470891459854],[-105.000709517577,39.7471579565743],[-105.000737597947,39.7472098924292],[-105.000769049693,39.7472879224766],[-105.00080748647,39.7473838263406],[-105.000866042319,39.747526141789],[-105.000866310061,39.747526642079],[-105.000918687444,39.7476245080924],[-105.000953800428,39.7476877977812],[-105.001017173178,39.7477779737756],[-105.001040845753,39.7478247433813],[-105.00113881723,39.7480506129692],[-105.001205570939,39.7481655104693],[-105.00130691799,39.748291878839],[-105.001405270999,39.7484642169538],[-105.001467773055,39.7485519869119],[-105.001524227187,39.7486150236807],[-105.001714095736,39.7487963284693],[-105.001795444337,39.7488594707009],[-105.001932571188,39.7489557918217],[-105.00203431083,39.7490272557709],[-105.002193509207,39.7491456318981],[-105.002291636542,39.7492249731569],[-105.002517227476,39.7493844656795],[-105.002654415016,39.749472550246],[-105.00278537872,39.7495606087553],[-105.002940133977,39.7496789652679],[-105.003055928589,39.7497748520151],[-105.003214299595,39.749884987681],[-105.003274449359,39.7499288222399],[-105.003404437814,39.7500292296576],[-105.003608520744,39.7502133363812],[-105.003784367716,39.7503671258279],[-105.003950667914,39.7504879318599],[-105.00444335597,39.7508492922143],[-105.004608691788,39.7509810742064],[-105.004774064579,39.751107708646],[-105.004897863157,39.7512039703631],[-105.005056184836,39.7513219960703],[-105.005411744879,39.7515873777383],[-105.005587714863,39.7517246935816],[-105.005707961426,39.7518205964698],[-105.005799037309,39.7518923554427],[-105.005928997277,39.751997906661],[-105.00617923024,39.7521959289875],[-105.006355203257,39.7523332432507],[-105.006445657635,39.7524017253913],[-105.006503787991,39.7524457357131],[-105.006577179494,39.7525036933388],[-105.006763833238,39.7526396793504],[-105.006968164205,39.7527908382225],[-105.00711580416,39.7529115610543],[-105.007257256759,39.7530271108291],[-105.007387192156,39.7531367788637],[-105.007510137909,39.7532289159205],[-105.007566716972,39.7532754788605],[-105.00760918328,39.7533058541987],[-105.007770916373,39.7534458520331],[-105.00782738037,39.7535088858656],[-105.007859023198,39.7535611781383],[-105.007889721569,39.7536213586033],[-105.007917617718,39.7537007442385],[-105.007948504344,39.7538607844089],[-105.007983111595,39.7539975049822],[-105.008038885271,39.7541590215393],[-105.008107938329,39.7543288294836],[-105.008132213308,39.7544174653075],[-105.00816687681,39.7545462936317],[-105.008173282485,39.7546472083261],[-105.008183453776,39.7547182840734],[-105.008186106127,39.7547826706342],[-105.008186492835,39.7547920755573],[-105.007583783118,39.7554034615937],[-105.007154438928,39.7558906620662],[-105.007023515865,39.756047279105],[-105.0068371212,39.7562523919486],[-105.006747400183,39.7563662867804],[-105.006645936376,39.7565062123709],[-105.006597510384,39.7565643459057],[-105.006507808419,39.7566754954356],[-105.006440796582,39.7567521715383],[-105.006328523327,39.7568806372474],[-105.006175183678,39.7570632393238],[-105.006115944364,39.7571415731757],[-105.006033433657,39.7572414284224],[-105.005943770774,39.7573467442155],[-105.00586924299,39.757449378038],[-105.005838587403,39.7575093018151],[-105.0058273924,39.7575837194278],[-105.00581169342,39.7576663538926],[-105.005796061926,39.7577393807286],[-105.005755383196,39.757833577897],[-105.0056985396,39.757950354915],[-105.005653574161,39.7580218861391],[-105.005612308607,39.7580731857448],[-105.005496716794,39.7581982954238],[-105.005157239198,39.758547230326],[-105.005074926835,39.7586186041],[-105.004866531912,39.7587893054268],[-105.004728707582,39.7589143205534],[-105.004538012487,39.7590967635589],[-105.004422235169,39.7592476074207],[-105.004294713361,39.7594244820799],[-105.004249757875,39.7594942964113],[-105.004186804514,39.7595942326678],[-105.004114901042,39.7597023669924],[-105.004025229704,39.7598080240893],[-105.003917938465,39.7598902724719],[-105.003816910735,39.7599670566357],[-105.003716759837,39.7600455603254],[-105.003586348283,39.7601277107175],[-105.0034300667,39.760221419422],[-105.003168867383,39.7604060402373],[-105.001893606772,39.7597612722439],[-105.00177819667,39.7596715668846],[-105.001330647518,39.7594582878538],[-105.000825549723,39.7592101040804],[-105.000104374849,39.7588367786566],[-104.999830776618,39.7586722740557],[-104.999547640587,39.758473755867],[-104.998574674099,39.7577493309749],[-104.997377530667,39.7567644475049],[-104.997019222016,39.7564696613378],[-104.996118952422,39.7557289781814],[-104.99514791645,39.7549935509498],[-104.994701297971,39.754658086316],[-104.994272374385,39.7543353930582],[-104.993827678443,39.7539810596671],[-104.993418351848,39.7536546726415],[-104.992992432934,39.7532870333838],[-104.992597448944,39.7529456062441],[-104.992143693171,39.7526169641111],[-104.991690824997,39.7522890101521]]]},"properties":{"OBJECTID":74,"NBHD_ID":63,"NBHD_NAME":"Union Station","TYPOLOGY":null,"NOTES":null,"GLOBALID":"4c20fa4b-f8c3-413e-9940-1127e1713a8e"}},{"type":"Feature","id":75,"geometry":{"type":"Polygon","coordinates":[[[-104.971915695062,39.7703010200568],[-104.973347056101,39.7691880623325],[-104.973343187107,39.7681640702508],[-104.973337902783,39.7679204064428],[-104.973346066285,39.7671888360338],[-104.973348559461,39.7669754047104],[-104.973352176024,39.7664939740094],[-104.973328760473,39.7660594344559],[-104.973322360171,39.7658459632523],[-104.973319406305,39.7657656517578],[-104.973328503539,39.7651466398754],[-104.973340378437,39.7645128845718],[-104.973335556266,39.7642077974563],[-104.973330660986,39.763793930096],[-104.973336473571,39.763256917335],[-104.973344513388,39.7624234276265],[-104.973340221549,39.7620476528681],[-104.973343124397,39.7617796610459],[-104.973350509764,39.7611517177092],[-104.973341897516,39.7607591095758],[-104.973337317626,39.7604217666696],[-104.973324616117,39.7595082279808],[-104.973349251691,39.7582410615944],[-104.973354898718,39.7577260092818],[-104.973363130443,39.7569851712337],[-104.973361473351,39.756377090134],[-104.973360919412,39.7557405317495],[-104.973367671702,39.7553150479111],[-104.973361190118,39.7551125561695],[-104.973360774958,39.7549310243075],[-104.973359202677,39.7545483976737],[-104.973364687062,39.7532262380376],[-104.973363359538,39.7519822876681],[-104.97335769536,39.7507239044621],[-104.973359056075,39.7494772196137],[-104.973356770265,39.7483609176381],[-104.973334341687,39.7481191250988],[-104.973335064284,39.747529103641],[-104.973338951913,39.7469641021224],[-104.973365886318,39.7459432495882],[-104.973384908124,39.7450873172117],[-104.973390360207,39.744835120401],[-104.973383172756,39.7437795337829],[-104.973980769166,39.7442320868221],[-104.974777280235,39.744835484815],[-104.976141770741,39.7459084861863],[-104.97648667457,39.7461797017146],[-104.976993304866,39.7465559967287],[-104.977544156362,39.746964399134],[-104.978177634981,39.7475008200884],[-104.978206051738,39.7475054070164],[-104.978364135068,39.7475287562991],[-104.978721536316,39.7475303399225],[-104.979885313326,39.7475354890264],[-104.98107483221,39.7475462308877],[-104.981687393223,39.7475489303341],[-104.982310622952,39.7475516735233],[-104.982948098059,39.7475517304461],[-104.983123861139,39.7475517509376],[-104.983590018427,39.7475518037733],[-104.98393671077,39.7475588153218],[-104.984217665951,39.7475583308763],[-104.984760331914,39.747547990564],[-104.984851652271,39.7475491725959],[-104.984938785924,39.7475457683077],[-104.985091068569,39.7475482721162],[-104.985218626544,39.7475558248453],[-104.985376371059,39.7475658408057],[-104.985479753424,39.7475769778966],[-104.985574129952,39.7475968682567],[-104.985675993508,39.747527652147],[-104.98610542858,39.7475267831338],[-104.987201831828,39.7475234758523],[-104.987307427566,39.7474214162399],[-104.98740027988,39.747358465168],[-104.98739847203,39.7482139330102],[-104.987396921799,39.7489125945655],[-104.987525738607,39.7490483597404],[-104.988226867915,39.7495870792344],[-104.988670733982,39.7499256455064],[-104.989101339942,39.7502542012116],[-104.989975676103,39.7509422485252],[-104.990830758177,39.7515903997388],[-104.991690824997,39.7522890101521],[-104.992143693171,39.7526169641111],[-104.992597448944,39.7529456062441],[-104.992992432934,39.7532870333838],[-104.993418351848,39.7536546726415],[-104.993827678443,39.7539810596671],[-104.994272374385,39.7543353930582],[-104.994701297971,39.754658086316],[-104.99514791645,39.7549935509498],[-104.996118952422,39.7557289781814],[-104.997019222016,39.7564696613378],[-104.997377530667,39.7567644475049],[-104.998574674099,39.7577493309749],[-104.999547640587,39.758473755867],[-104.999830776618,39.7586722740557],[-105.000104374849,39.7588367786566],[-105.000825549723,39.7592101040804],[-105.001330647518,39.7594582878538],[-105.00177819667,39.7596715668846],[-105.001893606772,39.7597612722439],[-105.003168867383,39.7604060402373],[-105.003019847392,39.7605113701502],[-105.002967977999,39.7605526732024],[-105.002882186693,39.7606123628766],[-105.002837562451,39.7606351658633],[-105.002785865635,39.7606521054633],[-105.002648703514,39.7606827530073],[-105.002518713172,39.760705194945],[-105.002462570188,39.7607221156619],[-105.002269990785,39.7607926777287],[-105.002136158458,39.7608552520152],[-105.001976521216,39.7609201198371],[-105.001857018086,39.7609683421068],[-105.001726905481,39.7610079408156],[-105.001620036631,39.7610301365121],[-105.001482084147,39.7610467101001],[-105.001353104185,39.7610519976719],[-105.001208159699,39.7610513835582],[-105.001030171773,39.7610705321454],[-105.000848482834,39.761109910839],[-105.000462570587,39.7612311232849],[-105.000023906089,39.7613922598253],[-104.999811633732,39.761480235105],[-104.999596615402,39.7615791794701],[-104.999451157572,39.7616502806106],[-104.999332460339,39.761709827758],[-104.999198484186,39.7617919585123],[-104.999042212124,39.7618829160782],[-104.998971697125,39.7619196766559],[-104.998826299797,39.7619821983997],[-104.99875228902,39.762010365083],[-104.998707514934,39.7620236440866],[-104.998666737447,39.7620357371819],[-104.998558955203,39.7620610149208],[-104.998440543461,39.7620804135761],[-104.998314126178,39.7621001209151],[-104.998246599334,39.762119586281],[-104.998128775695,39.7621535492568],[-104.997909591325,39.7622126669391],[-104.997813287632,39.7622493170197],[-104.997705196937,39.7623174866512],[-104.997608767591,39.7623716369573],[-104.997485704527,39.7624194965698],[-104.99734135864,39.7624590293168],[-104.997270095648,39.762475882739],[-104.997136605129,39.7624897251134],[-104.997046580855,39.7624920644006],[-104.996955158668,39.762494440002],[-104.99677716404,39.762513925263],[-104.996599048258,39.7625502247714],[-104.996387761177,39.7626237857654],[-104.996209440263,39.7626885654245],[-104.995990015793,39.7627806211744],[-104.995670676254,39.7629165155066],[-104.995506517769,39.7629902765764],[-104.995420798881,39.7630386374984],[-104.995324339349,39.7630965604042],[-104.995175092504,39.7631988671567],[-104.99467254714,39.7635827605899],[-104.994187430475,39.7640154546013],[-104.994053112066,39.7641435605296],[-104.993930476443,39.764254558729],[-104.993799919953,39.7643541985289],[-104.993628292125,39.7644763099776],[-104.993382336674,39.7646698210492],[-104.993199768089,39.7648289453008],[-104.993087926134,39.7649228315307],[-104.992957428725,39.7650138917641],[-104.992816281972,39.7651018176129],[-104.992529558205,39.7652752478909],[-104.992392101808,39.7653446590031],[-104.992143121447,39.7654636895506],[-104.991971799359,39.7655429051214],[-104.991786287594,39.7656165692693],[-104.991652563856,39.7656616312079],[-104.991377151148,39.7657462306523],[-104.990976253585,39.7658433265226],[-104.990850636425,39.7658740102465],[-104.99072776752,39.7658937245956],[-104.990620090387,39.7659032105726],[-104.989618806524,39.7660131439088],[-104.989414970688,39.7660379964327],[-104.989103217895,39.7661052751961],[-104.988851024904,39.7661758999226],[-104.988717360448,39.7662123803187],[-104.987633655682,39.7665156707626],[-104.987540156216,39.7665418374856],[-104.986552696367,39.7668264711585],[-104.985442003405,39.7671788457378],[-104.985330597974,39.7672113018114],[-104.984605174221,39.7675368703195],[-104.984438115682,39.767639085414],[-104.984355793945,39.7677073557964],[-104.984207009159,39.7678642121613],[-104.984105655437,39.7679807837238],[-104.984022994615,39.7680950354717],[-104.983887808263,39.7683373963578],[-104.983752704428,39.7685684333865],[-104.983539236922,39.7689336433328],[-104.983411435199,39.7691389755725],[-104.983319727481,39.7692756070791],[-104.983262161902,39.7693613711912],[-104.983160677953,39.7694950991952],[-104.982835804083,39.7698913885242],[-104.98241671432,39.7703998177798],[-104.982222035516,39.7706278459945],[-104.981714179961,39.7712319656086],[-104.981583171416,39.7713885534428],[-104.981253772176,39.771793054409],[-104.981096650203,39.7719927642126],[-104.980483543341,39.7727549512731],[-104.980378427884,39.7728972398316],[-104.980176322635,39.7731653804147],[-104.980108865413,39.7732666562346],[-104.97995175972,39.7734632762018],[-104.979846662559,39.7736028189105],[-104.979772153136,39.7736954845158],[-104.979678765035,39.773815175727],[-104.979604245235,39.7739092137626],[-104.979428459077,39.7741057502227],[-104.979241173286,39.774293656896],[-104.979166769412,39.774371909794],[-104.97906641223,39.7744716668439],[-104.978939076713,39.7746111105036],[-104.97885294946,39.7747109301428],[-104.978725505977,39.7748647854044],[-104.978609667492,39.7750128582938],[-104.978523444892,39.7751253738179],[-104.978414635684,39.7753058873622],[-104.978302399377,39.7751878781789],[-104.978046077979,39.7749708982682],[-104.977180304038,39.7743027103886],[-104.976300342843,39.773631020769],[-104.975859926515,39.7732948286148],[-104.975425709064,39.7729627799382],[-104.974985275365,39.7726300157348],[-104.974550148267,39.7723017346488],[-104.973680130698,39.7716153135794],[-104.972810022108,39.7709432982171],[-104.972366834204,39.7706252670396],[-104.971915695062,39.7703010200568]]]},"properties":{"OBJECTID":75,"NBHD_ID":26,"NBHD_NAME":"Five Points","TYPOLOGY":null,"NOTES":null,"GLOBALID":"3beabc30-1ebe-47a3-89f8-d7ff5264f721"}},{"type":"Feature","id":76,"geometry":{"type":"Polygon","coordinates":[[[-104.866035226845,39.798410672227],[-104.866040845538,39.7983873051248],[-104.866057610699,39.7982573331787],[-104.866046505284,39.7969407364078],[-104.865999465605,39.7945106222499],[-104.865991566998,39.7926823828447],[-104.865985151453,39.7911979843657],[-104.865981344663,39.7903167098102],[-104.865978531754,39.7901377469761],[-104.865944249304,39.78674778632],[-104.86591955869,39.7843062996159],[-104.865900636768,39.7824352977716],[-104.86590412818,39.7822781800518],[-104.865897559104,39.7805965804033],[-104.865890776699,39.7788609523365],[-104.86589035898,39.7786859734119],[-104.865894835167,39.7770813022713],[-104.865892498524,39.7769115926506],[-104.865887872863,39.7759386707832],[-104.865887419007,39.7758432903037],[-104.865812197934,39.7758403610147],[-104.862896999387,39.7755800034259],[-104.861540504995,39.7754679077233],[-104.859786720588,39.7753229585197],[-104.856590172525,39.7750475663119],[-104.853744990682,39.7748007016959],[-104.85188015267,39.7746297444671],[-104.851061216698,39.7745546612476],[-104.848054815946,39.7742934256624],[-104.847035536838,39.7742046805554],[-104.845054198651,39.7740321488939],[-104.841941329632,39.7737646526654],[-104.840792280313,39.7736658906886],[-104.837607366975,39.7733944928995],[-104.834462866819,39.7731187917765],[-104.833824236449,39.7730632141901],[-104.831566010807,39.7728666519568],[-104.830389048627,39.772766307092],[-104.828163414852,39.7725765212325],[-104.828163789146,39.772478739634],[-104.82817337861,39.7691580496124],[-104.832869116538,39.7691727433776],[-104.832868995263,39.766568855721],[-104.832881837029,39.7663686422538],[-104.833792831454,39.7665934753545],[-104.834732251626,39.7667888223958],[-104.83570896603,39.7669540858485],[-104.836697983445,39.7670833352495],[-104.837661451507,39.7671732673906],[-104.856403829082,39.7685694042156],[-104.856397935601,39.7676613757677],[-104.856362711606,39.7620049032082],[-104.856337809564,39.7581305013479],[-104.855524044087,39.7578011780736],[-104.855015790817,39.7579262639831],[-104.854867928045,39.7578417027477],[-104.854351256415,39.758062349373],[-104.853488674817,39.7576197486799],[-104.853022731726,39.7574815637093],[-104.852044209118,39.7573166354232],[-104.850786368261,39.756742891885],[-104.848207683379,39.7564194041961],[-104.848001773312,39.755449338661],[-104.847716406736,39.755239506968],[-104.84686905513,39.755237922934],[-104.846863679494,39.7547239235357],[-104.879934399805,39.7547443907436],[-104.879940769176,39.7474524930447],[-104.884657378065,39.7474552875354],[-104.884664081656,39.7474684820316],[-104.885826739317,39.7474663763967],[-104.887001445283,39.7474656402917],[-104.888174541234,39.7474648816321],[-104.889330364641,39.7474643646297],[-104.890505371402,39.7474640520621],[-104.891681144011,39.7474620727962],[-104.892846753843,39.7474607175148],[-104.894015040578,39.7474580966034],[-104.896375655316,39.7474506624124],[-104.897560561332,39.7474446070272],[-104.898767376843,39.7474425992407],[-104.898749603014,39.749825748908],[-104.898734944157,39.751016749994],[-104.899890083189,39.7510206200117],[-104.901062970721,39.7510175704262],[-104.902237232694,39.7510186654716],[-104.90342757858,39.7510165703017],[-104.903424647649,39.7522130106541],[-104.90342363715,39.7534079249994],[-104.903403318563,39.754730697285],[-104.903393728135,39.7580154427718],[-104.903458937319,39.7584100508932],[-104.903461861237,39.7602196616086],[-104.903456516909,39.761424142924],[-104.903439419912,39.7619838090708],[-104.903429001385,39.7638359291653],[-104.903449261707,39.7656435790183],[-104.903447094582,39.7667264312796],[-104.903452079069,39.7674606385782],[-104.9034582834,39.7680471543856],[-104.903516910233,39.7681918610164],[-104.903513298545,39.7684755813881],[-104.903495186934,39.7692772720205],[-104.903493164134,39.771101628357],[-104.903492028448,39.7717692487286],[-104.903497518669,39.7727333974809],[-104.903499951203,39.7733124632248],[-104.903505825373,39.7734353096029],[-104.903511611327,39.7735688313074],[-104.903531121922,39.773715773349],[-104.903540748827,39.7738039283743],[-104.903556824491,39.7739481826834],[-104.903619246012,39.7743383022031],[-104.903642237047,39.7744825915002],[-104.903654965377,39.7746134796034],[-104.90365740119,39.774733637632],[-104.903660106327,39.7748202653129],[-104.903583955848,39.7752325323951],[-104.90358677517,39.7765274370443],[-104.903565413619,39.7773110902318],[-104.903496844312,39.7773932610476],[-104.903560570455,39.7774409537162],[-104.903568499366,39.7781851489104],[-104.903568052716,39.7782376407184],[-104.903567439453,39.7783097134356],[-104.903568839809,39.7784311494644],[-104.903569520023,39.7784898415091],[-104.903571493216,39.7786601089437],[-104.903549703148,39.7791539419768],[-104.903539269894,39.779284500285],[-104.90353135311,39.7793356928984],[-104.903542103622,39.781467223843],[-104.903534610222,39.7828358882415],[-104.903510614306,39.7838233737775],[-104.90353395117,39.7911158632001],[-104.903554749766,39.7983935637716],[-104.901419390953,39.7983923384332],[-104.901417260195,39.8002041737822],[-104.899068305071,39.8002028499366],[-104.899070496502,39.7983910141778],[-104.894165399138,39.7983881890583],[-104.884627455712,39.7983830051762],[-104.884449507364,39.7983831046585],[-104.884427334639,39.8056674369304],[-104.884405467434,39.8128151762319],[-104.875332583001,39.8128302095379],[-104.866260575048,39.8128455787985],[-104.866236253564,39.8056965554052],[-104.866213175613,39.7984106003683],[-104.866035226845,39.798410672227]]]},"properties":{"OBJECTID":76,"NBHD_ID":60,"NBHD_NAME":"Central Park","TYPOLOGY":null,"NOTES":"Formerly Stapleton, changed August 2020","GLOBALID":"8e0ccc15-9d28-44e1-81ef-81da2909ee7a"}},{"type":"Feature","id":77,"geometry":{"type":"Polygon","coordinates":[[[-104.809897981937,39.7728315437287],[-104.819253950229,39.7728136087095],[-104.828162608066,39.7727875757371],[-104.828163414852,39.7725765212325],[-104.830389048627,39.772766307092],[-104.831566010807,39.7728666519568],[-104.833824236449,39.7730632141901],[-104.834462866819,39.7731187917765],[-104.837607366975,39.7733944928995],[-104.840792280313,39.7736658906886],[-104.841941329632,39.7737646526654],[-104.845054198651,39.7740321488939],[-104.847035536838,39.7742046805554],[-104.848054815946,39.7742934256624],[-104.851061216698,39.7745546612476],[-104.85188015267,39.7746297444671],[-104.853744990682,39.7748007016959],[-104.856590172525,39.7750475663119],[-104.859786720588,39.7753229585197],[-104.861540504995,39.7754679077233],[-104.862896999387,39.7755800034259],[-104.865812197934,39.7758403610147],[-104.865887419007,39.7758432903037],[-104.865887872863,39.7759386707832],[-104.865892498524,39.7769115926506],[-104.865894835167,39.7770813022713],[-104.86589035898,39.7786859734119],[-104.865890776699,39.7788609523365],[-104.865897559104,39.7805965804033],[-104.86590412818,39.7822781800518],[-104.865900636768,39.7824352977716],[-104.86591955869,39.7843062996159],[-104.865944249304,39.78674778632],[-104.865978531754,39.7901377469761],[-104.865981344663,39.7903167098102],[-104.865985151453,39.7911979843657],[-104.865991566998,39.7926823828447],[-104.865999465605,39.7945106222499],[-104.866046505284,39.7969407364078],[-104.866057610699,39.7982573331787],[-104.866040845538,39.7983873051248],[-104.866035226845,39.798410672227],[-104.856614060397,39.7983791413673],[-104.847192905397,39.798346513922],[-104.83764402968,39.798271579306],[-104.828094290623,39.7981951785978],[-104.81916787175,39.7982516643123],[-104.809632058852,39.7983068031301],[-104.809690925165,39.7969845380519],[-104.80970988139,39.7967362906219],[-104.809721905415,39.7947913592038],[-104.809752718576,39.7904311749861],[-104.809753888013,39.7902647115845],[-104.809769770458,39.7878684438915],[-104.809797351864,39.7837554990996],[-104.809849005738,39.7803456044267],[-104.809876782115,39.7784721865896],[-104.80990215947,39.7767604858132],[-104.809904610154,39.7765951661346],[-104.809897919818,39.7750489014607],[-104.809879307823,39.7731883492844],[-104.809897981937,39.7728315437287]]]},"properties":{"OBJECTID":77,"NBHD_ID":45,"NBHD_NAME":"Montbello","TYPOLOGY":"NEST","NOTES":null,"GLOBALID":"d91eeba9-c3b3-47d8-bc28-a5a890a784d4"}},{"type":"Feature","id":78,"geometry":{"type":"Polygon","coordinates":[[[-104.884700198943,39.732847155326],[-104.884712932715,39.7305674901431],[-104.884749802073,39.7305051899833],[-104.884789220161,39.7304438272075],[-104.884831147051,39.7303834639603],[-104.884875540277,39.730324161374],[-104.884922354873,39.7302659795067],[-104.884971543424,39.7302089772811],[-104.885023056107,39.7301532124253],[-104.88507684075,39.7300987414141],[-104.885132842877,39.7300456194117],[-104.885191005771,39.7299939002163],[-104.885251270521,39.7299436362051],[-104.885313576094,39.7298948782814],[-104.885377859387,39.7298476758235],[-104.885444055295,39.7298020766341],[-104.885512096777,39.7297581268921],[-104.885581914923,39.7297158711062],[-104.886408004906,39.7292320793904],[-104.886465483804,39.7291913067972],[-104.886521117343,39.7291490356641],[-104.88503280807,39.7281431960728],[-104.884951638216,39.7280859606298],[-104.884873661637,39.7280261368269],[-104.884799016647,39.7279638307847],[-104.884727835649,39.727899153026],[-104.882508267805,39.7255896608609],[-104.881997208403,39.7250570550744],[-104.881823591614,39.7251562165584],[-104.881699268725,39.7252242854945],[-104.881571508148,39.7252884468557],[-104.881440515737,39.7253485972573],[-104.881306502556,39.7254046397774],[-104.88116968454,39.7254564841128],[-104.881030282141,39.7255040467249],[-104.880888519981,39.7255472509743],[-104.880744626482,39.725586027244],[-104.880546253584,39.7255856492947],[-104.880546251465,39.7255858597188],[-104.875332766004,39.7255755984874],[-104.875343967903,39.7192271372521],[-104.875226657361,39.7192268574484],[-104.875222031244,39.7191475619655],[-104.875208514907,39.7190685625945],[-104.875186988857,39.7189908935034],[-104.875155668372,39.7189152309185],[-104.875116331139,39.7188415848774],[-104.875068965669,39.7187713277362],[-104.875013574257,39.7187041165167],[-104.874951037514,39.7186409855821],[-104.874881350775,39.7185822772249],[-104.874805397888,39.7185286830453],[-104.874724067253,39.7184802080046],[-104.874637352554,39.7184375380703],[-104.874546142379,39.7184006776542],[-104.874450430852,39.7183703133793],[-104.874352886998,39.7183461162989],[-104.87425172429,39.7183291061493],[-104.874149614543,39.7183186114254],[-104.874047444114,39.7183149794208],[-104.870643645309,39.7183136330186],[-104.870666102058,39.7110547973546],[-104.870664756922,39.7102140364496],[-104.870665226809,39.710033245596],[-104.875373456781,39.7088980366835],[-104.878979574507,39.7080434205942],[-104.883130191439,39.7070569794761],[-104.883613266441,39.7069563865937],[-104.883809539056,39.706929576579],[-104.884109519934,39.7069119822192],[-104.884425859773,39.7069152356255],[-104.884730905788,39.7069366011759],[-104.884938952624,39.7069664102825],[-104.885150720361,39.707007162654],[-104.885371801697,39.7070641304424],[-104.885555621743,39.7071205125986],[-104.885821839851,39.7072189802648],[-104.886009615218,39.7073049038998],[-104.886240996744,39.7074347388626],[-104.886509807622,39.7075963191689],[-104.886815797894,39.7077904136295],[-104.887309856569,39.7080931573525],[-104.887559676487,39.7082488360902],[-104.888675816307,39.708944359558],[-104.889291239907,39.709327850181],[-104.889847145974,39.7096709196464],[-104.890994623489,39.7103790499077],[-104.891585285899,39.7107510007545],[-104.891860353388,39.7109186682411],[-104.892126426292,39.711036536166],[-104.892370799434,39.7111203145009],[-104.892559010494,39.7111552725503],[-104.892909879488,39.7111932127983],[-104.901709273093,39.7112084419509],[-104.90335952665,39.7112112249235],[-104.903494676757,39.7112824179375],[-104.903644334021,39.7112325158399],[-104.904446024373,39.7112129665033],[-104.906473543061,39.7111969918482],[-104.908686627393,39.7112076228806],[-104.909689066993,39.7111998667619],[-104.910236800857,39.711201983284],[-104.910097472819,39.7113837873579],[-104.909977513352,39.7115397915077],[-104.909096556927,39.7126624012713],[-104.908765085807,39.7130847761381],[-104.907687465757,39.7144578698895],[-104.90746042289,39.714747160633],[-104.907454441069,39.7147547825184],[-104.90743191312,39.7147834876253],[-104.910146662208,39.7148010472167],[-104.912699153925,39.7147952686225],[-104.912697438742,39.7162508502445],[-104.912695047449,39.7182802173449],[-104.912781294402,39.7183638738903],[-104.911643452793,39.7183624960007],[-104.910691626989,39.7183629947403],[-104.909729114961,39.7183625599022],[-104.908777141654,39.7183660159084],[-104.908382758475,39.718370162537],[-104.908356097804,39.7183700284504],[-104.908329437394,39.7183698943591],[-104.908276113681,39.7183699690735],[-104.908222789769,39.7183700442145],[-104.908169465532,39.7183701192795],[-104.908166915297,39.7184617307961],[-104.908165511324,39.7186281576154],[-104.908164978643,39.7187966480932],[-104.908157866986,39.7200610300806],[-104.908148309703,39.7215099519991],[-104.908146847726,39.7216832413986],[-104.908146121008,39.721874722894],[-104.908145003527,39.7220071778542],[-104.90794414194,39.7220071965848],[-104.906865168321,39.7220082815827],[-104.90666075169,39.7220082804489],[-104.906521604629,39.7220084594459],[-104.906007500564,39.7220091017373],[-104.905789790528,39.7220045709245],[-104.904772727583,39.7220023912027],[-104.903734720045,39.7219956844698],[-104.903536627419,39.7219956121455],[-104.903534036598,39.722385127451],[-104.903528929062,39.7232751021167],[-104.903519999565,39.724831001571],[-104.903510703307,39.7250399806131],[-104.903493838875,39.7252547278241],[-104.903407530046,39.7256419597829],[-104.903454722485,39.7266993842102],[-104.903459580994,39.7268808333948],[-104.903464936222,39.7270188023765],[-104.903460478271,39.7280717063383],[-104.903464081865,39.7286733993831],[-104.90346774415,39.7292849896942],[-104.903468825736,39.729576021645],[-104.903468066612,39.7298768563642],[-104.903467623858,39.7300455185375],[-104.903464836454,39.7307177346749],[-104.90346331452,39.7316872901669],[-104.903458717005,39.7328950518737],[-104.902039871883,39.7328725905294],[-104.900976539967,39.7328753491475],[-104.899892804304,39.7328739439453],[-104.898763546456,39.7328722961533],[-104.897759373749,39.7328690980113],[-104.897588552106,39.7328685530164],[-104.896870257101,39.7328662590601],[-104.896513183836,39.7328651170615],[-104.895981140784,39.7328634136425],[-104.89519999923,39.7328609078942],[-104.893369186899,39.7328550155453],[-104.890595364297,39.7328550490189],[-104.889422395697,39.7328505469567],[-104.888226440762,39.7328531894107],[-104.88704721658,39.7328533659964],[-104.885868189264,39.7328513351513],[-104.884708734459,39.7328472017688],[-104.884700198943,39.732847155326]]]},"properties":{"OBJECTID":78,"NBHD_ID":42,"NBHD_NAME":"Lowry Field","TYPOLOGY":null,"NOTES":null,"GLOBALID":"0906042d-ab55-49bc-8f06-0b149b7347b9"}},{"type":"Feature","id":401,"geometry":{"type":"MultiPolygon","coordinates":[[[[-104.935906066919,39.6978433900113],[-104.935912189187,39.6965838323519],[-104.934079933749,39.6965896441659],[-104.933993668069,39.6965899006549],[-104.933993671735,39.6965896394461],[-104.931735189248,39.6965965918656],[-104.928213330078,39.6966045717643],[-104.928213260458,39.6966349089901],[-104.928194773575,39.6966348706941],[-104.92817561239,39.6966347775235],[-104.928029342078,39.6966365769223],[-104.927931780607,39.6966436345215],[-104.927850407124,39.696658302407],[-104.927694160538,39.6966876713006],[-104.927573729157,39.6967096826722],[-104.927489126536,39.6967218236527],[-104.927394833095,39.6967263856296],[-104.927271291861,39.6967308077007],[-104.926526999667,39.696732201491],[-104.925961459708,39.6967344633126],[-104.925308166885,39.6967362936056],[-104.924346125586,39.6967366096698],[-104.92415433251,39.6967406913365],[-104.924053522123,39.6967477318692],[-104.92396568667,39.6967573439488],[-104.923871313827,39.6967719450075],[-104.923757477293,39.6968050860897],[-104.92331220366,39.6968250704339],[-104.923304674218,39.6968204748668],[-104.923250757434,39.696786580266],[-104.923196885829,39.6967471951332],[-104.923081759279,39.6967020190052],[-104.92299845427,39.6966765594341],[-104.922904421234,39.6966592826983],[-104.922774989994,39.6966250172739],[-104.922743249325,39.6966167829173],[-104.922710271794,39.6966082276533],[-104.922663380455,39.6965843189739],[-104.922620057602,39.6965587120813],[-104.922587482656,39.696522519621],[-104.922537258621,39.696471827699],[-104.922476348127,39.6964241721222],[-104.922422638473,39.6963652268866],[-104.92237220514,39.6963399284606],[-104.922279222374,39.6963030958431],[-104.922275826905,39.6963020350583],[-104.922188833448,39.6962748554245],[-104.92194405801,39.6962221775057],[-104.921907842466,39.6961966052813],[-104.921839619127,39.6961739642329],[-104.921756292903,39.6961512487313],[-104.921633831857,39.6961338313832],[-104.92154688176,39.6961196770372],[-104.92148218952,39.6960997982632],[-104.921356542458,39.6960377536963],[-104.921284038894,39.6959955309732],[-104.921241718165,39.6959562015682],[-104.921134114211,39.6958609583407],[-104.921022982962,39.6957626092456],[-104.920954126837,39.6957090794243],[-104.920919003904,39.6956588043285],[-104.920846778518,39.695582952243],[-104.920808264098,39.6955131000158],[-104.920711047618,39.6954511946129],[-104.92063489761,39.6954202776582],[-104.920573760034,39.6954004158378],[-104.920343216758,39.6953460891095],[-104.920202399088,39.6952925474812],[-104.920097869213,39.6952556565814],[-104.919990787773,39.6952050260711],[-104.919882798582,39.6951567935179],[-104.919792596502,39.6951062461418],[-104.919677775808,39.6950246928123],[-104.919584091517,39.6949655489553],[-104.919483369076,39.6948981344787],[-104.919408341623,39.6948390827779],[-104.919307573583,39.6947771586042],[-104.919210220296,39.6947320661903],[-104.919073917562,39.6946699665546],[-104.918983648704,39.6946276541638],[-104.918868457047,39.6945910526089],[-104.918825159544,39.6945626989451],[-104.91876423017,39.6945177863152],[-104.918696322195,39.6944573969041],[-104.918656598193,39.6944266585067],[-104.918427331155,39.6942189392558],[-104.918347930997,39.6941516292281],[-104.918297663888,39.6941067689345],[-104.918200658714,39.6940198115092],[-104.918136086069,39.6939858615853],[-104.918092740798,39.6939633414758],[-104.918043176868,39.6939407903237],[-104.917935025374,39.693912458481],[-104.917830382039,39.6938896348427],[-104.917703646487,39.6938526318437],[-104.917621167087,39.6938354082524],[-104.917559963654,39.6938237807716],[-104.917523699421,39.6938043837224],[-104.917480425473,39.6937732843493],[-104.917459440874,39.6937326871944],[-104.917437764233,39.693668407743],[-104.917409985438,39.6935900282297],[-104.917360089156,39.6935005577998],[-104.917252728075,39.6933771723955],[-104.917173285178,39.6933153522706],[-104.917130851259,39.6932900908456],[-104.91708397622,39.693264807139],[-104.917019310741,39.6932421809356],[-104.916972435511,39.6932168974337],[-104.91691503933,39.6931747465989],[-104.916861094282,39.6931449669592],[-104.91677431107,39.6931112494593],[-104.916659171543,39.6930688120896],[-104.916558155103,39.6930374255538],[-104.916493581038,39.6930038184365],[-104.916422134523,39.692942037068],[-104.91637189156,39.6928944309734],[-104.916325273382,39.6928382634564],[-104.916282091631,39.6927961826567],[-104.916245971707,39.6927596278368],[-104.916149466109,39.6927200279308],[-104.916080405152,39.6926918886398],[-104.916012209749,39.6926664988754],[-104.915958182857,39.692646670182],[-104.915907732202,39.6926241137073],[-104.915828971177,39.6925873467418],[-104.915789203198,39.6925620982662],[-104.915745941952,39.6925296255115],[-104.915670965822,39.6924650810649],[-104.915591662444,39.6923867881633],[-104.915520148762,39.6923332422532],[-104.915455670163,39.6922883100114],[-104.915398090184,39.6922684633933],[-104.915311031717,39.692268030548],[-104.915169829457,39.6922618376283],[-104.915076646318,39.6922500495346],[-104.91501546419,39.6922360186839],[-104.914914426341,39.6922073762819],[-104.914813374722,39.692180449643],[-104.914733772152,39.6921381874561],[-104.914615199214,39.6920816608822],[-104.914525847927,39.6920366047505],[-104.914409914812,39.6919831799147],[-104.914334754626,39.6919409391737],[-104.914259665866,39.6918901199457],[-104.914165919235,39.6918395506987],[-104.914087251353,39.6917918013281],[-104.913979434463,39.6917240039307],[-104.91392917117,39.6916791418783],[-104.913860344457,39.6916232058394],[-104.913806527748,39.6915783258189],[-104.913788961594,39.6915542168295],[-104.913767896676,39.69152356995],[-104.913699328044,39.6914367503014],[-104.913638663013,39.6913609510544],[-104.913591882006,39.6913246853615],[-104.913499073421,39.6912682865188],[-104.913466345561,39.6912513079643],[-104.913408766409,39.6912314605125],[-104.913311445038,39.6911836180036],[-104.913268149012,39.6911556055799],[-104.913210733595,39.6911161980622],[-104.913146188924,39.6910795002065],[-104.913045478244,39.6910120801233],[-104.912889226872,39.6909313496897],[-104.912718194288,39.6908429808694],[-104.912671101093,39.6908441184935],[-104.912588580511,39.6908323818685],[-104.912516789215,39.6908124626247],[-104.912415820769,39.6907759257119],[-104.912350342279,39.6907447134892],[-104.912289325863,39.6907111213934],[-104.912228476378,39.6906576267287],[-104.912171085203,39.6906154735909],[-104.912103034338,39.6905732668789],[-104.912012821207,39.6905254589642],[-104.91193408732,39.690485944054],[-104.911807475994,39.6904352082684],[-104.911699522711,39.690384222962],[-104.911631472092,39.6903420162232],[-104.911545583233,39.6903082992764],[-104.911465938456,39.6902715251123],[-104.911426162173,39.6902476477209],[-104.911383968687,39.6901942455839],[-104.911348085062,39.6901298937781],[-104.911319262881,39.6900710682585],[-104.911294692313,39.6900349126158],[-104.91127098679,39.6900015065711],[-104.911179797213,39.6899643314705],[-104.911136383967,39.6899503875539],[-104.911092905297,39.6899443356764],[-104.910991915477,39.6899105429365],[-104.910927327316,39.689879334515],[-104.91085930089,39.6898343819646],[-104.910769112409,39.6897838277242],[-104.91069750998,39.6897416026318],[-104.910633013798,39.6896994128622],[-104.910556946712,39.6896599107278],[-104.910485321478,39.6896204308125],[-104.910413764989,39.6895727150264],[-104.910352869172,39.6895250528058],[-104.910248586688,39.6894603574269],[-104.910191128409,39.6894264389283],[-104.910151459743,39.6893898643679],[-104.910115295735,39.6893591412569],[-104.910094892677,39.6893529261244],[-104.91006833303,39.6893448357485],[-104.910039895508,39.689346065709],[-104.909986165939,39.689352896641],[-104.909974976286,39.6893543191269],[-104.909902111153,39.689356698751],[-104.909889398476,39.6893528700629],[-104.909826792019,39.689334015066],[-104.909776368542,39.6893087108256],[-104.909729570437,39.6892748455565],[-104.909682749289,39.6892437254763],[-104.909661782103,39.6892017538849],[-104.909629523538,39.6891291839502],[-104.909622861434,39.6890763026753],[-104.909605753482,39.6889979749161],[-104.909595564214,39.6889419877197],[-104.909559775702,39.6888666543584],[-104.909513307111,39.6887936698422],[-104.909445329164,39.6887432260917],[-104.909409026486,39.6887289739029],[-104.909333543319,39.688725849474],[-104.909221686098,39.6887170514985],[-104.909127715902,39.6886939302607],[-104.909048071659,39.6886574976095],[-104.908962399873,39.6885983854899],[-104.908908707362,39.6885394341198],[-104.908883226644,39.6885060188448],[-104.908855225859,39.688455432627],[-104.908822638389,39.6884219816085],[-104.908761675341,39.6883825540201],[-104.908736921154,39.6883683596383],[-104.908653631762,39.6883428896328],[-104.908613869094,39.6883176386947],[-104.90854942463,39.6882696143244],[-104.908488342974,39.6882442557035],[-104.908448534408,39.6882244949767],[-104.908394605369,39.6881936819413],[-104.908333642239,39.6881542543762],[-104.908265454242,39.6881288600295],[-104.908215009047,39.6881063002673],[-104.908103624391,39.6880415673893],[-104.908039085283,39.688004866691],[-104.907934642128,39.6879597292083],[-104.907830199365,39.6879145918843],[-104.907755000972,39.6878778373444],[-104.907671688833,39.6878551117449],[-104.907631785145,39.6878466747443],[-104.907542208786,39.6878294084462],[-104.907415278368,39.6878174441809],[-104.907325702102,39.6878001773664],[-104.90724229514,39.6877887758217],[-104.907184662625,39.6877757880442],[-104.907094337916,39.6877420454247],[-104.907040340268,39.687719467189],[-104.906997962992,39.6876883684215],[-104.906961966311,39.6876380849398],[-104.906929548818,39.6875847304363],[-104.906894512947,39.6875258720128],[-104.906858516166,39.6874755880938],[-104.906811909201,39.6874194166984],[-104.90677668235,39.6873832063011],[-104.906736970208,39.687352121282],[-104.906653682487,39.6873266500503],[-104.90651707447,39.687303654516],[-104.906433717306,39.6872864185552],[-104.906354917565,39.6872554792137],[-104.906290475818,39.6872074533877],[-104.906204178295,39.687117794171],[-104.906143194363,39.6870811105656],[-104.906075220172,39.687030664885],[-104.905992121646,39.6869828881852],[-104.905884151759,39.6869349854058],[-104.905812627537,39.6868841788483],[-104.905715412993,39.6868250058197],[-104.905654476066,39.6867828312369],[-104.905596949546,39.6867574894609],[-104.905481684778,39.6867318552789],[-104.90547014877,39.6867304245617],[-104.905416033238,39.68672191489],[-104.905329965659,39.6867101551869],[-104.905236232122,39.686659578527],[-104.905186004672,39.6866116241799],[-104.905161533924,39.6865641432508],[-104.905146753177,39.6865263200098],[-104.905118918479,39.6864565167994],[-104.905065347115,39.6863838374302],[-104.90501161303,39.6863303745039],[-104.904947216427,39.6862772009763],[-104.904900565755,39.6862265193225],[-104.904853888962,39.6861789261798],[-104.904800131656,39.6861282083115],[-104.904717151675,39.686066704546],[-104.904692495163,39.686041185592],[-104.904570597706,39.6859599238411],[-104.904494561116,39.6859176725718],[-104.904452043388,39.6859033872981],[-104.904365205267,39.6858778962356],[-104.904293397814,39.6858607170451],[-104.904249957409,39.6858505453415],[-104.904217137476,39.6858448883381],[-104.904170248755,39.6858223447785],[-104.904116489494,39.6857719701638],[-104.904088303607,39.6857436875125],[-104.904055650332,39.6857184703732],[-104.904016685748,39.6857042036014],[-104.903947613247,39.6856788022758],[-104.903897124833,39.6856617309131],[-104.903854604206,39.6856477887916],[-104.90381837467,39.6856252993331],[-104.903778641778,39.6855969580556],[-104.903750429861,39.6855717638023],[-104.903710694111,39.6855437656213],[-104.903649639897,39.6855156595032],[-104.903581339329,39.6855039886179],[-104.903513931858,39.6854831322156],[-104.90350691583,39.684902723007],[-104.903514271068,39.6847919943819],[-104.90510208985,39.6857138711525],[-104.905181439171,39.6857142753092],[-104.905174336231,39.6838405898228],[-104.904603048323,39.683839374514],[-104.904597313542,39.6820774650135],[-104.904591309686,39.6802720301348],[-104.908094544947,39.6802698155708],[-104.908094004302,39.6798072227054],[-104.907569025658,39.6798110989233],[-104.906981922423,39.6798088253531],[-104.906984263017,39.6787958058746],[-104.90625785198,39.6785318605444],[-104.906115588816,39.6784801677762],[-104.906252828677,39.6784429190684],[-104.906294281789,39.6784464162296],[-104.90641376991,39.6784527926573],[-104.906578083262,39.6784571141839],[-104.908201322137,39.6784563472795],[-104.912811617249,39.6784622844594],[-104.915961552478,39.6784633891079],[-104.918791549935,39.6784563316011],[-104.920980053366,39.6784602873681],[-104.922266095611,39.678471761928],[-104.923424245658,39.6784749176688],[-104.923899115085,39.6784708536512],[-104.925196439787,39.6784638190361],[-104.925437846284,39.6784700579131],[-104.930886286208,39.678464390858],[-104.931616468857,39.6784634615878],[-104.933029576536,39.6784610193688],[-104.933285388677,39.6784601935971],[-104.933699350184,39.6784536093446],[-104.933886758271,39.6784451641109],[-104.933976164218,39.6784457692939],[-104.933976580429,39.6784455506214],[-104.9339795875,39.678448965933],[-104.934106379585,39.6785929908949],[-104.934223305525,39.6787258085965],[-104.934582714078,39.6791418729979],[-104.935226925285,39.679906949925],[-104.935579095983,39.6802850569768],[-104.935924924681,39.6806108523183],[-104.93620544095,39.6808552995212],[-104.936659370659,39.6812012163298],[-104.93689562227,39.6813543964849],[-104.937165041119,39.6815290806327],[-104.937775700045,39.6818951511785],[-104.938237320371,39.6821325608423],[-104.938764750762,39.6823595918585],[-104.939064743846,39.6824786248319],[-104.939468316693,39.682622205919],[-104.940241302593,39.6828557458136],[-104.940420206674,39.6828984952706],[-104.940687294851,39.6829623157238],[-104.940686780163,39.6830432110722],[-104.940687394974,39.683128279689],[-104.940688110818,39.6834338144661],[-104.940688958264,39.6844420394712],[-104.940708408604,39.6848925618427],[-104.940692957716,39.6856869549725],[-104.94065139814,39.6874931697676],[-104.940628959292,39.6893214025379],[-104.940647994091,39.6911297804946],[-104.940629953095,39.6929418291689],[-104.940632920786,39.6947564275324],[-104.940632850525,39.694762471493],[-104.940553820965,39.6947625268554],[-104.940554577103,39.6954042397332],[-104.939510618484,39.6954022907532],[-104.9395103233,39.6951057940107],[-104.939510418851,39.6947598845236],[-104.936259630678,39.6947669929078],[-104.936269030188,39.6965830674866],[-104.936424764419,39.6965824676487],[-104.936419639104,39.6978420688138],[-104.935906066919,39.6978433900113]]],[[[-104.910919987875,39.6820746541463],[-104.910919647856,39.6798924506199],[-104.908202616202,39.6798832667575],[-104.908201135011,39.6802696658312],[-104.908201008228,39.6820757555202],[-104.910919987875,39.6820746541463]]],[[[-104.932889651934,39.6984195664258],[-104.934071134,39.6983997043896],[-104.934061190937,39.6993442056229],[-104.934056324983,39.7001677775015],[-104.932881785693,39.7001624621412],[-104.931720466676,39.7001702397153],[-104.931725937631,39.6988363848857],[-104.931727509209,39.6984228789396],[-104.932296105985,39.6984256251481],[-104.932889651934,39.6984195664258]]]]},"properties":{"OBJECTID":401,"NBHD_ID":69,"NBHD_NAME":"Virginia Village","TYPOLOGY":null,"NOTES":"Includes +/- 9.6 acre island per 2020 census tract","GLOBALID":"91b13ba1-c50b-4977-9243-9c01a4cbc6fe"}},{"type":"Feature","id":1039,"geometry":{"type":"Polygon","coordinates":[[[-104.903494676757,39.7112824179375],[-104.903511057634,39.7111257434741],[-104.903511730977,39.7108374892309],[-104.903511219426,39.7096432752769],[-104.903510721997,39.7085520108985],[-104.903510897027,39.7085314218136],[-104.903511193238,39.7080784462393],[-104.903510710557,39.7075081045448],[-104.903502017867,39.7038825035252],[-104.903524086047,39.7003253776381],[-104.903526208275,39.7001342659686],[-104.903530918115,39.6997102187107],[-104.903544625034,39.6985359762641],[-104.90350892918,39.6985192326789],[-104.903508131982,39.6966270134464],[-104.90010389149,39.692955664628],[-104.903509733952,39.6929891191844],[-104.903512227164,39.6893508816369],[-104.903538591927,39.6873770494152],[-104.903513931858,39.6854831322156],[-104.903581339329,39.6855039886179],[-104.903649639897,39.6855156595032],[-104.903710694111,39.6855437656213],[-104.903750429861,39.6855717638023],[-104.903778641778,39.6855969580556],[-104.90381837467,39.6856252993331],[-104.903854604206,39.6856477887916],[-104.903897124833,39.6856617309131],[-104.903947613247,39.6856788022758],[-104.904016685748,39.6857042036014],[-104.904055650332,39.6857184703732],[-104.904088303607,39.6857436875125],[-104.904116489494,39.6857719701638],[-104.904170248755,39.6858223447785],[-104.904217137476,39.6858448883381],[-104.904249957409,39.6858505453415],[-104.904293397814,39.6858607170451],[-104.904365205267,39.6858778962356],[-104.904452043388,39.6859033872981],[-104.904494561116,39.6859176725718],[-104.904570597706,39.6859599238411],[-104.904692495163,39.686041185592],[-104.904717151675,39.686066704546],[-104.904800131656,39.6861282083115],[-104.904853888962,39.6861789261798],[-104.904900565755,39.6862265193225],[-104.904947216427,39.6862772009763],[-104.90501161303,39.6863303745039],[-104.905065347115,39.6863838374302],[-104.905118918479,39.6864565167994],[-104.905146753177,39.6865263200098],[-104.905161533924,39.6865641432508],[-104.905186004672,39.6866116241799],[-104.905236232122,39.686659578527],[-104.905329965659,39.6867101551869],[-104.905416033238,39.68672191489],[-104.90547014877,39.6867304245617],[-104.905481684778,39.6867318552789],[-104.905596949546,39.6867574894609],[-104.905654476066,39.6867828312369],[-104.905715412993,39.6868250058197],[-104.905812627537,39.6868841788483],[-104.905884151759,39.6869349854058],[-104.905992121646,39.6869828881852],[-104.906075220172,39.687030664885],[-104.906143194363,39.6870811105656],[-104.906204178295,39.687117794171],[-104.906290475818,39.6872074533877],[-104.906354917565,39.6872554792137],[-104.906433717306,39.6872864185552],[-104.90651707447,39.687303654516],[-104.906653682487,39.6873266500503],[-104.906736970208,39.687352121282],[-104.90677668235,39.6873832063011],[-104.906811909201,39.6874194166984],[-104.906858516166,39.6874755880938],[-104.906894512947,39.6875258720128],[-104.906929548818,39.6875847304363],[-104.906961966311,39.6876380849398],[-104.906997962992,39.6876883684215],[-104.907040340268,39.687719467189],[-104.907094337916,39.6877420454247],[-104.907184662625,39.6877757880442],[-104.90724229514,39.6877887758217],[-104.907325702102,39.6878001773664],[-104.907415278368,39.6878174441809],[-104.907542208786,39.6878294084462],[-104.907631785145,39.6878466747443],[-104.907671688833,39.6878551117449],[-104.907755000972,39.6878778373444],[-104.907830199365,39.6879145918843],[-104.907934642128,39.6879597292083],[-104.908039085283,39.688004866691],[-104.908103624391,39.6880415673893],[-104.908215009047,39.6881063002673],[-104.908265454242,39.6881288600295],[-104.908333642239,39.6881542543762],[-104.908394605369,39.6881936819413],[-104.908448534408,39.6882244949767],[-104.908488342974,39.6882442557035],[-104.90854942463,39.6882696143244],[-104.908613869094,39.6883176386947],[-104.908653631762,39.6883428896328],[-104.908736921154,39.6883683596383],[-104.908761675341,39.6883825540201],[-104.908822638389,39.6884219816085],[-104.908855225859,39.688455432627],[-104.908883226644,39.6885060188448],[-104.908908707362,39.6885394341198],[-104.908962399873,39.6885983854899],[-104.909048071659,39.6886574976095],[-104.909127715902,39.6886939302607],[-104.909221686098,39.6887170514985],[-104.909333543319,39.688725849474],[-104.909409026486,39.6887289739029],[-104.909445329164,39.6887432260917],[-104.909513307111,39.6887936698422],[-104.909559775702,39.6888666543584],[-104.909595564214,39.6889419877197],[-104.909605753482,39.6889979749161],[-104.909622861434,39.6890763026753],[-104.909629523538,39.6891291839502],[-104.909661782103,39.6892017538849],[-104.909682749289,39.6892437254763],[-104.909729570437,39.6892748455565],[-104.909776368542,39.6893087108256],[-104.909826792019,39.689334015066],[-104.909889398476,39.6893528700629],[-104.909902111153,39.689356698751],[-104.909974976286,39.6893543191269],[-104.909986165939,39.689352896641],[-104.910039895508,39.689346065709],[-104.91006833303,39.6893448357485],[-104.910094892677,39.6893529261244],[-104.910115295735,39.6893591412569],[-104.910151459743,39.6893898643679],[-104.910191128409,39.6894264389283],[-104.910248586688,39.6894603574269],[-104.910352869172,39.6895250528058],[-104.910413764989,39.6895727150264],[-104.910485321478,39.6896204308125],[-104.910556946712,39.6896599107278],[-104.910633013798,39.6896994128622],[-104.91069750998,39.6897416026318],[-104.910769112409,39.6897838277242],[-104.91085930089,39.6898343819646],[-104.910927327316,39.689879334515],[-104.910991915477,39.6899105429365],[-104.911092905297,39.6899443356764],[-104.911136383967,39.6899503875539],[-104.911179797213,39.6899643314705],[-104.91127098679,39.6900015065711],[-104.911294692313,39.6900349126158],[-104.911319262881,39.6900710682585],[-104.911348085062,39.6901298937781],[-104.911383968687,39.6901942455839],[-104.911426162173,39.6902476477209],[-104.911465938456,39.6902715251123],[-104.911545583233,39.6903082992764],[-104.911631472092,39.6903420162232],[-104.911699522711,39.690384222962],[-104.911807475994,39.6904352082684],[-104.91193408732,39.690485944054],[-104.912012821207,39.6905254589642],[-104.912103034338,39.6905732668789],[-104.912171085203,39.6906154735909],[-104.912228476378,39.6906576267287],[-104.912289325863,39.6907111213934],[-104.912350342279,39.6907447134892],[-104.912415820769,39.6907759257119],[-104.912516789215,39.6908124626247],[-104.912588580511,39.6908323818685],[-104.912671101093,39.6908441184935],[-104.912718194288,39.6908429808694],[-104.912889226872,39.6909313496897],[-104.913045478244,39.6910120801233],[-104.913146188924,39.6910795002065],[-104.913210733595,39.6911161980622],[-104.913268149012,39.6911556055799],[-104.913311445038,39.6911836180036],[-104.913408766409,39.6912314605125],[-104.913466345561,39.6912513079643],[-104.913499073421,39.6912682865188],[-104.913591882006,39.6913246853615],[-104.913638663013,39.6913609510544],[-104.913699328044,39.6914367503014],[-104.913767896676,39.69152356995],[-104.913788961594,39.6915542168295],[-104.913806527748,39.6915783258189],[-104.913860344457,39.6916232058394],[-104.91392917117,39.6916791418783],[-104.913979434463,39.6917240039307],[-104.914087251353,39.6917918013281],[-104.914165919235,39.6918395506987],[-104.914259665866,39.6918901199457],[-104.914334754626,39.6919409391737],[-104.914409914812,39.6919831799147],[-104.914525847927,39.6920366047505],[-104.914615199214,39.6920816608822],[-104.914733772152,39.6921381874561],[-104.914813374722,39.692180449643],[-104.914914426341,39.6922073762819],[-104.91501546419,39.6922360186839],[-104.915076646318,39.6922500495346],[-104.915169829457,39.6922618376283],[-104.915311031717,39.692268030548],[-104.915398090184,39.6922684633933],[-104.915455670163,39.6922883100114],[-104.915520148762,39.6923332422532],[-104.915591662444,39.6923867881633],[-104.915670965822,39.6924650810649],[-104.915745941952,39.6925296255115],[-104.915789203198,39.6925620982662],[-104.915828971177,39.6925873467418],[-104.915907732202,39.6926241137073],[-104.915958182857,39.692646670182],[-104.916012209749,39.6926664988754],[-104.916080405152,39.6926918886398],[-104.916149466109,39.6927200279308],[-104.916245971707,39.6927596278368],[-104.916282091631,39.6927961826567],[-104.916325273382,39.6928382634564],[-104.91637189156,39.6928944309734],[-104.916422134523,39.692942037068],[-104.916493581038,39.6930038184365],[-104.916558155103,39.6930374255538],[-104.916659171543,39.6930688120896],[-104.91677431107,39.6931112494593],[-104.916861094282,39.6931449669592],[-104.91691503933,39.6931747465989],[-104.916972435511,39.6932168974337],[-104.917019310741,39.6932421809356],[-104.91708397622,39.693264807139],[-104.917130851259,39.6932900908456],[-104.917173285178,39.6933153522706],[-104.917252728075,39.6933771723955],[-104.917360089156,39.6935005577998],[-104.917409985438,39.6935900282297],[-104.917437764233,39.693668407743],[-104.917459440874,39.6937326871944],[-104.917480425473,39.6937732843493],[-104.917523699421,39.6938043837224],[-104.917559963654,39.6938237807716],[-104.917621167087,39.6938354082524],[-104.917703646487,39.6938526318437],[-104.917830382039,39.6938896348427],[-104.917935025374,39.693912458481],[-104.918043176868,39.6939407903237],[-104.918092740798,39.6939633414758],[-104.918136086069,39.6939858615853],[-104.918200658714,39.6940198115092],[-104.918297663888,39.6941067689345],[-104.918347930997,39.6941516292281],[-104.918427331155,39.6942189392558],[-104.918656598193,39.6944266585067],[-104.918696322195,39.6944573969041],[-104.91876423017,39.6945177863152],[-104.918825159544,39.6945626989451],[-104.918868457047,39.6945910526089],[-104.918983648704,39.6946276541638],[-104.919073917562,39.6946699665546],[-104.919210220296,39.6947320661903],[-104.919307573583,39.6947771586042],[-104.919408341623,39.6948390827779],[-104.919483369076,39.6948981344787],[-104.919584091517,39.6949655489553],[-104.919677775808,39.6950246928123],[-104.919792596502,39.6951062461418],[-104.919882798582,39.6951567935179],[-104.919990787773,39.6952050260711],[-104.920097869213,39.6952556565814],[-104.920202399088,39.6952925474812],[-104.920343216758,39.6953460891095],[-104.920573760034,39.6954004158378],[-104.92063489761,39.6954202776582],[-104.920711047618,39.6954511946129],[-104.920808264098,39.6955131000158],[-104.920846778518,39.695582952243],[-104.920919003904,39.6956588043285],[-104.920954126837,39.6957090794243],[-104.921022982962,39.6957626092456],[-104.921134114211,39.6958609583407],[-104.921241718165,39.6959562015682],[-104.921284038894,39.6959955309732],[-104.921356542458,39.6960377536963],[-104.92148218952,39.6960997982632],[-104.92154688176,39.6961196770372],[-104.921633831857,39.6961338313832],[-104.921756292903,39.6961512487313],[-104.921839619127,39.6961739642329],[-104.921907842466,39.6961966052813],[-104.92194405801,39.6962221775057],[-104.922188833448,39.6962748554245],[-104.922275826905,39.6963020350583],[-104.922279222374,39.6963030958431],[-104.92237220514,39.6963399284606],[-104.922422638473,39.6963652268866],[-104.922476348127,39.6964241721222],[-104.922537258621,39.696471827699],[-104.922587482656,39.696522519621],[-104.922620057602,39.6965587120813],[-104.922663380455,39.6965843189739],[-104.922710271794,39.6966082276533],[-104.922743249325,39.6966167829173],[-104.922774989994,39.6966250172739],[-104.922904421234,39.6966592826983],[-104.92299845427,39.6966765594341],[-104.923081759279,39.6967020190052],[-104.923196885829,39.6967471951332],[-104.923250757434,39.696786580266],[-104.923304674218,39.6968204748668],[-104.92331220366,39.6968250704339],[-104.923757477293,39.6968050860897],[-104.923871313827,39.6967719450075],[-104.92396568667,39.6967573439488],[-104.924053522123,39.6967477318692],[-104.92415433251,39.6967406913365],[-104.924346125586,39.6967366096698],[-104.925308166885,39.6967362936056],[-104.925961459708,39.6967344633126],[-104.926526999667,39.696732201491],[-104.927271291861,39.6967308077007],[-104.927394833095,39.6967263856296],[-104.927489126536,39.6967218236527],[-104.927573729157,39.6967096826722],[-104.927694160538,39.6966876713006],[-104.927850407124,39.696658302407],[-104.927931780607,39.6966436345215],[-104.928029342078,39.6966365769223],[-104.92817561239,39.6966347775235],[-104.928194773575,39.6966348706941],[-104.928213260458,39.6966349089901],[-104.928209167249,39.6984240125942],[-104.92879559713,39.6984189696324],[-104.92877999432,39.7002266861711],[-104.929313978693,39.700226533143],[-104.931720122097,39.7002127904647],[-104.931720154646,39.7003184851901],[-104.932883311231,39.7003035097891],[-104.932883084897,39.7013209916832],[-104.934053321432,39.7013115298944],[-104.934052785041,39.702039036098],[-104.934045130731,39.7037592812246],[-104.933292446095,39.7037710990314],[-104.932856551594,39.7036145742382],[-104.932882539149,39.7020481545597],[-104.931712293272,39.7020572619306],[-104.931707464783,39.703202034558],[-104.931707442549,39.7032047799071],[-104.931704814136,39.7038584950539],[-104.930172978825,39.7038582895291],[-104.92699202313,39.7038575906919],[-104.926985697295,39.70669964503],[-104.928287514091,39.7066920847147],[-104.928287381544,39.7067857557172],[-104.929118068952,39.7067872868015],[-104.92911989107,39.7064109457997],[-104.929537125257,39.7064131631618],[-104.929546477087,39.7085113944945],[-104.926982267477,39.7080525117611],[-104.926983104746,39.7081125646383],[-104.929546788824,39.7085812913017],[-104.930243657715,39.7087229801843],[-104.930802350894,39.7088615781893],[-104.930959256686,39.7089079782733],[-104.931682583411,39.7091266389319],[-104.931673749135,39.7110949817361],[-104.931565521268,39.711209261464],[-104.9293194058,39.7111878062894],[-104.928148488695,39.7111821260416],[-104.92697832522,39.7111798408127],[-104.925802914235,39.7111809670011],[-104.924624551981,39.7111751882251],[-104.923454572877,39.7112001995828],[-104.922285899032,39.7112149344184],[-104.921121768697,39.7111989927782],[-104.919952119895,39.7111967622895],[-104.918786635579,39.7111909441685],[-104.917622530872,39.7111985479136],[-104.916455650522,39.7111964986181],[-104.915284127948,39.7111863991382],[-104.914125689801,39.7112077241084],[-104.912918209828,39.7112129308202],[-104.912791852741,39.7112117557423],[-104.911812684266,39.7112026437004],[-104.911124434298,39.7112054081364],[-104.910236800857,39.711201983284],[-104.909689066993,39.7111998667619],[-104.908686627393,39.7112076228806],[-104.906473543061,39.7111969918482],[-104.904446024373,39.7112129665033],[-104.903644334021,39.7112325158399],[-104.903494676757,39.7112824179375]],[[-104.92931080488,39.7020370538958],[-104.929312583063,39.7012721488823],[-104.928298786892,39.7012737451792],[-104.928642543328,39.7016127464814],[-104.929023817496,39.7019275639359],[-104.929181922399,39.7020429488345],[-104.92931080488,39.7020370538958]]]},"properties":{"OBJECTID":1039,"NBHD_ID":72,"NBHD_NAME":"Washington Virginia Vale","TYPOLOGY":null,"NOTES":null,"GLOBALID":"499b0312-7ef9-424d-a32d-d910708de7c6"}}]}